Year,Month,Day,Hour,LMP
2022,7,1,1,66.76289333333334
2022,7,1,2,62.64863666666667
2022,7,1,3,61.34733333333333
2022,7,1,4,59.36374333333333
2022,7,1,5,59.85607666666667
2022,7,1,6,62.94254333333333
2022,7,1,7,63.28364666666667
2022,7,1,8,53.54136666666667
2022,7,1,9,45.076953333333336
2022,7,1,10,41.58182666666666
2022,7,1,11,44.12477666666666
2022,7,1,12,47.67843
2022,7,1,13,49.72715
2022,7,1,14,51.17604333333333
2022,7,1,15,53.52719
2022,7,1,16,54.65235666666666
2022,7,1,17,57.45505666666666
2022,7,1,18,63.23159333333333
2022,7,1,19,77.35443666666667
2022,7,1,20,90.87238333333336
2022,7,1,21,88.50918999999999
2022,7,1,22,84.36189333333333
2022,7,1,23,69.60467666666666
2022,7,1,24,61.165506666666666
2022,7,2,1,62.63573
2022,7,2,2,59.45161333333333
2022,7,2,3,57.38955000000001
2022,7,2,4,54.853436666666674
2022,7,2,5,54.48636
2022,7,2,6,56.262033333333335
2022,7,2,7,56.5318
2022,7,2,8,39.33175333333333
2022,7,2,9,26.25596
2022,7,2,10,24.664786666666668
2022,7,2,11,23.215996666666666
2022,7,2,12,24.38864666666667
2022,7,2,13,27.094586666666668
2022,7,2,14,30.546876666666662
2022,7,2,15,33.51593333333333
2022,7,2,16,40.84858333333333
2022,7,2,17,40.99895
2022,7,2,18,50.744400000000006
2022,7,2,19,62.83973666666666
2022,7,2,20,85.78227
2022,7,2,21,88.06918333333334
2022,7,2,22,79.10711666666667
2022,7,2,23,61.59574666666666
2022,7,2,24,55.79039333333333
2022,7,3,1,52.19012333333333
2022,7,3,2,52.62326333333333
2022,7,3,3,50.85622666666666
2022,7,3,4,50.85283666666667
2022,7,3,5,50.84195
2022,7,3,6,50.48086
2022,7,3,7,45.335123333333335
2022,7,3,8,14.37602
2022,7,3,9,6.07601
2022,7,3,10,4.803346666666667
2022,7,3,11,5.514030000000001
2022,7,3,12,5.807536666666667
2022,7,3,13,5.282093333333333
2022,7,3,14,6.91761
2022,7,3,15,9.113646666666666
2022,7,3,16,13.200966666666666
2022,7,3,17,17.953793333333333
2022,7,3,18,35.32441333333333
2022,7,3,19,54.94654333333333
2022,7,3,20,78.94594333333333
2022,7,3,21,86.59973333333333
2022,7,3,22,79.24459
2022,7,3,23,63.21830666666667
2022,7,3,24,60.95746
2022,7,4,1,47.77084333333334
2022,7,4,2,48.64185333333334
2022,7,4,3,47.61904666666667
2022,7,4,4,46.79989333333333
2022,7,4,5,47.09566333333333
2022,7,4,6,48.2953
2022,7,4,7,45.57490333333334
2022,7,4,8,13.753263333333331
2022,7,4,9,5.844016666666668
2022,7,4,10,4.992563333333333
2022,7,4,11,6.108826666666666
2022,7,4,12,6.610733333333333
2022,7,4,13,5.993189999999999
2022,7,4,14,9.167236666666666
2022,7,4,15,10.599656666666666
2022,7,4,16,18.168656666666667
2022,7,4,17,24.48608333333333
2022,7,4,18,41.89202
2022,7,4,19,60.09003666666666
2022,7,4,20,75.35858
2022,7,4,21,82.55426666666666
2022,7,4,22,74.59332666666667
2022,7,4,23,60.31793
2022,7,4,24,57.77984666666666
2022,7,5,1,52.15665333333334
2022,7,5,2,50.10478666666666
2022,7,5,3,48.69968333333333
2022,7,5,4,48.801523333333336
2022,7,5,5,49.17402666666667
2022,7,5,6,54.17542
2022,7,5,7,61.79340333333334
2022,7,5,8,52.789386666666665
2022,7,5,9,41.886383333333335
2022,7,5,10,39.30763
2022,7,5,11,39.47153333333333
2022,7,5,12,42.233646666666665
2022,7,5,13,42.96585
2022,7,5,14,44.85053666666667
2022,7,5,15,45.82948666666667
2022,7,5,16,51.81092
2022,7,5,17,51.891153333333335
2022,7,5,18,55.13673333333333
2022,7,5,19,67.776
2022,7,5,20,89.80255
2022,7,5,21,87.61517333333335
2022,7,5,22,88.04356
2022,7,5,23,64.03064
2022,7,5,24,59.35085
2022,7,6,1,54.27125333333333
2022,7,6,2,53.06678333333334
2022,7,6,3,50.07862
2022,7,6,4,48.35537333333334
2022,7,6,5,51.073
2022,7,6,6,53.68729
2022,7,6,7,59.407446666666665
2022,7,6,8,48.47342333333333
2022,7,6,9,42.82971
2022,7,6,10,40.09615
2022,7,6,11,39.512393333333335
2022,7,6,12,42.01657
2022,7,6,13,43.77900333333333
2022,7,6,14,49.07741333333333
2022,7,6,15,50.85166
2022,7,6,16,51.79878
2022,7,6,17,49.38654
2022,7,6,18,55.174013333333335
2022,7,6,19,67.57758666666666
2022,7,6,20,85.44926
2022,7,6,21,87.79662666666667
2022,7,6,22,81.11373333333333
2022,7,6,23,61.87257
2022,7,6,24,55.64685333333333
2022,7,7,1,53.958686666666665
2022,7,7,2,50.49814
2022,7,7,3,49.22536333333333
2022,7,7,4,48.68797666666666
2022,7,7,5,49.58265666666667
2022,7,7,6,53.14329666666666
2022,7,7,7,59.07918
2022,7,7,8,48.47082
2022,7,7,9,41.82878333333333
2022,7,7,10,41.65401333333333
2022,7,7,11,41.88583666666667
2022,7,7,12,45.52947666666668
2022,7,7,13,48.130320000000005
2022,7,7,14,50.540576666666674
2022,7,7,15,50.51593
2022,7,7,16,52.38134333333333
2022,7,7,17,54.30769
2022,7,7,18,60.40379
2022,7,7,19,73.50517666666667
2022,7,7,20,89.39121999999999
2022,7,7,21,90.33622666666668
2022,7,7,22,79.95686
2022,7,7,23,61.40429
2022,7,7,24,59.20887333333334
2022,7,8,1,57.62032
2022,7,8,2,54.85959666666667
2022,7,8,3,53.29961333333333
2022,7,8,4,52.567303333333335
2022,7,8,5,53.685046666666665
2022,7,8,6,57.376313333333336
2022,7,8,7,59.04565
2022,7,8,8,50.802363333333325
2022,7,8,9,45.05021333333334
2022,7,8,10,43.80657
2022,7,8,11,44.23387666666667
2022,7,8,12,49.625463333333336
2022,7,8,13,52.70648333333333
2022,7,8,14,53.76323666666667
2022,7,8,15,54.742626666666666
2022,7,8,16,54.24078
2022,7,8,17,56.17664666666667
2022,7,8,18,64.73972666666667
2022,7,8,19,79.90362666666665
2022,7,8,20,97.02242666666666
2022,7,8,21,92.40477
2022,7,8,22,84.08283666666667
2022,7,8,23,64.66781333333334
2022,7,8,24,60.04558666666667
2022,7,9,1,59.87249
2022,7,9,2,57.24702333333333
2022,7,9,3,56.40364
2022,7,9,4,56.048190000000005
2022,7,9,5,57.079996666666666
2022,7,9,6,59.42577
2022,7,9,7,57.85945
2022,7,9,8,41.42509
2022,7,9,9,33.64794333333334
2022,7,9,10,31.019446666666667
2022,7,9,11,35.82437
2022,7,9,12,40.70840666666667
2022,7,9,13,44.17995666666667
2022,7,9,14,46.95524666666668
2022,7,9,15,51.45710333333333
2022,7,9,16,52.23952666666667
2022,7,9,17,53.69733
2022,7,9,18,57.96454
2022,7,9,19,76.36589
2022,7,9,20,98.22138666666666
2022,7,9,21,93.42968
2022,7,9,22,83.25392000000001
2022,7,9,23,66.18346666666666
2022,7,9,24,62.52933
2022,7,10,1,60.76543999999999
2022,7,10,2,57.04265
2022,7,10,3,57.384413333333335
2022,7,10,4,56.09509
2022,7,10,5,59.389903333333336
2022,7,10,6,57.54895333333334
2022,7,10,7,57.69249333333334
2022,7,10,8,35.12771333333333
2022,7,10,9,28.984916666666667
2022,7,10,10,25.250876666666667
2022,7,10,11,30.11167
2022,7,10,12,39.15342
2022,7,10,13,43.70390666666666
2022,7,10,14,46.96046333333334
2022,7,10,15,52.91294333333334
2022,7,10,16,58.07488333333333
2022,7,10,17,57.36586
2022,7,10,18,64.05559666666666
2022,7,10,19,86.66603666666667
2022,7,10,20,108.93645333333332
2022,7,10,21,96.86812
2022,7,10,22,86.24877
2022,7,10,23,63.23725
2022,7,10,24,61.82083
2022,7,11,1,64.11762666666667
2022,7,11,2,60.84133666666667
2022,7,11,3,58.338676666666665
2022,7,11,4,58.53965
2022,7,11,5,60.13423666666667
2022,7,11,6,65.25911666666667
2022,7,11,7,75.83282
2022,7,11,8,59.32971666666666
2022,7,11,9,52.97108
2022,7,11,10,53.11259666666666
2022,7,11,11,55.3432
2022,7,11,12,61.65936
2022,7,11,13,62.24874333333333
2022,7,11,14,66.51786666666668
2022,7,11,15,76.87001
2022,7,11,16,86.77500333333334
2022,7,11,17,91.07002666666666
2022,7,11,18,96.68863
2022,7,11,19,124.67351333333332
2022,7,11,20,184.78459333333333
2022,7,11,21,145.77144333333334
2022,7,11,22,103.20857333333332
2022,7,11,23,78.66874666666666
2022,7,11,24,69.90751333333334
2022,7,12,1,68.30984333333333
2022,7,12,2,65.51154666666666
2022,7,12,3,61.933173333333336
2022,7,12,4,61.91101666666666
2022,7,12,5,62.11433333333333
2022,7,12,6,66.33509333333333
2022,7,12,7,76.82509333333333
2022,7,12,8,59.02862666666667
2022,7,12,9,55.624226666666665
2022,7,12,10,53.94296333333333
2022,7,12,11,54.72304333333333
2022,7,12,12,56.79503666666667
2022,7,12,13,59.52416
2022,7,12,14,61.23749999999999
2022,7,12,15,67.63777333333333
2022,7,12,16,74.39121333333333
2022,7,12,17,79.29871333333334
2022,7,12,18,83.94977999999999
2022,7,12,19,101.75170666666666
2022,7,12,20,136.03765333333334
2022,7,12,21,115.29948
2022,7,12,22,94.85735666666666
2022,7,12,23,73.1148
2022,7,12,24,70.15890333333333
2022,7,13,1,66.47809333333333
2022,7,13,2,63.96238
2022,7,13,3,62.73066333333333
2022,7,13,4,62.609073333333335
2022,7,13,5,62.71071
2022,7,13,6,67.17116333333333
2022,7,13,7,78.43459333333332
2022,7,13,8,60.89057666666667
2022,7,13,9,56.35990666666667
2022,7,13,10,55.56989000000001
2022,7,13,11,56.79148666666666
2022,7,13,12,59.32507999999999
2022,7,13,13,61.22135333333333
2022,7,13,14,62.81418666666667
2022,7,13,15,66.31128
2022,7,13,16,70.53977333333333
2022,7,13,17,76.91338333333334
2022,7,13,18,83.21645666666666
2022,7,13,19,102.79165666666668
2022,7,13,20,126.50275333333332
2022,7,13,21,113.20529
2022,7,13,22,96.31837333333333
2022,7,13,23,74.88412333333333
2022,7,13,24,69.59184
2022,7,14,1,65.41786666666667
2022,7,14,2,61.47698333333333
2022,7,14,3,59.81181
2022,7,14,4,59.20990666666668
2022,7,14,5,60.28325666666667
2022,7,14,6,62.48420000000001
2022,7,14,7,80.56587
2022,7,14,8,59.2807
2022,7,14,9,55.88459
2022,7,14,10,55.15679333333333
2022,7,14,11,56.873176666666666
2022,7,14,12,58.72741
2022,7,14,13,63.19162
2022,7,14,14,68.48117666666667
2022,7,14,15,74.64656333333333
2022,7,14,16,82.25142333333334
2022,7,14,17,82.88563333333333
2022,7,14,18,86.97712333333334
2022,7,14,19,99.13846666666666
2022,7,14,20,130.65888333333334
2022,7,14,21,110.12679333333334
2022,7,14,22,99.71299
2022,7,14,23,77.04505
2022,7,14,24,68.78371666666666
2022,7,15,1,70.62191666666666
2022,7,15,2,65.16023666666666
2022,7,15,3,64.23906666666666
2022,7,15,4,63.27824
2022,7,15,5,63.87585000000001
2022,7,15,6,66.65981
2022,7,15,7,80.80298333333333
2022,7,15,8,60.27329
2022,7,15,9,56.19831
2022,7,15,10,55.7665
2022,7,15,11,58.43035333333333
2022,7,15,12,61.69622999999999
2022,7,15,13,66.81228333333333
2022,7,15,14,76.88503333333334
2022,7,15,15,78.66844666666667
2022,7,15,16,82.74059333333334
2022,7,15,17,90.02472666666667
2022,7,15,18,98.67053
2022,7,15,19,112.92547
2022,7,15,20,148.10856333333334
2022,7,15,21,115.27365333333334
2022,7,15,22,106.35344333333336
2022,7,15,23,88.73048999999999
2022,7,15,24,78.07988999999999
2022,7,16,1,70.82247
2022,7,16,2,68.25734999999999
2022,7,16,3,64.80577666666666
2022,7,16,4,64.33897333333333
2022,7,16,5,65.34778333333334
2022,7,16,6,69.16702
2022,7,16,7,73.89726999999999
2022,7,16,8,54.81433666666667
2022,7,16,9,50.864736666666666
2022,7,16,10,51.39175333333333
2022,7,16,11,53.34671
2022,7,16,12,58.12257666666667
2022,7,16,13,62.12695
2022,7,16,14,71.71354333333333
2022,7,16,15,77.06043666666666
2022,7,16,16,80.48398
2022,7,16,17,84.38652666666667
2022,7,16,18,89.95164666666666
2022,7,16,19,107.59114333333332
2022,7,16,20,155.89350333333334
2022,7,16,21,113.28150333333332
2022,7,16,22,103.33915
2022,7,16,23,84.06519000000002
2022,7,16,24,76.32541333333334
2022,7,17,1,68.1167
2022,7,17,2,66.15125666666667
2022,7,17,3,66.73469
2022,7,17,4,64.73225000000001
2022,7,17,5,65.82606333333332
2022,7,17,6,65.46434666666666
2022,7,17,7,64.92860666666667
2022,7,17,8,51.18150333333333
2022,7,17,9,46.15943333333333
2022,7,17,10,49.13906333333333
2022,7,17,11,51.76523
2022,7,17,12,56.92062333333333
2022,7,17,13,60.41454333333333
2022,7,17,14,64.89313
2022,7,17,15,68.11281333333334
2022,7,17,16,74.73603
2022,7,17,17,79.51461666666667
2022,7,17,18,84.10197000000001
2022,7,17,19,97.54635
2022,7,17,20,135.64438333333334
2022,7,17,21,108.72032333333334
2022,7,17,22,94.11807666666668
2022,7,17,23,77.40611666666666
2022,7,17,24,68.69559333333333
2022,7,18,1,72.80033
2022,7,18,2,66.87757333333333
2022,7,18,3,65.11410000000001
2022,7,18,4,64.25761333333334
2022,7,18,5,64.57361666666667
2022,7,18,6,68.09934333333332
2022,7,18,7,84.27601333333332
2022,7,18,8,64.82358333333333
2022,7,18,9,61.9429
2022,7,18,10,61.8955
2022,7,18,11,61.68052
2022,7,18,12,65.16645666666666
2022,7,18,13,71.62280666666668
2022,7,18,14,79.35955666666666
2022,7,18,15,83.42680666666666
2022,7,18,16,87.08947333333333
2022,7,18,17,91.72647333333332
2022,7,18,18,100.66863333333332
2022,7,18,19,115.5526
2022,7,18,20,162.72936333333334
2022,7,18,21,121.31748
2022,7,18,22,106.44294
2022,7,18,23,86.63697
2022,7,18,24,78.98732666666666
2022,7,19,1,77.92756
2022,7,19,2,68.68393666666667
2022,7,19,3,68.50578333333334
2022,7,19,4,67.52514666666667
2022,7,19,5,67.88258333333333
2022,7,19,6,70.41637
2022,7,19,7,91.18074333333334
2022,7,19,8,66.73538333333333
2022,7,19,9,62.12427666666667
2022,7,19,10,62.66283000000001
2022,7,19,11,64.82111666666667
2022,7,19,12,69.70181666666667
2022,7,19,13,76.41543
2022,7,19,14,81.77797666666667
2022,7,19,15,87.11790333333333
2022,7,19,16,95.51532000000002
2022,7,19,17,100.69623666666666
2022,7,19,18,108.82345
2022,7,19,19,128.22567333333333
2022,7,19,20,173.59954666666667
2022,7,19,21,135.76757333333333
2022,7,19,22,114.98181333333332
2022,7,19,23,89.08742666666666
2022,7,19,24,82.70979666666666
2022,7,20,1,75.38832666666667
2022,7,20,2,68.82843666666666
2022,7,20,3,68.69235333333334
2022,7,20,4,67.53909666666667
2022,7,20,5,68.13900666666666
2022,7,20,6,69.04526666666668
2022,7,20,7,81.64944666666666
2022,7,20,8,65.21612
2022,7,20,9,61.70274333333333
2022,7,20,10,62.906176666666674
2022,7,20,11,64.13408666666666
2022,7,20,12,66.66280666666667
2022,7,20,13,70.4106
2022,7,20,14,80.31255
2022,7,20,15,85.82834333333334
2022,7,20,16,92.49025333333331
2022,7,20,17,99.2256
2022,7,20,18,107.45439666666668
2022,7,20,19,126.53063333333334
2022,7,20,20,171.08345666666665
2022,7,20,21,128.97938333333337
2022,7,20,22,113.90777666666668
2022,7,20,23,86.67631666666666
2022,7,20,24,80.00226666666667
2022,7,21,1,73.81900666666667
2022,7,21,2,69.59784
2022,7,21,3,67.39684
2022,7,21,4,63.85245666666666
2022,7,21,5,65.53138
2022,7,21,6,69.48890333333333
2022,7,21,7,86.10585666666667
2022,7,21,8,64.94608
2022,7,21,9,61.15638666666666
2022,7,21,10,61.08742333333333
2022,7,21,11,62.87913666666666
2022,7,21,12,64.87884
2022,7,21,13,70.58134
2022,7,21,14,74.72957000000001
2022,7,21,15,83.77227
2022,7,21,16,90.42164333333334
2022,7,21,17,93.85073666666666
2022,7,21,18,101.67502333333334
2022,7,21,19,125.77942
2022,7,21,20,165.60815666666667
2022,7,21,21,127.97371333333336
2022,7,21,22,112.06406666666668
2022,7,21,23,82.17542333333334
2022,7,21,24,78.518
2022,7,22,1,71.63368666666666
2022,7,22,2,64.92160333333334
2022,7,22,3,69.55578333333334
2022,7,22,4,67.54809333333334
2022,7,22,5,68.85419
2022,7,22,6,71.7401
2022,7,22,7,85.84785333333333
2022,7,22,8,63.94055333333333
2022,7,22,9,58.39063333333333
2022,7,22,10,59.03890333333334
2022,7,22,11,62.25053
2022,7,22,12,64.3927
2022,7,22,13,66.90048666666667
2022,7,22,14,72.24359
2022,7,22,15,77.36749666666667
2022,7,22,16,83.95146666666666
2022,7,22,17,91.57362666666666
2022,7,22,18,98.22005666666666
2022,7,22,19,114.08541333333334
2022,7,22,20,144.05611333333334
2022,7,22,21,120.28795
2022,7,22,22,108.43669666666666
2022,7,22,23,85.39915333333333
2022,7,22,24,79.01289333333334
2022,7,23,1,73.18538333333333
2022,7,23,2,71.77271
2022,7,23,3,70.92659333333334
2022,7,23,4,71.54136
2022,7,23,5,71.15872333333333
2022,7,23,6,72.5958
2022,7,23,7,80.07991
2022,7,23,8,61.66556666666667
2022,7,23,9,50.76415333333333
2022,7,23,10,49.67738333333333
2022,7,23,11,52.99188333333333
2022,7,23,12,58.97169
2022,7,23,13,65.79647666666666
2022,7,23,14,65.84602666666666
2022,7,23,15,69.74213333333334
2022,7,23,16,72.4965
2022,7,23,17,74.58001
2022,7,23,18,84.04965333333332
2022,7,23,19,104.82572
2022,7,23,20,126.56773
2022,7,23,21,109.13771666666666
2022,7,23,22,100.71402
2022,7,23,23,82.15863333333333
2022,7,23,24,74.42217333333333
2022,7,24,1,69.89504
2022,7,24,2,72.02378666666668
2022,7,24,3,73.26872666666667
2022,7,24,4,72.19872666666667
2022,7,24,5,74.94020666666667
2022,7,24,6,73.71741
2022,7,24,7,74.80588666666667
2022,7,24,8,65.80687666666667
2022,7,24,9,53.16636333333333
2022,7,24,10,51.794843333333326
2022,7,24,11,54.62167
2022,7,24,12,60.832883333333335
2022,7,24,13,64.72299333333333
2022,7,24,14,66.15901000000001
2022,7,24,15,69.10168666666667
2022,7,24,16,74.47415666666667
2022,7,24,17,81.26462666666667
2022,7,24,18,91.2805
2022,7,24,19,109.58617
2022,7,24,20,124.02987333333334
2022,7,24,21,110.07878666666666
2022,7,24,22,99.65894333333334
2022,7,24,23,81.87995666666667
2022,7,24,24,68.65458666666666
2022,7,25,1,70.16998666666666
2022,7,25,2,69.06298333333334
2022,7,25,3,69.17175333333334
2022,7,25,4,69.34515666666665
2022,7,25,5,69.79199
2022,7,25,6,70.99715333333333
2022,7,25,7,93.24583
2022,7,25,8,73.24378333333333
2022,7,25,9,69.00990333333333
2022,7,25,10,68.24554333333333
2022,7,25,11,68.32331333333333
2022,7,25,12,69.67363333333333
2022,7,25,13,74.72655
2022,7,25,14,81.25263
2022,7,25,15,89.26074333333334
2022,7,25,16,96.5095
2022,7,25,17,98.98369666666667
2022,7,25,18,110.58300666666666
2022,7,25,19,130.9191966666667
2022,7,25,20,151.63561333333334
2022,7,25,21,118.23115
2022,7,25,22,118.94127333333334
2022,7,25,23,86.52672666666666
2022,7,25,24,78.46778
2022,7,26,1,79.67461333333334
2022,7,26,2,74.39992
2022,7,26,3,71.94378666666667
2022,7,26,4,71.20948666666668
2022,7,26,5,72.38902333333334
2022,7,26,6,74.41629
2022,7,26,7,99.39077333333334
2022,7,26,8,76.49014
2022,7,26,9,71.11353666666666
2022,7,26,10,69.67237666666666
2022,7,26,11,69.96955666666666
2022,7,26,12,70.76663666666667
2022,7,26,13,76.59751666666666
2022,7,26,14,80.95052666666668
2022,7,26,15,89.90988666666665
2022,7,26,16,96.00676333333332
2022,7,26,17,102.79431666666666
2022,7,26,18,111.33354333333334
2022,7,26,19,131.11893
2022,7,26,20,146.04778666666667
2022,7,26,21,128.51023
2022,7,26,22,111.90254
2022,7,26,23,89.36612666666667
2022,7,26,24,82.67420666666666
2022,7,27,1,77.77776666666666
2022,7,27,2,76.82786
2022,7,27,3,74.15300333333333
2022,7,27,4,73.78690666666667
2022,7,27,5,74.80035
2022,7,27,6,75.86561
2022,7,27,7,96.24047666666668
2022,7,27,8,77.30042666666667
2022,7,27,9,72.87680666666667
2022,7,27,10,71.91899333333333
2022,7,27,11,72.05365
2022,7,27,12,73.27462333333334
2022,7,27,13,77.22254333333333
2022,7,27,14,83.59556666666667
2022,7,27,15,90.49349666666669
2022,7,27,16,99.20273666666668
2022,7,27,17,102.60514666666668
2022,7,27,18,121.91855
2022,7,27,19,135.82367333333335
2022,7,27,20,164.43856333333335
2022,7,27,21,135.32099000000002
2022,7,27,22,125.94458666666668
2022,7,27,23,90.34629333333334
2022,7,27,24,84.81126333333333
2022,7,28,1,81.33640333333334
2022,7,28,2,79.02128666666665
2022,7,28,3,76.42884
2022,7,28,4,73.82788333333333
2022,7,28,5,75.15726666666667
2022,7,28,6,77.89238666666667
2022,7,28,7,88.49894666666667
2022,7,28,8,76.74040666666667
2022,7,28,9,70.17074333333333
2022,7,28,10,69.34609999999999
2022,7,28,11,71.65530333333334
2022,7,28,12,73.12565333333333
2022,7,28,13,78.52954
2022,7,28,14,83.82103666666666
2022,7,28,15,91.46640333333332
2022,7,28,16,98.53483333333334
2022,7,28,17,109.26701
2022,7,28,18,119.77366666666668
2022,7,28,19,142.52611000000002
2022,7,28,20,164.62897
2022,7,28,21,131.45641
2022,7,28,22,124.68723
2022,7,28,23,91.64251666666668
2022,7,28,24,82.96100333333332
2022,7,29,1,80.16960333333333
2022,7,29,2,74.96914333333332
2022,7,29,3,74.37467333333333
2022,7,29,4,71.69854
2022,7,29,5,73.77069666666667
2022,7,29,6,74.87480666666666
2022,7,29,7,88.54190666666666
2022,7,29,8,73.00997
2022,7,29,9,71.08581
2022,7,29,10,70.21405
2022,7,29,11,70.86837
2022,7,29,12,72.15033999999999
2022,7,29,13,80.42939
2022,7,29,14,84.87576
2022,7,29,15,92.50175666666668
2022,7,29,16,109.33697
2022,7,29,17,117.73873666666668
2022,7,29,18,126.90714666666668
2022,7,29,19,139.67639333333332
2022,7,29,20,160.77641000000003
2022,7,29,21,133.74586333333332
2022,7,29,22,123.70632
2022,7,29,23,100.83362
2022,7,29,24,89.63065333333333
2022,7,30,1,86.45212666666667
2022,7,30,2,85.15358333333334
2022,7,30,3,80.82428666666667
2022,7,30,4,76.77717
2022,7,30,5,78.21605666666666
2022,7,30,6,81.49308
2022,7,30,7,82.97549333333333
2022,7,30,8,69.87789
2022,7,30,9,63.361043333333335
2022,7,30,10,63.41514
2022,7,30,11,63.973576666666666
2022,7,30,12,65.58120000000001
2022,7,30,13,68.97858000000001
2022,7,30,14,74.64620333333333
2022,7,30,15,81.18224
2022,7,30,16,87.99107666666667
2022,7,30,17,88.08347666666667
2022,7,30,18,99.48758666666669
2022,7,30,19,119.61905666666668
2022,7,30,20,141.64204666666666
2022,7,30,21,121.72761666666668
2022,7,30,22,113.36534
2022,7,30,23,95.50741666666666
2022,7,30,24,91.10359333333334
2022,8,1,1,77.44749666666667
2022,8,1,2,78.09465
2022,8,1,3,74.71908333333333
2022,8,1,4,74.09357666666666
2022,8,1,5,74.85511000000001
2022,8,1,6,78.76738999999999
2022,8,1,7,96.69292666666666
2022,8,1,8,77.79868
2022,8,1,9,71.9273
2022,8,1,10,71.38053000000001
2022,8,1,11,72.27037
2022,8,1,12,76.26699666666667
2022,8,1,13,83.44861666666667
2022,8,1,14,89.88979333333333
2022,8,1,15,92.84949666666668
2022,8,1,16,94.81837
2022,8,1,17,98.61765333333334
2022,8,1,18,115.84634
2022,8,1,19,123.33684
2022,8,1,20,155.62225666666666
2022,8,1,21,128.07061
2022,8,1,22,117.35607
2022,8,1,23,95.07477333333334
2022,8,1,24,83.84577666666667
2022,8,2,1,76.82495999999999
2022,8,2,2,75.32417333333333
2022,8,2,3,71.92552
2022,8,2,4,71.08369
2022,8,2,5,72.02378333333333
2022,8,2,6,77.66381333333334
2022,8,2,7,90.91263666666669
2022,8,2,8,76.29952
2022,8,2,9,69.29427666666668
2022,8,2,10,68.28246
2022,8,2,11,69.67470666666667
2022,8,2,12,72.81014333333333
2022,8,2,13,77.51668000000001
2022,8,2,14,82.99012
2022,8,2,15,89.48370666666666
2022,8,2,16,92.60430333333332
2022,8,2,17,92.12564666666668
2022,8,2,18,103.43798333333332
2022,8,2,19,116.94093
2022,8,2,20,142.20645333333331
2022,8,2,21,116.30903666666669
2022,8,2,22,106.49944
2022,8,2,23,85.56975333333334
2022,8,2,24,81.49789333333332
2022,8,3,1,78.23738333333334
2022,8,3,2,73.68712000000001
2022,8,3,3,71.92421333333334
2022,8,3,4,70.53282666666667
2022,8,3,5,71.15581333333334
2022,8,3,6,72.79626666666667
2022,8,3,7,92.13170666666667
2022,8,3,8,74.07714333333332
2022,8,3,9,70.33029
2022,8,3,10,69.31484666666667
2022,8,3,11,71.40634
2022,8,3,12,75.32467666666666
2022,8,3,13,76.81920000000001
2022,8,3,14,82.45566333333333
2022,8,3,15,88.69568333333332
2022,8,3,16,92.50551666666668
2022,8,3,17,92.75973666666664
2022,8,3,18,98.81095
2022,8,3,19,114.4695
2022,8,3,20,141.41070666666667
2022,8,3,21,119.42641666666668
2022,8,3,22,106.96561
2022,8,3,23,89.08121999999999
2022,8,3,24,81.73104666666667
2022,8,4,1,78.15219666666667
2022,8,4,2,74.01824666666666
2022,8,4,3,72.58267333333333
2022,8,4,4,71.66288666666667
2022,8,4,5,73.16568
2022,8,4,6,77.95563
2022,8,4,7,88.03262
2022,8,4,8,76.72393666666666
2022,8,4,9,71.51419
2022,8,4,10,71.11390666666667
2022,8,4,11,73.96574666666667
2022,8,4,12,77.69981666666666
2022,8,4,13,83.79581333333333
2022,8,4,14,90.63922333333332
2022,8,4,15,93.88489
2022,8,4,16,100.72601666666668
2022,8,4,17,107.12506333333332
2022,8,4,18,119.68905666666666
2022,8,4,19,138.03165
2022,8,4,20,155.59653666666665
2022,8,4,21,124.46385333333336
2022,8,4,22,113.38262666666668
2022,8,4,23,93.26062
2022,8,4,24,86.52719333333334
2022,8,5,1,85.8374
2022,8,5,2,80.22562
2022,8,5,3,76.70286666666668
2022,8,5,4,77.56307
2022,8,5,5,79.23467333333333
2022,8,5,6,82.06248666666666
2022,8,5,7,92.11689
2022,8,5,8,79.45738
2022,8,5,9,74.05212999999999
2022,8,5,10,73.18222666666666
2022,8,5,11,73.54288333333334
2022,8,5,12,76.71526
2022,8,5,13,81.99368
2022,8,5,14,88.80983666666667
2022,8,5,15,93.81734333333333
2022,8,5,16,102.29225666666667
2022,8,5,17,100.28057
2022,8,5,18,116.8137
2022,8,5,19,135.815
2022,8,5,20,147.33307666666667
2022,8,5,21,124.14959666666668
2022,8,5,22,114.70001666666668
2022,8,5,23,99.38315666666666
2022,8,5,24,92.95283666666668
2022,8,6,1,85.05444333333334
2022,8,6,2,80.7612
2022,8,6,3,80.15883000000001
2022,8,6,4,80.21619666666668
2022,8,6,5,79.14483333333332
2022,8,6,6,79.03913666666666
2022,8,6,7,81.74098666666667
2022,8,6,8,72.48366
2022,8,6,9,66.37135666666667
2022,8,6,10,63.41692666666666
2022,8,6,11,67.42813
2022,8,6,12,70.95354
2022,8,6,13,71.99827333333333
2022,8,6,14,76.62967333333333
2022,8,6,15,78.97570333333334
2022,8,6,16,82.98901000000001
2022,8,6,17,90.52437666666668
2022,8,6,18,97.95741
2022,8,6,19,115.98236666666666
2022,8,6,20,132.88077666666666
2022,8,6,21,115.69078
2022,8,6,22,111.74449333333332
2022,8,6,23,95.43842333333332
2022,8,6,24,91.14079333333332
2022,8,7,1,81.50346
2022,8,7,2,80.20536333333332
2022,8,7,3,77.12196999999999
2022,8,7,4,77.05295
2022,8,7,5,80.63935
2022,8,7,6,81.05318333333334
2022,8,7,7,85.18836
2022,8,7,8,71.52298
2022,8,7,9,61.36273666666667
2022,8,7,10,58.648853333333335
2022,8,7,11,62.77294666666666
2022,8,7,12,69.85704
2022,8,7,13,73.40880333333332
2022,8,7,14,78.48559666666667
2022,8,7,15,75.88276333333333
2022,8,7,16,90.70712
2022,8,7,17,100.44515
2022,8,7,18,109.16856666666666
2022,8,7,19,127.65773666666666
2022,8,7,20,156.86346
2022,8,7,21,122.25134333333337
2022,8,7,22,110.68742000000002
2022,8,7,23,102.68249666666668
2022,8,7,24,87.54616
2022,8,8,1,82.61469666666666
2022,8,8,2,72.63295333333333
2022,8,8,3,75.24544666666667
2022,8,8,4,74.97000666666666
2022,8,8,5,77.21953
2022,8,8,6,81.42848333333332
2022,8,8,7,102.19832
2022,8,8,8,90.45603
2022,8,8,9,77.85563333333333
2022,8,8,10,77.09332333333333
2022,8,8,11,78.39419
2022,8,8,12,83.02954
2022,8,8,13,88.96395333333334
2022,8,8,14,98.17672666666664
2022,8,8,15,98.79587
2022,8,8,16,106.05687
2022,8,8,17,109.40416
2022,8,8,18,123.2926
2022,8,8,19,150.90765666666667
2022,8,8,20,169.57772666666668
2022,8,8,21,137.88444333333334
2022,8,8,22,123.49797666666666
2022,8,8,23,108.07691666666666
2022,8,8,24,93.18427
2022,8,9,1,81.94486333333333
2022,8,9,2,76.95485000000001
2022,8,9,3,75.55296333333332
2022,8,9,4,74.29148333333333
2022,8,9,5,75.90749333333333
2022,8,9,6,79.89835333333333
2022,8,9,7,103.99112333333332
2022,8,9,8,84.75108
2022,8,9,9,74.64868333333334
2022,8,9,10,71.4275
2022,8,9,11,72.70410666666668
2022,8,9,12,72.26506
2022,8,9,13,79.98741
2022,8,9,14,85.62673
2022,8,9,15,93.13286
2022,8,9,16,103.09266666666667
2022,8,9,17,107.96485666666668
2022,8,9,18,118.38154333333334
2022,8,9,19,144.6910333333333
2022,8,9,20,173.75283333333334
2022,8,9,21,139.12386333333333
2022,8,9,22,129.28552333333332
2022,8,9,23,97.60508
2022,8,9,24,90.17950333333332
2022,8,10,1,89.02782666666667
2022,8,10,2,82.70693333333334
2022,8,10,3,81.09913666666667
2022,8,10,4,80.3052
2022,8,10,5,82.04382333333332
2022,8,10,6,86.41887000000001
2022,8,10,7,99.87139
2022,8,10,8,81.70607666666668
2022,8,10,9,74.96226666666666
2022,8,10,10,73.44263666666667
2022,8,10,11,74.40695333333333
2022,8,10,12,74.82806
2022,8,10,13,80.40571999999999
2022,8,10,14,86.38143666666667
2022,8,10,15,92.30404666666668
2022,8,10,16,102.59539
2022,8,10,17,101.24582
2022,8,10,18,113.87033333333332
2022,8,10,19,141.51427666666666
2022,8,10,20,167.36464666666666
2022,8,10,21,138.43670666666665
2022,8,10,22,123.39241
2022,8,10,23,105.91101666666668
2022,8,10,24,92.44329
2022,8,11,1,87.10934666666667
2022,8,11,2,80.45709333333333
2022,8,11,3,79.02074666666667
2022,8,11,4,78.73079
2022,8,11,5,78.98944
2022,8,11,6,82.19897
2022,8,11,7,98.07701000000002
2022,8,11,8,78.32865333333334
2022,8,11,9,75.20348666666666
2022,8,11,10,73.46596666666666
2022,8,11,11,74.31203666666666
2022,8,11,12,75.92787666666668
2022,8,11,13,86.11125333333332
2022,8,11,14,92.49752333333332
2022,8,11,15,100.13451
2022,8,11,16,108.79484666666669
2022,8,11,17,109.66427333333333
2022,8,11,18,116.85756333333336
2022,8,11,19,152.11805
2022,8,11,20,175.816
2022,8,11,21,140.76140666666666
2022,8,11,22,123.04493333333332
2022,8,11,23,105.54293666666666
2022,8,11,24,90.37236666666666
2022,8,12,1,92.59643333333334
2022,8,12,2,86.81344333333334
2022,8,12,3,85.60195333333333
2022,8,12,4,85.30712333333334
2022,8,12,5,85.27877666666667
2022,8,12,6,89.90083666666668
2022,8,12,7,99.86843
2022,8,12,8,85.60286333333333
2022,8,12,9,77.95723333333333
2022,8,12,10,78.13360999999999
2022,8,12,11,77.05558333333333
2022,8,12,12,78.36401333333333
2022,8,12,13,90.15864333333332
2022,8,12,14,96.22682666666668
2022,8,12,15,97.71817
2022,8,12,16,110.06616333333336
2022,8,12,17,113.84159333333332
2022,8,12,18,117.10074666666668
2022,8,12,19,147.90921
2022,8,12,20,164.46152333333333
2022,8,12,21,135.2853
2022,8,12,22,123.01585333333333
2022,8,12,23,115.51955666666667
2022,8,12,24,104.12940333333334
2022,8,13,1,88.77073
2022,8,13,2,86.36116333333332
2022,8,13,3,84.22795333333333
2022,8,13,4,83.10963333333333
2022,8,13,5,83.01232333333333
2022,8,13,6,85.56888
2022,8,13,7,92.9486
2022,8,13,8,79.58232
2022,8,13,9,66.45357666666666
2022,8,13,10,63.20253333333333
2022,8,13,11,65.73954333333334
2022,8,13,12,71.51784666666667
2022,8,13,13,77.65694666666667
2022,8,13,14,83.1168
2022,8,13,15,86.42568333333334
2022,8,13,16,92.94732666666668
2022,8,13,17,94.42176666666668
2022,8,13,18,105.22098666666666
2022,8,13,19,126.82843666666666
2022,8,13,20,152.36286333333334
2022,8,13,21,121.17079666666667
2022,8,13,22,112.47515333333337
2022,8,13,23,97.09181666666666
2022,8,13,24,91.37672
2022,8,14,1,95.20702333333332
2022,8,14,2,86.09017
2022,8,14,3,85.93257999999999
2022,8,14,4,85.18309666666666
2022,8,14,5,86.56495333333334
2022,8,14,6,84.41340333333333
2022,8,14,7,87.59815333333334
2022,8,14,8,78.95666
2022,8,14,9,61.24594666666667
2022,8,14,10,59.63070666666667
2022,8,14,11,64.84260666666667
2022,8,14,12,73.20790333333333
2022,8,14,13,77.7545
2022,8,14,14,82.97071666666666
2022,8,14,15,87.18949333333335
2022,8,14,16,90.78399333333334
2022,8,14,17,99.63441666666668
2022,8,14,18,108.61378666666668
2022,8,14,19,136.28053666666668
2022,8,14,20,164.30347333333333
2022,8,14,21,134.26610666666667
2022,8,14,22,119.96246333333332
2022,8,14,23,98.81581666666666
2022,8,14,24,90.52995666666668
2022,8,15,1,99.61715333333332
2022,8,15,2,89.13089333333333
2022,8,15,3,87.63333999999999
2022,8,15,4,88.35464999999999
2022,8,15,5,88.49240333333334
2022,8,15,6,95.12907333333332
2022,8,15,7,111.37873666666668
2022,8,15,8,91.50254333333334
2022,8,15,9,82.16687
2022,8,15,10,79.32875666666666
2022,8,15,11,82.58826666666666
2022,8,15,12,85.24493333333334
2022,8,15,13,93.80632
2022,8,15,14,104.15989333333332
2022,8,15,15,110.81056
2022,8,15,16,126.33436333333331
2022,8,15,17,134.59566666666666
2022,8,15,18,153.08494666666664
2022,8,15,19,205.66725
2022,8,15,20,228.10804666666664
2022,8,15,21,161.68677
2022,8,15,22,136.96846666666667
2022,8,15,23,120.13025666666664
2022,8,15,24,103.29427333333332
2022,8,16,1,91.36311666666668
2022,8,16,2,87.77752666666667
2022,8,16,3,86.31958000000002
2022,8,16,4,83.46332666666666
2022,8,16,5,85.87329333333332
2022,8,16,6,88.84889333333332
2022,8,16,7,121.23153666666668
2022,8,16,8,94.702
2022,8,16,9,79.87162666666667
2022,8,16,10,76.88890666666667
2022,8,16,11,80.70605
2022,8,16,12,86.58884333333333
2022,8,16,13,94.14309333333334
2022,8,16,14,109.97698333333334
2022,8,16,15,128.08658666666668
2022,8,16,16,141.14012333333335
2022,8,16,17,156.87917000000002
2022,8,16,18,192.21584
2022,8,16,19,264.00822666666664
2022,8,16,20,314.99711
2022,8,16,21,207.70676666666668
2022,8,16,22,159.21271333333334
2022,8,16,23,129.09413
2022,8,16,24,108.86482333333332
2022,8,17,1,90.98276
2022,8,17,2,88.35034666666667
2022,8,17,3,84.86697666666667
2022,8,17,4,85.50956000000001
2022,8,17,5,85.89972333333333
2022,8,17,6,88.24710333333333
2022,8,17,7,114.77567
2022,8,17,8,91.64772333333332
2022,8,17,9,83.31552
2022,8,17,10,79.5498
2022,8,17,11,82.90434333333333
2022,8,17,12,85.95602000000001
2022,8,17,13,102.92428666666666
2022,8,17,14,119.44540333333332
2022,8,17,15,136.21666333333334
2022,8,17,16,150.45918666666668
2022,8,17,17,161.80249666666666
2022,8,17,18,195.69336666666663
2022,8,17,19,279.94827333333336
2022,8,17,20,300.78218666666663
2022,8,17,21,194.94875666666667
2022,8,17,22,151.72558
2022,8,17,23,111.59985666666668
2022,8,17,24,101.67488
2022,8,18,1,91.00592
2022,8,18,2,88.82653333333333
2022,8,18,3,88.84990666666666
2022,8,18,4,87.19957333333333
2022,8,18,5,87.67893333333332
2022,8,18,6,91.06588666666666
2022,8,18,7,116.91508
2022,8,18,8,89.58794
2022,8,18,9,82.09428666666666
2022,8,18,10,78.73228666666667
2022,8,18,11,80.97397333333333
2022,8,18,12,87.46262
2022,8,18,13,89.40939333333334
2022,8,18,14,106.01919
2022,8,18,15,111.53739
2022,8,18,16,128.50485666666663
2022,8,18,17,140.22463333333334
2022,8,18,18,158.79712
2022,8,18,19,201.34346666666667
2022,8,18,20,235.95457
2022,8,18,21,169.08253333333332
2022,8,18,22,144.80801
2022,8,18,23,105.38389333333332
2022,8,18,24,100.83057
2022,8,19,1,86.54040666666667
2022,8,19,2,84.47926666666667
2022,8,19,3,82.12469333333333
2022,8,19,4,81.62539666666667
2022,8,19,5,82.05973666666667
2022,8,19,6,84.61115666666667
2022,8,19,7,97.09390333333332
2022,8,19,8,82.32039666666667
2022,8,19,9,73.19359
2022,8,19,10,70.12112666666667
2022,8,19,11,72.01666999999999
2022,8,19,12,74.96183666666667
2022,8,19,13,78.03396
2022,8,19,14,83.31200333333334
2022,8,19,15,90.50815
2022,8,19,16,98.57301333333334
2022,8,19,17,103.1774
2022,8,19,18,117.61132666666668
2022,8,19,19,143.45069
2022,8,19,20,160.00647666666666
2022,8,19,21,131.45009000000002
2022,8,19,22,118.67257
2022,8,19,23,97.79276
2022,8,19,24,93.19065
2022,8,20,1,83.09648
2022,8,20,2,81.12494666666667
2022,8,20,3,80.76022666666667
2022,8,20,4,80.15267999999999
2022,8,20,5,80.26545
2022,8,20,6,80.58166999999999
2022,8,20,7,81.40234
2022,8,20,8,73.09486666666668
2022,8,20,9,60.8154
2022,8,20,10,58.13763
2022,8,20,11,60.08967666666666
2022,8,20,12,63.783636666666666
2022,8,20,13,68.23018333333333
2022,8,20,14,72.99105333333334
2022,8,20,15,75.11723
2022,8,20,16,80.10531333333333
2022,8,20,17,82.89756666666666
2022,8,20,18,93.95519333333334
2022,8,20,19,113.51143
2022,8,20,20,130.22398666666666
2022,8,20,21,109.74569666666666
2022,8,20,22,101.04927
2022,8,20,23,87.78003666666666
2022,8,20,24,84.20296
2022,8,21,1,81.31966666666666
2022,8,21,2,81.25677999999999
2022,8,21,3,79.93496666666667
2022,8,21,4,79.54808333333334
2022,8,21,5,76.69003
2022,8,21,6,80.28624
2022,8,21,7,81.74864666666667
2022,8,21,8,71.51025
2022,8,21,9,57.590046666666666
2022,8,21,10,51.04472333333333
2022,8,21,11,52.886943333333335
2022,8,21,12,59.99448666666666
2022,8,21,13,65.15867666666666
2022,8,21,14,66.51803333333334
2022,8,21,15,71.46561666666666
2022,8,21,16,73.54504333333334
2022,8,21,17,76.79154999999999
2022,8,21,18,86.08879999999999
2022,8,21,19,109.16622666666667
2022,8,21,20,123.77891666666666
2022,8,21,21,108.91345
2022,8,21,22,98.22319333333331
2022,8,21,23,82.85598333333333
2022,8,21,24,80.18975
2022,8,22,1,78.19565333333333
2022,8,22,2,78.38453333333332
2022,8,22,3,77.30631666666666
2022,8,22,4,75.94864333333334
2022,8,22,5,77.28325666666666
2022,8,22,6,80.92849666666666
2022,8,22,7,94.03165666666666
2022,8,22,8,78.01388333333334
2022,8,22,9,67.03049666666666
2022,8,22,10,67.37657333333333
2022,8,22,11,67.66826
2022,8,22,12,69.44296333333334
2022,8,22,13,70.03979666666667
2022,8,22,14,72.96121
2022,8,22,15,78.58533333333334
2022,8,22,16,82.25544666666667
2022,8,22,17,84.37168333333334
2022,8,22,18,99.30002
2022,8,22,19,127.52891333333332
2022,8,22,20,143.22780666666668
2022,8,22,21,117.29136333333334
2022,8,22,22,101.62683
2022,8,22,23,86.65875333333334
2022,8,22,24,82.23555666666667
2022,8,23,1,86.88252333333332
2022,8,23,2,82.68778
2022,8,23,3,81.85128999999999
2022,8,23,4,80.62357666666666
2022,8,23,5,81.77588666666666
2022,8,23,6,84.79591666666666
2022,8,23,7,100.43291333333332
2022,8,23,8,83.07898666666667
2022,8,23,9,73.11576666666667
2022,8,23,10,70.39675333333334
2022,8,23,11,71.68087333333334
2022,8,23,12,73.68006333333334
2022,8,23,13,77.65916333333332
2022,8,23,14,83.72501
2022,8,23,15,89.15781333333332
2022,8,23,16,102.53063333333334
2022,8,23,17,105.58552333333334
2022,8,23,18,121.61853666666666
2022,8,23,19,151.92942000000002
2022,8,23,20,166.29891
2022,8,23,21,128.09000333333333
2022,8,23,22,116.26328666666666
2022,8,23,23,99.67571
2022,8,23,24,95.71209333333331
2022,8,24,1,91.71828
2022,8,24,2,86.81839666666667
2022,8,24,3,85.29996
2022,8,24,4,84.53464333333334
2022,8,24,5,84.91588333333334
2022,8,24,6,87.58700666666665
2022,8,24,7,107.51515
2022,8,24,8,86.46103666666666
2022,8,24,9,78.14452
2022,8,24,10,74.95382666666667
2022,8,24,11,76.24858333333333
2022,8,24,12,77.87395666666667
2022,8,24,13,83.29769333333333
2022,8,24,14,94.83403333333332
2022,8,24,15,100.36022666666668
2022,8,24,16,106.76746333333334
2022,8,24,17,117.92020333333332
2022,8,24,18,129.73195666666666
2022,8,24,19,157.56316666666666
2022,8,24,20,170.78995333333333
2022,8,24,21,137.79798333333335
2022,8,24,22,124.82494666666666
2022,8,24,23,100.97278333333333
2022,8,24,24,96.34785666666666
2022,8,25,1,95.38782333333332
2022,8,25,2,88.76213666666666
2022,8,25,3,85.65808
2022,8,25,4,83.63961
2022,8,25,5,85.25124
2022,8,25,6,89.61203333333333
2022,8,25,7,109.31662333333334
2022,8,25,8,86.14790999999998
2022,8,25,9,75.97272666666667
2022,8,25,10,73.09403666666667
2022,8,25,11,73.33957666666667
2022,8,25,12,76.08080333333334
2022,8,25,13,84.99369
2022,8,25,14,92.20674
2022,8,25,15,99.70019666666668
2022,8,25,16,111.43652666666668
2022,8,25,17,118.03722666666664
2022,8,25,18,128.73006333333333
2022,8,25,19,156.36301
2022,8,25,20,170.49381666666667
2022,8,25,21,137.12317666666667
2022,8,25,22,121.01186333333334
2022,8,25,23,96.48163
2022,8,25,24,88.77255333333333
2022,8,26,1,82.15444000000001
2022,8,26,2,80.37254333333333
2022,8,26,3,78.38148333333334
2022,8,26,4,77.61223
2022,8,26,5,79.19590666666666
2022,8,26,6,84.21651
2022,8,26,7,92.40366
2022,8,26,8,80.76296333333333
2022,8,26,9,72.43717333333332
2022,8,26,10,67.31470333333333
2022,8,26,11,67.51988333333333
2022,8,26,12,69.12102
2022,8,26,13,73.03116
2022,8,26,14,76.26781666666666
2022,8,26,15,79.07216
2022,8,26,16,81.66841
2022,8,26,17,86.81626
2022,8,26,18,98.04968
2022,8,26,19,126.65124333333334
2022,8,26,20,137.14948
2022,8,26,21,114.8171
2022,8,26,22,106.78932
2022,8,26,23,88.62735666666667
2022,8,26,24,85.27955333333334
2022,8,27,1,80.53314666666667
2022,8,27,2,77.63433666666667
2022,8,27,3,77.89778333333334
2022,8,27,4,74.80149
2022,8,27,5,74.61101000000001
2022,8,27,6,77.38068666666668
2022,8,27,7,85.62967666666667
2022,8,27,8,72.19212
2022,8,27,9,57.14204333333333
2022,8,27,10,50.20839333333333
2022,8,27,11,51.45513666666667
2022,8,27,12,54.66653
2022,8,27,13,59.84456333333333
2022,8,27,14,64.92112333333334
2022,8,27,15,68.41129333333333
2022,8,27,16,71.38127666666666
2022,8,27,17,72.93360333333334
2022,8,27,18,83.80949
2022,8,27,19,109.11906
2022,8,27,20,126.31309666666668
2022,8,27,21,108.56599666666666
2022,8,27,22,100.61363
2022,8,27,23,84.55925
2022,8,27,24,78.92125
2022,8,28,1,81.31425
2022,8,28,2,78.12313
2022,8,28,3,79.04252666666666
2022,8,28,4,78.38239
2022,8,28,5,78.69308
2022,8,28,6,78.65605
2022,8,28,7,80.99813
2022,8,28,8,72.17954
2022,8,28,9,59.26045333333334
2022,8,28,10,49.99236
2022,8,28,11,49.62174666666667
2022,8,28,12,50.99349
2022,8,28,13,58.292766666666665
2022,8,28,14,64.89528666666666
2022,8,28,15,67.17830333333333
2022,8,28,16,70.92072666666667
2022,8,28,17,73.94057333333333
2022,8,28,18,89.53474999999999
2022,8,28,19,113.64251
2022,8,28,20,124.28546666666666
2022,8,28,21,108.71249333333331
2022,8,28,22,94.85359666666666
2022,8,28,23,85.97151333333333
2022,8,28,24,84.38639333333333
2022,8,29,1,89.35846
2022,8,29,2,85.90021
2022,8,29,3,84.08286
2022,8,29,4,82.61563333333334
2022,8,29,5,84.26953666666667
2022,8,29,6,87.71258999999999
2022,8,29,7,107.13265666666666
2022,8,29,8,84.94851333333332
2022,8,29,9,72.47073999999999
2022,8,29,10,67.08863000000001
2022,8,29,11,65.81748
2022,8,29,12,69.21125666666667
2022,8,29,13,75.24245333333333
2022,8,29,14,79.33399333333334
2022,8,29,15,86.10698666666667
2022,8,29,16,92.12355333333332
2022,8,29,17,98.63390333333332
2022,8,29,18,115.54666000000002
2022,8,29,19,153.22539666666668
2022,8,29,20,166.03084666666666
2022,8,29,21,130.36781333333332
2022,8,29,22,118.01478000000002
2022,8,29,23,96.74847333333332
2022,8,29,24,95.89312
2022,8,30,1,108.39678333333332
2022,8,30,2,93.73157333333332
2022,8,30,3,91.45476
2022,8,30,4,90.5923
2022,8,30,5,91.52920666666668
2022,8,30,6,101.87555000000002
2022,8,30,7,127.13724666666668
2022,8,30,8,100.30653333333332
2022,8,30,9,81.92032999999999
2022,8,30,10,78.61314666666667
2022,8,30,11,79.26913666666667
2022,8,30,12,82.40511333333333
2022,8,30,13,95.02695
2022,8,30,14,108.53463666666666
2022,8,30,15,121.73934
2022,8,30,16,129.59322666666665
2022,8,30,17,141.85582666666667
2022,8,30,18,163.42935666666668
2022,8,30,19,250.30381
2022,8,30,20,263.7670766666667
2022,8,30,21,190.34679333333332
2022,8,30,22,153.32128333333333
2022,8,30,23,113.82117666666666
2022,8,30,24,109.41866
2022,9,1,1,143.38904333333332
2022,9,1,2,128.58528
2022,9,1,3,123.38233
2022,9,1,4,121.42366333333332
2022,9,1,5,122.02524
2022,9,1,6,122.59266
2022,9,1,7,148.60209
2022,9,1,8,126.75158
2022,9,1,9,102.47863
2022,9,1,10,104.01716
2022,9,1,11,112.18886333333334
2022,9,1,12,131.11275333333333
2022,9,1,13,138.42873333333333
2022,9,1,14,156.24003666666667
2022,9,1,15,179.49081333333334
2022,9,1,16,227.62800666666664
2022,9,1,17,269.1174866666667
2022,9,1,18,367.0115266666666
2022,9,1,19,789.88454
2022,9,1,20,796.1208566666668
2022,9,1,21,419.63683
2022,9,1,22,203.2525533333333
2022,9,1,23,163.77273333333335
2022,9,1,24,143.07865666666666
2022,9,2,1,128.4569
2022,9,2,2,124.72337
2022,9,2,3,115.59319333333332
2022,9,2,4,109.60319666666668
2022,9,2,5,110.27554
2022,9,2,6,116.44923
2022,9,2,7,136.67030333333332
2022,9,2,8,115.25274666666668
2022,9,2,9,95.39746
2022,9,2,10,96.52424333333332
2022,9,2,11,104.36324
2022,9,2,12,125.03554666666668
2022,9,2,13,131.06559
2022,9,2,14,150.47411666666667
2022,9,2,15,162.49454666666665
2022,9,2,16,187.79015666666663
2022,9,2,17,205.14361666666665
2022,9,2,18,265.8439
2022,9,2,19,486.31227
2022,9,2,20,472.34215
2022,9,2,21,257.14276666666666
2022,9,2,22,188.32453
2022,9,2,23,154.35698666666667
2022,9,2,24,140.01721
2022,9,3,1,108.38571
2022,9,3,2,103.17966666666666
2022,9,3,3,99.20789666666668
2022,9,3,4,97.65591
2022,9,3,5,94.51054666666666
2022,9,3,6,98.71971666666668
2022,9,3,7,98.52502
2022,9,3,8,79.65734666666667
2022,9,3,9,64.56925333333334
2022,9,3,10,67.74373333333334
2022,9,3,11,75.55960333333333
2022,9,3,12,84.09599333333334
2022,9,3,13,98.26929333333334
2022,9,3,14,110.49045333333332
2022,9,3,15,118.07645333333332
2022,9,3,16,126.68316666666668
2022,9,3,17,146.62865666666667
2022,9,3,18,192.75006
2022,9,3,19,362.8449066666667
2022,9,3,20,395.9154766666666
2022,9,3,21,211.64685333333333
2022,9,3,22,172.26635666666667
2022,9,3,23,145.76918333333333
2022,9,3,24,131.56918666666667
2022,9,4,1,119.1363
2022,9,4,2,113.62627333333334
2022,9,4,3,106.4501
2022,9,4,4,102.61104
2022,9,4,5,100.07785
2022,9,4,6,100.10907333333334
2022,9,4,7,93.32720666666668
2022,9,4,8,75.07695666666666
2022,9,4,9,61.29238
2022,9,4,10,63.41072
2022,9,4,11,77.43454666666666
2022,9,4,12,83.65262666666666
2022,9,4,13,92.02747
2022,9,4,14,108.45415333333337
2022,9,4,15,121.0639
2022,9,4,16,128.70142333333334
2022,9,4,17,149.67681
2022,9,4,18,184.18631
2022,9,4,19,376.39254666666665
2022,9,4,20,430.0025333333333
2022,9,4,21,227.83406
2022,9,4,22,160.61731333333333
2022,9,4,23,142.56827666666666
2022,9,4,24,133.59037333333333
2022,9,5,1,122.19932333333334
2022,9,5,2,103.98826
2022,9,5,3,103.47792666666668
2022,9,5,4,103.64921
2022,9,5,5,101.42898333333332
2022,9,5,6,101.50255666666668
2022,9,5,7,96.63332333333334
2022,9,5,8,91.64184333333333
2022,9,5,9,70.97181333333333
2022,9,5,10,73.82726333333333
2022,9,5,11,90.3913
2022,9,5,12,96.77007666666668
2022,9,5,13,113.37396333333334
2022,9,5,14,122.85808333333334
2022,9,5,15,133.2868566666667
2022,9,5,16,161.84184333333334
2022,9,5,17,210.88959
2022,9,5,18,362.34465
2022,9,5,19,821.6747799999999
2022,9,5,20,826.4760166666666
2022,9,5,21,349.69866666666667
2022,9,5,22,194.36091
2022,9,5,23,160.18661
2022,9,5,24,142.98526333333334
2022,9,6,1,135.78707
2022,9,6,2,121.56395000000002
2022,9,6,3,122.41838666666666
2022,9,6,4,116.76843333333332
2022,9,6,5,116.90001333333332
2022,9,6,6,122.11261666666668
2022,9,6,7,134.86430666666666
2022,9,6,8,115.50107333333334
2022,9,6,9,95.71232666666668
2022,9,6,10,100.44940666666668
2022,9,6,11,111.34611666666666
2022,9,6,12,117.95915
2022,9,6,13,143.87449666666666
2022,9,6,14,168.06365333333335
2022,9,6,15,186.3343833333333
2022,9,6,16,288.79536
2022,9,6,17,399.40612
2022,9,6,18,920.7803733333334
2022,9,6,19,1170.3483666666668
2022,9,6,20,1074.5824333333333
2022,9,6,21,746.48158
2022,9,6,22,229.81735666666668
2022,9,6,23,162.96626666666666
2022,9,6,24,153.07040333333333
2022,9,7,1,114.05041
2022,9,7,2,108.76973
2022,9,7,3,106.50317333333334
2022,9,7,4,102.5401
2022,9,7,5,102.65394666666668
2022,9,7,6,105.98982666666666
2022,9,7,7,110.38466333333334
2022,9,7,8,97.8123
2022,9,7,9,81.86255666666666
2022,9,7,10,83.80111666666666
2022,9,7,11,92.59099
2022,9,7,12,109.88345666666667
2022,9,7,13,124.61335333333334
2022,9,7,14,139.3535433333333
2022,9,7,15,171.18891999999997
2022,9,7,16,245.41466
2022,9,7,17,365.5709966666666
2022,9,7,18,923.1399533333332
2022,9,7,19,1271.5165333333332
2022,9,7,20,1157.6179333333332
2022,9,7,21,811.7536433333333
2022,9,7,22,263.6472
2022,9,7,23,156.3830933333333
2022,9,7,24,135.37242333333333
2022,9,8,1,113.49526666666668
2022,9,8,2,106.38740666666666
2022,9,8,3,99.01176666666667
2022,9,8,4,97.92474333333332
2022,9,8,5,94.99318666666666
2022,9,8,6,98.43379666666664
2022,9,8,7,112.84322333333334
2022,9,8,8,101.60517666666664
2022,9,8,9,88.28282
2022,9,8,10,88.72184666666665
2022,9,8,11,104.32074666666666
2022,9,8,12,115.97202333333333
2022,9,8,13,132.11886333333334
2022,9,8,14,156.23081333333334
2022,9,8,15,207.77931666666663
2022,9,8,16,375.2129333333333
2022,9,8,17,543.07587
2022,9,8,18,946.7148666666668
2022,9,8,19,993.5002
2022,9,8,20,965.3892933333332
2022,9,8,21,698.4827866666666
2022,9,8,22,256.0925433333333
2022,9,8,23,157.08746
2022,9,8,24,129.06566666666666
2022,9,9,1,113.09138
2022,9,9,2,101.56461666666668
2022,9,9,3,96.8426
2022,9,9,4,92.10256
2022,9,9,5,92.21377
2022,9,9,6,98.03721
2022,9,9,7,103.38248333333333
2022,9,9,8,106.16946
2022,9,9,9,98.16929666666664
2022,9,9,10,97.81030333333332
2022,9,9,11,102.10611666666668
2022,9,9,12,114.6529
2022,9,9,13,112.35944
2022,9,9,14,133.73153333333337
2022,9,9,15,149.60303666666667
2022,9,9,16,185.73497666666665
2022,9,9,17,235.6974733333333
2022,9,9,18,338.58819666666665
2022,9,9,19,291.27613
2022,9,9,20,205.78024333333332
2022,9,9,21,166.86702666666665
2022,9,9,22,151.31620999999998
2022,9,9,23,127.88562666666668
2022,9,9,24,115.25507
2022,9,10,1,100.2518
2022,9,10,2,91.64303666666666
2022,9,10,3,88.54503333333334
2022,9,10,4,87.04647
2022,9,10,5,86.03151666666668
2022,9,10,6,86.12299666666667
2022,9,10,7,78.42750666666667
2022,9,10,8,73.45715
2022,9,10,9,74.52393666666667
2022,9,10,10,73.26746333333334
2022,9,10,11,72.54907333333334
2022,9,10,12,76.47138666666666
2022,9,10,13,77.16923333333334
2022,9,10,14,81.24856999999999
2022,9,10,15,89.55049000000001
2022,9,10,16,97.54115333333334
2022,9,10,17,107.37563666666668
2022,9,10,18,114.29476
2022,9,10,19,125.51306666666666
2022,9,10,20,120.97849333333332
2022,9,10,21,111.53188666666668
2022,9,10,22,109.11315333333334
2022,9,10,23,100.71694333333332
2022,9,10,24,91.89237333333334
2022,9,11,1,99.90617666666668
2022,9,11,2,94.36528666666668
2022,9,11,3,91.67212666666668
2022,9,11,4,88.60289
2022,9,11,5,88.25678333333333
2022,9,11,6,88.78704666666665
2022,9,11,7,89.06731333333333
2022,9,11,8,80.30597333333333
2022,9,11,9,68.53927333333333
2022,9,11,10,63.84450999999999
2022,9,11,11,62.43318666666667
2022,9,11,12,64.64746666666666
2022,9,11,13,70.20374333333334
2022,9,11,14,73.28959666666667
2022,9,11,15,82.70982
2022,9,11,16,94.24865
2022,9,11,17,101.25192333333332
2022,9,11,18,122.16641666666668
2022,9,11,19,144.78694333333334
2022,9,11,20,131.60347333333334
2022,9,11,21,120.37506666666668
2022,9,11,22,117.11090666666666
2022,9,11,23,100.15662
2022,9,11,24,94.59359
2022,9,12,1,85.22368333333333
2022,9,12,2,78.05865333333334
2022,9,12,3,74.72001999999999
2022,9,12,4,74.11258333333333
2022,9,12,5,76.49787333333333
2022,9,12,6,80.45078333333333
2022,9,12,7,93.12257
2022,9,12,8,87.04314
2022,9,12,9,72.50104666666665
2022,9,12,10,68.57830333333334
2022,9,12,11,68.50180333333333
2022,9,12,12,69.77386
2022,9,12,13,72.09392666666666
2022,9,12,14,78.68971666666667
2022,9,12,15,84.01495333333334
2022,9,12,16,89.07516
2022,9,12,17,93.82070333333331
2022,9,12,18,110.28694666666668
2022,9,12,19,126.92981666666668
2022,9,12,20,120.77978333333331
2022,9,12,21,111.18801333333332
2022,9,12,22,106.31964333333332
2022,9,12,23,96.18480333333332
2022,9,12,24,80.22631
2022,9,13,1,79.96995666666668
2022,9,13,2,77.01002
2022,9,13,3,74.39750333333333
2022,9,13,4,73.37952333333332
2022,9,13,5,74.32987333333334
2022,9,13,6,80.14634666666667
2022,9,13,7,95.34768
2022,9,13,8,91.7126
2022,9,13,9,71.86514333333334
2022,9,13,10,68.09518
2022,9,13,11,67.20801
2022,9,13,12,66.86708333333333
2022,9,13,13,66.96554666666667
2022,9,13,14,68.95
2022,9,13,15,69.37356
2022,9,13,16,75.38181333333334
2022,9,13,17,75.91624
2022,9,13,18,92.00412666666666
2022,9,13,19,110.90783333333331
2022,9,13,20,113.37078666666666
2022,9,13,21,105.12512333333332
2022,9,13,22,99.24617
2022,9,13,23,92.11659333333334
2022,9,13,24,81.45899
2022,9,14,1,82.05387333333333
2022,9,14,2,76.89765999999999
2022,9,14,3,73.93342
2022,9,14,4,73.53872
2022,9,14,5,74.85447
2022,9,14,6,83.91302
2022,9,14,7,95.65757
2022,9,14,8,85.24969
2022,9,14,9,70.79925333333334
2022,9,14,10,64.76434
2022,9,14,11,59.60109333333333
2022,9,14,12,63.398226666666666
2022,9,14,13,65.58740666666667
2022,9,14,14,68.32115
2022,9,14,15,69.08947666666667
2022,9,14,16,72.93494666666668
2022,9,14,17,74.68969333333332
2022,9,14,18,88.25604666666668
2022,9,14,19,104.70413666666668
2022,9,14,20,108.85026333333332
2022,9,14,21,101.6149
2022,9,14,22,96.54408333333332
2022,9,14,23,86.27063333333332
2022,9,14,24,81.64303333333334
2022,9,15,1,81.16867666666667
2022,9,15,2,79.31952
2022,9,15,3,74.48519
2022,9,15,4,73.31468
2022,9,15,5,75.36610999999999
2022,9,15,6,81.93979999999999
2022,9,15,7,94.05436000000002
2022,9,15,8,84.3394
2022,9,15,9,71.44069
2022,9,15,10,65.10511000000001
2022,9,15,11,61.33636333333334
2022,9,15,12,62.11314000000001
2022,9,15,13,64.63095666666668
2022,9,15,14,67.72249333333333
2022,9,15,15,69.72607
2022,9,15,16,72.01693333333333
2022,9,15,17,72.35618666666666
2022,9,15,18,85.78302000000001
2022,9,15,19,100.8773
2022,9,15,20,102.31823333333334
2022,9,15,21,95.98385666666668
2022,9,15,22,92.84286666666668
2022,9,15,23,83.39822
2022,9,15,24,79.09867000000001
2022,9,16,1,74.07144333333333
2022,9,16,2,71.24778333333333
2022,9,16,3,69.00708
2022,9,16,4,68.94948666666666
2022,9,16,5,69.73303333333332
2022,9,16,6,76.42040666666666
2022,9,16,7,86.45209333333332
2022,9,16,8,75.72875666666665
2022,9,16,9,63.294516666666674
2022,9,16,10,56.01264666666666
2022,9,16,11,50.68427666666667
2022,9,16,12,46.91672666666667
2022,9,16,13,52.97665666666666
2022,9,16,14,56.61698333333334
2022,9,16,15,58.838276666666665
2022,9,16,16,63.97173
2022,9,16,17,66.89078
2022,9,16,18,77.13404
2022,9,16,19,95.48076666666668
2022,9,16,20,95.64812666666668
2022,9,16,21,89.02092666666665
2022,9,16,22,84.19819333333334
2022,9,16,23,81.75698333333334
2022,9,16,24,78.87530333333333
2022,9,17,1,68.4003
2022,9,17,2,67.74925
2022,9,17,3,64.08271666666667
2022,9,17,4,62.38342
2022,9,17,5,64.54149333333334
2022,9,17,6,67.11812333333333
2022,9,17,7,68.71820000000001
2022,9,17,8,63.15659
2022,9,17,9,38.93027333333333
2022,9,17,10,27.909076666666664
2022,9,17,11,25.288633333333333
2022,9,17,12,21.98718
2022,9,17,13,22.657906666666666
2022,9,17,14,24.43610333333333
2022,9,17,15,29.862440000000003
2022,9,17,16,36.11221333333334
2022,9,17,17,42.04959
2022,9,17,18,64.41642666666667
2022,9,17,19,82.15533
2022,9,17,20,85.39392333333335
2022,9,17,21,81.98984
2022,9,17,22,80.69827333333333
2022,9,17,23,81.18009
2022,9,17,24,78.39878666666667
2022,9,18,1,71.72601
2022,9,18,2,68.36441333333333
2022,9,18,3,66.09693333333333
2022,9,18,4,65.04066999999999
2022,9,18,5,66.48088
2022,9,18,6,65.48851
2022,9,18,7,66.17690666666667
2022,9,18,8,63.166986666666666
2022,9,18,9,46.547626666666666
2022,9,18,10,34.87819
2022,9,18,11,27.373086666666666
2022,9,18,12,25.888006666666666
2022,9,18,13,25.82617
2022,9,18,14,28.37410333333333
2022,9,18,15,37.59703
2022,9,18,16,47.03246333333334
2022,9,18,17,52.23391333333333
2022,9,18,18,72.80284
2022,9,18,19,90.28002333333332
2022,9,18,20,93.45877333333334
2022,9,18,21,88.31009999999999
2022,9,18,22,83.23082000000001
2022,9,18,23,79.88130666666666
2022,9,18,24,75.44664999999999
2022,9,19,1,69.54982666666666
2022,9,19,2,67.28865666666667
2022,9,19,3,65.91512
2022,9,19,4,66.14120333333334
2022,9,19,5,68.30869666666666
2022,9,19,6,72.75155333333333
2022,9,19,7,83.62351
2022,9,19,8,77.14755000000001
2022,9,19,9,65.49005666666666
2022,9,19,10,52.03016
2022,9,19,11,49.48211
2022,9,19,12,46.99103333333333
2022,9,19,13,48.01584666666667
2022,9,19,14,48.32395333333333
2022,9,19,15,53.94893666666667
2022,9,19,16,60.95980666666667
2022,9,19,17,64.46988
2022,9,19,18,81.51090333333333
2022,9,19,19,97.31903
2022,9,19,20,98.04179
2022,9,19,21,90.18252333333334
2022,9,19,22,85.13001666666666
2022,9,19,23,80.57624333333334
2022,9,19,24,75.63504333333333
2022,9,20,1,74.7213
2022,9,20,2,71.43221333333334
2022,9,20,3,68.97884333333333
2022,9,20,4,66.78113
2022,9,20,5,68.59057
2022,9,20,6,74.56074
2022,9,20,7,80.94136666666667
2022,9,20,8,73.88523666666667
2022,9,20,9,60.885686666666665
2022,9,20,10,50.08273666666667
2022,9,20,11,45.77354333333333
2022,9,20,12,44.82101
2022,9,20,13,47.08849
2022,9,20,14,50.32832333333334
2022,9,20,15,56.3652
2022,9,20,16,61.70435666666666
2022,9,20,17,64.56428333333334
2022,9,20,18,78.73874666666667
2022,9,20,19,93.67747333333334
2022,9,20,20,95.13510333333332
2022,9,20,21,86.56520666666667
2022,9,20,22,82.03509000000001
2022,9,20,23,82.5169
2022,9,20,24,74.83046
2022,9,21,1,84.17978666666666
2022,9,21,2,75.74241333333333
2022,9,21,3,70.71924666666666
2022,9,21,4,70.69736999999999
2022,9,21,5,73.47791333333333
2022,9,21,6,83.76082
2022,9,21,7,88.89059000000002
2022,9,21,8,78.75805666666666
2022,9,21,9,62.39337666666668
2022,9,21,10,57.60798
2022,9,21,11,55.20396333333334
2022,9,21,12,52.17124
2022,9,21,13,50.93344
2022,9,21,14,55.51009333333334
2022,9,21,15,58.20191666666667
2022,9,21,16,61.37602666666667
2022,9,21,17,63.57158666666666
2022,9,21,18,78.94592
2022,9,21,19,99.16906333333334
2022,9,21,20,98.44217666666668
2022,9,21,21,86.64184
2022,9,21,22,81.77983666666667
2022,9,21,23,77.02553999999999
2022,9,21,24,72.56073333333335
2022,9,22,1,68.03962666666666
2022,9,22,2,65.20186666666667
2022,9,22,3,64.80333666666667
2022,9,22,4,64.57230333333334
2022,9,22,5,64.88577
2022,9,22,6,71.98071
2022,9,22,7,81.40568333333333
2022,9,22,8,66.31433666666668
2022,9,22,9,56.39497666666667
2022,9,22,10,46.64458666666667
2022,9,22,11,44.103280000000005
2022,9,22,12,45.034173333333335
2022,9,22,13,48.85762666666667
2022,9,22,14,55.26265
2022,9,22,15,58.92439666666667
2022,9,22,16,63.58669333333333
2022,9,22,17,67.39990999999999
2022,9,22,18,86.03909
2022,9,22,19,111.90883666666667
2022,9,22,20,105.73719
2022,9,22,21,90.69376
2022,9,22,22,86.45775333333334
2022,9,22,23,81.38077666666668
2022,9,22,24,77.67480333333333
2022,9,23,1,70.47749333333333
2022,9,23,2,68.79669333333332
2022,9,23,3,64.26045
2022,9,23,4,63.68171666666667
2022,9,23,5,65.00221333333333
2022,9,23,6,72.69364333333334
2022,9,23,7,78.21731666666666
2022,9,23,8,66.47497333333332
2022,9,23,9,54.10081
2022,9,23,10,42.37909666666667
2022,9,23,11,41.53467333333334
2022,9,23,12,45.83984
2022,9,23,13,52.46077333333333
2022,9,23,14,57.664656666666666
2022,9,23,15,61.36976333333333
2022,9,23,16,70.1391
2022,9,23,17,74.56885
2022,9,23,18,94.77991666666668
2022,9,23,19,121.59054
2022,9,23,20,106.73068666666666
2022,9,23,21,94.45748333333334
2022,9,23,22,87.78773333333334
2022,9,23,23,82.36077
2022,9,23,24,77.72825666666667
2022,9,24,1,65.19277666666666
2022,9,24,2,63.78329666666667
2022,9,24,3,64.52381666666666
2022,9,24,4,62.28454333333334
2022,9,24,5,62.82606666666667
2022,9,24,6,65.03783333333332
2022,9,24,7,65.20029
2022,9,24,8,54.55657333333334
2022,9,24,9,40.30373666666667
2022,9,24,10,33.704123333333335
2022,9,24,11,34.2929
2022,9,24,12,39.81396333333333
2022,9,24,13,44.49699666666667
2022,9,24,14,48.22254333333333
2022,9,24,15,58.56852333333333
2022,9,24,16,63.397423333333336
2022,9,24,17,69.60011
2022,9,24,18,86.49533333333333
2022,9,24,19,120.76433000000002
2022,9,24,20,98.25190333333336
2022,9,24,21,86.14045333333333
2022,9,24,22,77.58545333333333
2022,9,24,23,73.91066
2022,9,24,24,69.61960666666666
2022,9,25,1,70.4058
2022,9,25,2,66.12455333333334
2022,9,25,3,66.48694
2022,9,25,4,66.03604
2022,9,25,5,66.28196333333334
2022,9,25,6,64.46789666666668
2022,9,25,7,64.73021666666666
2022,9,25,8,58.66494333333333
2022,9,25,9,41.18555
2022,9,25,10,33.670163333333335
2022,9,25,11,35.21166333333333
2022,9,25,12,44.36024
2022,9,25,13,48.81906666666666
2022,9,25,14,53.75011333333333
2022,9,25,15,60.29934
2022,9,25,16,67.86041
2022,9,25,17,76.41196666666667
2022,9,25,18,97.84335
2022,9,25,19,129.57865666666666
2022,9,25,20,105.68815
2022,9,25,21,94.60541
2022,9,25,22,88.15571666666666
2022,9,25,23,81.11928333333333
2022,9,25,24,73.52820666666666
2022,9,26,1,67.78735333333333
2022,9,26,2,67.59003333333334
2022,9,26,3,64.4097
2022,9,26,4,64.13241666666667
2022,9,26,5,64.30124333333333
2022,9,26,6,70.37769666666667
2022,9,26,7,79.96341666666666
2022,9,26,8,74.18784666666666
2022,9,26,9,56.86042666666666
2022,9,26,10,53.87222333333333
2022,9,26,11,57.05932666666666
2022,9,26,12,58.32474
2022,9,26,13,63.40118
2022,9,26,14,70.88940333333333
2022,9,26,15,73.41070333333333
2022,9,26,16,88.73131666666667
2022,9,26,17,102.33012333333332
2022,9,26,18,133.03935333333334
2022,9,26,19,166.84382666666667
2022,9,26,20,127.19036666666666
2022,9,26,21,106.88357666666668
2022,9,26,22,93.11772333333332
2022,9,26,23,85.16555666666666
2022,9,26,24,75.95983666666666
2022,9,27,1,72.81022666666667
2022,9,27,2,73.69304666666666
2022,9,27,3,69.40364666666666
2022,9,27,4,67.56724333333334
2022,9,27,5,68.02366
2022,9,27,6,77.73153333333333
2022,9,27,7,82.30543333333333
2022,9,27,8,75.25894666666666
2022,9,27,9,57.64393333333334
2022,9,27,10,55.37856666666666
2022,9,27,11,55.73533
2022,9,27,12,59.37063666666666
2022,9,27,13,60.78295333333333
2022,9,27,14,70.07125333333333
2022,9,27,15,74.29250333333333
2022,9,27,16,83.18365
2022,9,27,17,94.05584
2022,9,27,18,113.35711333333334
2022,9,27,19,158.53914333333333
2022,9,27,20,120.09847
2022,9,27,21,104.76789666666666
2022,9,27,22,93.38397333333334
2022,9,27,23,87.96841
2022,9,27,24,80.34870666666667
2022,9,28,1,72.6528
2022,9,28,2,70.95984333333334
2022,9,28,3,65.56746666666668
2022,9,28,4,65.07561333333332
2022,9,28,5,66.32539
2022,9,28,6,75.90245
2022,9,28,7,77.82105333333334
2022,9,28,8,71.78592333333333
2022,9,28,9,55.2698
2022,9,28,10,51.35632999999999
2022,9,28,11,51.50058333333334
2022,9,28,12,55.87657
2022,9,28,13,59.34077666666667
2022,9,28,14,65.81874
2022,9,28,15,71.65323666666667
2022,9,28,16,77.86714333333333
2022,9,28,17,84.98302666666667
2022,9,28,18,101.33111666666666
2022,9,28,19,140.46203
2022,9,28,20,104.3557
2022,9,28,21,92.05470333333334
2022,9,28,22,84.13985000000001
2022,9,28,23,79.29925
2022,9,28,24,76.23363333333333
2022,9,29,1,68.11827333333333
2022,9,29,2,63.33889666666666
2022,9,29,3,61.50105333333334
2022,9,29,4,59.62431333333333
2022,9,29,5,63.26282333333334
2022,9,29,6,68.48302
2022,9,29,7,71.0925
2022,9,29,8,64.71249666666667
2022,9,29,9,49.02244
2022,9,29,10,47.19369666666668
2022,9,29,11,47.1861
2022,9,29,12,48.60388
2022,9,29,13,52.07208
2022,9,29,14,56.901473333333335
2022,9,29,15,60.92200333333333
2022,9,29,16,63.295613333333336
2022,9,29,17,70.79365333333334
2022,9,29,18,82.28985999999999
2022,9,29,19,106.15985
2022,9,29,20,86.26173666666666
2022,9,29,21,79.18381666666666
2022,9,29,22,78.04933
2022,9,29,23,76.21003999999999
2022,9,29,24,69.41346
2022,10,1,1,61.11440666666667
2022,10,1,2,59.24305
2022,10,1,3,57.43645333333333
2022,10,1,4,56.05191
2022,10,1,5,56.34913666666667
2022,10,1,6,57.69475666666667
2022,10,1,7,64.32517333333334
2022,10,1,8,54.57155
2022,10,1,9,41.75548
2022,10,1,10,32.803063333333334
2022,10,1,11,29.729903333333336
2022,10,1,12,30.05473333333333
2022,10,1,13,32.40702666666667
2022,10,1,14,36.85928666666667
2022,10,1,15,41.952873333333336
2022,10,1,16,45.08890666666667
2022,10,1,17,48.40543666666667
2022,10,1,18,65.63630666666667
2022,10,1,19,77.43119333333334
2022,10,1,20,72.68709666666668
2022,10,1,21,69.26785333333333
2022,10,1,22,67.79725333333333
2022,10,1,23,65.13189
2022,10,1,24,60.78737
2022,10,2,1,61.828653333333335
2022,10,2,2,59.72898666666666
2022,10,2,3,58.01763
2022,10,2,4,56.52207333333333
2022,10,2,5,58.55169333333333
2022,10,2,6,61.18854666666667
2022,10,2,7,65.08878
2022,10,2,8,51.404410000000006
2022,10,2,9,38.269506666666665
2022,10,2,10,31.29658
2022,10,2,11,27.81196
2022,10,2,12,27.210346666666663
2022,10,2,13,28.81111
2022,10,2,14,32.88646666666667
2022,10,2,15,38.89488
2022,10,2,16,45.38700333333333
2022,10,2,17,49.580106666666666
2022,10,2,18,65.62168
2022,10,2,19,81.522
2022,10,2,20,75.42469333333334
2022,10,2,21,69.73804
2022,10,2,22,66.95694333333334
2022,10,2,23,63.35145666666667
2022,10,2,24,60.25214666666667
2022,10,3,1,57.85353333333333
2022,10,3,2,55.771926666666666
2022,10,3,3,54.99713666666667
2022,10,3,4,54.92098333333333
2022,10,3,5,56.69986666666667
2022,10,3,6,62.81513
2022,10,3,7,82.30741
2022,10,3,8,71.33849333333335
2022,10,3,9,49.507106666666665
2022,10,3,10,45.99247666666667
2022,10,3,11,42.85241333333334
2022,10,3,12,43.47204
2022,10,3,13,45.74175666666667
2022,10,3,14,47.75202
2022,10,3,15,51.20628
2022,10,3,16,56.44453666666666
2022,10,3,17,62.47452333333333
2022,10,3,18,79.11451333333333
2022,10,3,19,96.14305333333334
2022,10,3,20,86.35290333333334
2022,10,3,21,76.83408666666666
2022,10,3,22,75.61926333333334
2022,10,3,23,67.76012666666666
2022,10,3,24,64.12638333333332
2022,10,4,1,63.00724
2022,10,4,2,57.827733333333335
2022,10,4,3,57.50770333333333
2022,10,4,4,57.83051
2022,10,4,5,59.11204333333333
2022,10,4,6,70.02513
2022,10,4,7,86.62592333333333
2022,10,4,8,73.94243999999999
2022,10,4,9,52.38200666666666
2022,10,4,10,49.072006666666674
2022,10,4,11,47.39263333333333
2022,10,4,12,48.56226
2022,10,4,13,49.03428
2022,10,4,14,53.75758666666667
2022,10,4,15,57.436663333333335
2022,10,4,16,62.92922
2022,10,4,17,73.10120666666667
2022,10,4,18,88.33776999999999
2022,10,4,19,123.42784333333331
2022,10,4,20,91.65370333333333
2022,10,4,21,86.65711333333333
2022,10,4,22,83.51375
2022,10,4,23,70.13741333333333
2022,10,4,24,69.14168000000001
2022,10,5,1,71.87886333333334
2022,10,5,2,65.15706666666667
2022,10,5,3,63.23862666666667
2022,10,5,4,62.95571
2022,10,5,5,66.68543333333334
2022,10,5,6,74.02422666666666
2022,10,5,7,89.20235666666667
2022,10,5,8,81.56191666666666
2022,10,5,9,62.091456666666666
2022,10,5,10,57.75213666666667
2022,10,5,11,52.43269333333333
2022,10,5,12,56.25355
2022,10,5,13,59.73675333333333
2022,10,5,14,65.86207
2022,10,5,15,69.35619
2022,10,5,16,75.25803666666667
2022,10,5,17,79.84798333333333
2022,10,5,18,98.15004333333331
2022,10,5,19,137.95493
2022,10,5,20,103.10401333333334
2022,10,5,21,91.24592333333334
2022,10,5,22,87.65469
2022,10,5,23,78.79341333333333
2022,10,5,24,73.06185666666666
2022,10,6,1,73.11668999999999
2022,10,6,2,68.4507
2022,10,6,3,66.88388666666667
2022,10,6,4,67.0193
2022,10,6,5,68.04836333333333
2022,10,6,6,78.67088
2022,10,6,7,90.12153666666666
2022,10,6,8,82.78751333333334
2022,10,6,9,66.68782666666668
2022,10,6,10,58.39524666666667
2022,10,6,11,56.5093
2022,10,6,12,58.95622666666666
2022,10,6,13,61.172666666666665
2022,10,6,14,68.47313
2022,10,6,15,76.79047666666666
2022,10,6,16,80.26487666666667
2022,10,6,17,86.61955999999999
2022,10,6,18,103.89563666666668
2022,10,6,19,135.01617666666667
2022,10,6,20,104.50255666666664
2022,10,6,21,91.43132333333334
2022,10,6,22,88.45173
2022,10,6,23,79.89411666666666
2022,10,6,24,74.03081666666667
2022,10,7,1,68.88135666666666
2022,10,7,2,66.38767
2022,10,7,3,66.43977
2022,10,7,4,65.84675666666666
2022,10,7,5,67.26233666666667
2022,10,7,6,74.95421
2022,10,7,7,89.5665
2022,10,7,8,83.71157
2022,10,7,9,64.14551333333334
2022,10,7,10,57.45636
2022,10,7,11,54.86061333333333
2022,10,7,12,55.575536666666665
2022,10,7,13,59.41808
2022,10,7,14,63.71462
2022,10,7,15,68.23883
2022,10,7,16,74.42883333333333
2022,10,7,17,82.98401333333334
2022,10,7,18,100.23144666666668
2022,10,7,19,124.00847333333331
2022,10,7,20,99.95560333333331
2022,10,7,21,90.63123
2022,10,7,22,88.98225000000001
2022,10,7,23,84.13977333333334
2022,10,7,24,79.94634666666667
2022,10,8,1,74.08631666666666
2022,10,8,2,70.82603999999999
2022,10,8,3,66.02711666666666
2022,10,8,4,64.07697
2022,10,8,5,67.75138666666666
2022,10,8,6,70.55754333333333
2022,10,8,7,76.38774000000001
2022,10,8,8,68.02319999999999
2022,10,8,9,56.729216666666666
2022,10,8,10,50.752790000000005
2022,10,8,11,48.50582
2022,10,8,12,50.40749666666667
2022,10,8,13,51.79846333333333
2022,10,8,14,55.75576
2022,10,8,15,60.47446
2022,10,8,16,67.88925333333333
2022,10,8,17,74.28310333333333
2022,10,8,18,88.97724666666666
2022,10,8,19,102.64217666666666
2022,10,8,20,91.75434
2022,10,8,21,85.93862
2022,10,8,22,85.13117666666666
2022,10,8,23,79.43082
2022,10,8,24,74.31252666666667
2022,10,9,1,78.42071666666668
2022,10,9,2,73.55297666666667
2022,10,9,3,70.83521
2022,10,9,4,69.35943333333334
2022,10,9,5,69.56930666666666
2022,10,9,6,70.54952666666667
2022,10,9,7,73.09329333333334
2022,10,9,8,68.5892
2022,10,9,9,53.85976
2022,10,9,10,45.02638666666667
2022,10,9,11,41.11203
2022,10,9,12,43.43187333333333
2022,10,9,13,47.16184333333333
2022,10,9,14,53.410493333333335
2022,10,9,15,56.91668666666667
2022,10,9,16,62.65563333333333
2022,10,9,17,70.90886333333333
2022,10,9,18,89.74270333333334
2022,10,9,19,101.03934333333332
2022,10,9,20,91.0858
2022,10,9,21,87.26672
2022,10,9,22,86.78770000000002
2022,10,9,23,83.20528
2022,10,9,24,79.79377
2022,10,10,1,74.05320333333333
2022,10,10,2,67.23790666666667
2022,10,10,3,66.15711666666667
2022,10,10,4,66.01526
2022,10,10,5,66.28197666666667
2022,10,10,6,71.85047
2022,10,10,7,83.18917666666665
2022,10,10,8,78.14975666666666
2022,10,10,9,60.873283333333326
2022,10,10,10,56.21878333333333
2022,10,10,11,54.32028
2022,10,10,12,53.80544333333333
2022,10,10,13,54.48462
2022,10,10,14,57.73960333333333
2022,10,10,15,61.43119333333333
2022,10,10,16,63.87109333333333
2022,10,10,17,69.68831666666667
2022,10,10,18,87.84092666666668
2022,10,10,19,103.22502666666666
2022,10,10,20,91.08533666666666
2022,10,10,21,85.57452333333333
2022,10,10,22,83.00786666666666
2022,10,10,23,79.48784
2022,10,10,24,71.22677666666668
2022,10,11,1,67.62890333333333
2022,10,11,2,65.82059333333332
2022,10,11,3,64.75387666666667
2022,10,11,4,64.69202
2022,10,11,5,65.90698666666667
2022,10,11,6,76.80410666666667
2022,10,11,7,92.27709
2022,10,11,8,90.04933666666666
2022,10,11,9,65.38365
2022,10,11,10,57.90342999999999
2022,10,11,11,55.05497
2022,10,11,12,53.31001
2022,10,11,13,55.29874333333333
2022,10,11,14,60.70668666666666
2022,10,11,15,64.85999333333334
2022,10,11,16,68.53150333333333
2022,10,11,17,77.94169333333333
2022,10,11,18,96.30954666666666
2022,10,11,19,115.52124333333336
2022,10,11,20,97.68735666666667
2022,10,11,21,92.10163333333333
2022,10,11,22,87.76314333333335
2022,10,11,23,80.54665333333334
2022,10,11,24,71.99934
2022,10,12,1,68.64800000000001
2022,10,12,2,65.84199666666667
2022,10,12,3,65.27300666666666
2022,10,12,4,64.71909333333333
2022,10,12,5,66.03878666666667
2022,10,12,6,76.17037666666667
2022,10,12,7,92.12951333333332
2022,10,12,8,88.59323333333333
2022,10,12,9,63.82853
2022,10,12,10,56.68011333333334
2022,10,12,11,54.81500666666667
2022,10,12,12,54.93550666666667
2022,10,12,13,56.63942666666667
2022,10,12,14,61.24577333333334
2022,10,12,15,62.85493333333333
2022,10,12,16,69.76461666666667
2022,10,12,17,77.72894333333333
2022,10,12,18,92.23729333333334
2022,10,12,19,118.59021666666666
2022,10,12,20,93.19689333333334
2022,10,12,21,88.78000666666667
2022,10,12,22,85.47421333333334
2022,10,12,23,77.97587333333333
2022,10,12,24,72.42295666666666
2022,10,13,1,67.62741
2022,10,13,2,65.82373666666666
2022,10,13,3,63.7524
2022,10,13,4,63.95800666666667
2022,10,13,5,64.23578666666667
2022,10,13,6,68.35916999999999
2022,10,13,7,86.70441666666666
2022,10,13,8,83.95524
2022,10,13,9,64.16333
2022,10,13,10,57.08342
2022,10,13,11,54.31829333333334
2022,10,13,12,53.16521666666667
2022,10,13,13,55.754713333333335
2022,10,13,14,57.10933
2022,10,13,15,59.69373333333333
2022,10,13,16,65.65702
2022,10,13,17,73.77021
2022,10,13,18,90.10665333333334
2022,10,13,19,101.02862
2022,10,13,20,90.00012333333332
2022,10,13,21,86.44965333333334
2022,10,13,22,83.79618333333333
2022,10,13,23,77.07702666666667
2022,10,13,24,71.16568
2022,10,14,1,68.10278333333333
2022,10,14,2,63.99349
2022,10,14,3,63.21343333333333
2022,10,14,4,63.8505
2022,10,14,5,65.17120666666666
2022,10,14,6,71.51627666666667
2022,10,14,7,82.46713
2022,10,14,8,79.66643
2022,10,14,9,63.03555666666667
2022,10,14,10,54.72884
2022,10,14,11,50.62618
2022,10,14,12,49.14646333333334
2022,10,14,13,49.33472333333333
2022,10,14,14,51.12305666666666
2022,10,14,15,55.45705999999999
2022,10,14,16,60.55318333333333
2022,10,14,17,66.90866666666666
2022,10,14,18,84.29908
2022,10,14,19,96.88725666666666
2022,10,14,20,86.27086000000001
2022,10,14,21,84.75537666666666
2022,10,14,22,82.99487333333333
2022,10,14,23,76.89088333333333
2022,10,14,24,70.09477333333332
2022,10,15,1,68.28819
2022,10,15,2,65.31767333333333
2022,10,15,3,63.8442
2022,10,15,4,65.63862
2022,10,15,5,65.31739666666667
2022,10,15,6,68.88435
2022,10,15,7,73.69724666666666
2022,10,15,8,70.63096
2022,10,15,9,54.09413666666666
2022,10,15,10,49.61133
2022,10,15,11,47.27462666666667
2022,10,15,12,45.82017666666667
2022,10,15,13,46.28714
2022,10,15,14,47.848823333333335
2022,10,15,15,49.82396333333333
2022,10,15,16,57.422963333333335
2022,10,15,17,61.88306666666667
2022,10,15,18,77.12738666666667
2022,10,15,19,86.38744000000001
2022,10,15,20,79.90235333333334
2022,10,15,21,76.75104333333333
2022,10,15,22,76.55989333333333
2022,10,15,23,71.21828666666666
2022,10,15,24,69.20042
2022,10,16,1,68.58702666666666
2022,10,16,2,66.11935666666666
2022,10,16,3,63.27851666666666
2022,10,16,4,62.778106666666666
2022,10,16,5,64.06197666666667
2022,10,16,6,66.1592
2022,10,16,7,69.45204333333334
2022,10,16,8,66.16136999999999
2022,10,16,9,53.70232333333333
2022,10,16,10,47.98316333333333
2022,10,16,11,43.49717999999999
2022,10,16,12,38.99026333333333
2022,10,16,13,38.17519333333333
2022,10,16,14,39.019110000000005
2022,10,16,15,41.9278
2022,10,16,16,48.86656333333334
2022,10,16,17,54.86308666666667
2022,10,16,18,80.60481333333333
2022,10,16,19,91.02358333333332
2022,10,16,20,84.50322333333334
2022,10,16,21,81.06671666666666
2022,10,16,22,78.97789
2022,10,16,23,73.24120666666667
2022,10,16,24,69.10592333333334
2022,10,17,1,70.84813
2022,10,17,2,66.47100999999999
2022,10,17,3,66.08433666666667
2022,10,17,4,66.31387333333333
2022,10,17,5,66.68108666666667
2022,10,17,6,74.27653666666667
2022,10,17,7,87.77437666666667
2022,10,17,8,86.28721
2022,10,17,9,65.23840666666666
2022,10,17,10,57.77766333333333
2022,10,17,11,56.93725333333333
2022,10,17,12,54.55551
2022,10,17,13,55.82419
2022,10,17,14,56.089733333333335
2022,10,17,15,58.31500333333333
2022,10,17,16,63.2442
2022,10,17,17,75.01923666666666
2022,10,17,18,89.32873333333333
2022,10,17,19,104.0902
2022,10,17,20,91.16133666666668
2022,10,17,21,87.06858666666666
2022,10,17,22,86.53845000000001
2022,10,17,23,81.63410333333333
2022,10,17,24,78.88966
2022,10,18,1,77.52811
2022,10,18,2,71.62008333333334
2022,10,18,3,68.66472333333333
2022,10,18,4,68.95282666666667
2022,10,18,5,73.25086666666667
2022,10,18,6,80.23757333333333
2022,10,18,7,89.32193
2022,10,18,8,86.69272333333333
2022,10,18,9,69.55485
2022,10,18,10,63.31793
2022,10,18,11,59.92001333333334
2022,10,18,12,59.66263
2022,10,18,13,61.77827666666667
2022,10,18,14,64.84005333333333
2022,10,18,15,68.38461666666667
2022,10,18,16,76.14089
2022,10,18,17,87.57418333333334
2022,10,18,18,107.47507666666668
2022,10,18,19,137.27208
2022,10,18,20,104.98941333333332
2022,10,18,21,94.84196333333334
2022,10,18,22,94.29945333333332
2022,10,18,23,86.35598
2022,10,18,24,80.71028333333334
2022,10,19,1,79.96730333333333
2022,10,19,2,76.58183666666666
2022,10,19,3,72.58894333333333
2022,10,19,4,72.35341
2022,10,19,5,74.58695333333333
2022,10,19,6,80.07055333333334
2022,10,19,7,90.29658666666668
2022,10,19,8,87.98929333333332
2022,10,19,9,71.29415999999999
2022,10,19,10,59.26305333333334
2022,10,19,11,58.20322333333333
2022,10,19,12,58.45410666666667
2022,10,19,13,60.90907666666666
2022,10,19,14,68.74815666666667
2022,10,19,15,78.10805333333333
2022,10,19,16,87.77634666666667
2022,10,19,17,95.93148333333332
2022,10,19,18,130.79024333333334
2022,10,19,19,177.12383333333332
2022,10,19,20,122.98500666666666
2022,10,19,21,100.35791333333331
2022,10,19,22,96.99974
2022,10,19,23,89.38270999999999
2022,10,19,24,85.69477333333333
2022,10,20,1,74.84696666666666
2022,10,20,2,69.84714333333334
2022,10,20,3,67.18177333333334
2022,10,20,4,65.19538999999999
2022,10,20,5,66.61853
2022,10,20,6,73.99889666666667
2022,10,20,7,83.91600333333334
2022,10,20,8,83.83970666666666
2022,10,20,9,65.44204333333333
2022,10,20,10,58.07834333333333
2022,10,20,11,57.444880000000005
2022,10,20,12,57.08417
2022,10,20,13,56.47102
2022,10,20,14,59.11908333333333
2022,10,20,15,65.33719666666667
2022,10,20,16,72.61303
2022,10,20,17,81.88565
2022,10,20,18,109.44268666666666
2022,10,20,19,127.29578666666669
2022,10,20,20,104.26813
2022,10,20,21,93.23725333333334
2022,10,20,22,89.27394333333332
2022,10,20,23,78.76815666666666
2022,10,20,24,72.27651666666667
2022,10,21,1,67.06095666666667
2022,10,21,2,58.10169333333334
2022,10,21,3,54.14655333333334
2022,10,21,4,53.96417
2022,10,21,5,55.341526666666674
2022,10,21,6,59.55762666666666
2022,10,21,7,76.64733333333334
2022,10,21,8,76.59378
2022,10,21,9,55.60234333333333
2022,10,21,10,49.99303
2022,10,21,11,48.22701
2022,10,21,12,46.57664666666667
2022,10,21,13,47.64858
2022,10,21,14,49.31673333333333
2022,10,21,15,51.30739
2022,10,21,16,53.52908666666667
2022,10,21,17,56.95828
2022,10,21,18,75.20829333333333
2022,10,21,19,84.15083
2022,10,21,20,78.80219
2022,10,21,21,71.34954
2022,10,21,22,68.63473333333333
2022,10,21,23,64.23683333333334
2022,10,21,24,60.30736
2022,10,22,1,54.80007666666666
2022,10,22,2,52.98394
2022,10,22,3,49.54379333333333
2022,10,22,4,48.24095
2022,10,22,5,48.751113333333336
2022,10,22,6,52.51840000000001
2022,10,22,7,60.602120000000006
2022,10,22,8,61.68710000000001
2022,10,22,9,48.67646666666667
2022,10,22,10,39.86254666666667
2022,10,22,11,35.82639
2022,10,22,12,33.766346666666664
2022,10,22,13,30.01740666666667
2022,10,22,14,28.026183333333336
2022,10,22,15,29.42673333333333
2022,10,22,16,34.263733333333334
2022,10,22,17,44.054656666666666
2022,10,22,18,61.151916666666665
2022,10,22,19,67.90422
2022,10,22,20,67.68376333333333
2022,10,22,21,63.220793333333326
2022,10,22,22,61.744196666666674
2022,10,22,23,57.10111333333333
2022,10,22,24,54.320183333333325
2022,10,23,1,54.45146
2022,10,23,2,52.39222
2022,10,23,3,50.32633666666666
2022,10,23,4,48.50910666666667
2022,10,23,5,48.68231666666667
2022,10,23,6,50.66431666666667
2022,10,23,7,56.718273333333336
2022,10,23,8,54.32333333333333
2022,10,23,9,43.41613666666667
2022,10,23,10,27.742
2022,10,23,11,20.890600000000003
2022,10,23,12,18.01475333333333
2022,10,23,13,17.535913333333333
2022,10,23,14,16.611646666666665
2022,10,23,15,17.078999999999997
2022,10,23,16,21.622380000000003
2022,10,23,17,37.58465666666667
2022,10,23,18,63.862860000000005
2022,10,23,19,70.09573999999999
2022,10,23,20,72.31428
2022,10,23,21,69.29729666666667
2022,10,23,22,66.16568666666667
2022,10,23,23,63.37312666666667
2022,10,23,24,61.35550666666666
2022,10,24,1,55.02629
2022,10,24,2,56.08584666666667
2022,10,24,3,52.57452
2022,10,24,4,52.88327
2022,10,24,5,57.728656666666666
2022,10,24,6,65.27947
2022,10,24,7,77.45611333333333
2022,10,24,8,69.41234666666666
2022,10,24,9,54.00708
2022,10,24,10,39.55685666666667
2022,10,24,11,32.998960000000004
2022,10,24,12,31.538153333333337
2022,10,24,13,31.31237
2022,10,24,14,31.45921333333333
2022,10,24,15,32.22811333333333
2022,10,24,16,39.20999333333334
2022,10,24,17,48.32568666666666
2022,10,24,18,70.78520333333334
2022,10,24,19,82.39521333333333
2022,10,24,20,78.59759666666667
2022,10,24,21,72.59118666666667
2022,10,24,22,70.38792
2022,10,24,23,64.21149666666666
2022,10,24,24,61.15319333333334
2022,10,25,1,60.423593333333336
2022,10,25,2,56.18409333333333
2022,10,25,3,54.23046666666667
2022,10,25,4,54.06697666666667
2022,10,25,5,59.78016
2022,10,25,6,65.95018666666667
2022,10,25,7,77.35318
2022,10,25,8,75.58192666666666
2022,10,25,9,57.88861
2022,10,25,10,39.255406666666666
2022,10,25,11,35.41206333333333
2022,10,25,12,32.122906666666665
2022,10,25,13,33.031576666666666
2022,10,25,14,33.518256666666666
2022,10,25,15,34.09008
2022,10,25,16,41.44161666666667
2022,10,25,17,52.39925
2022,10,25,18,70.21771333333334
2022,10,25,19,78.90329
2022,10,25,20,77.31162333333333
2022,10,25,21,71.97656666666667
2022,10,25,22,69.80880666666667
2022,10,25,23,64.2318
2022,10,25,24,59.05437
2022,10,26,1,59.3228
2022,10,26,2,55.96488333333334
2022,10,26,3,55.14390666666666
2022,10,26,4,55.23520333333334
2022,10,26,5,58.046346666666665
2022,10,26,6,65.23009333333333
2022,10,26,7,73.16131666666666
2022,10,26,8,73.28355333333333
2022,10,26,9,52.75152333333333
2022,10,26,10,34.503393333333335
2022,10,26,11,27.976806666666665
2022,10,26,12,25.17916
2022,10,26,13,24.188846666666667
2022,10,26,14,23.84379333333333
2022,10,26,15,27.206596666666663
2022,10,26,16,32.122193333333335
2022,10,26,17,49.88836333333333
2022,10,26,18,68.13518666666667
2022,10,26,19,81.42913
2022,10,26,20,79.28093333333334
2022,10,26,21,73.76049666666667
2022,10,26,22,72.81353
2022,10,26,23,67.02822333333333
2022,10,26,24,63.82726666666667
2022,10,27,1,56.35855333333333
2022,10,27,2,54.09781666666667
2022,10,27,3,54.02393666666666
2022,10,27,4,55.28411333333333
2022,10,27,5,58.06346666666667
2022,10,27,6,70.08084333333333
2022,10,27,7,79.40541666666667
2022,10,27,8,80.07434333333333
2022,10,27,9,57.106010000000005
2022,10,27,10,39.345850000000006
2022,10,27,11,35.71318
2022,10,27,12,31.446516666666668
2022,10,27,13,31.57375333333333
2022,10,27,14,30.653366666666667
2022,10,27,15,32.13641333333333
2022,10,27,16,39.82522
2022,10,27,17,56.22469
2022,10,27,18,75.19966666666666
2022,10,27,19,84.8512
2022,10,27,20,82.73747333333334
2022,10,27,21,79.9341
2022,10,27,22,78.98165999999999
2022,10,27,23,74.64202
2022,10,27,24,65.61662666666666
2022,10,28,1,63.949393333333326
2022,10,28,2,59.827290000000005
2022,10,28,3,58.83963666666667
2022,10,28,4,59.092396666666666
2022,10,28,5,60.37064
2022,10,28,6,68.16166666666668
2022,10,28,7,78.75818333333333
2022,10,28,8,77.40776999999999
2022,10,28,9,56.96833
2022,10,28,10,44.56350333333333
2022,10,28,11,38.73563
2022,10,28,12,38.54107
2022,10,28,13,39.89987333333333
2022,10,28,14,43.102936666666665
2022,10,28,15,42.85353
2022,10,28,16,51.89202333333333
2022,10,28,17,61.50291666666666
2022,10,28,18,82.21547
2022,10,28,19,87.49880333333333
2022,10,28,20,83.14088666666667
2022,10,28,21,81.18071333333334
2022,10,28,22,80.60413333333334
2022,10,28,23,76.28993000000001
2022,10,28,24,68.67191333333334
2022,10,29,1,63.541920000000005
2022,10,29,2,57.61142
2022,10,29,3,55.41988
2022,10,29,4,55.99478666666667
2022,10,29,5,58.27887666666667
2022,10,29,6,61.772760000000005
2022,10,29,7,70.09406333333334
2022,10,29,8,67.38208
2022,10,29,9,56.05797666666667
2022,10,29,10,35.468880000000006
2022,10,29,11,30.10512
2022,10,29,12,27.23924
2022,10,29,13,26.75907
2022,10,29,14,26.54241
2022,10,29,15,28.508676666666663
2022,10,29,16,36.35361666666667
2022,10,29,17,55.30811
2022,10,29,18,73.66886
2022,10,29,19,76.87256666666667
2022,10,29,20,75.75434
2022,10,29,21,73.26170666666667
2022,10,29,22,72.93856333333333
2022,10,29,23,66.7338
2022,10,29,24,64.92132
2022,10,30,1,62.45963333333333
2022,10,30,2,58.217033333333326
2022,10,30,3,55.18919666666667
2022,10,30,4,54.49109000000001
2022,10,30,5,57.40568
2022,10,30,6,59.07321666666667
2022,10,30,7,67.47219333333334
2022,10,30,8,62.36942
2022,10,30,9,51.63446
2022,10,30,10,32.86131
2022,10,30,11,25.387743333333333
2022,10,30,12,23.542013333333333
2022,10,30,13,22.95870333333333
2022,10,30,14,23.56624
2022,10,30,15,26.773080000000004
2022,10,30,16,32.213593333333336
2022,10,30,17,54.08142
2022,10,30,18,74.28264666666666
2022,10,30,19,83.61235333333333
2022,10,30,20,78.65491666666667
2022,10,30,21,72.86128333333333
2022,10,30,22,72.30538333333334
2022,10,30,23,70.28153666666667
2022,10,30,24,63.14650666666666
2022,11,1,1,69.32752
2022,11,1,2,69.24621
2022,11,1,3,66.23400666666667
2022,11,1,4,65.03075
2022,11,1,5,68.28667666666666
2022,11,1,6,76.14279666666667
2022,11,1,7,84.43198666666666
2022,11,1,8,91.9255
2022,11,1,9,74.19047333333333
2022,11,1,10,57.97648
2022,11,1,11,57.13544666666667
2022,11,1,12,54.33219
2022,11,1,13,53.18346333333333
2022,11,1,14,50.93637666666666
2022,11,1,15,50.56370999999999
2022,11,1,16,55.298496666666665
2022,11,1,17,64.57404666666666
2022,11,1,18,82.25842333333333
2022,11,1,19,84.92467333333333
2022,11,1,20,81.63985000000001
2022,11,1,21,80.06369000000001
2022,11,1,22,77.98655000000001
2022,11,1,23,70.65237
2022,11,1,24,68.09736333333333
2022,11,2,1,74.78759666666667
2022,11,2,2,70.42255
2022,11,2,3,67.86556666666667
2022,11,2,4,68.67547666666667
2022,11,2,5,73.99054666666666
2022,11,2,6,82.08703333333334
2022,11,2,7,92.34206
2022,11,2,8,96.32798666666667
2022,11,2,9,76.98794
2022,11,2,10,67.73226333333334
2022,11,2,11,63.88953333333333
2022,11,2,12,59.52529333333333
2022,11,2,13,55.35192000000001
2022,11,2,14,56.08925
2022,11,2,15,55.67793333333333
2022,11,2,16,60.25023333333333
2022,11,2,17,70.99772
2022,11,2,18,88.19346666666667
2022,11,2,19,92.24996666666668
2022,11,2,20,88.61656999999998
2022,11,2,21,87.81804666666666
2022,11,2,22,84.89558333333333
2022,11,2,23,80.08453
2022,11,2,24,69.65127666666666
2022,11,3,1,77.68608
2022,11,3,2,68.40136666666666
2022,11,3,3,66.48367
2022,11,3,4,66.72604333333334
2022,11,3,5,70.04621666666667
2022,11,3,6,75.03471333333333
2022,11,3,7,88.29915666666666
2022,11,3,8,99.17678
2022,11,3,9,70.08401333333335
2022,11,3,10,59.79307666666667
2022,11,3,11,54.77642
2022,11,3,12,49.99787333333333
2022,11,3,13,47.549483333333335
2022,11,3,14,44.00901666666667
2022,11,3,15,44.01435
2022,11,3,16,56.44642
2022,11,3,17,65.72592
2022,11,3,18,87.96197000000001
2022,11,3,19,95.38289333333334
2022,11,3,20,93.55384666666669
2022,11,3,21,89.96409666666666
2022,11,3,22,89.96769
2022,11,3,23,84.86377666666667
2022,11,3,24,82.0476
2022,11,4,1,82.80643666666667
2022,11,4,2,78.45762
2022,11,4,3,77.79926
2022,11,4,4,77.27731999999999
2022,11,4,5,79.17938666666667
2022,11,4,6,88.49707333333333
2022,11,4,7,103.82223666666664
2022,11,4,8,108.09231
2022,11,4,9,75.38562333333333
2022,11,4,10,61.55195666666666
2022,11,4,11,52.937983333333335
2022,11,4,12,49.81103
2022,11,4,13,46.437623333333335
2022,11,4,14,43.87996999999999
2022,11,4,15,50.00617
2022,11,4,16,58.293146666666665
2022,11,4,17,67.83885333333333
2022,11,4,18,90.53704333333332
2022,11,4,19,92.37190333333336
2022,11,4,20,86.56136
2022,11,4,21,86.36917666666666
2022,11,4,22,84.54814
2022,11,4,23,79.11908
2022,11,4,24,72.70672
2022,11,5,1,72.53571
2022,11,5,2,70.38162999999999
2022,11,5,3,70.22788333333334
2022,11,5,4,68.69443
2022,11,5,5,70.19865666666666
2022,11,5,6,72.31353666666666
2022,11,5,7,84.98440666666666
2022,11,5,8,81.92218000000001
2022,11,5,9,65.32046333333334
2022,11,5,10,42.513830000000006
2022,11,5,11,33.863220000000005
2022,11,5,12,28.94798
2022,11,5,13,24.87510333333333
2022,11,5,14,21.295076666666667
2022,11,5,15,23.28368333333333
2022,11,5,16,31.86133666666667
2022,11,5,17,54.6251
2022,11,5,18,82.77826333333333
2022,11,5,19,87.09854333333334
2022,11,5,20,85.18201333333333
2022,11,5,21,83.56154666666667
2022,11,5,22,81.65784000000001
2022,11,5,23,72.13477999999999
2022,11,5,24,72.13626
2022,11,6,1,78.70088
2022,11,6,2,77.28302000000001
2022,11,6,3,69.04934666666666
2022,11,6,4,66.83876
2022,11,6,5,69.23076333333334
2022,11,6,6,68.60373
2022,11,6,7,70.13342
2022,11,6,8,62.28865666666667
2022,11,6,9,41.26839666666667
2022,11,6,10,36.28
2022,11,6,11,33.547203333333336
2022,11,6,12,30.57883
2022,11,6,13,28.925616666666667
2022,11,6,14,29.971706666666662
2022,11,6,15,33.53593333333333
2022,11,6,16,61.19690333333333
2022,11,6,17,86.27117666666668
2022,11,6,18,98.01966
2022,11,6,19,93.96114666666666
2022,11,6,20,87.24934666666667
2022,11,6,21,86.20946666666667
2022,11,6,22,82.55810000000001
2022,11,6,23,76.82408333333333
2022,11,6,24,74.22080333333334
2022,11,6,25,74.35739
2022,11,7,1,73.54244999999999
2022,11,7,2,72.98932666666667
2022,11,7,3,73.52345
2022,11,7,4,73.67778666666666
2022,11,7,5,76.79156333333333
2022,11,7,6,86.01464666666668
2022,11,7,7,106.96194
2022,11,7,8,92.51783
2022,11,7,9,80.05932333333334
2022,11,7,10,77.10104
2022,11,7,11,78.17109666666666
2022,11,7,12,76.91331666666666
2022,11,7,13,72.69655
2022,11,7,14,72.14686
2022,11,7,15,74.32418333333334
2022,11,7,16,87.33581666666667
2022,11,7,17,112.16681666666666
2022,11,7,18,130.86505666666667
2022,11,7,19,116.80609666666668
2022,11,7,20,110.77097333333334
2022,11,7,21,105.44883
2022,11,7,22,94.13978000000002
2022,11,7,23,86.00698666666666
2022,11,7,24,82.73332333333333
2022,11,8,1,81.84815666666667
2022,11,8,2,77.77724
2022,11,8,3,75.12809333333333
2022,11,8,4,78.06721666666667
2022,11,8,5,79.06358666666667
2022,11,8,6,87.66456666666666
2022,11,8,7,101.01555333333332
2022,11,8,8,89.52449666666666
2022,11,8,9,80.91891666666668
2022,11,8,10,79.91265
2022,11,8,11,78.15058333333333
2022,11,8,12,76.56386
2022,11,8,13,71.86768000000001
2022,11,8,14,72.58464
2022,11,8,15,76.28073
2022,11,8,16,88.98678333333334
2022,11,8,17,107.85850666666666
2022,11,8,18,131.43033
2022,11,8,19,114.47275
2022,11,8,20,104.90161666666664
2022,11,8,21,102.33133333333336
2022,11,8,22,96.91739666666668
2022,11,8,23,85.04509333333334
2022,11,8,24,81.72394
2022,11,9,1,75.09974666666666
2022,11,9,2,70.67482
2022,11,9,3,70.25275
2022,11,9,4,70.42454
2022,11,9,5,71.41468333333333
2022,11,9,6,83.06855333333334
2022,11,9,7,97.4426
2022,11,9,8,75.87128666666666
2022,11,9,9,65.51515666666667
2022,11,9,10,56.30574333333334
2022,11,9,11,47.76560333333333
2022,11,9,12,41.94544333333334
2022,11,9,13,36.02859333333333
2022,11,9,14,37.13326666666666
2022,11,9,15,43.76735666666667
2022,11,9,16,68.34169
2022,11,9,17,98.46252
2022,11,9,18,115.92983
2022,11,9,19,104.94330333333332
2022,11,9,20,101.02989
2022,11,9,21,99.90740666666666
2022,11,9,22,97.66361333333332
2022,11,9,23,84.37273333333333
2022,11,9,24,81.11422
2022,11,10,1,87.87733666666668
2022,11,10,2,84.47244666666667
2022,11,10,3,82.14418333333333
2022,11,10,4,84.13546000000001
2022,11,10,5,92.49276333333334
2022,11,10,6,109.29982333333334
2022,11,10,7,120.63
2022,11,10,8,83.04752
2022,11,10,9,65.44651666666667
2022,11,10,10,58.12249333333333
2022,11,10,11,50.594076666666666
2022,11,10,12,47.98158333333333
2022,11,10,13,46.13592333333333
2022,11,10,14,46.57737666666666
2022,11,10,15,56.08525666666666
2022,11,10,16,77.89740666666667
2022,11,10,17,117.89597333333334
2022,11,10,18,138.36193666666665
2022,11,10,19,129.01537666666667
2022,11,10,20,119.9027
2022,11,10,21,116.74538
2022,11,10,22,113.28336
2022,11,10,23,97.64768666666669
2022,11,10,24,93.71312666666668
2022,11,11,1,93.14500333333332
2022,11,11,2,87.95988
2022,11,11,3,84.39697
2022,11,11,4,87.84264666666667
2022,11,11,5,96.27045
2022,11,11,6,109.00576666666666
2022,11,11,7,106.635
2022,11,11,8,86.60003333333333
2022,11,11,9,66.48159666666668
2022,11,11,10,63.12282666666667
2022,11,11,11,62.22248333333334
2022,11,11,12,62.502460000000006
2022,11,11,13,61.995853333333336
2022,11,11,14,63.31706333333333
2022,11,11,15,66.33319666666667
2022,11,11,16,84.84900333333333
2022,11,11,17,109.83779
2022,11,11,18,126.81473
2022,11,11,19,113.56913
2022,11,11,20,109.99913333333332
2022,11,11,21,107.16609333333334
2022,11,11,22,104.15338666666666
2022,11,11,23,98.44674666666668
2022,11,11,24,94.04745333333334
2022,11,12,1,95.68255
2022,11,12,2,92.36726333333333
2022,11,12,3,91.62584333333332
2022,11,12,4,89.44016333333333
2022,11,12,5,91.24747666666669
2022,11,12,6,92.87205666666668
2022,11,12,7,97.29538
2022,11,12,8,73.17116
2022,11,12,9,56.55381333333333
2022,11,12,10,48.341523333333335
2022,11,12,11,43.842886666666665
2022,11,12,12,41.98630666666667
2022,11,12,13,38.31131333333333
2022,11,12,14,36.20656666666667
2022,11,12,15,43.05766666666667
2022,11,12,16,70.70700333333333
2022,11,12,17,99.30407333333332
2022,11,12,18,109.65328
2022,11,12,19,98.81103
2022,11,12,20,97.52112666666666
2022,11,12,21,94.56808
2022,11,12,22,89.39235333333333
2022,11,12,23,82.56466
2022,11,12,24,79.53299666666668
2022,11,13,1,75.21036333333335
2022,11,13,2,73.63505666666667
2022,11,13,3,72.68043333333333
2022,11,13,4,72.40143666666667
2022,11,13,5,77.65399000000001
2022,11,13,6,78.89187
2022,11,13,7,77.85271333333333
2022,11,13,8,66.42588666666667
2022,11,13,9,38.539993333333335
2022,11,13,10,32.76538
2022,11,13,11,30.07315333333333
2022,11,13,12,29.15367333333333
2022,11,13,13,27.495033333333332
2022,11,13,14,28.535866666666667
2022,11,13,15,34.65771
2022,11,13,16,70.58324666666667
2022,11,13,17,95.55913666666667
2022,11,13,18,110.96022
2022,11,13,19,99.41108
2022,11,13,20,94.85127333333332
2022,11,13,21,96.14489666666668
2022,11,13,22,94.54730666666669
2022,11,13,23,87.23706333333332
2022,11,13,24,87.40303333333334
2022,11,14,1,84.37286333333334
2022,11,14,2,84.84002666666667
2022,11,14,3,83.7517
2022,11,14,4,84.38752666666666
2022,11,14,5,89.20385666666668
2022,11,14,6,110.37357000000002
2022,11,14,7,132.09232333333333
2022,11,14,8,90.08416333333332
2022,11,14,9,67.89413666666667
2022,11,14,10,58.33283666666667
2022,11,14,11,54.18808666666666
2022,11,14,12,55.01801
2022,11,14,13,53.15518
2022,11,14,14,52.882913333333335
2022,11,14,15,60.7936
2022,11,14,16,80.46892666666666
2022,11,14,17,115.54789333333332
2022,11,14,18,136.41132333333334
2022,11,14,19,124.44643666666668
2022,11,14,20,115.35070666666668
2022,11,14,21,113.84584333333332
2022,11,14,22,108.09491666666666
2022,11,14,23,99.23072333333334
2022,11,14,24,89.74691666666666
2022,11,15,1,97.74234
2022,11,15,2,93.06006333333332
2022,11,15,3,91.84764333333334
2022,11,15,4,92.72607333333332
2022,11,15,5,96.04109
2022,11,15,6,107.60859333333332
2022,11,15,7,125.45802333333332
2022,11,15,8,95.80542333333334
2022,11,15,9,76.07461333333333
2022,11,15,10,67.12953666666667
2022,11,15,11,58.91971
2022,11,15,12,57.12354666666667
2022,11,15,13,53.33805
2022,11,15,14,51.21158666666667
2022,11,15,15,58.73579333333333
2022,11,15,16,83.24827
2022,11,15,17,113.25778666666668
2022,11,15,18,129.84297
2022,11,15,19,115.99419
2022,11,15,20,111.12942333333332
2022,11,15,21,110.55032333333334
2022,11,15,22,107.86172666666668
2022,11,15,23,95.34841666666668
2022,11,15,24,91.06675333333334
2022,11,16,1,88.61886333333332
2022,11,16,2,85.38411
2022,11,16,3,85.37169666666667
2022,11,16,4,85.82260333333333
2022,11,16,5,94.52485333333334
2022,11,16,6,105.69421666666666
2022,11,16,7,127.07387666666666
2022,11,16,8,95.84248333333332
2022,11,16,9,74.74238333333334
2022,11,16,10,63.99174333333334
2022,11,16,11,56.163783333333335
2022,11,16,12,54.96085666666667
2022,11,16,13,52.97671666666667
2022,11,16,14,52.27959333333333
2022,11,16,15,59.86040333333333
2022,11,16,16,90.86637666666668
2022,11,16,17,117.27221333333334
2022,11,16,18,139.71436666666668
2022,11,16,19,122.42403
2022,11,16,20,118.09866666666666
2022,11,16,21,115.53180333333334
2022,11,16,22,109.5214
2022,11,16,23,101.91585333333336
2022,11,16,24,95.76829666666669
2022,11,17,1,85.72386
2022,11,17,2,84.25873666666666
2022,11,17,3,82.52396333333333
2022,11,17,4,83.26083333333334
2022,11,17,5,90.44338
2022,11,17,6,102.69405
2022,11,17,7,113.86481666666668
2022,11,17,8,86.67409666666667
2022,11,17,9,68.18346666666666
2022,11,17,10,60.27085
2022,11,17,11,57.29353
2022,11,17,12,57.12277
2022,11,17,13,59.58462666666666
2022,11,17,14,60.20600666666667
2022,11,17,15,66.01008666666667
2022,11,17,16,90.11115333333332
2022,11,17,17,112.14884333333332
2022,11,17,18,121.85060666666668
2022,11,17,19,110.90879666666666
2022,11,17,20,106.24896
2022,11,17,21,106.28406
2022,11,17,22,101.81702
2022,11,17,23,95.46644333333334
2022,11,17,24,90.14435333333331
2022,11,18,1,81.41346333333333
2022,11,18,2,78.63091
2022,11,18,3,78.20763333333333
2022,11,18,4,78.45739666666667
2022,11,18,5,88.92569666666667
2022,11,18,6,103.37736666666667
2022,11,18,7,113.81676333333333
2022,11,18,8,97.08431333333333
2022,11,18,9,74.66850666666666
2022,11,18,10,68.20839333333333
2022,11,18,11,62.388466666666666
2022,11,18,12,59.84336999999999
2022,11,18,13,58.62847666666666
2022,11,18,14,55.94987666666666
2022,11,18,15,60.28948666666667
2022,11,18,16,81.13281666666667
2022,11,18,17,113.57015333333334
2022,11,18,18,126.42314
2022,11,18,19,113.00816
2022,11,18,20,106.23666
2022,11,18,21,105.19129
2022,11,18,22,103.14470666666666
2022,11,18,23,96.61309333333334
2022,11,18,24,92.61673333333331
2022,11,19,1,83.86873666666666
2022,11,19,2,81.65355
2022,11,19,3,81.0874
2022,11,19,4,79.58411666666667
2022,11,19,5,87.2529
2022,11,19,6,92.88203333333333
2022,11,19,7,99.65951333333334
2022,11,19,8,79.99154666666666
2022,11,19,9,58.29931666666666
2022,11,19,10,43.2613
2022,11,19,11,38.21934666666667
2022,11,19,12,35.14063
2022,11,19,13,33.60988666666667
2022,11,19,14,34.920143333333336
2022,11,19,15,42.01001
2022,11,19,16,72.05065666666667
2022,11,19,17,104.08307666666668
2022,11,19,18,109.84430666666668
2022,11,19,19,102.27137666666664
2022,11,19,20,101.23537
2022,11,19,21,99.84441666666667
2022,11,19,22,95.58136
2022,11,19,23,90.96984666666668
2022,11,19,24,87.04361333333334
2022,11,20,1,81.1083
2022,11,20,2,76.57691333333334
2022,11,20,3,77.84
2022,11,20,4,76.54721333333333
2022,11,20,5,81.45630666666666
2022,11,20,6,90.28810666666668
2022,11,20,7,89.93664333333334
2022,11,20,8,73.19929666666667
2022,11,20,9,57.13274333333334
2022,11,20,10,47.84959
2022,11,20,11,42.01394333333334
2022,11,20,12,39.18514666666667
2022,11,20,13,37.15199666666667
2022,11,20,14,40.08309
2022,11,20,15,50.26052666666666
2022,11,20,16,75.62074666666666
2022,11,20,17,99.25428666666669
2022,11,20,18,111.23014666666666
2022,11,20,19,102.33315333333331
2022,11,20,20,97.85975666666668
2022,11,20,21,96.38347
2022,11,20,22,94.16778666666666
2022,11,20,23,86.87714333333334
2022,11,20,24,83.30160333333333
2022,11,21,1,89.73798333333333
2022,11,21,2,87.46991333333334
2022,11,21,3,87.14917333333334
2022,11,21,4,89.46454333333332
2022,11,21,5,94.67569666666668
2022,11,21,6,100.84737333333334
2022,11,21,7,123.71715
2022,11,21,8,97.93161333333336
2022,11,21,9,75.78441
2022,11,21,10,71.23795
2022,11,21,11,68.63972
2022,11,21,12,69.66118333333334
2022,11,21,13,68.68892333333334
2022,11,21,14,71.31576666666666
2022,11,21,15,75.92098
2022,11,21,16,96.96959666666667
2022,11,21,17,117.50981
2022,11,21,18,129.0073
2022,11,21,19,117.72994333333332
2022,11,21,20,110.69094333333334
2022,11,21,21,107.69450333333332
2022,11,21,22,106.266
2022,11,21,23,98.69476333333334
2022,11,21,24,93.56163333333332
2022,11,22,1,89.29818
2022,11,22,2,85.56203000000001
2022,11,22,3,82.24881
2022,11,22,4,83.6879
2022,11,22,5,90.42661333333336
2022,11,22,6,98.8982
2022,11,22,7,106.85047333333334
2022,11,22,8,95.65781333333332
2022,11,22,9,78.57525666666668
2022,11,22,10,70.01669
2022,11,22,11,68.89479
2022,11,22,12,67.92189666666667
2022,11,22,13,65.73665
2022,11,22,14,66.71422333333334
2022,11,22,15,69.38658333333332
2022,11,22,16,86.34301666666666
2022,11,22,17,108.19143
2022,11,22,18,112.59477333333332
2022,11,22,19,102.07189333333334
2022,11,22,20,100.91188333333332
2022,11,22,21,99.78355333333332
2022,11,22,22,97.19599666666666
2022,11,22,23,91.97752333333334
2022,11,22,24,87.32931333333333
2022,11,23,1,87.70599333333332
2022,11,23,2,83.38897666666666
2022,11,23,3,82.19078333333333
2022,11,23,4,82.84963
2022,11,23,5,87.59173666666668
2022,11,23,6,98.02849
2022,11,23,7,106.25350333333334
2022,11,23,8,90.35674
2022,11,23,9,77.95973666666667
2022,11,23,10,69.90024
2022,11,23,11,65.07513999999999
2022,11,23,12,64.20029666666666
2022,11,23,13,62.78248333333334
2022,11,23,14,62.31453333333334
2022,11,23,15,72.39422666666667
2022,11,23,16,90.42106
2022,11,23,17,113.36919333333331
2022,11,23,18,117.95162
2022,11,23,19,110.75507333333331
2022,11,23,20,104.95282333333334
2022,11,23,21,101.62208333333336
2022,11,23,22,100.41616
2022,11,23,23,98.62197333333334
2022,11,23,24,94.21021
2022,11,24,1,95.94384666666669
2022,11,24,2,96.11673
2022,11,24,3,92.03744666666668
2022,11,24,4,96.4325
2022,11,24,5,99.22305666666666
2022,11,24,6,100.76673666666666
2022,11,24,7,104.15559
2022,11,24,8,89.45799333333333
2022,11,24,9,67.92472666666667
2022,11,24,10,51.32458333333333
2022,11,24,11,46.87304
2022,11,24,12,46.39313666666666
2022,11,24,13,43.24847666666667
2022,11,24,14,42.27248
2022,11,24,15,56.60823666666667
2022,11,24,16,90.18599
2022,11,24,17,109.64584666666669
2022,11,24,18,110.99386333333332
2022,11,24,19,106.86689
2022,11,24,20,107.37967666666668
2022,11,24,21,106.32386
2022,11,24,22,106.67155
2022,11,24,23,106.80503666666664
2022,11,24,24,105.61011333333332
2022,11,25,1,98.43685
2022,11,25,2,98.71846333333332
2022,11,25,3,94.07185333333332
2022,11,25,4,97.23409333333332
2022,11,25,5,102.12022666666668
2022,11,25,6,108.80936333333334
2022,11,25,7,111.78904
2022,11,25,8,99.16574333333334
2022,11,25,9,70.49348666666667
2022,11,25,10,57.97615666666667
2022,11,25,11,55.34739666666667
2022,11,25,12,55.99821333333333
2022,11,25,13,53.76154333333333
2022,11,25,14,56.02103
2022,11,25,15,69.17594
2022,11,25,16,97.06374333333332
2022,11,25,17,117.68444666666666
2022,11,25,18,123.53262333333332
2022,11,25,19,115.29766333333332
2022,11,25,20,114.70255666666668
2022,11,25,21,113.31681
2022,11,25,22,112.18093666666668
2022,11,25,23,109.71500666666668
2022,11,25,24,105.42127333333332
2022,11,26,1,93.16068
2022,11,26,2,92.46934
2022,11,26,3,90.78720333333337
2022,11,26,4,91.74980333333332
2022,11,26,5,95.75983666666669
2022,11,26,6,101.75484333333334
2022,11,26,7,104.20456333333334
2022,11,26,8,93.74811333333334
2022,11,26,9,78.24885666666667
2022,11,26,10,61.51335333333333
2022,11,26,11,47.77914666666667
2022,11,26,12,42.617196666666665
2022,11,26,13,37.72531333333333
2022,11,26,14,36.60874
2022,11,26,15,57.55423999999999
2022,11,26,16,92.15648666666668
2022,11,26,17,112.52876
2022,11,26,18,118.23193666666668
2022,11,26,19,107.72477333333332
2022,11,26,20,106.82423333333334
2022,11,26,21,106.94797
2022,11,26,22,107.32201333333336
2022,11,26,23,103.30693666666666
2022,11,26,24,99.99796333333332
2022,11,27,1,100.53775333333334
2022,11,27,2,99.0
2022,11,27,3,99.84351
2022,11,27,4,99.03469
2022,11,27,5,101.39417333333334
2022,11,27,6,104.15745333333332
2022,11,27,7,104.10162
2022,11,27,8,89.13521666666666
2022,11,27,9,70.60939
2022,11,27,10,48.71359666666666
2022,11,27,11,41.39684333333333
2022,11,27,12,39.316653333333335
2022,11,27,13,33.88343666666666
2022,11,27,14,33.40104
2022,11,27,15,56.688093333333335
2022,11,27,16,96.64495666666666
2022,11,27,17,108.19932
2022,11,27,18,116.29945333333336
2022,11,27,19,105.70139333333331
2022,11,27,20,104.40739666666668
2022,11,27,21,103.23796
2022,11,27,22,101.27668666666666
2022,11,27,23,99.61176333333331
2022,11,27,24,96.19307333333334
2022,11,28,1,104.68246
2022,11,28,2,96.01688
2022,11,28,3,95.03649
2022,11,28,4,94.98317000000002
2022,11,28,5,95.33494333333331
2022,11,28,6,108.51149666666667
2022,11,28,7,135.23579333333333
2022,11,28,8,124.15264666666668
2022,11,28,9,92.89335
2022,11,28,10,83.28982333333333
2022,11,28,11,78.63476666666666
2022,11,28,12,74.20441
2022,11,28,13,69.22112666666668
2022,11,28,14,71.25865333333333
2022,11,28,15,79.54037333333333
2022,11,28,16,98.82453333333332
2022,11,28,17,126.64133333333332
2022,11,28,18,141.38267666666664
2022,11,28,19,127.59246333333331
2022,11,28,20,123.58595333333334
2022,11,28,21,122.27656333333334
2022,11,28,22,119.40449666666666
2022,11,28,23,108.92984333333334
2022,11,28,24,102.03805
2022,11,29,1,95.76346333333332
2022,11,29,2,93.46658
2022,11,29,3,93.67339333333332
2022,11,29,4,93.92081
2022,11,29,5,95.18804333333333
2022,11,29,6,109.65422
2022,11,29,7,152.40249333333335
2022,11,29,8,125.79537
2022,11,29,9,99.0451
2022,11,29,10,87.57144666666666
2022,11,29,11,82.39075
2022,11,29,12,78.42842
2022,11,29,13,73.58009666666668
2022,11,29,14,74.16357333333333
2022,11,29,15,83.37089666666667
2022,11,29,16,113.30465
2022,11,29,17,154.69496666666666
2022,11,29,18,173.8267
2022,11,29,19,165.85762333333335
2022,11,29,20,159.35433
2022,11,29,21,158.48996333333332
2022,11,29,22,153.82451666666668
2022,11,29,23,127.56665666666667
2022,11,30,24,128.5781133333333
2022,12,1,1,147.99368666666666
2022,12,1,2,140.05397
2022,12,1,3,136.42271666666667
2022,12,1,4,135.07729666666668
2022,12,1,5,136.61672666666666
2022,12,1,6,146.71037333333334
2022,12,1,7,173.08079999999998
2022,12,1,8,171.61295333333337
2022,12,1,9,149.00055333333333
2022,12,1,10,142.94981666666666
2022,12,1,11,142.59319000000002
2022,12,1,12,139.88018666666667
2022,12,1,13,139.50517333333332
2022,12,1,14,137.45459666666667
2022,12,1,15,142.91858
2022,12,1,16,169.59315
2022,12,1,17,198.40396
2022,12,1,18,224.90678666666668
2022,12,1,19,202.5385533333333
2022,12,1,20,195.53270666666663
2022,12,1,21,196.02948333333333
2022,12,1,22,179.58303666666666
2022,12,1,23,148.61629666666667
2022,12,1,24,148.55473333333336
2022,12,2,1,152.92345666666665
2022,12,2,2,146.46703333333335
2022,12,2,3,146.55380666666667
2022,12,2,4,146.55576
2022,12,2,5,147.38349666666667
2022,12,2,6,160.22373000000002
2022,12,2,7,204.88266
2022,12,2,8,216.3300866666667
2022,12,2,9,177.92774333333332
2022,12,2,10,161.40642333333332
2022,12,2,11,153.51671
2022,12,2,12,145.64284
2022,12,2,13,144.86837666666665
2022,12,2,14,142.17337666666666
2022,12,2,15,151.94807333333333
2022,12,2,16,192.8502
2022,12,2,17,225.0
2022,12,2,18,261.9037133333333
2022,12,2,19,238.14022
2022,12,2,20,229.41287
2022,12,2,21,224.94261666666668
2022,12,2,22,217.5626533333333
2022,12,2,23,204.44038666666663
2022,12,2,24,179.918
2022,12,3,1,157.89978333333332
2022,12,3,2,153.76138333333333
2022,12,3,3,148.58427333333336
2022,12,3,4,149.83362333333332
2022,12,3,5,154.14429333333334
2022,12,3,6,155.3291
2022,12,3,7,171.54939666666667
2022,12,3,8,165.75072
2022,12,3,9,143.95555333333334
2022,12,3,10,134.05522333333332
2022,12,3,11,133.98739
2022,12,3,12,127.09208333333332
2022,12,3,13,126.21462
2022,12,3,14,125.35696666666666
2022,12,3,15,126.61316
2022,12,3,16,151.15096666666668
2022,12,3,17,177.0113233333333
2022,12,3,18,188.37993
2022,12,3,19,179.87927666666667
2022,12,3,20,179.94285666666667
2022,12,3,21,177.3993066666667
2022,12,3,22,173.1340733333333
2022,12,3,23,149.54272333333333
2022,12,3,24,142.08093666666667
2022,12,4,1,134.18221000000003
2022,12,4,2,136.43400333333332
2022,12,4,3,126.89158666666668
2022,12,4,4,123.44633666666668
2022,12,4,5,124.90314333333332
2022,12,4,6,136.52713
2022,12,4,7,147.69922666666668
2022,12,4,8,136.36699333333334
2022,12,4,9,129.86378
2022,12,4,10,120.71488
2022,12,4,11,115.70866666666666
2022,12,4,12,108.44357666666669
2022,12,4,13,102.23470333333334
2022,12,4,14,100.92051333333332
2022,12,4,15,112.33146
2022,12,4,16,134.86484
2022,12,4,17,161.33496666666667
2022,12,4,18,186.34789333333333
2022,12,4,19,159.85406666666668
2022,12,4,20,157.25306333333333
2022,12,4,21,156.46075333333334
2022,12,4,22,154.42182
2022,12,4,23,140.04614666666666
2022,12,4,24,131.8946
2022,12,5,1,123.64053333333334
2022,12,5,2,122.44219333333336
2022,12,5,3,121.29928333333334
2022,12,5,4,121.57682333333334
2022,12,5,5,124.65793333333332
2022,12,5,6,140.59794333333332
2022,12,5,7,170.21506
2022,12,5,8,172.03917333333334
2022,12,5,9,138.92753000000002
2022,12,5,10,135.04622333333336
2022,12,5,11,129.32083
2022,12,5,12,114.89228666666668
2022,12,5,13,110.59881333333334
2022,12,5,14,109.66189
2022,12,5,15,113.46252
2022,12,5,16,139.80117666666666
2022,12,5,17,178.30691000000002
2022,12,5,18,200.00012
2022,12,5,19,184.48234
2022,12,5,20,177.67461000000003
2022,12,5,21,175.6581
2022,12,5,22,164.11085
2022,12,5,23,140.45560333333333
2022,12,5,24,128.3811233333333
2022,12,6,1,129.65535666666668
2022,12,6,2,129.26687
2022,12,6,3,126.19665
2022,12,6,4,129.05897666666667
2022,12,6,5,130.95054000000002
2022,12,6,6,146.51435666666666
2022,12,6,7,172.86686999999998
2022,12,6,8,172.78921333333332
2022,12,6,9,149.28591666666668
2022,12,6,10,137.54702
2022,12,6,11,130.51849333333334
2022,12,6,12,130.35214
2022,12,6,13,127.54091333333334
2022,12,6,14,127.38405666666668
2022,12,6,15,130.32380666666666
2022,12,6,16,157.84977333333333
2022,12,6,17,186.56207000000003
2022,12,6,18,206.76845333333333
2022,12,6,19,189.98452333333333
2022,12,6,20,185.9878733333333
2022,12,6,21,180.98305666666667
2022,12,6,22,171.00813333333335
2022,12,6,23,160.02277999999998
2022,12,6,24,147.35286666666667
2022,12,7,1,136.43809
2022,12,7,2,128.68667333333337
2022,12,7,3,128.65951666666666
2022,12,7,4,129.14146333333335
2022,12,7,5,132.02072666666666
2022,12,7,6,146.1786033333333
2022,12,7,7,179.25270999999998
2022,12,7,8,173.40980333333334
2022,12,7,9,139.8686
2022,12,7,10,126.26663333333332
2022,12,7,11,122.81582333333331
2022,12,7,12,116.96959666666667
2022,12,7,13,111.59881666666666
2022,12,7,14,107.98485333333332
2022,12,7,15,117.57537333333332
2022,12,7,16,139.22475
2022,12,7,17,175.34399999999997
2022,12,7,18,191.27694
2022,12,7,19,178.19894333333332
2022,12,7,20,172.76146333333335
2022,12,7,21,170.9754233333333
2022,12,7,22,165.12186666666665
2022,12,7,23,150.43208666666666
2022,12,7,24,142.37770333333333
2022,12,8,1,168.46832333333333
2022,12,8,2,163.05644333333333
2022,12,8,3,159.53976
2022,12,8,4,161.55212666666668
2022,12,8,5,165.33905
2022,12,8,6,191.25851666666668
2022,12,8,7,225.78919
2022,12,8,8,203.74492333333333
2022,12,8,9,166.87668333333332
2022,12,8,10,150.60950333333335
2022,12,8,11,148.99764333333334
2022,12,8,12,142.32090333333335
2022,12,8,13,140.55975
2022,12,8,14,143.45284333333333
2022,12,8,15,151.58738000000002
2022,12,8,16,177.19753333333335
2022,12,8,17,228.81861
2022,12,8,18,244.1188833333333
2022,12,8,19,226.6332166666667
2022,12,8,20,224.85493
2022,12,8,21,222.08666333333332
2022,12,8,22,208.3031733333333
2022,12,8,23,184.00531
2022,12,8,24,174.64021333333335
2022,12,9,1,240.19083333333333
2022,12,9,2,232.33466666666664
2022,12,9,3,226.8814133333333
2022,12,9,4,225.80955666666668
2022,12,9,5,234.0749033333333
2022,12,9,6,276.8651433333334
2022,12,9,7,328.62896666666666
2022,12,9,8,286.8098133333333
2022,12,9,9,237.66574333333327
2022,12,9,10,221.5020266666667
2022,12,9,11,208.51725333333331
2022,12,9,12,201.34969
2022,12,9,13,192.30468666666664
2022,12,9,14,188.92777666666663
2022,12,9,15,208.0932
2022,12,9,16,248.361
2022,12,9,17,315.35389333333336
2022,12,9,18,329.35679
2022,12,9,19,320.92167666666666
2022,12,9,20,317.1272666666667
2022,12,9,21,314.87814333333336
2022,12,9,22,312.7094333333333
2022,12,9,23,301.2456133333333
2022,12,9,24,278.1618833333333
2022,12,10,1,376.8845966666667
2022,12,10,2,363.0386966666667
2022,12,10,3,338.96994333333333
2022,12,10,4,338.55122
2022,12,10,5,338.11661333333336
2022,12,10,6,350.27809333333335
2022,12,10,7,386.1604333333333
2022,12,10,8,360.6218966666667
2022,12,10,9,320.8937966666667
2022,12,10,10,304.60432
2022,12,10,11,302.69033333333334
2022,12,10,12,301.1637333333333
2022,12,10,13,289.1189033333333
2022,12,10,14,287.81414333333333
2022,12,10,15,301.09689333333336
2022,12,10,16,350.75700000000006
2022,12,10,17,410.21126333333336
2022,12,10,18,419.0224
2022,12,10,19,418.49068333333327
2022,12,10,20,409.20072333333337
2022,12,10,21,409.34183666666667
2022,12,10,22,403.9298633333333
2022,12,10,23,379.65879666666666
2022,12,10,24,343.84512333333333
2022,12,11,1,356.94057999999995
2022,12,11,2,354.0285333333333
2022,12,11,3,342.26306
2022,12,11,4,341.86303333333336
2022,12,11,5,341.88294333333334
2022,12,11,6,356.76342
2022,12,11,7,352.29366
2022,12,11,8,342.69483
2022,12,11,9,319.6611266666667
2022,12,11,10,316.6806833333333
2022,12,11,11,313.2237633333333
2022,12,11,12,309.48372333333333
2022,12,11,13,304.34278333333333
2022,12,11,14,303.84452000000005
2022,12,11,15,310.14909
2022,12,11,16,350.07195333333334
2022,12,11,17,419.33886666666666
2022,12,11,18,435.1311733333334
2022,12,11,19,424.8552133333333
2022,12,11,20,429.1871
2022,12,11,21,426.3786666666667
2022,12,11,22,420.8613266666667
2022,12,11,23,382.57312
2022,12,11,24,347.6731833333333
2022,12,12,1,353.9654233333333
2022,12,12,2,346.5541866666667
2022,12,12,3,336.98102666666665
2022,12,12,4,336.61063666666666
2022,12,12,5,342.7723433333333
2022,12,12,6,372.68808999999993
2022,12,12,7,472.7956066666666
2022,12,12,8,469.2171166666667
2022,12,12,9,388.4181433333333
2022,12,12,10,354.2094266666666
2022,12,12,11,348.0071
2022,12,12,12,340.74298666666664
2022,12,12,13,329.90084
2022,12,12,14,324.83033666666665
2022,12,12,15,333.37129666666664
2022,12,12,16,391.47048
2022,12,12,17,486.1577566666666
2022,12,12,18,520.8089333333334
2022,12,12,19,518.2652833333333
2022,12,12,20,505.6979733333333
2022,12,12,21,500.1492766666667
2022,12,12,22,493.2152733333333
2022,12,12,23,417.13129
2022,12,12,24,395.51539333333335
2022,12,13,1,324.72383666666667
2022,12,13,2,322.55471
2022,12,13,3,325.64604
2022,12,13,4,329.6167433333333
2022,12,13,5,337.17715
2022,12,13,6,375.9037433333333
2022,12,13,7,446.46651333333335
2022,12,13,8,412.06679333333335
2022,12,13,9,332.8981366666667
2022,12,13,10,304.55054666666666
2022,12,13,11,287.0338233333334
2022,12,13,12,276.34141666666665
2022,12,13,13,267.87534666666664
2022,12,13,14,261.69102
2022,12,13,15,290.19423333333333
2022,12,13,16,338.3514
2022,12,13,17,427.7801266666667
2022,12,13,18,454.5
2022,12,13,19,449.28743333333335
2022,12,13,20,433.95221666666674
2022,12,13,21,433.0560266666666
2022,12,13,22,430.3789
2022,12,13,23,387.6154333333334
2022,12,13,24,353.2606533333333
2022,12,14,1,380.1813133333333
2022,12,14,2,362.975
2022,12,14,3,362.8010566666667
2022,12,14,4,363.11685000000006
2022,12,14,5,378.6005033333333
2022,12,14,6,448.9011
2022,12,14,7,511.0472266666666
2022,12,14,8,490.10018
2022,12,14,9,362.8512633333333
2022,12,14,10,323.64407
2022,12,14,11,315.2397133333333
2022,12,14,12,309.63051333333334
2022,12,14,13,306.68227
2022,12,14,14,306.67241666666666
2022,12,14,15,325.38087
2022,12,14,16,376.81625333333335
2022,12,14,17,493.12071
2022,12,14,18,545.09322
2022,12,14,19,532.7811
2022,12,14,20,508.57858333333337
2022,12,14,21,502.00722666666667
2022,12,14,22,487.23168
2022,12,14,23,447.3965933333334
2022,12,14,24,405.8363766666666
2022,12,15,1,271.58728
2022,12,15,2,253.70486333333332
2022,12,15,3,254.0032133333333
2022,12,15,4,252.59927333333331
2022,12,15,5,266.66731666666664
2022,12,15,6,285.5796533333333
2022,12,15,7,334.10481666666664
2022,12,15,8,313.9596833333333
2022,12,15,9,263.67332
2022,12,15,10,225.74322
2022,12,15,11,215.39261
2022,12,15,12,200.27295
2022,12,15,13,197.9778233333333
2022,12,15,14,195.0961933333333
2022,12,15,15,215.1746633333333
2022,12,15,16,258.39969333333335
2022,12,15,17,312.5773433333333
2022,12,15,18,339.68054
2022,12,15,19,337.03133
2022,12,15,20,319.76640333333336
2022,12,15,21,313.26143666666667
2022,12,15,22,302.93746
2022,12,15,23,286.2077233333334
2022,12,15,24,266.93655666666666
2022,12,16,1,299.4997866666667
2022,12,16,2,293.7510066666667
2022,12,16,3,285.27114666666665
2022,12,16,4,286.87379333333337
2022,12,16,5,308.9811066666667
2022,12,16,6,340.5546
2022,12,16,7,399.5033166666667
2022,12,16,8,379.71082666666666
2022,12,16,9,293.4791133333334
2022,12,16,10,251.2147133333333
2022,12,16,11,240.84882666666667
2022,12,16,12,226.32825333333332
2022,12,16,13,212.80514333333332
2022,12,16,14,205.51829333333333
2022,12,16,15,223.30318666666668
2022,12,16,16,277.20784000000003
2022,12,16,17,381.38379333333336
2022,12,16,18,404.27418000000006
2022,12,16,19,395.2865966666666
2022,12,16,20,386.4664833333333
2022,12,16,21,384.85212
2022,12,16,22,372.28908666666666
2022,12,16,23,355.36874000000006
2022,12,16,24,327.86982666666665
2022,12,17,1,284.0983033333334
2022,12,17,2,268.9728633333333
2022,12,17,3,262.9807533333333
2022,12,17,4,263.2653666666667
2022,12,17,5,265.44361333333336
2022,12,17,6,282.38308666666666
2022,12,17,7,309.36880666666667
2022,12,17,8,283.78536
2022,12,17,9,238.54853333333332
2022,12,17,10,221.50465333333327
2022,12,17,11,209.9745333333333
2022,12,17,12,207.4500033333333
2022,12,17,13,202.22531
2022,12,17,14,206.55516666666665
2022,12,17,15,216.30358666666663
2022,12,17,16,259.32859666666667
2022,12,17,17,310.6446866666667
2022,12,17,18,331.7507766666667
2022,12,17,19,324.19731666666667
2022,12,17,20,310.03058000000004
2022,12,17,21,312.25540333333333
2022,12,17,22,309.19104
2022,12,17,23,299.99256
2022,12,17,24,282.4345133333333
2022,12,18,1,243.92911333333333
2022,12,18,2,243.1164
2022,12,18,3,234.09221
2022,12,18,4,235.40159666666668
2022,12,18,5,234.76804
2022,12,18,6,235.97749
2022,12,18,7,246.18507666666665
2022,12,18,8,240.88639666666663
2022,12,18,9,226.0838633333333
2022,12,18,10,197.72044666666667
2022,12,18,11,182.69728333333333
2022,12,18,12,175.55128000000002
2022,12,18,13,165.42968
2022,12,18,14,166.52897333333334
2022,12,18,15,176.54775333333336
2022,12,18,16,224.16226666666668
2022,12,18,17,284.69209666666666
2022,12,18,18,292.61704333333336
2022,12,18,19,292.15016
2022,12,18,20,295.0182
2022,12,18,21,292.27249333333333
2022,12,18,22,287.73382999999995
2022,12,18,23,280.5572833333333
2022,12,18,24,235.97170666666668
2022,12,19,1,247.30486
2022,12,19,2,245.90601333333333
2022,12,19,3,245.72261666666668
2022,12,19,4,242.17038
2022,12,19,5,249.01305333333332
2022,12,19,6,271.3669066666667
2022,12,19,7,369.4714833333333
2022,12,19,8,345.68627999999995
2022,12,19,9,265.47437
2022,12,19,10,245.30312666666669
2022,12,19,11,231.88101666666668
2022,12,19,12,222.26252666666664
2022,12,19,13,216.8324266666667
2022,12,19,14,216.8241233333333
2022,12,19,15,225.80908666666664
2022,12,19,16,268.38475
2022,12,19,17,351.7487233333333
2022,12,19,18,389.9079466666667
2022,12,19,19,365.5363933333333
2022,12,19,20,356.11491
2022,12,19,21,350.41587333333337
2022,12,19,22,342.1406
2022,12,19,23,301.3698266666667
2022,12,19,24,280.50917
2022,12,20,1,322.01142666666664
2022,12,20,2,309.2965
2022,12,20,3,297.1888
2022,12,20,4,292.7485033333333
2022,12,20,5,312.09074000000004
2022,12,20,6,338.1102866666667
2022,12,20,7,364.48224
2022,12,20,8,376.72421333333335
2022,12,20,9,299.5422
2022,12,20,10,272.3259366666667
2022,12,20,11,259.37241
2022,12,20,12,233.2925866666667
2022,12,20,13,228.08335
2022,12,20,14,220.41060666666667
2022,12,20,15,233.04262666666668
2022,12,20,16,289.4521033333333
2022,12,20,17,352.09591666666665
2022,12,20,18,374.4145533333333
2022,12,20,19,352.83961
2022,12,20,20,351.0841966666667
2022,12,20,21,349.63068666666663
2022,12,20,22,340.77631
2022,12,20,23,314.88821333333334
2022,12,20,24,297.21965666666665
2022,12,21,1,273.71155
2022,12,21,2,257.02524666666665
2022,12,21,3,256.43202
2022,12,21,4,258.71331000000004
2022,12,21,5,264.18066333333337
2022,12,21,6,305.3490166666667
2022,12,21,7,364.0
2022,12,21,8,334.2
2022,12,21,9,259.25482
2022,12,21,10,239.7476233333333
2022,12,21,11,219.4396933333333
2022,12,21,12,207.99084333333332
2022,12,21,13,202.84616
2022,12,21,14,201.1820866666667
2022,12,21,15,206.23628666666664
2022,12,21,16,252.6880133333333
2022,12,21,17,314.7694633333333
2022,12,21,18,338.28422
2022,12,21,19,316.62631333333337
2022,12,21,20,315.26033
2022,12,21,21,312.46386333333334
2022,12,21,22,316.14683
2022,12,21,23,267.86413
2022,12,21,24,253.5491133333333
2022,12,22,1,448.03196
2022,12,22,2,445.35602
2022,12,22,3,443.3495333333333
2022,12,22,4,444.20219
2022,12,22,5,446.51880666666665
2022,12,22,6,489.1135066666666
2022,12,22,7,565.5198666666666
2022,12,22,8,552.11765
2022,12,22,9,467.23854
2022,12,22,10,418.0212333333334
2022,12,22,11,392.3915133333333
2022,12,22,12,380.0977066666667
2022,12,22,13,382.55801
2022,12,22,14,380.7226333333333
2022,12,22,15,410.7682566666667
2022,12,22,16,502.53165999999993
2022,12,22,17,569.35621
2022,12,22,18,599.9488666666666
2022,12,22,19,576.7529333333333
2022,12,22,20,567.0904866666666
2022,12,22,21,565.6593466666667
2022,12,22,22,552.1781
2022,12,22,23,487.73986
2022,12,22,24,452.57219333333336
2022,12,23,1,324.55673666666667
2022,12,23,2,315.36171
2022,12,23,3,310.54153333333335
2022,12,23,4,312.6788666666667
2022,12,23,5,314.7989933333333
2022,12,23,6,342.35764333333333
2022,12,23,7,372.7533
2022,12,23,8,344.28229000000005
2022,12,23,9,298.37277666666665
2022,12,23,10,272.6216266666667
2022,12,23,11,251.53403
2022,12,23,12,240.93831
2022,12,23,13,235.08172
2022,12,23,14,225.6112
2022,12,23,15,234.86254666666665
2022,12,23,16,295.96068
2022,12,23,17,364.70234
2022,12,23,18,389.2613933333333
2022,12,23,19,370.42012666666665
2022,12,23,20,366.8668333333333
2022,12,23,21,366.8858033333333
2022,12,23,22,354.1902533333334
2022,12,23,23,317.48091666666664
2022,12,23,24,290.76846333333333
2022,12,24,1,318.68949
2022,12,24,2,309.5951
2022,12,24,3,299.82877333333334
2022,12,24,4,295.1160066666667
2022,12,24,5,298.90357666666665
2022,12,24,6,296.3222133333333
2022,12,24,7,309.84999666666664
2022,12,24,8,299.38559000000004
2022,12,24,9,278.8861533333333
2022,12,24,10,245.26245000000003
2022,12,24,11,233.8539
2022,12,24,12,222.00662333333332
2022,12,24,13,214.87879
2022,12,24,14,211.05193
2022,12,24,15,227.4689533333333
2022,12,24,16,284.7136233333333
2022,12,24,17,352.8327333333333
2022,12,24,18,393.94906666666674
2022,12,24,19,379.20422
2022,12,24,20,375.3476866666667
2022,12,24,21,363.07324
2022,12,24,22,350.93747
2022,12,24,23,337.0800466666667
2022,12,24,24,314.08485666666667
2022,12,25,1,290.29242
2022,12,25,2,296.42045333333334
2022,12,25,3,287.10584666666665
2022,12,25,4,283.15528666666665
2022,12,25,5,292.79489
2022,12,25,6,297.2148033333333
2022,12,25,7,292.30205333333333
2022,12,25,8,285.03612666666663
2022,12,25,9,261.60787666666664
2022,12,25,10,220.94019
2022,12,25,11,207.60059
2022,12,25,12,181.92863
2022,12,25,13,191.99525000000003
2022,12,25,14,191.01481666666663
2022,12,25,15,216.33263666666667
2022,12,25,16,267.49423
2022,12,25,17,317.3244066666667
2022,12,25,18,337.68067
2022,12,25,19,336.20692
2022,12,25,20,334.9945866666667
2022,12,25,21,328.68413333333336
2022,12,25,22,313.92680333333334
2022,12,25,23,304.99009
2022,12,25,24,296.83819
2022,12,26,1,299.4297833333333
2022,12,26,2,294.30622
2022,12,26,3,284.21028666666666
2022,12,26,4,281.3684766666667
2022,12,26,5,285.06555000000003
2022,12,26,6,286.2598666666667
2022,12,26,7,298.0288933333333
2022,12,26,8,281.46579
2022,12,26,9,270.91462
2022,12,26,10,249.8341633333333
2022,12,26,11,228.74067666666667
2022,12,26,12,227.30326
2022,12,26,13,232.52019333333337
2022,12,26,14,229.1643
2022,12,26,15,258.43765333333334
2022,12,26,16,293.0109366666666
2022,12,26,17,365.4898366666666
2022,12,26,18,372.22891
2022,12,26,19,360.0426333333333
2022,12,26,20,355.56946666666664
2022,12,26,21,354.7478433333333
2022,12,26,22,343.63697666666667
2022,12,26,23,300.61073000000005
2022,12,26,24,286.8754666666667
2022,12,27,1,279.73804
2022,12,27,2,269.83276333333333
2022,12,27,3,267.6213666666667
2022,12,27,4,266.6655866666667
2022,12,27,5,267.52508666666665
2022,12,27,6,279.00104
2022,12,27,7,299.38999666666666
2022,12,27,8,302.79800666666665
2022,12,27,9,298.4741633333333
2022,12,27,10,296.7824233333333
2022,12,27,11,285.51816
2022,12,27,12,280.48696
2022,12,27,13,280.35327333333333
2022,12,27,14,279.6618233333333
2022,12,27,15,293.3068333333333
2022,12,27,16,322.59013
2022,12,27,17,328.86826333333335
2022,12,27,18,328.96138333333334
2022,12,27,19,327.19148333333334
2022,12,27,20,322.86317
2022,12,27,21,314.46093666666667
2022,12,27,22,301.4398733333333
2022,12,27,23,286.69228
2022,12,27,24,278.35779333333335
2022,12,28,1,189.91004333333333
2022,12,28,2,189.91513333333333
2022,12,28,3,188.07546333333332
2022,12,28,4,189.66354
2022,12,28,5,189.51665333333332
2022,12,28,6,201.26881333333336
2022,12,28,7,230.2258633333333
2022,12,28,8,229.48641
2022,12,28,9,206.78832666666665
2022,12,28,10,188.9027433333333
2022,12,28,11,178.14314333333334
2022,12,28,12,164.95655
2022,12,28,13,159.61710000000002
2022,12,28,14,152.92080333333334
2022,12,28,15,170.13813333333334
2022,12,28,16,202.2856333333333
2022,12,28,17,243.52677333333332
2022,12,28,18,268.8603533333333
2022,12,28,19,256.23052333333334
2022,12,28,20,255.51611666666668
2022,12,28,21,250.88009
2022,12,28,22,244.37618333333333
2022,12,28,23,227.11783666666668
2022,12,28,24,217.25662666666668
2022,12,29,1,163.60798333333332
2022,12,29,2,159.49839999999998
2022,12,29,3,159.08407333333335
2022,12,29,4,155.32415333333333
2022,12,29,5,156.51478333333333
2022,12,29,6,165.25915666666666
2022,12,29,7,185.28957666666665
2022,12,29,8,184.79281333333333
2022,12,29,9,180.41474666666667
2022,12,29,10,172.45359666666664
2022,12,29,11,164.86012666666667
2022,12,29,12,162.97051
2022,12,29,13,161.62909666666667
2022,12,29,14,162.18922
2022,12,29,15,170.64571666666666
2022,12,29,16,186.63538666666668
2022,12,29,17,214.2691533333333
2022,12,29,18,225.07954
2022,12,29,19,214.58398
2022,12,29,20,213.4698566666667
2022,12,29,21,212.2256633333333
2022,12,29,22,199.6274566666667
2022,12,29,23,182.0646933333333
2022,12,29,24,175.70177333333334
2022,12,30,1,128.90813666666668
2022,12,30,2,123.22382
2022,12,30,3,119.15596666666666
2022,12,30,4,118.89746333333332
2022,12,30,5,119.97733999999998
2022,12,30,6,121.24809333333332
2022,12,30,7,131.9503
2022,12,30,8,136.71116666666668
2022,12,30,9,135.22895666666668
2022,12,30,10,124.53736
2022,12,30,11,116.77271
2022,12,30,12,116.28276666666666
2022,12,30,13,113.95275666666667
2022,12,30,14,112.06945666666668
2022,12,30,15,117.90968333333336
2022,12,30,16,127.34507333333332
2022,12,30,17,149.54650666666666
2022,12,30,18,155.34515333333334
2022,12,30,19,150.51383333333334
2022,12,30,20,149.74030666666667
2022,12,30,21,143.03813333333332
2022,12,30,22,136.91107
2022,12,30,23,127.62640333333331
2022,12,31,24,116.59799666666667
2023,1,1,1,118.54853
2023,1,1,2,113.04644333333334
2023,1,1,3,112.32146333333333
2023,1,1,4,107.97671666666668
2023,1,1,5,106.89098666666666
2023,1,1,6,110.06884333333332
2023,1,1,7,125.95010666666668
2023,1,1,8,122.91520333333334
2023,1,1,9,101.71475666666667
2023,1,1,10,80.30918000000001
2023,1,1,11,66.50987333333335
2023,1,1,12,58.62993333333333
2023,1,1,13,53.28465666666667
2023,1,1,14,47.0412
2023,1,1,15,56.11210333333333
2023,1,1,16,86.21847333333334
2023,1,1,17,138.5979033333333
2023,1,1,18,153.33236333333335
2023,1,1,19,147.53500333333332
2023,1,1,20,146.14670666666666
2023,1,1,21,145.0
2023,1,1,22,145.0
2023,1,1,23,140.45131
2023,1,1,24,130.13922
2023,1,2,1,127.30101
2023,1,2,2,121.07153333333332
2023,1,2,3,119.64747333333332
2023,1,2,4,115.94197
2023,1,2,5,116.44612
2023,1,2,6,127.84151333333334
2023,1,2,7,146.74050333333332
2023,1,2,8,143.04944
2023,1,2,9,121.75882666666666
2023,1,2,10,110.49973333333332
2023,1,2,11,105.85358
2023,1,2,12,105.95606333333336
2023,1,2,13,106.34984
2023,1,2,14,106.39876333333332
2023,1,2,15,109.73738333333334
2023,1,2,16,129.90156
2023,1,2,17,158.25408333333334
2023,1,2,18,171.62601333333336
2023,1,2,19,163.85778666666667
2023,1,2,20,160.54911333333334
2023,1,2,21,159.88063666666667
2023,1,2,22,155.47064666666668
2023,1,2,23,143.80346
2023,1,2,24,135.82018666666667
2023,1,3,1,149.46656
2023,1,3,2,143.62401666666668
2023,1,3,3,143.40714333333332
2023,1,3,4,142.11425333333332
2023,1,3,5,144.70496666666665
2023,1,3,6,159.61573666666666
2023,1,3,7,187.0827433333333
2023,1,3,8,188.43363
2023,1,3,9,156.16452333333334
2023,1,3,10,146.9360366666667
2023,1,3,11,137.06088333333332
2023,1,3,12,134.13642333333334
2023,1,3,13,131.38284333333334
2023,1,3,14,127.97249666666666
2023,1,3,15,136.17190000000002
2023,1,3,16,160.3153
2023,1,3,17,194.00655
2023,1,3,18,203.96622666666667
2023,1,3,19,199.99652333333333
2023,1,3,20,197.09128666666663
2023,1,3,21,196.68428000000003
2023,1,3,22,188.5801833333333
2023,1,3,23,177.82038666666668
2023,1,3,24,159.83029000000002
2023,1,4,1,196.21577666666667
2023,1,4,2,193.78956333333332
2023,1,4,3,188.36428
2023,1,4,4,194.9648666666667
2023,1,4,5,197.03269
2023,1,4,6,208.06650666666667
2023,1,4,7,239.45060666666663
2023,1,4,8,245.7688733333333
2023,1,4,9,224.4947033333333
2023,1,4,10,213.01517
2023,1,4,11,200.24388
2023,1,4,12,198.35644666666667
2023,1,4,13,195.99963666666667
2023,1,4,14,196.2543
2023,1,4,15,198.69969333333333
2023,1,4,16,219.22538
2023,1,4,17,242.2902366666667
2023,1,4,18,255.93583
2023,1,4,19,249.98292
2023,1,4,20,243.91500666666664
2023,1,4,21,237.00483333333327
2023,1,4,22,222.1601566666667
2023,1,4,23,208.07935
2023,1,4,24,205.8394
2023,1,5,1,154.12259333333336
2023,1,5,2,148.37729666666667
2023,1,5,3,147.08843
2023,1,5,4,150.3144133333333
2023,1,5,5,154.20464666666666
2023,1,5,6,167.38222666666667
2023,1,5,7,193.93500666666668
2023,1,5,8,196.77939
2023,1,5,9,191.30280666666667
2023,1,5,10,179.08140666666668
2023,1,5,11,179.65025333333332
2023,1,5,12,175.03812000000002
2023,1,5,13,169.7987433333333
2023,1,5,14,166.74321
2023,1,5,15,164.01957333333334
2023,1,5,16,185.80460666666667
2023,1,5,17,202.37319666666667
2023,1,5,18,209.88601666666668
2023,1,5,19,203.01774
2023,1,5,20,200.26725
2023,1,5,21,195.89677333333336
2023,1,5,22,182.8599933333333
2023,1,5,23,158.88263
2023,1,5,24,158.75941
2023,1,6,1,137.87424333333334
2023,1,6,2,137.00020666666668
2023,1,6,3,136.4922
2023,1,6,4,137.20088666666666
2023,1,6,5,142.60078666666666
2023,1,6,6,168.55231
2023,1,6,7,184.64436333333333
2023,1,6,8,177.98841666666667
2023,1,6,9,151.33132
2023,1,6,10,127.84324666666669
2023,1,6,11,118.34179
2023,1,6,12,111.36692
2023,1,6,13,107.63644
2023,1,6,14,107.12286333333331
2023,1,6,15,114.83076666666666
2023,1,6,16,142.77227666666667
2023,1,6,17,186.49176
2023,1,6,18,204.26335
2023,1,6,19,196.12678666666667
2023,1,6,20,188.82793
2023,1,6,21,187.87131
2023,1,6,22,177.42624666666666
2023,1,6,23,169.96180666666666
2023,1,6,24,154.22993
2023,1,7,1,152.00237333333334
2023,1,7,2,153.26297
2023,1,7,3,145.27796
2023,1,7,4,149.37234333333333
2023,1,7,5,155.45965333333334
2023,1,7,6,159.99073666666666
2023,1,7,7,163.34279333333333
2023,1,7,8,156.41737
2023,1,7,9,143.50858666666667
2023,1,7,10,130.83933666666667
2023,1,7,11,127.54723
2023,1,7,12,126.90338333333334
2023,1,7,13,127.18015
2023,1,7,14,126.05353333333332
2023,1,7,15,130.91446333333332
2023,1,7,16,142.75802
2023,1,7,17,167.65317333333334
2023,1,7,18,174.9910133333333
2023,1,7,19,170.3541
2023,1,7,20,168.32935
2023,1,7,21,167.46491
2023,1,7,22,165.72205
2023,1,7,23,154.50277333333335
2023,1,7,24,145.62661333333332
2023,1,8,1,140.31896
2023,1,8,2,134.95367666666667
2023,1,8,3,138.86954
2023,1,8,4,135.0303
2023,1,8,5,134.80481333333333
2023,1,8,6,134.39070666666666
2023,1,8,7,136.81308666666666
2023,1,8,8,138.99463
2023,1,8,9,130.66756666666666
2023,1,8,10,119.90881666666668
2023,1,8,11,106.12138333333333
2023,1,8,12,104.19393666666669
2023,1,8,13,99.91112333333336
2023,1,8,14,98.31471333333332
2023,1,8,15,104.66767666666664
2023,1,8,16,130.07421
2023,1,8,17,161.13412666666667
2023,1,8,18,173.8081
2023,1,8,19,166.34963333333334
2023,1,8,20,162.60636333333335
2023,1,8,21,161.23399333333333
2023,1,8,22,153.65261
2023,1,8,23,142.81620999999998
2023,1,8,24,140.75717
2023,1,9,1,139.03864666666666
2023,1,9,2,136.63454333333334
2023,1,9,3,133.05882
2023,1,9,4,132.65287
2023,1,9,5,133.86429666666666
2023,1,9,6,147.8578633333333
2023,1,9,7,159.43283
2023,1,9,8,173.45177666666666
2023,1,9,9,163.51415333333333
2023,1,9,10,145.40375
2023,1,9,11,149.40023333333332
2023,1,9,12,142.84727
2023,1,9,13,142.13722666666666
2023,1,9,14,143.0660333333333
2023,1,9,15,151.03074333333333
2023,1,9,16,175.6310333333333
2023,1,9,17,183.88755333333333
2023,1,9,18,195.93421
2023,1,9,19,182.7312333333333
2023,1,9,20,180.01987999999997
2023,1,9,21,176.37767333333332
2023,1,9,22,166.7165666666667
2023,1,9,23,158.47250333333332
2023,1,9,24,149.20397666666665
2023,1,10,1,139.56298666666666
2023,1,10,2,134.81681666666665
2023,1,10,3,132.94869000000003
2023,1,10,4,131.60311666666666
2023,1,10,5,135.25642333333334
2023,1,10,6,146.95218
2023,1,10,7,170.34167333333335
2023,1,10,8,180.40739
2023,1,10,9,173.25490333333337
2023,1,10,10,154.8021
2023,1,10,11,143.15200333333334
2023,1,10,12,136.13726
2023,1,10,13,130.69537
2023,1,10,14,130.66997666666666
2023,1,10,15,130.51739999999998
2023,1,10,16,141.33394
2023,1,10,17,178.22461333333334
2023,1,10,18,189.22131666666667
2023,1,10,19,183.27741333333333
2023,1,10,20,179.38372333333334
2023,1,10,21,175.03482999999997
2023,1,10,22,169.06475666666665
2023,1,10,23,159.55378
2023,1,10,24,153.76623666666666
2023,1,11,1,145.36287333333334
2023,1,11,2,139.64234
2023,1,11,3,137.72704000000002
2023,1,11,4,138.26462
2023,1,11,5,145.43379000000002
2023,1,11,6,163.20633999999998
2023,1,11,7,179.32927333333336
2023,1,11,8,178.93588
2023,1,11,9,155.20566
2023,1,11,10,143.02095
2023,1,11,11,134.89202
2023,1,11,12,134.20667333333333
2023,1,11,13,131.2667
2023,1,11,14,128.16071
2023,1,11,15,134.53408666666667
2023,1,11,16,154.24909
2023,1,11,17,184.73223666666664
2023,1,11,18,192.16905
2023,1,11,19,183.55729
2023,1,11,20,180.93628
2023,1,11,21,179.68826333333334
2023,1,11,22,169.39015666666668
2023,1,11,23,158.6118933333333
2023,1,11,24,155.91450333333333
2023,1,12,1,137.10658666666666
2023,1,12,2,131.64863
2023,1,12,3,130.25271333333333
2023,1,12,4,130.66377333333332
2023,1,12,5,132.55216
2023,1,12,6,148.53872333333334
2023,1,12,7,173.15314
2023,1,12,8,169.98605
2023,1,12,9,138.79609000000002
2023,1,12,10,130.27565
2023,1,12,11,126.02344333333332
2023,1,12,12,122.86995666666668
2023,1,12,13,121.59845
2023,1,12,14,119.25768
2023,1,12,15,122.85581333333332
2023,1,12,16,141.19075999999998
2023,1,12,17,166.32143666666667
2023,1,12,18,177.52094666666667
2023,1,12,19,172.65667333333332
2023,1,12,20,166.49951333333334
2023,1,12,21,159.80700333333334
2023,1,12,22,149.68127666666666
2023,1,12,23,145.79702999999998
2023,1,12,24,142.44851666666668
2023,1,13,1,173.82501666666667
2023,1,13,2,169.94611999999998
2023,1,13,3,170.30832666666666
2023,1,13,4,171.9492866666667
2023,1,13,5,177.91619666666668
2023,1,13,6,201.47799333333333
2023,1,13,7,227.43287333333333
2023,1,13,8,221.1764
2023,1,13,9,196.84177
2023,1,13,10,185.77182
2023,1,13,11,179.23952
2023,1,13,12,171.03875333333335
2023,1,13,13,167.49301
2023,1,13,14,165.37154666666666
2023,1,13,15,170.47843666666668
2023,1,13,16,188.66505
2023,1,13,17,219.6145766666667
2023,1,13,18,226.1491533333333
2023,1,13,19,219.35472
2023,1,13,20,211.82333333333332
2023,1,13,21,205.43143333333333
2023,1,13,22,191.09122666666667
2023,1,13,23,188.10414
2023,1,13,24,182.8473233333333
2023,1,14,1,142.96223333333333
2023,1,14,2,135.60352666666668
2023,1,14,3,130.07102666666665
2023,1,14,4,125.94145333333334
2023,1,14,5,129.39844666666667
2023,1,14,6,131.26644000000002
2023,1,14,7,134.18097333333333
2023,1,14,8,137.85571000000002
2023,1,14,9,130.38166333333334
2023,1,14,10,124.72258666666666
2023,1,14,11,124.75853
2023,1,14,12,122.53941666666668
2023,1,14,13,120.82860666666666
2023,1,14,14,118.59737666666666
2023,1,14,15,118.85624
2023,1,14,16,133.37707666666668
2023,1,14,17,154.87345000000002
2023,1,14,18,166.07341
2023,1,14,19,163.75249666666667
2023,1,14,20,156.20523666666668
2023,1,14,21,150.89025666666666
2023,1,14,22,136.87363666666667
2023,1,14,23,134.98695
2023,1,14,24,128.30920999999998
2023,1,15,1,125.30389666666667
2023,1,15,2,123.99102333333332
2023,1,15,3,120.96460666666668
2023,1,15,4,120.10159
2023,1,15,5,121.24584333333333
2023,1,15,6,123.48316
2023,1,15,7,127.89512
2023,1,15,8,128.99283666666668
2023,1,15,9,118.60827333333332
2023,1,15,10,107.23981333333334
2023,1,15,11,103.33099333333332
2023,1,15,12,101.05835666666668
2023,1,15,13,99.88593
2023,1,15,14,100.88410666666668
2023,1,15,15,108.08171333333333
2023,1,15,16,125.21949
2023,1,15,17,147.2666866666667
2023,1,15,18,165.49752999999998
2023,1,15,19,162.44284333333334
2023,1,15,20,156.87282666666667
2023,1,15,21,154.27511333333334
2023,1,15,22,141.83633666666665
2023,1,15,23,131.13249666666667
2023,1,15,24,129.10038333333333
2023,1,16,1,131.07386333333332
2023,1,16,2,124.12492
2023,1,16,3,123.42595333333334
2023,1,16,4,123.42107
2023,1,16,5,131.53594
2023,1,16,6,134.92142666666666
2023,1,16,7,152.88111333333333
2023,1,16,8,162.91038333333333
2023,1,16,9,154.41231333333334
2023,1,16,10,138.43606333333332
2023,1,16,11,127.98705
2023,1,16,12,117.46891
2023,1,16,13,112.26172666666666
2023,1,16,14,109.41057333333332
2023,1,16,15,109.50071
2023,1,16,16,125.23234
2023,1,16,17,159.23469666666665
2023,1,16,18,182.97790666666663
2023,1,16,19,176.94059333333334
2023,1,16,20,170.62503666666666
2023,1,16,21,165.84549666666666
2023,1,16,22,156.25129333333334
2023,1,16,23,144.45286333333334
2023,1,16,24,134.45558000000003
2023,1,17,1,131.37911
2023,1,17,2,127.61057
2023,1,17,3,125.31952333333334
2023,1,17,4,125.15495666666668
2023,1,17,5,129.99099
2023,1,17,6,141.01714666666666
2023,1,17,7,161.44678666666667
2023,1,17,8,164.30745
2023,1,17,9,135.96024666666668
2023,1,17,10,110.77891333333332
2023,1,17,11,97.68265666666666
2023,1,17,12,89.48746666666666
2023,1,17,13,85.47242666666666
2023,1,17,14,84.23902
2023,1,17,15,90.18954333333332
2023,1,17,16,116.58409666666668
2023,1,17,17,163.13424999999998
2023,1,17,18,185.85191333333333
2023,1,17,19,183.00945
2023,1,17,20,178.41456666666667
2023,1,17,21,174.11462666666668
2023,1,17,22,166.87435000000002
2023,1,17,23,156.62028666666666
2023,1,17,24,145.56506666666667
2023,1,18,1,172.56017666666665
2023,1,18,2,171.29376
2023,1,18,3,170.88183333333333
2023,1,18,4,172.98382666666666
2023,1,18,5,182.64130333333333
2023,1,18,6,219.22995333333333
2023,1,18,7,221.3363133333333
2023,1,18,8,229.72510666666668
2023,1,18,9,175.28562
2023,1,18,10,150.35913333333335
2023,1,18,11,142.21567000000002
2023,1,18,12,137.71792666666667
2023,1,18,13,131.68039666666667
2023,1,18,14,134.14689
2023,1,18,15,153.03951
2023,1,18,16,172.44671000000002
2023,1,18,17,208.13886
2023,1,18,18,231.5598633333333
2023,1,18,19,229.81075666666663
2023,1,18,20,212.41252
2023,1,18,21,201.41283
2023,1,18,22,193.00935
2023,1,18,23,181.58056666666667
2023,1,18,24,173.74175
2023,1,19,1,160.08189333333334
2023,1,19,2,153.72539333333336
2023,1,19,3,152.87731666666664
2023,1,19,4,151.99779333333333
2023,1,19,5,160.34954666666667
2023,1,19,6,183.50337666666667
2023,1,19,7,202.14478666666665
2023,1,19,8,200.01504
2023,1,19,9,163.36948
2023,1,19,10,142.90857666666668
2023,1,19,11,134.31709
2023,1,19,12,122.14690666666668
2023,1,19,13,115.20898333333332
2023,1,19,14,113.56579333333332
2023,1,19,15,126.05941666666666
2023,1,19,16,149.92613000000003
2023,1,19,17,186.46190666666664
2023,1,19,18,204.74147666666667
2023,1,19,19,200.1299033333333
2023,1,19,20,192.14747
2023,1,19,21,184.5437533333333
2023,1,19,22,178.51664666666667
2023,1,19,23,164.00831
2023,1,19,24,161.19136666666665
2023,1,20,1,128.9396833333333
2023,1,20,2,128.12420666666665
2023,1,20,3,127.50627666666666
2023,1,20,4,131.69144666666668
2023,1,20,5,139.41105333333334
2023,1,20,6,152.08122333333333
2023,1,20,7,178.75080000000003
2023,1,20,8,168.2144933333333
2023,1,20,9,132.4809
2023,1,20,10,107.12373
2023,1,20,11,91.66793
2023,1,20,12,80.59765333333333
2023,1,20,13,72.75713
2023,1,20,14,72.05550333333333
2023,1,20,15,77.35624
2023,1,20,16,114.76528
2023,1,20,17,151.04418
2023,1,20,18,183.14523333333327
2023,1,20,19,180.17801666666665
2023,1,20,20,170.0488566666667
2023,1,20,21,165.23310666666666
2023,1,20,22,159.45065333333332
2023,1,20,23,150.24038666666667
2023,1,20,24,140.79615
2023,1,21,1,142.02325
2023,1,21,2,133.68030333333334
2023,1,21,3,127.63859666666669
2023,1,21,4,127.43759666666666
2023,1,21,5,135.26739
2023,1,21,6,142.44685333333334
2023,1,21,7,146.1036
2023,1,21,8,142.00842333333333
2023,1,21,9,116.11001
2023,1,21,10,82.26057333333334
2023,1,21,11,60.90469
2023,1,21,12,55.603253333333335
2023,1,21,13,48.84531666666666
2023,1,21,14,48.19078666666667
2023,1,21,15,52.97622666666667
2023,1,21,16,91.45986
2023,1,21,17,141.30750666666668
2023,1,21,18,149.55411666666666
2023,1,21,19,152.86037
2023,1,21,20,145.08633
2023,1,21,21,144.23459666666668
2023,1,21,22,144.6304233333333
2023,1,21,23,140.79445
2023,1,21,24,133.88327
2023,1,22,1,127.90561666666667
2023,1,22,2,121.80917333333332
2023,1,22,3,117.64881
2023,1,22,4,116.54145
2023,1,22,5,116.81572666666666
2023,1,22,6,120.06858333333332
2023,1,22,7,119.62618333333334
2023,1,22,8,116.64838333333334
2023,1,22,9,92.49286666666669
2023,1,22,10,55.62526333333333
2023,1,22,11,42.45406666666666
2023,1,22,12,37.31367
2023,1,22,13,32.895266666666664
2023,1,22,14,31.860666666666663
2023,1,22,15,34.644063333333335
2023,1,22,16,69.88806666666666
2023,1,22,17,129.65122333333332
2023,1,22,18,145.68087
2023,1,22,19,142.36251333333334
2023,1,22,20,142.62875
2023,1,22,21,140.81028666666666
2023,1,22,22,137.18976666666666
2023,1,22,23,131.89516333333333
2023,1,22,24,125.27643
2023,1,23,1,128.64779333333334
2023,1,23,2,127.38721333333336
2023,1,23,3,122.22964666666668
2023,1,23,4,126.62928
2023,1,23,5,130.91165333333333
2023,1,23,6,155.10788
2023,1,23,7,173.97776333333331
2023,1,23,8,162.17825000000002
2023,1,23,9,124.85115666666668
2023,1,23,10,92.86203
2023,1,23,11,69.74644333333333
2023,1,23,12,62.71686
2023,1,23,13,53.26286666666667
2023,1,23,14,51.56383333333333
2023,1,23,15,61.245113333333336
2023,1,23,16,95.10820333333334
2023,1,23,17,147.66877333333332
2023,1,23,18,188.76359333333332
2023,1,23,19,189.99930666666668
2023,1,23,20,180.37098
2023,1,23,21,173.30978666666667
2023,1,23,22,167.61030333333335
2023,1,23,23,156.89612333333332
2023,1,23,24,146.88872
2023,1,24,1,151.6272
2023,1,24,2,149.61455
2023,1,24,3,145.46667333333335
2023,1,24,4,151.18730000000002
2023,1,24,5,165.06652
2023,1,24,6,186.58001
2023,1,24,7,201.91983
2023,1,24,8,191.71864333333332
2023,1,24,9,129.55100000000002
2023,1,24,10,102.38110666666668
2023,1,24,11,88.78305
2023,1,24,12,72.16567333333333
2023,1,24,13,60.53934666666667
2023,1,24,14,61.52214666666666
2023,1,24,15,68.08324666666667
2023,1,24,16,110.29855666666668
2023,1,24,17,153.36378
2023,1,24,18,190.67291333333333
2023,1,24,19,190.36288
2023,1,24,20,180.77863333333332
2023,1,24,21,172.40821666666668
2023,1,24,22,164.39557666666667
2023,1,24,23,149.91493333333332
2023,1,24,24,133.94027
2023,1,25,1,155.5542
2023,1,25,2,153.50439333333335
2023,1,25,3,153.09117333333333
2023,1,25,4,156.67640333333333
2023,1,25,5,177.0400066666667
2023,1,25,6,191.6183433333333
2023,1,25,7,207.19365333333332
2023,1,25,8,197.63861666666665
2023,1,25,9,148.12206333333333
2023,1,25,10,118.37017666666668
2023,1,25,11,99.70782
2023,1,25,12,79.02362666666666
2023,1,25,13,71.51965333333334
2023,1,25,14,65.77191
2023,1,25,15,74.53134666666666
2023,1,25,16,123.40842666666668
2023,1,25,17,177.76568999999998
2023,1,25,18,197.42754666666667
2023,1,25,19,194.87439333333336
2023,1,25,20,184.64283666666665
2023,1,25,21,185.08527
2023,1,25,22,179.17314666666667
2023,1,25,23,166.68113
2023,1,25,24,151.55173333333337
2023,1,26,1,122.90989333333334
2023,1,26,2,121.93536
2023,1,26,3,121.14983333333332
2023,1,26,4,120.84124666666666
2023,1,26,5,123.97274666666664
2023,1,26,6,150.68865333333335
2023,1,26,7,184.88739666666663
2023,1,26,8,154.69125666666667
2023,1,26,9,126.00526333333336
2023,1,26,10,108.96072
2023,1,26,11,96.77974
2023,1,26,12,87.00941666666667
2023,1,26,13,76.13345666666667
2023,1,26,14,72.89287333333334
2023,1,26,15,79.43832333333334
2023,1,26,16,107.15483666666668
2023,1,26,17,143.00517
2023,1,26,18,171.15049333333332
2023,1,26,19,166.9161366666667
2023,1,26,20,158.5016666666667
2023,1,26,21,155.50322333333335
2023,1,26,22,152.06682666666666
2023,1,26,23,143.12756333333334
2023,1,26,24,135.00407333333334
2023,1,27,1,81.83225
2023,1,27,2,77.06465666666666
2023,1,27,3,74.57951333333334
2023,1,27,4,73.41578333333332
2023,1,27,5,81.88029
2023,1,27,6,100.28602333333332
2023,1,27,7,116.41638666666668
2023,1,27,8,99.53225666666668
2023,1,27,9,73.57250333333333
2023,1,27,10,61.84688
2023,1,27,11,55.020293333333335
2023,1,27,12,46.92303666666667
2023,1,27,13,40.97047666666666
2023,1,27,14,35.99358333333333
2023,1,27,15,34.121293333333334
2023,1,27,16,58.49685
2023,1,27,17,81.75039333333334
2023,1,27,18,102.20784
2023,1,27,19,98.10949666666666
2023,1,27,20,90.08888333333334
2023,1,27,21,88.69764333333335
2023,1,27,22,85.87985666666667
2023,1,27,23,80.86441666666667
2023,1,27,24,77.04397
2023,1,28,1,87.62748333333333
2023,1,28,2,89.89277333333332
2023,1,28,3,88.60471333333334
2023,1,28,4,89.8492
2023,1,28,5,93.76426
2023,1,28,6,103.33204666666668
2023,1,28,7,113.16881666666666
2023,1,28,8,96.50563666666666
2023,1,28,9,72.43423666666666
2023,1,28,10,55.76417333333333
2023,1,28,11,48.05896666666666
2023,1,28,12,31.987403333333333
2023,1,28,13,21.3074
2023,1,28,14,18.94307333333333
2023,1,28,15,22.128853333333332
2023,1,28,16,51.7784
2023,1,28,17,96.29472666666668
2023,1,28,18,114.18611333333332
2023,1,28,19,111.34388333333334
2023,1,28,20,105.76560333333332
2023,1,28,21,100.08486666666666
2023,1,28,22,99.25728666666669
2023,1,28,23,95.71104
2023,1,28,24,91.98533666666668
2023,1,29,1,99.50665333333332
2023,1,29,2,98.18071
2023,1,29,3,94.25494
2023,1,29,4,93.71258
2023,1,29,5,95.63161333333332
2023,1,29,6,95.38846333333332
2023,1,29,7,99.93159
2023,1,29,8,93.45614333333332
2023,1,29,9,73.54003333333333
2023,1,29,10,53.82223333333334
2023,1,29,11,48.43434
2023,1,29,12,45.54026666666667
2023,1,29,13,48.18462
2023,1,29,14,51.77901666666667
2023,1,29,15,56.46951000000001
2023,1,29,16,81.98960666666666
2023,1,29,17,111.78042
2023,1,29,18,128.19575666666665
2023,1,29,19,128.35831666666667
2023,1,29,20,122.74547333333334
2023,1,29,21,119.84013666666668
2023,1,29,22,118.24297333333334
2023,1,29,23,112.67416
2023,1,29,24,101.35215999999998
2023,1,30,1,102.70763666666666
2023,1,30,2,99.35194
2023,1,30,3,98.41683
2023,1,30,4,98.84302666666667
2023,1,30,5,107.54987666666666
2023,1,30,6,126.68859666666668
2023,1,30,7,158.8435366666667
2023,1,30,8,163.20130666666668
2023,1,30,9,124.05612
2023,1,30,10,103.17822333333334
2023,1,30,11,94.08591666666666
2023,1,30,12,92.33607
2023,1,30,13,88.48413666666666
2023,1,30,14,86.32133333333333
2023,1,30,15,88.70620333333333
2023,1,30,16,96.25785666666668
2023,1,30,17,135.17961
2023,1,30,18,168.94214
2023,1,30,19,164.87834333333333
2023,1,30,20,157.37513333333334
2023,1,30,21,154.95782999999997
2023,1,30,22,148.01446
2023,1,30,23,130.00342333333333
2023,1,31,24,98.05872333333332
2023,2,1,1,110.08452
2023,2,1,2,106.58440333333331
2023,2,1,3,104.84483333333333
2023,2,1,4,106.36713666666668
2023,2,1,5,111.29257
2023,2,1,6,129.62453000000002
2023,2,1,7,152.23824666666667
2023,2,1,8,136.25674333333333
2023,2,1,9,101.70934666666666
2023,2,1,10,77.56931333333334
2023,2,1,11,65.54344333333334
2023,2,1,12,58.81629
2023,2,1,13,47.869796666666666
2023,2,1,14,41.35357
2023,2,1,15,48.96545666666666
2023,2,1,16,85.40185666666667
2023,2,1,17,110.87333666666666
2023,2,1,18,139.45947666666666
2023,2,1,19,142.71071333333336
2023,2,1,20,134.1289966666667
2023,2,1,21,120.66325
2023,2,1,22,117.97943
2023,2,1,23,110.11994666666664
2023,2,1,24,107.17804666666666
2023,2,2,1,138.05632666666668
2023,2,2,2,137.87771
2023,2,2,3,134.10114666666666
2023,2,2,4,138.68698333333333
2023,2,2,5,145.38544
2023,2,2,6,162.92701333333332
2023,2,2,7,186.47198666666668
2023,2,2,8,172.7984
2023,2,2,9,134.5809
2023,2,2,10,121.49006333333334
2023,2,2,11,110.93159333333334
2023,2,2,12,108.67372
2023,2,2,13,110.39982
2023,2,2,14,108.14698666666668
2023,2,2,15,117.64586333333334
2023,2,2,16,134.54629666666665
2023,2,2,17,160.90203
2023,2,2,18,176.73852333333332
2023,2,2,19,179.36608
2023,2,2,20,176.38806333333332
2023,2,2,21,165.0956
2023,2,2,22,156.52121333333332
2023,2,2,23,144.55524666666668
2023,2,2,24,144.85516
2023,2,3,1,69.88391666666666
2023,2,3,2,63.351333333333336
2023,2,3,3,59.827576666666666
2023,2,3,4,60.06764999999999
2023,2,3,5,59.99706666666666
2023,2,3,6,73.58461
2023,2,3,7,92.74096
2023,2,3,8,89.20915000000001
2023,2,3,9,68.19796666666666
2023,2,3,10,58.50949
2023,2,3,11,53.981143333333335
2023,2,3,12,50.9081
2023,2,3,13,47.85101666666667
2023,2,3,14,45.81149
2023,2,3,15,46.33300666666667
2023,2,3,16,48.35681333333333
2023,2,3,17,59.47460333333333
2023,2,3,18,84.49795666666667
2023,2,3,19,87.22492666666666
2023,2,3,20,80.71001666666668
2023,2,3,21,76.63383666666667
2023,2,3,22,68.00479
2023,2,3,23,58.25326666666666
2023,2,3,24,60.49482666666666
2023,2,4,1,64.19882
2023,2,4,2,57.22401
2023,2,4,3,56.57270333333333
2023,2,4,4,56.452223333333336
2023,2,4,5,58.48041666666666
2023,2,4,6,59.10322
2023,2,4,7,70.73465
2023,2,4,8,55.53609666666667
2023,2,4,9,40.58289333333334
2023,2,4,10,28.16689333333333
2023,2,4,11,20.73443
2023,2,4,12,19.069716666666665
2023,2,4,13,17.33675666666667
2023,2,4,14,17.166853333333332
2023,2,4,15,16.730353333333333
2023,2,4,16,34.148916666666665
2023,2,4,17,55.22485666666668
2023,2,4,18,75.20777333333334
2023,2,4,19,76.01207666666666
2023,2,4,20,66.87519666666667
2023,2,4,21,60.00413
2023,2,4,22,57.077873333333336
2023,2,4,23,53.77448
2023,2,4,24,52.66000333333333
2023,2,5,1,51.05342
2023,2,5,2,49.32744
2023,2,5,3,49.12225
2023,2,5,4,48.03436
2023,2,5,5,48.6487
2023,2,5,6,48.63532666666666
2023,2,5,7,53.97120666666666
2023,2,5,8,46.76158333333333
2023,2,5,9,23.89871666666667
2023,2,5,10,13.660273333333334
2023,2,5,11,8.752276666666667
2023,2,5,12,9.685366666666663
2023,2,5,13,7.510296666666666
2023,2,5,14,8.19937
2023,2,5,15,9.61707
2023,2,5,16,14.563153333333332
2023,2,5,17,44.086270000000006
2023,2,5,18,67.80628
2023,2,5,19,68.85494999999999
2023,2,5,20,64.70881333333334
2023,2,5,21,58.30028000000001
2023,2,5,22,53.70255
2023,2,5,23,51.42419666666667
2023,2,5,24,51.15478333333333
2023,2,6,1,44.6557
2023,2,6,2,43.44113333333333
2023,2,6,3,43.24330666666666
2023,2,6,4,43.34501666666667
2023,2,6,5,46.92704666666666
2023,2,6,6,57.641223333333336
2023,2,6,7,79.72460333333333
2023,2,6,8,66.67424666666666
2023,2,6,9,42.3031
2023,2,6,10,25.74291
2023,2,6,11,19.1618
2023,2,6,12,16.440739999999998
2023,2,6,13,12.50157
2023,2,6,14,9.69891
2023,2,6,15,11.602916666666667
2023,2,6,16,24.653286666666663
2023,2,6,17,55.38183333333333
2023,2,6,18,81.37315
2023,2,6,19,82.17992333333333
2023,2,6,20,79.60837
2023,2,6,21,73.41304666666666
2023,2,6,22,72.75974666666667
2023,2,6,23,59.58681333333334
2023,2,6,24,56.01905333333334
2023,2,7,1,52.50378
2023,2,7,2,49.92392666666666
2023,2,7,3,45.57341333333333
2023,2,7,4,45.59200333333333
2023,2,7,5,50.315963333333336
2023,2,7,6,62.72294333333334
2023,2,7,7,77.18876333333333
2023,2,7,8,59.79757666666666
2023,2,7,9,43.20215
2023,2,7,10,23.79086
2023,2,7,11,17.753586666666667
2023,2,7,12,14.600253333333336
2023,2,7,13,14.908410000000002
2023,2,7,14,14.105466666666668
2023,2,7,15,17.077453333333334
2023,2,7,16,31.22589333333333
2023,2,7,17,54.11310666666666
2023,2,7,18,73.88118333333334
2023,2,7,19,72.59028333333333
2023,2,7,20,67.78454666666666
2023,2,7,21,64.25444
2023,2,7,22,59.65416666666667
2023,2,7,23,53.51195333333334
2023,2,7,24,50.70614666666666
2023,2,8,1,51.46803
2023,2,8,2,50.57369
2023,2,8,3,49.772603333333336
2023,2,8,4,49.67661666666667
2023,2,8,5,52.46162
2023,2,8,6,60.626503333333325
2023,2,8,7,83.55774333333333
2023,2,8,8,61.780476666666665
2023,2,8,9,43.94746333333333
2023,2,8,10,25.955326666666668
2023,2,8,11,18.204176666666665
2023,2,8,12,14.82861
2023,2,8,13,11.72845
2023,2,8,14,10.930876666666668
2023,2,8,15,13.573913333333332
2023,2,8,16,30.79895
2023,2,8,17,55.73935333333333
2023,2,8,18,79.38772333333333
2023,2,8,19,77.12201666666667
2023,2,8,20,70.77116000000001
2023,2,8,21,67.26562333333334
2023,2,8,22,62.81025333333334
2023,2,8,23,54.02263333333334
2023,2,8,24,52.731586666666665
2023,2,9,1,56.75001
2023,2,9,2,55.79258333333333
2023,2,9,3,52.6377
2023,2,9,4,53.00268666666667
2023,2,9,5,54.66005333333334
2023,2,9,6,65.00754333333333
2023,2,9,7,83.96266666666666
2023,2,9,8,62.15894333333333
2023,2,9,9,37.713676666666665
2023,2,9,10,22.828263333333336
2023,2,9,11,16.163506666666667
2023,2,9,12,13.021246666666665
2023,2,9,13,11.156543333333332
2023,2,9,14,10.03545
2023,2,9,15,12.483926666666669
2023,2,9,16,28.374686666666666
2023,2,9,17,54.72297666666666
2023,2,9,18,76.64053666666666
2023,2,9,19,77.71656666666667
2023,2,9,20,70.51520000000001
2023,2,9,21,67.22823
2023,2,9,22,63.74109666666667
2023,2,9,23,56.73778333333333
2023,2,9,24,53.734006666666666
2023,2,10,1,55.68353666666667
2023,2,10,2,54.2208
2023,2,10,3,53.161303333333336
2023,2,10,4,52.05172666666667
2023,2,10,5,60.30753333333333
2023,2,10,6,68.59796666666666
2023,2,10,7,82.40698333333334
2023,2,10,8,64.93079
2023,2,10,9,49.78364666666667
2023,2,10,10,33.60017
2023,2,10,11,26.68902
2023,2,10,12,23.90903333333333
2023,2,10,13,22.75136
2023,2,10,14,25.88548
2023,2,10,15,29.343326666666663
2023,2,10,16,43.48907
2023,2,10,17,62.882403333333336
2023,2,10,18,77.37539
2023,2,10,19,75.74935
2023,2,10,20,69.96886
2023,2,10,21,67.69404666666667
2023,2,10,22,63.87853333333333
2023,2,10,23,61.71962666666667
2023,2,10,24,58.28671666666667
2023,2,11,1,58.47357333333334
2023,2,11,2,57.38064666666667
2023,2,11,3,57.31904333333333
2023,2,11,4,54.17152333333333
2023,2,11,5,54.82409333333334
2023,2,11,6,57.90859
2023,2,11,7,63.07811333333333
2023,2,11,8,56.493746666666674
2023,2,11,9,49.04513
2023,2,11,10,33.78616666666667
2023,2,11,11,25.03639
2023,2,11,12,20.88140333333333
2023,2,11,13,17.889816666666665
2023,2,11,14,14.89024
2023,2,11,15,17.753183333333332
2023,2,11,16,27.86177
2023,2,11,17,56.60630666666666
2023,2,11,18,75.45076666666667
2023,2,11,19,78.26289666666666
2023,2,11,20,72.09257
2023,2,11,21,70.83950666666667
2023,2,11,22,67.26475
2023,2,11,23,63.10468
2023,2,11,24,59.533170000000005
2023,2,12,1,58.93446
2023,2,12,2,57.420966666666665
2023,2,12,3,56.652620000000006
2023,2,12,4,54.766960000000005
2023,2,12,5,58.227833333333336
2023,2,12,6,60.49688
2023,2,12,7,62.41198
2023,2,12,8,56.51668333333333
2023,2,12,9,49.30248666666666
2023,2,12,10,40.05728
2023,2,12,11,26.35889333333333
2023,2,12,12,17.954653333333333
2023,2,12,13,15.56772
2023,2,12,14,14.350226666666666
2023,2,12,15,22.11150333333333
2023,2,12,16,38.85123333333333
2023,2,12,17,62.10474666666666
2023,2,12,18,71.85944333333333
2023,2,12,19,71.51264666666667
2023,2,12,20,70.56877333333334
2023,2,12,21,68.64163
2023,2,12,22,65.05402
2023,2,12,23,58.83013666666667
2023,2,12,24,58.048206666666665
2023,2,13,1,53.834916666666665
2023,2,13,2,55.71612666666667
2023,2,13,3,55.11669666666666
2023,2,13,4,55.73115000000001
2023,2,13,5,60.141506666666665
2023,2,13,6,72.68244333333332
2023,2,13,7,88.75855999999999
2023,2,13,8,72.74208666666667
2023,2,13,9,53.139
2023,2,13,10,44.22058333333333
2023,2,13,11,32.03015666666667
2023,2,13,12,21.812786666666664
2023,2,13,13,13.872583333333331
2023,2,13,14,11.641146666666666
2023,2,13,15,12.67551
2023,2,13,16,23.44078333333333
2023,2,13,17,57.95577
2023,2,13,18,75.18795
2023,2,13,19,76.15368666666667
2023,2,13,20,69.95047
2023,2,13,21,65.83062666666666
2023,2,13,22,63.658473333333326
2023,2,13,23,58.68771666666667
2023,2,13,24,57.252133333333326
2023,2,14,1,56.05165
2023,2,14,2,52.819966666666666
2023,2,14,3,52.24434666666667
2023,2,14,4,52.19768333333334
2023,2,14,5,53.82786333333333
2023,2,14,6,63.53230333333334
2023,2,14,7,82.79623
2023,2,14,8,67.80637333333334
2023,2,14,9,54.96839666666667
2023,2,14,10,46.65134666666666
2023,2,14,11,33.51090333333334
2023,2,14,12,23.248950000000004
2023,2,14,13,15.887
2023,2,14,14,15.784493333333335
2023,2,14,15,16.67603
2023,2,14,16,36.53722666666667
2023,2,14,17,60.52477666666667
2023,2,14,18,81.62512666666667
2023,2,14,19,82.63490333333333
2023,2,14,20,81.44826333333333
2023,2,14,21,80.11792
2023,2,14,22,77.9033
2023,2,14,23,73.71314666666666
2023,2,14,24,69.04311
2023,2,15,1,52.79546666666667
2023,2,15,2,51.76172666666667
2023,2,15,3,51.78646666666666
2023,2,15,4,54.68316333333333
2023,2,15,5,56.32183
2023,2,15,6,74.22737666666667
2023,2,15,7,89.76729
2023,2,15,8,71.60239666666666
2023,2,15,9,48.431426666666674
2023,2,15,10,40.43275333333333
2023,2,15,11,30.08279333333333
2023,2,15,12,22.431663333333333
2023,2,15,13,15.48314
2023,2,15,14,14.17603
2023,2,15,15,17.543066666666668
2023,2,15,16,32.096219999999995
2023,2,15,17,58.97321333333333
2023,2,15,18,82.73451333333334
2023,2,15,19,92.24635
2023,2,15,20,82.25862000000001
2023,2,15,21,78.87703333333333
2023,2,15,22,75.17849666666666
2023,2,15,23,68.83158333333334
2023,2,15,24,59.90027333333333
2023,2,16,1,76.10665333333334
2023,2,16,2,74.47983666666666
2023,2,16,3,74.41694333333334
2023,2,16,4,79.89756
2023,2,16,5,88.71818999999999
2023,2,16,6,96.39201666666666
2023,2,16,7,106.89275
2023,2,16,8,89.82535
2023,2,16,9,66.25262333333333
2023,2,16,10,55.42767333333333
2023,2,16,11,55.11057
2023,2,16,12,51.08123666666666
2023,2,16,13,48.30588
2023,2,16,14,49.39866
2023,2,16,15,49.82148
2023,2,16,16,57.628283333333336
2023,2,16,17,80.84243666666667
2023,2,16,18,100.80697666666669
2023,2,16,19,103.90858
2023,2,16,20,98.90154666666666
2023,2,16,21,96.72727
2023,2,16,22,89.45499000000001
2023,2,16,23,85.41973333333333
2023,2,16,24,78.30494
2023,2,17,1,80.45707
2023,2,17,2,76.32061333333333
2023,2,17,3,74.17135666666667
2023,2,17,4,74.22718666666667
2023,2,17,5,79.03172333333333
2023,2,17,6,86.82556333333333
2023,2,17,7,100.59114333333332
2023,2,17,8,88.11034
2023,2,17,9,66.73068666666667
2023,2,17,10,60.24794
2023,2,17,11,55.43719666666667
2023,2,17,12,50.45912333333333
2023,2,17,13,47.05901333333333
2023,2,17,14,46.727763333333336
2023,2,17,15,48.16932666666667
2023,2,17,16,59.194590000000005
2023,2,17,17,66.73776
2023,2,17,18,82.32167666666668
2023,2,17,19,85.27425333333333
2023,2,17,20,81.48585333333334
2023,2,17,21,78.35656666666667
2023,2,17,22,75.57055666666666
2023,2,17,23,72.62307
2023,2,17,24,69.25798999999999
2023,2,18,1,64.24289333333333
2023,2,18,2,63.73566
2023,2,18,3,63.56790333333333
2023,2,18,4,60.27671
2023,2,18,5,60.44459333333333
2023,2,18,6,63.800023333333336
2023,2,18,7,65.65104333333333
2023,2,18,8,59.50212333333334
2023,2,18,9,46.97121666666666
2023,2,18,10,29.84572
2023,2,18,11,20.162223333333333
2023,2,18,12,16.688116666666666
2023,2,18,13,13.208936666666666
2023,2,18,14,12.031763333333332
2023,2,18,15,15.8845
2023,2,18,16,31.611076666666666
2023,2,18,17,55.32439
2023,2,18,18,77.59310333333333
2023,2,18,19,83.17576666666666
2023,2,18,20,77.57348999999999
2023,2,18,21,73.06833
2023,2,18,22,71.81230333333333
2023,2,18,23,66.43515333333333
2023,2,18,24,61.62605
2023,2,19,1,57.748043333333335
2023,2,19,2,57.44178
2023,2,19,3,58.81319
2023,2,19,4,58.40067333333334
2023,2,19,5,57.67952333333333
2023,2,19,6,59.50449
2023,2,19,7,59.89658333333333
2023,2,19,8,52.79148666666666
2023,2,19,9,35.24669
2023,2,19,10,15.719486666666668
2023,2,19,11,9.29541
2023,2,19,12,7.467196666666666
2023,2,19,13,4.450066666666667
2023,2,19,14,4.698156666666667
2023,2,19,15,10.37951
2023,2,19,16,20.947043333333333
2023,2,19,17,52.01264
2023,2,19,18,73.89141
2023,2,19,19,80.51187
2023,2,19,20,73.5268
2023,2,19,21,69.96265333333334
2023,2,19,22,67.47983666666667
2023,2,19,23,59.56967
2023,2,19,24,57.24344333333334
2023,2,20,1,59.183256666666665
2023,2,20,2,54.29602
2023,2,20,3,53.52332666666666
2023,2,20,4,52.58360666666667
2023,2,20,5,53.28623666666667
2023,2,20,6,62.058353333333336
2023,2,20,7,68.85933
2023,2,20,8,58.54134333333334
2023,2,20,9,42.36331333333333
2023,2,20,10,25.221926666666665
2023,2,20,11,17.26711
2023,2,20,12,14.773206666666669
2023,2,20,13,10.512563333333333
2023,2,20,14,10.486593333333332
2023,2,20,15,17.183793333333334
2023,2,20,16,29.03913
2023,2,20,17,54.53130333333333
2023,2,20,18,74.08681333333332
2023,2,20,19,84.03099333333334
2023,2,20,20,73.11045
2023,2,20,21,69.38779
2023,2,20,22,63.011320000000005
2023,2,20,23,58.99172
2023,2,20,24,57.71948333333333
2023,2,21,1,60.18492
2023,2,21,2,59.42681
2023,2,21,3,56.70351
2023,2,21,4,54.415723333333325
2023,2,21,5,55.78608333333333
2023,2,21,6,65.6688
2023,2,21,7,81.20509666666668
2023,2,21,8,71.98501666666667
2023,2,21,9,49.905166666666666
2023,2,21,10,27.303663333333333
2023,2,21,11,23.17259333333333
2023,2,21,12,18.49786333333333
2023,2,21,13,17.898043333333334
2023,2,21,14,17.802923333333336
2023,2,21,15,23.747216666666663
2023,2,21,16,36.14655666666667
2023,2,21,17,53.47465333333333
2023,2,21,18,71.10088999999999
2023,2,21,19,80.35130333333333
2023,2,21,20,71.96884666666666
2023,2,21,21,66.70924333333333
2023,2,21,22,67.16991666666667
2023,2,21,23,62.49250666666666
2023,2,21,24,60.34866
2023,2,22,1,69.67491333333334
2023,2,22,2,63.27924333333333
2023,2,22,3,60.94824666666667
2023,2,22,4,60.678853333333336
2023,2,22,5,62.85621
2023,2,22,6,75.15764
2023,2,22,7,91.01924333333334
2023,2,22,8,75.19397
2023,2,22,9,56.31803
2023,2,22,10,45.81569666666667
2023,2,22,11,43.49343
2023,2,22,12,36.92624333333333
2023,2,22,13,38.15163333333333
2023,2,22,14,36.98554333333333
2023,2,22,15,40.446216666666665
2023,2,22,16,52.25234666666668
2023,2,22,17,66.57946333333332
2023,2,22,18,88.99040000000001
2023,2,22,19,101.62052333333334
2023,2,22,20,94.29858
2023,2,22,21,86.83798333333334
2023,2,22,22,80.03399666666667
2023,2,22,23,72.93848
2023,2,22,24,68.74871999999999
2023,2,23,1,78.58427
2023,2,23,2,78.63054
2023,2,23,3,78.41691
2023,2,23,4,78.67351333333333
2023,2,23,5,88.30750333333333
2023,2,23,6,107.28537666666666
2023,2,23,7,130.68742
2023,2,23,8,111.93781333333334
2023,2,23,9,81.43120666666667
2023,2,23,10,69.56538
2023,2,23,11,68.7147
2023,2,23,12,67.49982999999999
2023,2,23,13,66.51965
2023,2,23,14,66.91518333333333
2023,2,23,15,68.13421666666666
2023,2,23,16,75.58291000000001
2023,2,23,17,101.24884000000002
2023,2,23,18,125.73095333333332
2023,2,23,19,137.76356666666666
2023,2,23,20,127.28202
2023,2,23,21,120.34244333333334
2023,2,23,22,114.57079
2023,2,23,23,94.5338
2023,2,23,24,84.42819666666666
2023,2,24,1,141.77736333333334
2023,2,24,2,134.12591999999998
2023,2,24,3,125.71625
2023,2,24,4,129.85138333333333
2023,2,24,5,144.89013333333332
2023,2,24,6,154.48439
2023,2,24,7,178.8497833333333
2023,2,24,8,155.64374333333333
2023,2,24,9,132.07414666666668
2023,2,24,10,121.66082333333334
2023,2,24,11,117.78084666666666
2023,2,24,12,113.61124666666667
2023,2,24,13,114.25448
2023,2,24,14,111.67980333333333
2023,2,24,15,115.71075666666668
2023,2,24,16,124.88053
2023,2,24,17,154.68097333333333
2023,2,24,18,170.87487
2023,2,24,19,184.52092333333331
2023,2,24,20,169.69068
2023,2,24,21,161.89099666666667
2023,2,24,22,154.02443666666667
2023,2,24,23,149.24187
2023,2,24,24,138.35226666666668
2023,2,25,1,124.63714666666664
2023,2,25,2,126.69996
2023,2,25,3,124.26005333333336
2023,2,25,4,125.71868666666668
2023,2,25,5,140.21056
2023,2,25,6,138.04828666666666
2023,2,25,7,142.20228
2023,2,25,8,128.81433
2023,2,25,9,114.82712666666669
2023,2,25,10,114.63037333333334
2023,2,25,11,106.36658333333332
2023,2,25,12,101.19713
2023,2,25,13,93.74965333333334
2023,2,25,14,93.55021333333332
2023,2,25,15,93.37081
2023,2,25,16,101.60477
2023,2,25,17,123.98513
2023,2,25,18,146.65224666666668
2023,2,25,19,160.02235
2023,2,25,20,150.72892333333334
2023,2,25,21,147.63369
2023,2,25,22,144.78757
2023,2,25,23,139.07307
2023,2,25,24,129.64663666666667
2023,2,26,1,109.33567
2023,2,26,2,108.12346666666669
2023,2,26,3,106.06597333333332
2023,2,26,4,102.8254
2023,2,26,5,100.9098
2023,2,26,6,110.41912333333332
2023,2,26,7,105.58446
2023,2,26,8,94.60306333333334
2023,2,26,9,77.64273000000001
2023,2,26,10,63.54442333333333
2023,2,26,11,48.75624
2023,2,26,12,46.350186666666666
2023,2,26,13,45.80974
2023,2,26,14,47.50987
2023,2,26,15,60.62620666666667
2023,2,26,16,73.00024
2023,2,26,17,92.33144333333333
2023,2,26,18,122.71408666666667
2023,2,26,19,137.86245
2023,2,26,20,136.02296333333334
2023,2,26,21,125.22466
2023,2,26,22,121.16348333333332
2023,2,26,23,114.18403333333332
2023,2,26,24,105.26114
2023,2,27,1,112.16361
2023,2,27,2,108.02655666666664
2023,2,27,3,108.0001
2023,2,27,4,107.05644666666667
2023,2,27,5,115.67734666666666
2023,2,27,6,136.52457666666666
2023,2,27,7,155.81044666666665
2023,2,27,8,126.42111
2023,2,27,9,105.11525666666668
2023,2,27,10,98.53823
2023,2,27,11,97.14137
2023,2,27,12,94.10192333333332
2023,2,27,13,93.11602333333332
2023,2,27,14,90.97401
2023,2,27,15,90.77682666666668
2023,2,27,16,95.02029333333331
2023,2,27,17,116.59495333333332
2023,2,27,18,154.72007333333332
2023,2,27,19,176.41823
2023,2,27,20,154.55466333333334
2023,2,27,21,139.99485666666666
2023,2,27,22,134.57410333333334
2023,2,27,23,128.82784
2023,2,28,24,82.70967333333334
2023,3,1,1,92.79440333333332
2023,3,1,2,88.61460666666666
2023,3,1,3,88.09523666666666
2023,3,1,4,88.53349333333334
2023,3,1,5,91.38527
2023,3,1,6,102.25616333333332
2023,3,1,7,121.27279666666668
2023,3,1,8,97.48510666666668
2023,3,1,9,77.28955333333333
2023,3,1,10,54.74333333333334
2023,3,1,11,48.714933333333335
2023,3,1,12,44.56789333333333
2023,3,1,13,41.75103333333333
2023,3,1,14,40.82109666666667
2023,3,1,15,45.05265
2023,3,1,16,57.27664333333333
2023,3,1,17,72.47781333333333
2023,3,1,18,102.28441666666669
2023,3,1,19,115.40115
2023,3,1,20,107.0713
2023,3,1,21,103.87907666666666
2023,3,1,22,94.88457333333334
2023,3,1,23,91.11601
2023,3,1,24,80.39398999999999
2023,3,2,1,95.69232
2023,3,2,2,95.9184
2023,3,2,3,95.89404333333334
2023,3,2,4,96.92911
2023,3,2,5,105.10532333333332
2023,3,2,6,129.70895
2023,3,2,7,154.28200666666666
2023,3,2,8,116.77303333333332
2023,3,2,9,78.23092
2023,3,2,10,58.50382333333334
2023,3,2,11,49.28180666666666
2023,3,2,12,45.19176333333333
2023,3,2,13,47.26076666666666
2023,3,2,14,44.71872
2023,3,2,15,39.29392
2023,3,2,16,49.93371
2023,3,2,17,92.97309333333334
2023,3,2,18,134.17716333333334
2023,3,2,19,149.87049
2023,3,2,20,138.5425
2023,3,2,21,132.14214666666666
2023,3,2,22,128.86584000000002
2023,3,2,23,111.25913666666666
2023,3,2,24,102.69024
2023,3,3,1,99.16866
2023,3,3,2,94.70988
2023,3,3,3,93.70525666666668
2023,3,3,4,94.14527
2023,3,3,5,111.49743333333332
2023,3,3,6,124.36296333333333
2023,3,3,7,144.6698933333333
2023,3,3,8,115.95856
2023,3,3,9,82.87365
2023,3,3,10,72.33333666666665
2023,3,3,11,56.27589
2023,3,3,12,44.82924333333333
2023,3,3,13,45.75671
2023,3,3,14,44.27072
2023,3,3,15,43.53513333333333
2023,3,3,16,57.20112
2023,3,3,17,88.55395666666668
2023,3,3,18,131.87432666666666
2023,3,3,19,140.81206666666665
2023,3,3,20,136.40584
2023,3,3,21,131.72531999999998
2023,3,3,22,129.68895
2023,3,3,23,123.72810333333332
2023,3,3,24,111.95147666666666
2023,3,4,1,94.89574666666664
2023,3,4,2,91.51656333333334
2023,3,4,3,91.61892666666668
2023,3,4,4,89.95171666666666
2023,3,4,5,89.65499999999999
2023,3,4,6,94.75643666666669
2023,3,4,7,98.81016
2023,3,4,8,74.34839333333333
2023,3,4,9,53.22063666666667
2023,3,4,10,45.627343333333336
2023,3,4,11,35.34338666666667
2023,3,4,12,32.90964
2023,3,4,13,24.635436666666667
2023,3,4,14,20.569243333333336
2023,3,4,15,20.98138
2023,3,4,16,32.26691
2023,3,4,17,61.73220666666666
2023,3,4,18,104.63047333333331
2023,3,4,19,118.53912
2023,3,4,20,109.29139
2023,3,4,21,103.79107666666668
2023,3,4,22,99.51559333333334
2023,3,4,23,95.99518333333332
2023,3,4,24,82.72371333333332
2023,3,5,1,83.25097
2023,3,5,2,81.27590666666667
2023,3,5,3,79.29776
2023,3,5,4,79.26698
2023,3,5,5,80.51706
2023,3,5,6,87.14688666666666
2023,3,5,7,86.71018666666667
2023,3,5,8,66.72244666666667
2023,3,5,9,58.90493333333333
2023,3,5,10,50.00745333333333
2023,3,5,11,48.77856
2023,3,5,12,45.4172
2023,3,5,13,39.35344
2023,3,5,14,41.11133333333333
2023,3,5,15,43.64033333333333
2023,3,5,16,52.00967
2023,3,5,17,71.00098666666666
2023,3,5,18,99.26619666666666
2023,3,5,19,115.75280333333336
2023,3,5,20,109.67552333333332
2023,3,5,21,99.98621333333334
2023,3,5,22,99.12468333333334
2023,3,5,23,94.60696666666666
2023,3,5,24,88.90087333333334
2023,3,6,1,89.85231333333333
2023,3,6,2,89.18913333333334
2023,3,6,3,87.64758666666667
2023,3,6,4,90.91247333333332
2023,3,6,5,93.69156
2023,3,6,6,108.33241
2023,3,6,7,135.99674666666667
2023,3,6,8,105.66714
2023,3,6,9,75.67200666666666
2023,3,6,10,57.25422
2023,3,6,11,51.02048666666666
2023,3,6,12,46.73093
2023,3,6,13,41.513333333333335
2023,3,6,14,38.28646
2023,3,6,15,36.442303333333335
2023,3,6,16,47.18572666666666
2023,3,6,17,83.50675666666666
2023,3,6,18,126.26541666666668
2023,3,6,19,138.80128666666667
2023,3,6,20,133.20557
2023,3,6,21,127.74504666666668
2023,3,6,22,119.1681
2023,3,6,23,100.72759666666668
2023,3,6,24,97.59976333333331
2023,3,7,1,97.58784
2023,3,7,2,92.55260333333332
2023,3,7,3,89.15518666666667
2023,3,7,4,92.11529
2023,3,7,5,98.51397
2023,3,7,6,113.69231333333332
2023,3,7,7,130.16471666666666
2023,3,7,8,100.19664333333333
2023,3,7,9,60.28892666666667
2023,3,7,10,44.692636666666665
2023,3,7,11,38.33545333333333
2023,3,7,12,35.30183666666667
2023,3,7,13,32.551170000000006
2023,3,7,14,31.408536666666667
2023,3,7,15,30.591826666666663
2023,3,7,16,37.19522
2023,3,7,17,76.25743
2023,3,7,18,123.21960333333334
2023,3,7,19,137.19107
2023,3,7,20,131.24518666666663
2023,3,7,21,123.19127333333334
2023,3,7,22,118.42613333333333
2023,3,7,23,110.15633666666668
2023,3,7,24,103.76680333333331
2023,3,8,1,90.32590333333332
2023,3,8,2,85.50187333333334
2023,3,8,3,85.35845666666667
2023,3,8,4,85.66442
2023,3,8,5,99.33564
2023,3,8,6,113.25217
2023,3,8,7,133.39602333333335
2023,3,8,8,87.16923000000001
2023,3,8,9,63.655993333333335
2023,3,8,10,37.3572
2023,3,8,11,27.756463333333333
2023,3,8,12,23.48644666666667
2023,3,8,13,21.57174666666667
2023,3,8,14,20.909683333333334
2023,3,8,15,23.989326666666667
2023,3,8,16,30.38679
2023,3,8,17,70.38842
2023,3,8,18,115.14472
2023,3,8,19,124.92749
2023,3,8,20,121.28137333333332
2023,3,8,21,117.49943333333331
2023,3,8,22,113.20587333333332
2023,3,8,23,107.34936333333332
2023,3,8,24,91.80501
2023,3,9,1,83.93205999999999
2023,3,9,2,83.47293
2023,3,9,3,81.69295
2023,3,9,4,83.95506666666667
2023,3,9,5,96.02933333333334
2023,3,9,6,105.40431666666666
2023,3,9,7,117.3436
2023,3,9,8,95.05305333333332
2023,3,9,9,77.15030333333333
2023,3,9,10,52.24822
2023,3,9,11,48.65655
2023,3,9,12,44.31134
2023,3,9,13,40.14155
2023,3,9,14,38.09193666666666
2023,3,9,15,41.08636333333333
2023,3,9,16,46.17993666666666
2023,3,9,17,85.51862999999999
2023,3,9,18,115.95356666666667
2023,3,9,19,122.31555333333334
2023,3,9,20,115.27939333333332
2023,3,9,21,103.81336333333331
2023,3,9,22,101.52307666666668
2023,3,9,23,85.41586666666667
2023,3,9,24,76.33385
2023,3,10,1,63.54636666666666
2023,3,10,2,62.57038666666667
2023,3,10,3,62.45626000000001
2023,3,10,4,62.51742333333333
2023,3,10,5,66.88159
2023,3,10,6,90.74645
2023,3,10,7,100.43187
2023,3,10,8,91.95369666666666
2023,3,10,9,82.16604666666666
2023,3,10,10,65.15210333333333
2023,3,10,11,62.903083333333335
2023,3,10,12,58.26076333333333
2023,3,10,13,57.542820000000006
2023,3,10,14,54.54591333333334
2023,3,10,15,54.72548333333333
2023,3,10,16,60.20288333333334
2023,3,10,17,78.65590666666667
2023,3,10,18,99.38764
2023,3,10,19,101.34082333333332
2023,3,10,20,96.09812
2023,3,10,21,92.43664333333334
2023,3,10,22,88.75598000000001
2023,3,10,23,77.21128666666665
2023,3,10,24,69.08652666666667
2023,3,11,1,59.31154333333333
2023,3,11,2,55.7824
2023,3,11,3,55.97754333333334
2023,3,11,4,55.74867333333333
2023,3,11,5,58.43366
2023,3,11,6,60.33474
2023,3,11,7,59.939593333333335
2023,3,11,8,54.21168666666667
2023,3,11,9,49.48483333333333
2023,3,11,10,41.66354666666667
2023,3,11,11,37.82744666666667
2023,3,11,12,29.951173333333333
2023,3,11,13,27.59874333333333
2023,3,11,14,22.90347
2023,3,11,15,24.68158
2023,3,11,16,41.65617
2023,3,11,17,52.03606
2023,3,11,18,77.43321666666667
2023,3,11,19,87.25724666666667
2023,3,11,20,80.66810333333332
2023,3,11,21,71.41284666666667
2023,3,11,22,69.26794
2023,3,11,23,59.49719
2023,3,11,24,58.33050333333333
2023,3,12,1,74.50683666666667
2023,3,12,2,68.84579333333333
2023,3,12,4,58.60169666666667
2023,3,12,5,58.28952666666667
2023,3,12,6,58.78695333333334
2023,3,12,7,64.83514333333333
2023,3,12,8,72.33519
2023,3,12,9,50.53427666666666
2023,3,12,10,29.034540000000003
2023,3,12,11,14.75034
2023,3,12,12,10.964553333333331
2023,3,12,13,5.881986666666667
2023,3,12,14,4.621976666666667
2023,3,12,15,5.923316666666668
2023,3,12,16,9.65301
2023,3,12,17,27.536256666666663
2023,3,12,18,51.35946333333334
2023,3,12,19,84.94231666666667
2023,3,12,20,94.50299333333334
2023,3,12,21,84.85174333333333
2023,3,12,22,77.36051666666667
2023,3,12,23,72.27958
2023,3,12,24,60.19000666666667
2023,3,13,1,66.84028666666667
2023,3,13,2,66.78402999999999
2023,3,13,3,66.17851666666667
2023,3,13,4,66.32917666666667
2023,3,13,5,68.65166333333333
2023,3,13,6,87.51051
2023,3,13,7,104.41851333333334
2023,3,13,8,106.55332
2023,3,13,9,71.36509333333333
2023,3,13,10,49.63251666666667
2023,3,13,11,36.4769
2023,3,13,12,28.30527
2023,3,13,13,28.080790000000004
2023,3,13,14,25.796026666666663
2023,3,13,15,25.761503333333334
2023,3,13,16,34.750883333333334
2023,3,13,17,47.79178666666667
2023,3,13,18,65.01087666666666
2023,3,13,19,95.42628666666668
2023,3,13,20,113.43881666666668
2023,3,13,21,102.38371333333332
2023,3,13,22,95.84698
2023,3,13,23,91.49788666666666
2023,3,13,24,81.09476
2023,3,14,1,75.96572333333334
2023,3,14,2,73.88270999999999
2023,3,14,3,70.88795666666667
2023,3,14,4,73.75335666666666
2023,3,14,5,79.98227333333334
2023,3,14,6,87.92859
2023,3,14,7,106.65533999999998
2023,3,14,8,111.49759666666668
2023,3,14,9,91.95003
2023,3,14,10,79.08184
2023,3,14,11,75.45514666666666
2023,3,14,12,72.23179666666665
2023,3,14,13,71.97101333333333
2023,3,14,14,71.55269666666668
2023,3,14,15,70.89117
2023,3,14,16,73.96757333333333
2023,3,14,17,84.76903
2023,3,14,18,96.90252
2023,3,14,19,108.91586666666667
2023,3,14,20,116.70674666666666
2023,3,14,21,108.26126666666669
2023,3,14,22,95.78282333333334
2023,3,14,23,87.82931666666667
2023,3,14,24,80.47883
2023,3,15,1,64.75235333333333
2023,3,15,2,61.3302
2023,3,15,3,60.982146666666665
2023,3,15,4,61.27031
2023,3,15,5,63.87037333333333
2023,3,15,6,68.26446
2023,3,15,7,93.44769333333332
2023,3,15,8,108.81124666666666
2023,3,15,9,91.14974
2023,3,15,10,69.91295333333333
2023,3,15,11,63.81502666666668
2023,3,15,12,56.95917
2023,3,15,13,49.30707
2023,3,15,14,46.48806
2023,3,15,15,42.04788666666666
2023,3,15,16,42.48732666666667
2023,3,15,17,52.75007333333334
2023,3,15,18,63.67943333333333
2023,3,15,19,89.92432333333333
2023,3,15,20,109.92546333333333
2023,3,15,21,95.11945333333334
2023,3,15,22,90.25805666666668
2023,3,15,23,82.45245999999999
2023,3,15,24,71.44431666666667
2023,3,16,1,69.47123666666666
2023,3,16,2,67.32471666666667
2023,3,16,3,66.83835666666667
2023,3,16,4,67.08555333333334
2023,3,16,5,75.44961666666667
2023,3,16,6,97.26674666666668
2023,3,16,7,106.13463
2023,3,16,8,109.24624666666666
2023,3,16,9,75.31020666666666
2023,3,16,10,57.09254666666666
2023,3,16,11,48.018946666666665
2023,3,16,12,41.51079666666666
2023,3,16,13,35.30719333333334
2023,3,16,14,29.8526
2023,3,16,15,27.91014333333333
2023,3,16,16,30.93961333333333
2023,3,16,17,40.78358
2023,3,16,18,62.05541333333334
2023,3,16,19,96.80556
2023,3,16,20,112.24178333333332
2023,3,16,21,103.64882666666666
2023,3,16,22,97.54711666666668
2023,3,16,23,96.45279333333332
2023,3,16,24,91.35930666666668
2023,3,17,1,70.23196333333334
2023,3,17,2,68.83458666666667
2023,3,17,3,67.99752
2023,3,17,4,69.45288333333333
2023,3,17,5,77.92253000000001
2023,3,17,6,89.72756666666668
2023,3,17,7,102.27509333333334
2023,3,17,8,106.25323
2023,3,17,9,64.64679333333333
2023,3,17,10,49.69291333333334
2023,3,17,11,39.82494666666667
2023,3,17,12,33.973616666666665
2023,3,17,13,29.48848666666667
2023,3,17,14,25.354906666666665
2023,3,17,15,26.481673333333333
2023,3,17,16,29.75686
2023,3,17,17,35.57729333333333
2023,3,17,18,60.36134333333333
2023,3,17,19,89.52825666666666
2023,3,17,20,99.29478333333334
2023,3,17,21,104.21419333333334
2023,3,17,22,91.98033666666667
2023,3,17,23,89.28895333333334
2023,3,17,24,80.18187333333334
2023,3,18,1,81.06695
2023,3,18,2,76.29652333333333
2023,3,18,3,68.86483
2023,3,18,4,67.64111333333334
2023,3,18,5,70.30096666666667
2023,3,18,6,77.90122000000001
2023,3,18,7,86.89719333333333
2023,3,18,8,77.16453666666666
2023,3,18,9,52.083306666666665
2023,3,18,10,28.014396666666663
2023,3,18,11,16.149506666666667
2023,3,18,12,10.21196
2023,3,18,13,6.9908
2023,3,18,14,5.566093333333334
2023,3,18,15,6.74932
2023,3,18,16,11.99731
2023,3,18,17,24.05134333333333
2023,3,18,18,52.73011666666667
2023,3,18,19,86.97073
2023,3,18,20,90.05119
2023,3,18,21,89.87376333333333
2023,3,18,22,83.72407333333334
2023,3,18,23,81.68662666666667
2023,3,18,24,72.40581666666667
2023,3,19,1,70.89461666666666
2023,3,19,2,65.6845
2023,3,19,3,62.861983333333335
2023,3,19,4,58.85127666666667
2023,3,19,5,58.919176666666665
2023,3,19,6,62.90893666666667
2023,3,19,7,68.09756333333333
2023,3,19,8,67.58021333333333
2023,3,19,9,60.5478
2023,3,19,10,55.39067666666667
2023,3,19,11,46.96338333333333
2023,3,19,12,39.39463666666666
2023,3,19,13,37.32333666666667
2023,3,19,14,35.61974
2023,3,19,15,34.98045333333334
2023,3,19,16,41.69012333333333
2023,3,19,17,38.272036666666665
2023,3,19,18,53.82893666666666
2023,3,19,19,76.03036
2023,3,19,20,90.38071666666669
2023,3,19,21,87.85057333333333
2023,3,19,22,76.58431333333333
2023,3,19,23,69.23774333333334
2023,3,19,24,62.06231
2023,3,20,1,56.57007000000001
2023,3,20,2,56.62952333333333
2023,3,20,3,56.36189
2023,3,20,4,55.59583333333333
2023,3,20,5,56.027800000000006
2023,3,20,6,63.78490333333334
2023,3,20,7,86.80631
2023,3,20,8,103.92815
2023,3,20,9,70.28839333333333
2023,3,20,10,53.94112333333334
2023,3,20,11,46.08673666666667
2023,3,20,12,40.40138
2023,3,20,13,36.783006666666665
2023,3,20,14,34.366476666666664
2023,3,20,15,29.94379333333333
2023,3,20,16,30.166880000000003
2023,3,20,17,38.116800000000005
2023,3,20,18,60.23813666666667
2023,3,20,19,91.41161999999998
2023,3,20,20,100.41195333333332
2023,3,20,21,99.63784
2023,3,20,22,88.44413666666667
2023,3,20,23,76.54495333333334
2023,3,20,24,70.53433
2023,3,21,1,79.38667
2023,3,21,2,76.25677666666667
2023,3,21,3,75.40445999999999
2023,3,21,4,75.71591666666667
2023,3,21,5,81.88197333333333
2023,3,21,6,98.95831666666668
2023,3,21,7,120.81305666666668
2023,3,21,8,127.64937666666668
2023,3,21,9,123.50996333333336
2023,3,21,10,108.03506666666664
2023,3,21,11,99.80237333333332
2023,3,21,12,86.55941
2023,3,21,13,82.92730999999999
2023,3,21,14,70.69473
2023,3,21,15,67.22217666666667
2023,3,21,16,67.76968333333333
2023,3,21,17,77.78333333333333
2023,3,21,18,91.99367
2023,3,21,19,108.41904
2023,3,21,20,120.58051333333331
2023,3,21,21,114.9901
2023,3,21,22,105.91533666666663
2023,3,21,23,97.63015666666666
2023,3,21,24,89.08203333333334
2023,3,22,1,73.7434
2023,3,22,2,71.49588333333332
2023,3,22,3,70.14486333333333
2023,3,22,4,68.87088666666666
2023,3,22,5,71.83082
2023,3,22,6,91.46386666666666
2023,3,22,7,113.20791
2023,3,22,8,116.76623666666669
2023,3,22,9,92.85419666666668
2023,3,22,10,73.26385333333333
2023,3,22,11,61.45444333333333
2023,3,22,12,55.81321333333333
2023,3,22,13,53.496946666666666
2023,3,22,14,48.40056333333334
2023,3,22,15,47.28877666666667
2023,3,22,16,50.61943666666667
2023,3,22,17,59.05379666666667
2023,3,22,18,72.97664666666667
2023,3,22,19,104.71360666666668
2023,3,22,20,116.94888
2023,3,22,21,111.72243333333334
2023,3,22,22,103.96490666666666
2023,3,22,23,95.40568333333331
2023,3,22,24,81.03635
2023,3,23,1,74.56752666666667
2023,3,23,2,68.65824333333333
2023,3,23,3,68.02024666666667
2023,3,23,4,67.77011666666667
2023,3,23,5,70.86963
2023,3,23,6,85.59122666666667
2023,3,23,7,105.77155333333332
2023,3,23,8,99.68779
2023,3,23,9,69.05428
2023,3,23,10,52.70177
2023,3,23,11,32.996680000000005
2023,3,23,12,26.01272
2023,3,23,13,20.079126666666667
2023,3,23,14,18.52687
2023,3,23,15,12.707496666666666
2023,3,23,16,12.207673333333332
2023,3,23,17,15.141123333333333
2023,3,23,18,44.58665666666667
2023,3,23,19,87.82141333333334
2023,3,23,20,104.07171666666666
2023,3,23,21,102.96747333333332
2023,3,23,22,90.78094333333333
2023,3,23,23,84.13413333333334
2023,3,23,24,67.94047333333333
2023,3,24,1,58.88670666666667
2023,3,24,2,57.76225333333334
2023,3,24,3,55.09067666666667
2023,3,24,4,54.09204666666667
2023,3,24,5,60.41513666666666
2023,3,24,6,72.08978666666667
2023,3,24,7,102.43119666666666
2023,3,24,8,91.06550666666668
2023,3,24,9,45.66217
2023,3,24,10,22.65603333333333
2023,3,24,11,10.558776666666668
2023,3,24,12,3.65099
2023,3,24,13,2.3406833333333337
2023,3,24,14,1.3831066666666667
2023,3,24,15,0.92248
2023,3,24,16,2.833813333333333
2023,3,24,17,2.220413333333333
2023,3,24,18,19.73548333333333
2023,3,24,19,78.04091
2023,3,24,20,92.17964666666668
2023,3,24,21,91.33471000000002
2023,3,24,22,84.83843333333333
2023,3,24,23,77.23751666666666
2023,3,24,24,74.18156666666667
2023,3,25,1,70.98018
2023,3,25,2,66.00782333333333
2023,3,25,3,63.84814333333333
2023,3,25,4,63.91464666666667
2023,3,25,5,67.28537666666666
2023,3,25,6,76.01289000000001
2023,3,25,7,91.09922333333331
2023,3,25,8,77.35788333333333
2023,3,25,9,29.277200000000004
2023,3,25,10,2.96695
2023,3,25,11,-0.3106
2023,3,25,12,-2.5267833333333334
2023,3,25,13,-4.01411
2023,3,25,14,-5.327066666666667
2023,3,25,15,-5.627556666666667
2023,3,25,16,-3.938183333333333
2023,3,25,17,-0.01372
2023,3,25,18,10.633823333333334
2023,3,25,19,73.40886333333333
2023,3,25,20,88.43083999999999
2023,3,25,21,85.98229666666667
2023,3,25,22,80.70048666666666
2023,3,25,23,72.50175
2023,3,25,24,65.15049666666667
2023,3,26,1,64.49876333333333
2023,3,26,2,63.905233333333335
2023,3,26,3,60.130230000000005
2023,3,26,4,59.55887333333334
2023,3,26,5,63.044376666666665
2023,3,26,6,70.63557333333334
2023,3,26,7,80.95809666666666
2023,3,26,8,65.0671
2023,3,26,9,20.74194
2023,3,26,10,0.4786399999999999
2023,3,26,11,0.0260366666666666
2023,3,26,12,-2.988066666666666
2023,3,26,13,-4.323
2023,3,26,14,-5.2085300000000005
2023,3,26,15,-5.212453333333333
2023,3,26,16,-3.1452666666666667
2023,3,26,17,-0.0104133333333333
2023,3,26,18,13.188733333333332
2023,3,26,19,73.48174333333333
2023,3,26,20,91.4001
2023,3,26,21,90.23779
2023,3,26,22,81.60136666666666
2023,3,26,23,76.74845666666666
2023,3,26,24,72.97172666666667
2023,3,27,1,92.98978666666666
2023,3,27,2,92.50228333333332
2023,3,27,3,92.31838333333332
2023,3,27,4,92.55881
2023,3,27,5,97.77192333333332
2023,3,27,6,112.8334
2023,3,27,7,145.19192333333334
2023,3,27,8,122.79721666666666
2023,3,27,9,63.43087333333333
2023,3,27,10,32.85231666666667
2023,3,27,11,22.421850000000003
2023,3,27,12,15.860993333333331
2023,3,27,13,12.306543333333332
2023,3,27,14,9.14851
2023,3,27,15,9.081783333333332
2023,3,27,16,13.46808
2023,3,27,17,20.307536666666667
2023,3,27,18,57.897063333333335
2023,3,27,19,104.95306333333332
2023,3,27,20,129.36982
2023,3,27,21,121.13246
2023,3,27,22,108.28536333333334
2023,3,27,23,102.80742
2023,3,27,24,98.37997333333334
2023,3,28,1,83.9656
2023,3,28,2,78.71488666666666
2023,3,28,3,78.69597666666667
2023,3,28,4,78.67764333333334
2023,3,28,5,81.34184
2023,3,28,6,102.83865666666668
2023,3,28,7,136.40318333333332
2023,3,28,8,112.14305333333334
2023,3,28,9,61.15989
2023,3,28,10,32.340963333333335
2023,3,28,11,22.74226333333333
2023,3,28,12,18.144646666666667
2023,3,28,13,17.062853333333333
2023,3,28,14,14.00556
2023,3,28,15,14.959316666666666
2023,3,28,16,15.838029999999998
2023,3,28,17,31.90658666666667
2023,3,28,18,61.914883333333336
2023,3,28,19,99.00918
2023,3,28,20,116.77120666666669
2023,3,28,21,110.80156333333332
2023,3,28,22,102.06858
2023,3,28,23,95.42835666666667
2023,3,28,24,79.85024
2023,3,29,1,71.41004333333333
2023,3,29,2,70.40294666666667
2023,3,29,3,70.02785999999999
2023,3,29,4,69.88041333333332
2023,3,29,5,75.57222
2023,3,29,6,88.86300333333334
2023,3,29,7,111.95584
2023,3,29,8,107.8324
2023,3,29,9,72.90793000000001
2023,3,29,10,62.60221333333334
2023,3,29,11,50.70583666666666
2023,3,29,12,39.62108
2023,3,29,13,34.079193333333336
2023,3,29,14,33.27667666666667
2023,3,29,15,28.85379333333333
2023,3,29,16,29.809753333333333
2023,3,29,17,46.75785
2023,3,29,18,67.95914
2023,3,29,19,103.12522333333334
2023,3,29,20,116.70518
2023,3,29,21,117.79615666666666
2023,3,29,22,103.72492666666666
2023,3,29,23,92.15757
2023,3,29,24,81.79565333333333
2023,3,30,1,75.34375999999999
2023,3,30,2,76.06118333333333
2023,3,30,3,73.37078000000001
2023,3,30,4,73.02557666666667
2023,3,30,5,76.24349666666667
2023,3,30,6,95.13444666666668
2023,3,30,7,109.03636666666668
2023,3,30,8,109.44948
2023,3,30,9,68.79563
2023,3,30,10,51.197046666666665
2023,3,30,11,38.36386666666667
2023,3,30,12,29.85343
2023,3,30,13,25.06489333333333
2023,3,30,14,20.50928
2023,3,30,15,13.404816666666669
2023,3,30,16,12.25365
2023,3,30,17,14.627766666666666
2023,3,30,18,34.90058666666666
2023,3,30,19,79.05163666666667
2023,3,30,20,95.19388333333332
2023,3,30,21,94.62837
2023,3,30,22,87.97278
2023,3,30,23,77.16278
2023,3,30,24,70.07041
2023,4,1,1,66.73678666666667
2023,4,1,2,65.8455
2023,4,1,3,62.97344999999999
2023,4,1,4,62.25040333333334
2023,4,1,5,64.19607
2023,4,1,6,73.08007333333333
2023,4,1,7,82.89750333333333
2023,4,1,8,65.60238666666667
2023,4,1,9,20.439326666666663
2023,4,1,10,7.652806666666667
2023,4,1,11,4.032283333333333
2023,4,1,12,-1.4993666666666663
2023,4,1,13,-4.2449900000000005
2023,4,1,14,-5.61175
2023,4,1,15,-6.473883333333333
2023,4,1,16,-6.176759999999999
2023,4,1,17,-2.956833333333333
2023,4,1,18,6.728190000000001
2023,4,1,19,62.54958
2023,4,1,20,87.05630333333333
2023,4,1,21,87.06948666666666
2023,4,1,22,76.11417666666667
2023,4,1,23,66.44003666666667
2023,4,1,24,60.02666666666666
2023,4,2,1,60.94497333333334
2023,4,2,2,58.541313333333335
2023,4,2,3,57.84492666666667
2023,4,2,4,56.90954666666667
2023,4,2,5,59.26591333333334
2023,4,2,6,63.86920666666666
2023,4,2,7,66.73336
2023,4,2,8,50.12371
2023,4,2,9,7.688693333333333
2023,4,2,10,-1.4971233333333334
2023,4,2,11,-7.041446666666666
2023,4,2,12,-7.508493333333333
2023,4,2,13,-8.331226666666666
2023,4,2,14,-10.435693333333337
2023,4,2,15,-8.87382
2023,4,2,16,-8.418086666666666
2023,4,2,17,-4.489713333333333
2023,4,2,18,9.383286666666669
2023,4,2,19,66.15155
2023,4,2,20,83.02130333333334
2023,4,2,21,86.62749666666667
2023,4,2,22,78.64314666666667
2023,4,2,23,66.81651
2023,4,2,24,61.90399666666667
2023,4,3,1,58.16448333333333
2023,4,3,2,55.42151666666666
2023,4,3,3,54.58347333333333
2023,4,3,4,53.89007
2023,4,3,5,55.09941666666666
2023,4,3,6,59.17787666666666
2023,4,3,7,93.01007666666668
2023,4,3,8,78.84635
2023,4,3,9,31.63041
2023,4,3,10,21.298266666666667
2023,4,3,11,13.938993333333334
2023,4,3,12,6.190033333333333
2023,4,3,13,4.408746666666667
2023,4,3,14,0.6839466666666674
2023,4,3,15,-0.1726000000000004
2023,4,3,16,1.7415299999999998
2023,4,3,17,6.178866666666667
2023,4,3,18,30.673546666666667
2023,4,3,19,75.92452666666667
2023,4,3,20,102.09529666666668
2023,4,3,21,97.93459
2023,4,3,22,84.20289666666666
2023,4,3,23,74.26871333333334
2023,4,3,24,66.31358666666667
2023,4,4,1,70.52764333333333
2023,4,4,2,67.41695666666668
2023,4,4,3,66.74492333333335
2023,4,4,4,69.34313333333334
2023,4,4,5,71.60784333333334
2023,4,4,6,83.85787333333333
2023,4,4,7,111.16221666666668
2023,4,4,8,87.71470333333333
2023,4,4,9,34.355763333333336
2023,4,4,10,18.965643333333333
2023,4,4,11,10.774406666666666
2023,4,4,12,8.467933333333333
2023,4,4,13,4.80136
2023,4,4,14,4.217290000000001
2023,4,4,15,3.7279433333333336
2023,4,4,16,5.566840000000002
2023,4,4,17,7.52175
2023,4,4,18,20.45238666666667
2023,4,4,19,75.80402
2023,4,4,20,106.07930666666664
2023,4,4,21,106.12497
2023,4,4,22,92.34742666666666
2023,4,4,23,76.56105333333333
2023,4,4,24,73.75270666666667
2023,4,5,1,90.32824999999998
2023,4,5,2,90.16586666666666
2023,4,5,3,92.43913333333334
2023,4,5,4,92.37193333333332
2023,4,5,5,102.62354666666666
2023,4,5,6,121.14048333333334
2023,4,5,7,151.00495999999998
2023,4,5,8,122.84859666666668
2023,4,5,9,58.57671
2023,4,5,10,35.60259333333334
2023,4,5,11,24.40986
2023,4,5,12,15.025593333333331
2023,4,5,13,11.972553333333332
2023,4,5,14,11.278893333333334
2023,4,5,15,10.861733333333332
2023,4,5,16,14.388456666666668
2023,4,5,17,22.71108
2023,4,5,18,62.95069333333333
2023,4,5,19,111.90535
2023,4,5,20,134.03795333333335
2023,4,5,21,128.30456333333333
2023,4,5,22,119.06708666666668
2023,4,5,23,107.58199
2023,4,5,24,102.41687333333334
2023,4,6,1,99.11869333333334
2023,4,6,2,99.78313
2023,4,6,3,92.7602
2023,4,6,4,95.09912333333334
2023,4,6,5,99.50084333333332
2023,4,6,6,116.31355
2023,4,6,7,158.1921
2023,4,6,8,122.83624666666668
2023,4,6,9,68.58886
2023,4,6,10,40.22895333333333
2023,4,6,11,26.87701333333333
2023,4,6,12,18.858236666666667
2023,4,6,13,14.926156666666666
2023,4,6,14,14.626653333333332
2023,4,6,15,14.592223333333331
2023,4,6,16,19.112873333333333
2023,4,6,17,26.83141
2023,4,6,18,65.07657666666667
2023,4,6,19,118.58619
2023,4,6,20,139.78096666666667
2023,4,6,21,135.31628333333333
2023,4,6,22,106.55269
2023,4,6,23,100.30260333333332
2023,4,6,24,90.89747333333332
2023,4,7,1,75.41293
2023,4,7,2,72.63541
2023,4,7,3,70.83688666666667
2023,4,7,4,69.97103333333332
2023,4,7,5,74.07733
2023,4,7,6,82.78196
2023,4,7,7,105.4426
2023,4,7,8,92.16919333333334
2023,4,7,9,49.80341333333333
2023,4,7,10,34.30856
2023,4,7,11,20.468226666666663
2023,4,7,12,18.957236666666667
2023,4,7,13,15.010039999999998
2023,4,7,14,14.043246666666668
2023,4,7,15,10.720796666666669
2023,4,7,16,15.4442
2023,4,7,17,19.46118
2023,4,7,18,52.51134666666667
2023,4,7,19,81.34156666666667
2023,4,7,20,97.2248
2023,4,7,21,98.33011
2023,4,7,22,87.89209000000001
2023,4,7,23,77.69865333333333
2023,4,7,24,71.68894666666667
2023,4,8,1,63.960910000000005
2023,4,8,2,62.76260333333334
2023,4,8,3,60.29284333333334
2023,4,8,4,57.223643333333335
2023,4,8,5,62.00025
2023,4,8,6,64.14344
2023,4,8,7,70.12004666666667
2023,4,8,8,61.08517333333333
2023,4,8,9,32.288129999999995
2023,4,8,10,14.469853333333331
2023,4,8,11,6.090973333333333
2023,4,8,12,6.786836666666666
2023,4,8,13,3.09057
2023,4,8,14,2.2223433333333333
2023,4,8,15,3.1439833333333334
2023,4,8,16,2.581103333333333
2023,4,8,17,7.40626
2023,4,8,18,36.55601333333333
2023,4,8,19,80.05431333333333
2023,4,8,20,93.08836666666669
2023,4,8,21,92.49285333333334
2023,4,8,22,83.95942666666666
2023,4,8,23,77.38562333333333
2023,4,8,24,69.96007666666667
2023,4,9,1,55.534040000000005
2023,4,9,2,55.659326666666665
2023,4,9,3,54.20964
2023,4,9,4,52.90503
2023,4,9,5,55.31228
2023,4,9,6,57.24393666666666
2023,4,9,7,61.873
2023,4,9,8,45.81193666666667
2023,4,9,9,7.083903333333333
2023,4,9,10,1.91458
2023,4,9,11,-1.36735
2023,4,9,12,-4.62234
2023,4,9,13,-5.473103333333333
2023,4,9,14,-4.669630000000001
2023,4,9,15,-4.134023333333333
2023,4,9,16,-1.91052
2023,4,9,17,-1.127
2023,4,9,18,30.70206
2023,4,9,19,85.92275000000001
2023,4,9,20,99.77671666666669
2023,4,9,21,92.24616333333334
2023,4,9,22,84.46452
2023,4,9,23,79.60285333333333
2023,4,9,24,67.54066333333333
2023,4,10,1,78.58246
2023,4,10,2,71.97394666666666
2023,4,10,3,71.68810666666667
2023,4,10,4,71.71720333333333
2023,4,10,5,72.16543333333334
2023,4,10,6,86.35420333333333
2023,4,10,7,110.75757666666668
2023,4,10,8,89.05155333333335
2023,4,10,9,51.67922333333333
2023,4,10,10,33.69089666666667
2023,4,10,11,24.06573333333333
2023,4,10,12,13.90294
2023,4,10,13,13.469216666666668
2023,4,10,14,15.564876666666663
2023,4,10,15,19.617093333333333
2023,4,10,16,25.151960000000003
2023,4,10,17,40.65435
2023,4,10,18,68.28375333333334
2023,4,10,19,105.36640666666666
2023,4,10,20,127.86627666666668
2023,4,10,21,108.93727333333334
2023,4,10,22,100.90796333333331
2023,4,10,23,77.661
2023,4,10,24,75.29451666666667
2023,4,11,1,57.87020666666667
2023,4,11,2,56.01654333333334
2023,4,11,3,53.66947
2023,4,11,4,52.95610666666666
2023,4,11,5,55.37812333333333
2023,4,11,6,63.248043333333335
2023,4,11,7,92.74001
2023,4,11,8,68.5021
2023,4,11,9,39.06242
2023,4,11,10,21.89370333333333
2023,4,11,11,15.594563333333332
2023,4,11,12,12.141813333333332
2023,4,11,13,9.530926666666666
2023,4,11,14,10.125513333333332
2023,4,11,15,10.292506666666666
2023,4,11,16,16.533933333333334
2023,4,11,17,36.01665
2023,4,11,18,65.58174666666667
2023,4,11,19,93.98393666666668
2023,4,11,20,113.69666333333332
2023,4,11,21,98.5563
2023,4,11,22,88.14810666666666
2023,4,11,23,76.53885
2023,4,11,24,67.07491666666667
2023,4,12,1,60.56567999999999
2023,4,12,2,56.5895
2023,4,12,3,55.829013333333336
2023,4,12,4,55.488166666666665
2023,4,12,5,60.03146
2023,4,12,6,77.72283
2023,4,12,7,99.28738333333332
2023,4,12,8,82.34331666666667
2023,4,12,9,59.662560000000006
2023,4,12,10,48.83374
2023,4,12,11,36.33365
2023,4,12,12,30.52291333333333
2023,4,12,13,26.97482
2023,4,12,14,26.971743333333336
2023,4,12,15,25.23734333333333
2023,4,12,16,32.47605
2023,4,12,17,49.72671666666667
2023,4,12,18,67.88394000000001
2023,4,12,19,94.59138666666666
2023,4,12,20,115.04022333333334
2023,4,12,21,106.27576333333332
2023,4,12,22,95.12712333333332
2023,4,12,23,81.09186
2023,4,12,24,68.11858666666667
2023,4,13,1,60.19820333333333
2023,4,13,2,59.19228
2023,4,13,3,53.36037
2023,4,13,4,52.48439333333334
2023,4,13,5,55.02263
2023,4,13,6,68.22947333333333
2023,4,13,7,96.02404333333334
2023,4,13,8,66.34982666666667
2023,4,13,9,40.08264333333333
2023,4,13,10,22.60925333333333
2023,4,13,11,10.783696666666666
2023,4,13,12,8.587323333333332
2023,4,13,13,8.25939
2023,4,13,14,8.51433
2023,4,13,15,6.606856666666666
2023,4,13,16,8.331059999999999
2023,4,13,17,10.357856666666663
2023,4,13,18,38.611446666666666
2023,4,13,19,79.80422333333333
2023,4,13,20,102.16325333333332
2023,4,13,21,99.98977666666669
2023,4,13,22,86.13087333333333
2023,4,13,23,73.83752666666668
2023,4,13,24,64.88243333333334
2023,4,14,1,61.950606666666665
2023,4,14,2,57.46536666666666
2023,4,14,3,57.31456333333333
2023,4,14,4,53.62586666666667
2023,4,14,5,62.03408
2023,4,14,6,70.81332666666667
2023,4,14,7,93.34672666666664
2023,4,14,8,59.65968333333333
2023,4,14,9,35.7805
2023,4,14,10,20.562386666666665
2023,4,14,11,12.050886666666663
2023,4,14,12,6.762696666666667
2023,4,14,13,4.05468
2023,4,14,14,3.0884
2023,4,14,15,1.8473133333333327
2023,4,14,16,1.7393766666666668
2023,4,14,17,6.040363333333333
2023,4,14,18,28.97078
2023,4,14,19,72.86844
2023,4,14,20,97.59129
2023,4,14,21,94.81760333333334
2023,4,14,22,79.42970666666666
2023,4,14,23,72.98678666666666
2023,4,14,24,65.13233333333334
2023,4,15,1,64.63598333333333
2023,4,15,2,62.861643333333326
2023,4,15,3,64.11724666666667
2023,4,15,4,64.18091
2023,4,15,5,70.59795666666666
2023,4,15,6,81.27857999999999
2023,4,15,7,78.82744000000001
2023,4,15,8,48.67361333333334
2023,4,15,9,14.258273333333332
2023,4,15,10,8.522523333333334
2023,4,15,11,3.73587
2023,4,15,12,-2.03305
2023,4,15,13,-3.8742200000000007
2023,4,15,14,-4.5292933333333325
2023,4,15,15,-5.577126666666668
2023,4,15,16,-4.147833333333334
2023,4,15,17,-0.1922333333333329
2023,4,15,18,26.38813
2023,4,15,19,77.54737333333334
2023,4,15,20,101.12654333333334
2023,4,15,21,97.17132333333332
2023,4,15,22,83.80422666666666
2023,4,15,23,78.10545333333333
2023,4,15,24,72.46415999999999
2023,4,16,1,77.83187666666667
2023,4,16,2,73.18715666666667
2023,4,16,3,73.39963333333334
2023,4,16,4,72.66230666666667
2023,4,16,5,70.04534
2023,4,16,6,71.19021333333333
2023,4,16,7,68.38919666666666
2023,4,16,8,41.74503
2023,4,16,9,11.01702
2023,4,16,10,3.93764
2023,4,16,11,-1.3150466666666667
2023,4,16,12,-2.193583333333333
2023,4,16,13,-3.2317766666666667
2023,4,16,14,-3.309303333333333
2023,4,16,15,-4.928766666666667
2023,4,16,16,-1.4125433333333337
2023,4,16,17,0.9260366666666666
2023,4,16,18,25.78551
2023,4,16,19,70.08709666666667
2023,4,16,20,91.46357666666668
2023,4,16,21,88.66365
2023,4,16,22,74.24094333333333
2023,4,16,23,69.57469666666667
2023,4,16,24,61.36055
2023,4,17,1,64.07041
2023,4,17,2,60.49584333333333
2023,4,17,3,57.230783333333335
2023,4,17,4,55.88742666666667
2023,4,17,5,64.30539666666667
2023,4,17,6,76.53047
2023,4,17,7,98.49969333333333
2023,4,17,8,63.58592333333333
2023,4,17,9,37.07069666666667
2023,4,17,10,21.52602333333333
2023,4,17,11,12.080796666666666
2023,4,17,12,9.006549999999999
2023,4,17,13,6.26349
2023,4,17,14,5.071623333333334
2023,4,17,15,4.335653333333333
2023,4,17,16,6.10683
2023,4,17,17,10.154756666666666
2023,4,17,18,40.14374333333333
2023,4,17,19,76.89803333333333
2023,4,17,20,101.30388
2023,4,17,21,100.94242666666666
2023,4,17,22,82.59741333333334
2023,4,17,23,74.47080666666666
2023,4,17,24,67.13079
2023,4,18,1,55.96633333333333
2023,4,18,2,54.06511333333333
2023,4,18,3,50.85171333333333
2023,4,18,4,51.13308
2023,4,18,5,55.98784666666666
2023,4,18,6,71.19864333333334
2023,4,18,7,96.72204
2023,4,18,8,66.15754333333334
2023,4,18,9,33.305276666666664
2023,4,18,10,16.860069999999997
2023,4,18,11,8.769863333333333
2023,4,18,12,2.66354
2023,4,18,13,-0.4638266666666665
2023,4,18,14,-0.6445766666666662
2023,4,18,15,-0.9720933333333328
2023,4,18,16,1.2493433333333328
2023,4,18,17,7.87149
2023,4,18,18,40.75192333333333
2023,4,18,19,75.87303
2023,4,18,20,103.24244333333333
2023,4,18,21,103.33315666666664
2023,4,18,22,87.19636333333334
2023,4,18,23,75.52737333333333
2023,4,18,24,65.36998
2023,4,19,1,62.00320333333334
2023,4,19,2,59.68013
2023,4,19,3,57.67122333333333
2023,4,19,4,57.564076666666665
2023,4,19,5,64.08606333333334
2023,4,19,6,79.98895
2023,4,19,7,101.35265666666668
2023,4,19,8,58.12789333333333
2023,4,19,9,21.46005333333333
2023,4,19,10,13.015553333333337
2023,4,19,11,7.416076666666666
2023,4,19,12,3.7883333333333336
2023,4,19,13,0.2355033333333332
2023,4,19,14,-1.0655433333333342
2023,4,19,15,-2.644073333333333
2023,4,19,16,-1.266723333333334
2023,4,19,17,2.91476
2023,4,19,18,27.116686666666663
2023,4,19,19,72.59117666666667
2023,4,19,20,97.84356
2023,4,19,21,100.35030333333331
2023,4,19,22,82.83815666666668
2023,4,19,23,71.37824
2023,4,19,24,63.80517333333333
2023,4,20,1,63.75734666666667
2023,4,20,2,60.56367333333333
2023,4,20,3,58.84339666666667
2023,4,20,4,59.93205333333333
2023,4,20,5,63.14512666666667
2023,4,20,6,86.48980666666667
2023,4,20,7,103.85815666666667
2023,4,20,8,65.3213
2023,4,20,9,33.024316666666664
2023,4,20,10,17.128893333333334
2023,4,20,11,12.47276
2023,4,20,12,8.75628
2023,4,20,13,7.021986666666667
2023,4,20,14,6.036306666666666
2023,4,20,15,5.731076666666667
2023,4,20,16,7.072183333333334
2023,4,20,17,14.222436666666669
2023,4,20,18,38.15093
2023,4,20,19,84.16575666666667
2023,4,20,20,113.47823333333334
2023,4,20,21,110.40096
2023,4,20,22,94.41202333333332
2023,4,20,23,83.54386
2023,4,20,24,76.12091666666667
2023,4,21,1,64.07913666666667
2023,4,21,2,63.62914333333333
2023,4,21,3,63.153933333333335
2023,4,21,4,64.10501000000001
2023,4,21,5,74.00811333333333
2023,4,21,6,88.83201666666666
2023,4,21,7,108.60206
2023,4,21,8,64.57330666666667
2023,4,21,9,31.63222333333333
2023,4,21,10,20.17399333333333
2023,4,21,11,12.447193333333333
2023,4,21,12,15.40449
2023,4,21,13,14.498573333333333
2023,4,21,14,16.32453333333333
2023,4,21,15,16.910259999999997
2023,4,21,16,20.12427
2023,4,21,17,31.90159
2023,4,21,18,53.93937
2023,4,21,19,87.22550666666666
2023,4,21,20,107.18335
2023,4,21,21,108.05915666666664
2023,4,21,22,94.23614666666668
2023,4,21,23,85.04074333333334
2023,4,21,24,75.97162666666667
2023,4,22,1,67.2572
2023,4,22,2,63.10499
2023,4,22,3,60.202686666666665
2023,4,22,4,54.14891
2023,4,22,5,61.17988333333333
2023,4,22,6,64.63384
2023,4,22,7,65.55911666666667
2023,4,22,8,41.0494
2023,4,22,9,14.633996666666668
2023,4,22,10,9.63241
2023,4,22,11,4.531776666666667
2023,4,22,12,4.912296666666666
2023,4,22,13,6.0569
2023,4,22,14,8.276523333333333
2023,4,22,15,11.25534
2023,4,22,16,18.081126666666663
2023,4,22,17,30.690246666666667
2023,4,22,18,50.31289
2023,4,22,19,86.42048333333332
2023,4,22,20,99.05692666666666
2023,4,22,21,93.43414
2023,4,22,22,89.48970666666666
2023,4,22,23,75.34008
2023,4,22,24,68.09591333333333
2023,4,23,1,52.836693333333336
2023,4,23,2,50.93281666666667
2023,4,23,3,49.13374666666667
2023,4,23,4,48.37860666666666
2023,4,23,5,51.15698333333333
2023,4,23,6,54.09892
2023,4,23,7,51.09775
2023,4,23,8,30.123396666666665
2023,4,23,9,2.83859
2023,4,23,10,-4.423163333333333
2023,4,23,11,-5.412679999999999
2023,4,23,12,-6.143636666666667
2023,4,23,13,-6.780016666666668
2023,4,23,14,-6.908876666666667
2023,4,23,15,-6.42899
2023,4,23,16,-4.251243333333334
2023,4,23,17,2.9470233333333336
2023,4,23,18,28.713576666666665
2023,4,23,19,59.720643333333335
2023,4,23,20,78.89032333333334
2023,4,23,21,83.19310666666667
2023,4,23,22,68.74352666666667
2023,4,23,23,56.79888
2023,4,23,24,52.39372666666666
2023,4,24,1,48.38425
2023,4,24,2,46.13009333333333
2023,4,24,3,45.04063
2023,4,24,4,44.95993333333333
2023,4,24,5,48.40045666666666
2023,4,24,6,55.46283666666667
2023,4,24,7,72.47563666666667
2023,4,24,8,42.44758333333333
2023,4,24,9,14.03767
2023,4,24,10,8.252226666666667
2023,4,24,11,2.80493
2023,4,24,12,-0.4782233333333335
2023,4,24,13,-1.96868
2023,4,24,14,-2.8852166666666665
2023,4,24,15,-2.692766666666667
2023,4,24,16,-0.8705900000000001
2023,4,24,17,9.09651
2023,4,24,18,36.768013333333336
2023,4,24,19,66.42811
2023,4,24,20,92.41767666666664
2023,4,24,21,93.10509666666668
2023,4,24,22,78.84421666666667
2023,4,24,23,64.96162
2023,4,24,24,58.92648333333333
2023,4,25,1,56.776203333333335
2023,4,25,2,52.066406666666666
2023,4,25,3,51.20495666666667
2023,4,25,4,50.945510000000006
2023,4,25,5,50.801493333333326
2023,4,25,6,68.8012
2023,4,25,7,84.36218666666667
2023,4,25,8,56.54932333333333
2023,4,25,9,22.69720333333333
2023,4,25,10,12.589100000000002
2023,4,25,11,6.920146666666667
2023,4,25,12,3.394533333333333
2023,4,25,13,2.916313333333333
2023,4,25,14,3.790933333333333
2023,4,25,15,3.6266466666666655
2023,4,25,16,11.61691
2023,4,25,17,30.90213
2023,4,25,18,48.51311666666667
2023,4,25,19,85.64662333333332
2023,4,25,20,114.96254333333331
2023,4,25,21,113.44734666666666
2023,4,25,22,91.90922666666664
2023,4,25,23,80.58425666666666
2023,4,25,24,74.58350666666666
2023,4,26,1,71.16620666666667
2023,4,26,2,68.31644666666666
2023,4,26,3,65.66577
2023,4,26,4,63.24675333333334
2023,4,26,5,64.60617
2023,4,26,6,76.58431666666667
2023,4,26,7,84.97215
2023,4,26,8,51.80323666666667
2023,4,26,9,28.24328333333333
2023,4,26,10,18.69128333333333
2023,4,26,11,12.230906666666668
2023,4,26,12,9.026426666666667
2023,4,26,13,9.981026666666668
2023,4,26,14,18.86685333333333
2023,4,26,15,19.985133333333334
2023,4,26,16,25.76646333333333
2023,4,26,17,44.36024
2023,4,26,18,59.07647000000001
2023,4,26,19,86.84011666666667
2023,4,26,20,127.23572333333334
2023,4,26,21,132.68769333333333
2023,4,26,22,101.30438666666667
2023,4,26,23,81.63592333333334
2023,4,26,24,74.32844
2023,4,27,1,48.45682666666666
2023,4,27,2,46.65381666666667
2023,4,27,3,54.69678666666667
2023,4,27,4,53.10187333333334
2023,4,27,5,56.309536666666666
2023,4,27,6,69.84968333333335
2023,4,27,7,84.98466333333334
2023,4,27,8,59.316093333333335
2023,4,27,9,35.33713
2023,4,27,10,21.97526
2023,4,27,11,17.040026666666666
2023,4,27,12,15.715746666666668
2023,4,27,13,18.8739
2023,4,27,14,23.661453333333338
2023,4,27,15,29.727806666666662
2023,4,27,16,40.16571666666667
2023,4,27,17,55.430353333333336
2023,4,27,18,75.44793
2023,4,27,19,117.99657666666668
2023,4,27,20,189.28956
2023,4,27,21,162.53278
2023,4,27,22,98.88374
2023,4,27,23,75.63837
2023,4,27,24,69.3382
2023,4,28,1,59.14382333333333
2023,4,28,2,51.75127666666666
2023,4,28,3,49.39211333333333
2023,4,28,4,48.11326
2023,4,28,5,50.29413
2023,4,28,6,59.74095
2023,4,28,7,75.83682666666665
2023,4,28,8,47.90405333333333
2023,4,28,9,27.97657666666667
2023,4,28,10,18.368366666666667
2023,4,28,11,15.259533333333332
2023,4,28,12,16.57621
2023,4,28,13,16.62582
2023,4,28,14,21.761466666666667
2023,4,28,15,28.026036666666663
2023,4,28,16,36.29061333333333
2023,4,28,17,48.24308
2023,4,28,18,68.81704333333333
2023,4,28,19,100.29920333333332
2023,4,28,20,166.06517333333332
2023,4,28,21,121.43807666666667
2023,4,28,22,92.48582
2023,4,28,23,78.04651333333334
2023,4,28,24,67.31123666666666
2023,4,29,1,55.78550666666666
2023,4,29,2,51.044646666666665
2023,4,29,3,47.310766666666666
2023,4,29,4,47.55292
2023,4,29,5,47.33203
2023,4,29,6,51.44882333333334
2023,4,29,7,50.92394333333333
2023,4,29,8,34.92799333333333
2023,4,29,9,13.59031
2023,4,29,10,5.13511
2023,4,29,11,1.386013333333333
2023,4,29,12,1.35989
2023,4,29,13,2.4062
2023,4,29,14,6.567923333333333
2023,4,29,15,14.934773333333334
2023,4,29,16,24.248883333333332
2023,4,29,17,35.09943666666667
2023,4,29,18,55.07732333333333
2023,4,29,19,80.48452666666667
2023,4,29,20,104.56103666666668
2023,4,29,21,84.37581999999999
2023,4,29,22,70.44398
2023,4,29,23,62.24487666666667
2023,4,29,24,50.671686666666666
2023,5,1,1,28.49817333333333
2023,5,1,2,28.52272333333333
2023,5,1,3,27.33256
2023,5,1,4,25.91481
2023,5,1,5,29.691936666666667
2023,5,1,6,39.86304333333334
2023,5,1,7,57.46190666666666
2023,5,1,8,35.11123666666666
2023,5,1,9,19.023876666666663
2023,5,1,10,11.242893333333331
2023,5,1,11,5.073113333333333
2023,5,1,12,3.226423333333333
2023,5,1,13,1.3510766666666667
2023,5,1,14,3.01139
2023,5,1,15,2.765416666666667
2023,5,1,16,7.26415
2023,5,1,17,15.44692
2023,5,1,18,34.13925
2023,5,1,19,51.48941666666667
2023,5,1,20,70.52710333333333
2023,5,1,21,71.65332333333333
2023,5,1,22,57.38808
2023,5,1,23,49.02795333333333
2023,5,1,24,43.03130333333333
2023,5,2,1,35.33955666666667
2023,5,2,2,34.66090333333333
2023,5,2,3,34.44699333333333
2023,5,2,4,34.41186666666667
2023,5,2,5,37.65969666666667
2023,5,2,6,49.12116
2023,5,2,7,67.04102999999999
2023,5,2,8,45.43626666666666
2023,5,2,9,38.13207666666667
2023,5,2,10,31.43707
2023,5,2,11,26.38709
2023,5,2,12,20.70958
2023,5,2,13,15.381036666666668
2023,5,2,14,13.905416666666666
2023,5,2,15,13.41075
2023,5,2,16,13.166513333333333
2023,5,2,17,22.274923333333334
2023,5,2,18,37.94687
2023,5,2,19,50.54809
2023,5,2,20,61.03076333333334
2023,5,2,21,71.90568
2023,5,2,22,60.837183333333336
2023,5,2,23,47.76202333333333
2023,5,2,24,44.28884666666666
2023,5,3,1,39.685026666666666
2023,5,3,2,35.85507666666667
2023,5,3,3,33.144569999999995
2023,5,3,4,30.74437
2023,5,3,5,34.746633333333335
2023,5,3,6,52.10797333333333
2023,5,3,7,58.44781666666668
2023,5,3,8,40.62372
2023,5,3,9,30.565466666666666
2023,5,3,10,27.0148
2023,5,3,11,19.802376666666667
2023,5,3,12,15.45952
2023,5,3,13,12.581636666666666
2023,5,3,14,9.793786666666668
2023,5,3,15,10.88394
2023,5,3,16,15.605003333333334
2023,5,3,17,24.066593333333334
2023,5,3,18,36.43390333333333
2023,5,3,19,46.468790000000006
2023,5,3,20,59.74478
2023,5,3,21,64.61932333333333
2023,5,3,22,55.33121666666667
2023,5,3,23,43.02627666666667
2023,5,3,24,37.4937
2023,5,4,1,27.193646666666663
2023,5,4,2,25.247663333333332
2023,5,4,3,23.8906
2023,5,4,4,23.897703333333336
2023,5,4,5,26.39947666666667
2023,5,4,6,38.60985
2023,5,4,7,43.19622
2023,5,4,8,32.15056666666667
2023,5,4,9,20.10576
2023,5,4,10,20.27480333333333
2023,5,4,11,14.730976666666669
2023,5,4,12,10.2578
2023,5,4,13,4.802033333333333
2023,5,4,14,2.371966666666667
2023,5,4,15,2.0496366666666668
2023,5,4,16,4.54625
2023,5,4,17,8.983873333333333
2023,5,4,18,22.96529
2023,5,4,19,31.49303666666667
2023,5,4,20,41.70592333333334
2023,5,4,21,47.35996666666667
2023,5,4,22,40.93129666666667
2023,5,4,23,34.31199
2023,5,4,24,30.362593333333336
2023,5,5,1,22.42014333333333
2023,5,5,2,20.07314
2023,5,5,3,19.409476666666663
2023,5,5,4,19.6936
2023,5,5,5,21.794706666666663
2023,5,5,6,32.647870000000005
2023,5,5,7,35.15742
2023,5,5,8,21.80132333333333
2023,5,5,9,11.711063333333334
2023,5,5,10,7.96396
2023,5,5,11,0.1109566666666666
2023,5,5,12,-0.7878233333333333
2023,5,5,13,-4.287203333333333
2023,5,5,14,-5.319576666666666
2023,5,5,15,-4.924323333333334
2023,5,5,16,-1.3528466666666663
2023,5,5,17,0.4957533333333333
2023,5,5,18,11.182446666666666
2023,5,5,19,25.80571666666667
2023,5,5,20,36.522396666666666
2023,5,5,21,43.34492333333333
2023,5,5,22,37.63304
2023,5,5,23,29.27680666666667
2023,5,5,24,26.95439333333333
2023,5,6,1,18.881466666666665
2023,5,6,2,16.958353333333335
2023,5,6,3,15.634626666666668
2023,5,6,4,16.399836666666666
2023,5,6,5,17.75641
2023,5,6,6,21.32779
2023,5,6,7,19.20855333333333
2023,5,6,8,5.005603333333333
2023,5,6,9,-0.7531100000000001
2023,5,6,10,-6.556106666666667
2023,5,6,11,-10.491573333333331
2023,5,6,12,-12.289246666666664
2023,5,6,13,-13.242236666666663
2023,5,6,14,-13.187793333333332
2023,5,6,15,-13.240233333333334
2023,5,6,16,-12.409673333333332
2023,5,6,17,-6.5742433333333326
2023,5,6,18,-0.00363
2023,5,6,19,15.352713333333334
2023,5,6,20,30.624323333333333
2023,5,6,21,35.793573333333335
2023,5,6,22,30.853616666666667
2023,5,6,23,24.72343
2023,5,6,24,21.089266666666663
2023,5,7,1,11.45611
2023,5,7,2,10.796783333333332
2023,5,7,3,9.648773333333333
2023,5,7,4,8.225156666666667
2023,5,7,5,6.927316666666667
2023,5,7,6,9.23754
2023,5,7,7,5.721636666666666
2023,5,7,8,0.0
2023,5,7,9,-11.942153333333332
2023,5,7,10,-14.123716666666668
2023,5,7,11,-14.57867
2023,5,7,12,-16.176846666666666
2023,5,7,13,-18.25489333333333
2023,5,7,14,-18.51553
2023,5,7,15,-18.59480333333333
2023,5,7,16,-16.308036666666666
2023,5,7,17,-13.084153333333331
2023,5,7,18,-6.956346666666666
2023,5,7,19,13.783236666666667
2023,5,7,20,29.09526
2023,5,7,21,35.34545666666667
2023,5,7,22,29.284773333333334
2023,5,7,23,20.662406666666666
2023,5,7,24,18.22655333333333
2023,5,8,1,15.920603333333334
2023,5,8,2,13.923376666666668
2023,5,8,3,12.364726666666668
2023,5,8,4,12.34355
2023,5,8,5,15.116806666666667
2023,5,8,6,20.408033333333336
2023,5,8,7,29.511866666666663
2023,5,8,8,10.229976666666667
2023,5,8,9,0.4946700000000001
2023,5,8,10,-4.29824
2023,5,8,11,-7.177273333333333
2023,5,8,12,-7.578636666666667
2023,5,8,13,-9.39601
2023,5,8,14,-9.971843333333334
2023,5,8,15,-10.37864
2023,5,8,16,-8.443476666666667
2023,5,8,17,-2.79621
2023,5,8,18,3.6050233333333335
2023,5,8,19,27.256056666666662
2023,5,8,20,44.44426000000001
2023,5,8,21,49.13431
2023,5,8,22,37.98558333333333
2023,5,8,23,26.91993
2023,5,8,24,21.71018666666667
2023,5,9,1,15.777903333333333
2023,5,9,2,15.523269999999998
2023,5,9,3,13.550983333333336
2023,5,9,4,13.564223333333333
2023,5,9,5,15.400673333333332
2023,5,9,6,27.351536666666664
2023,5,9,7,30.444126666666666
2023,5,9,8,13.579086666666669
2023,5,9,9,6.938033333333333
2023,5,9,10,2.66508
2023,5,9,11,1.0623066666666667
2023,5,9,12,-0.8770099999999998
2023,5,9,13,-2.4087
2023,5,9,14,-2.237133333333333
2023,5,9,15,-2.616163333333333
2023,5,9,16,-0.7811466666666668
2023,5,9,17,1.2062333333333333
2023,5,9,18,12.763226666666668
2023,5,9,19,30.084060000000004
2023,5,9,20,41.90920333333333
2023,5,9,21,46.57255666666666
2023,5,9,22,38.01030333333333
2023,5,9,23,29.51901666666667
2023,5,9,24,23.25253
2023,5,10,1,11.284953333333334
2023,5,10,2,11.105996666666668
2023,5,10,3,9.82929
2023,5,10,4,10.15352
2023,5,10,5,11.215866666666663
2023,5,10,6,17.516673333333333
2023,5,10,7,24.99039
2023,5,10,8,7.474433333333334
2023,5,10,9,-3.951403333333333
2023,5,10,10,-8.098403333333334
2023,5,10,11,-8.76761
2023,5,10,12,-9.10891
2023,5,10,13,-9.42281
2023,5,10,14,-9.379426666666667
2023,5,10,15,-9.77762
2023,5,10,16,-10.291893333333332
2023,5,10,17,-7.84514
2023,5,10,18,0.4819466666666667
2023,5,10,19,23.757786666666664
2023,5,10,20,42.223486666666666
2023,5,10,21,47.84571
2023,5,10,22,37.05688666666666
2023,5,10,23,23.77878
2023,5,10,24,17.697506666666666
2023,5,11,1,8.925413333333333
2023,5,11,2,6.862310000000001
2023,5,11,3,6.37737
2023,5,11,4,6.856153333333334
2023,5,11,5,10.02163
2023,5,11,6,17.556903333333334
2023,5,11,7,24.546366666666668
2023,5,11,8,6.513459999999999
2023,5,11,9,-0.7564833333333333
2023,5,11,10,-4.414373333333334
2023,5,11,11,-5.611153333333333
2023,5,11,12,-8.640673333333334
2023,5,11,13,-9.497386666666666
2023,5,11,14,-7.753923333333333
2023,5,11,15,-5.300586666666667
2023,5,11,16,-4.027123333333333
2023,5,11,17,0.0428333333333333
2023,5,11,18,9.39949
2023,5,11,19,29.15997333333333
2023,5,11,20,44.77644333333333
2023,5,11,21,49.10833333333333
2023,5,11,22,38.85891333333333
2023,5,11,23,27.776726666666665
2023,5,11,24,19.688256666666664
2023,5,12,1,13.832859999999998
2023,5,12,2,12.05703
2023,5,12,3,11.95949
2023,5,12,4,14.09411
2023,5,12,5,18.596306666666667
2023,5,12,6,28.91649333333333
2023,5,12,7,31.437856666666665
2023,5,12,8,13.701753333333334
2023,5,12,9,0.92036
2023,5,12,10,-0.7051933333333333
2023,5,12,11,-0.6690900000000001
2023,5,12,12,-0.3116233333333333
2023,5,12,13,-0.695
2023,5,12,14,0.30663
2023,5,12,15,0.6647966666666667
2023,5,12,16,3.84484
2023,5,12,17,9.84363
2023,5,12,18,21.03632333333333
2023,5,12,19,38.14688666666667
2023,5,12,20,56.42822666666667
2023,5,12,21,54.48444
2023,5,12,22,40.610866666666666
2023,5,12,23,26.796323333333333
2023,5,12,24,21.11844
2023,5,13,1,20.475786666666668
2023,5,13,2,16.689096666666668
2023,5,13,3,14.85062
2023,5,13,4,16.801346666666667
2023,5,13,5,20.24409
2023,5,13,6,24.310166666666664
2023,5,13,7,20.07889
2023,5,13,8,1.4424766666666666
2023,5,13,9,-4.898036666666667
2023,5,13,10,-7.439393333333334
2023,5,13,11,-10.256733333333337
2023,5,13,12,-10.084396666666668
2023,5,13,13,-9.93252
2023,5,13,14,-6.379216666666667
2023,5,13,15,-3.34534
2023,5,13,16,0.0726833333333333
2023,5,13,17,3.887256666666667
2023,5,13,18,21.25768
2023,5,13,19,42.06602
2023,5,13,20,61.19034333333334
2023,5,13,21,55.57123333333333
2023,5,13,22,42.76770666666667
2023,5,13,23,37.62228
2023,5,13,24,27.935066666666668
2023,5,14,1,19.647133333333333
2023,5,14,2,16.238496666666666
2023,5,14,3,14.87577
2023,5,14,4,14.616333333333335
2023,5,14,5,15.309456666666668
2023,5,14,6,14.513266666666668
2023,5,14,7,12.53501
2023,5,14,8,-0.5026033333333334
2023,5,14,9,-11.72041
2023,5,14,10,-12.4825
2023,5,14,11,-13.068503333333334
2023,5,14,12,-13.089303333333334
2023,5,14,13,-13.041536666666667
2023,5,14,14,-12.81965
2023,5,14,15,-10.795383333333334
2023,5,14,16,-3.0023366666666664
2023,5,14,17,0.6898166666666666
2023,5,14,18,14.285023333333331
2023,5,14,19,39.31629333333333
2023,5,14,20,60.51643666666666
2023,5,14,21,56.60352
2023,5,14,22,40.06100333333333
2023,5,14,23,29.52267
2023,5,14,24,21.190206666666665
2023,5,15,1,25.290503333333334
2023,5,15,2,22.147926666666667
2023,5,15,3,20.963876666666668
2023,5,15,4,20.99324
2023,5,15,5,25.14873
2023,5,15,6,34.84937
2023,5,15,7,42.266960000000005
2023,5,15,8,21.06709
2023,5,15,9,9.368606666666668
2023,5,15,10,7.754316666666667
2023,5,15,11,5.26029
2023,5,15,12,8.571103333333333
2023,5,15,13,9.47125
2023,5,15,14,13.842383333333332
2023,5,15,15,17.985413333333334
2023,5,15,16,23.111183333333333
2023,5,15,17,33.473106666666666
2023,5,15,18,45.79530666666667
2023,5,15,19,57.74744333333333
2023,5,15,20,99.71448
2023,5,15,21,88.29789666666666
2023,5,15,22,52.20595666666667
2023,5,15,23,40.29963333333333
2023,5,15,24,35.39964666666666
2023,5,16,1,31.08451
2023,5,16,2,27.97833333333333
2023,5,16,3,26.73826
2023,5,16,4,23.772876666666665
2023,5,16,5,27.380346666666668
2023,5,16,6,36.09103
2023,5,16,7,40.52241
2023,5,16,8,26.189436666666666
2023,5,16,9,13.656563333333333
2023,5,16,10,12.30869
2023,5,16,11,8.465583333333333
2023,5,16,12,8.431486666666666
2023,5,16,13,10.159563333333333
2023,5,16,14,14.30728
2023,5,16,15,19.01256
2023,5,16,16,26.08447333333333
2023,5,16,17,31.361136666666667
2023,5,16,18,38.91451
2023,5,16,19,56.94160333333334
2023,5,16,20,96.25846
2023,5,16,21,83.20642
2023,5,16,22,49.46733333333333
2023,5,16,23,39.48325
2023,5,16,24,36.52762333333334
2023,5,17,1,30.34522
2023,5,17,2,24.590756666666664
2023,5,17,3,23.44878333333333
2023,5,17,4,23.236906666666663
2023,5,17,5,26.084526666666665
2023,5,17,6,34.23584
2023,5,17,7,38.59472
2023,5,17,8,23.733633333333334
2023,5,17,9,11.743743333333333
2023,5,17,10,8.781763333333332
2023,5,17,11,5.675253333333333
2023,5,17,12,6.483326666666667
2023,5,17,13,8.020896666666667
2023,5,17,14,12.6456
2023,5,17,15,17.37764
2023,5,17,16,26.578006666666667
2023,5,17,17,29.671333333333337
2023,5,17,18,38.10518
2023,5,17,19,51.82925333333333
2023,5,17,20,85.17097666666668
2023,5,17,21,73.91535666666665
2023,5,17,22,50.03706333333333
2023,5,17,23,38.34314
2023,5,17,24,30.471983333333338
2023,5,18,1,26.23986333333333
2023,5,18,2,21.715416666666663
2023,5,18,3,21.630936666666667
2023,5,18,4,20.41890666666667
2023,5,18,5,21.34569666666667
2023,5,18,6,31.597056666666663
2023,5,18,7,34.56351
2023,5,18,8,18.391013333333333
2023,5,18,9,10.040246666666668
2023,5,18,10,5.085143333333334
2023,5,18,11,1.6443233333333331
2023,5,18,12,1.9966
2023,5,18,13,3.3024166666666672
2023,5,18,14,5.083583333333333
2023,5,18,15,8.36329
2023,5,18,16,14.313456666666667
2023,5,18,17,19.92805333333333
2023,5,18,18,29.838743333333337
2023,5,18,19,45.16034333333334
2023,5,18,20,71.45274666666667
2023,5,18,21,65.99759666666667
2023,5,18,22,45.85025666666667
2023,5,18,23,31.996656666666667
2023,5,18,24,26.77603333333333
2023,5,19,1,20.157436666666666
2023,5,19,2,19.55527333333333
2023,5,19,3,16.924333333333333
2023,5,19,4,14.84533
2023,5,19,5,19.57711
2023,5,19,6,29.50602
2023,5,19,7,28.65935
2023,5,19,8,14.986293333333334
2023,5,19,9,5.65632
2023,5,19,10,3.7952433333333335
2023,5,19,11,2.527543333333333
2023,5,19,12,0.6755766666666667
2023,5,19,13,1.1655133333333334
2023,5,19,14,2.491163333333333
2023,5,19,15,3.748396666666667
2023,5,19,16,9.292796666666668
2023,5,19,17,14.193663333333332
2023,5,19,18,25.39189333333333
2023,5,19,19,36.74633333333333
2023,5,19,20,51.041223333333335
2023,5,19,21,45.60384
2023,5,19,22,38.79928666666667
2023,5,19,23,33.30617
2023,5,19,24,27.57642
2023,5,20,1,20.210496666666668
2023,5,20,2,19.60489
2023,5,20,3,20.66
2023,5,20,4,19.25979
2023,5,20,5,21.42161
2023,5,20,6,22.89506333333333
2023,5,20,7,14.843856666666667
2023,5,20,8,1.39878
2023,5,20,9,-0.07073
2023,5,20,10,-0.0011566666666666
2023,5,20,11,-0.0001
2023,5,20,12,-0.9029433333333332
2023,5,20,13,-2.362276666666667
2023,5,20,14,-1.2340933333333333
2023,5,20,15,0.0
2023,5,20,16,0.2069633333333333
2023,5,20,17,2.98793
2023,5,20,18,18.96746333333333
2023,5,20,19,31.22284
2023,5,20,20,45.87113333333334
2023,5,20,21,41.781803333333336
2023,5,20,22,38.480446666666666
2023,5,20,23,30.38871333333333
2023,5,20,24,26.52284
2023,5,21,1,18.44725333333333
2023,5,21,2,18.558823333333333
2023,5,21,3,16.683980000000002
2023,5,21,4,15.42409
2023,5,21,5,16.17133
2023,5,21,6,17.877476666666666
2023,5,21,7,10.02333
2023,5,21,8,0.0
2023,5,21,9,-5.136033333333334
2023,5,21,10,-8.859223333333333
2023,5,21,11,-9.842756666666666
2023,5,21,12,-10.555123333333333
2023,5,21,13,-10.17517
2023,5,21,14,-8.337156666666667
2023,5,21,15,-6.113906666666668
2023,5,21,16,-2.37787
2023,5,21,17,0.0709166666666666
2023,5,21,18,15.480643333333331
2023,5,21,19,29.88189
2023,5,21,20,48.88745333333333
2023,5,21,21,46.39745
2023,5,21,22,38.739446666666666
2023,5,21,23,30.51702333333333
2023,5,21,24,27.574246666666667
2023,5,22,1,22.02904666666667
2023,5,22,2,17.622186666666668
2023,5,22,3,16.01433666666667
2023,5,22,4,15.914203333333331
2023,5,22,5,18.74545
2023,5,22,6,29.49573333333333
2023,5,22,7,27.55636
2023,5,22,8,12.43413
2023,5,22,9,2.646653333333333
2023,5,22,10,-0.3421766666666667
2023,5,22,11,-0.4869866666666667
2023,5,22,12,-0.5193533333333334
2023,5,22,13,-1.8276433333333333
2023,5,22,14,0.6787833333333332
2023,5,22,15,1.3709
2023,5,22,16,4.346793333333333
2023,5,22,17,9.64568
2023,5,22,18,25.33387666666667
2023,5,22,19,43.201773333333335
2023,5,22,20,68.09774
2023,5,22,21,62.55628333333333
2023,5,22,22,41.54353666666667
2023,5,22,23,37.62002666666667
2023,5,22,24,28.954526666666663
2023,5,23,1,28.468376666666668
2023,5,23,2,24.951083333333333
2023,5,23,3,23.70687333333333
2023,5,23,4,21.87264
2023,5,23,5,25.367086666666665
2023,5,23,6,32.898230000000005
2023,5,23,7,34.4882
2023,5,23,8,24.77629
2023,5,23,9,11.51355
2023,5,23,10,8.941676666666668
2023,5,23,11,6.485363333333333
2023,5,23,12,4.84499
2023,5,23,13,3.065433333333333
2023,5,23,14,2.7006533333333334
2023,5,23,15,3.7900166666666655
2023,5,23,16,6.64358
2023,5,23,17,10.812443333333334
2023,5,23,18,23.63623
2023,5,23,19,41.96604
2023,5,23,20,62.2148
2023,5,23,21,62.30970666666667
2023,5,23,22,48.07308
2023,5,23,23,38.80330666666666
2023,5,23,24,30.525166666666667
2023,5,24,1,28.791706666666663
2023,5,24,2,25.638066666666663
2023,5,24,3,23.98178
2023,5,24,4,22.56292666666667
2023,5,24,5,24.88132
2023,5,24,6,40.10819666666666
2023,5,24,7,34.27514333333334
2023,5,24,8,24.62736
2023,5,24,9,8.832953333333334
2023,5,24,10,5.1934933333333335
2023,5,24,11,3.398656666666666
2023,5,24,12,0.6177866666666666
2023,5,24,13,0.6327833333333334
2023,5,24,14,0.5428566666666667
2023,5,24,15,1.4666033333333337
2023,5,24,16,4.81205
2023,5,24,17,7.997193333333333
2023,5,24,18,24.04516666666667
2023,5,24,19,44.18833
2023,5,24,20,61.96215333333333
2023,5,24,21,64.52037666666666
2023,5,24,22,48.144466666666666
2023,5,24,23,33.788306666666664
2023,5,24,24,28.15927333333333
2023,5,25,1,22.84309333333333
2023,5,25,2,20.38816333333333
2023,5,25,3,17.45076
2023,5,25,4,17.018086666666665
2023,5,25,5,19.26219333333333
2023,5,25,6,30.37904333333333
2023,5,25,7,37.73413666666666
2023,5,25,8,24.42615333333333
2023,5,25,9,7.812943333333333
2023,5,25,10,4.446173333333333
2023,5,25,11,1.1350866666666668
2023,5,25,12,0.34971
2023,5,25,13,0.7222533333333333
2023,5,25,14,0.4297366666666666
2023,5,25,15,0.5401666666666667
2023,5,25,16,1.6486
2023,5,25,17,4.7738933333333335
2023,5,25,18,17.44203
2023,5,25,19,36.64600333333333
2023,5,25,20,53.02733333333333
2023,5,25,21,52.675893333333335
2023,5,25,22,41.52103333333333
2023,5,25,23,29.88010333333333
2023,5,25,24,26.3777
2023,5,26,1,18.256476666666668
2023,5,26,2,14.58573
2023,5,26,3,13.536300000000002
2023,5,26,4,13.232740000000002
2023,5,26,5,14.314713333333332
2023,5,26,6,24.291376666666668
2023,5,26,7,30.054510000000004
2023,5,26,8,16.580103333333334
2023,5,26,9,6.37482
2023,5,26,10,0.6698666666666666
2023,5,26,11,-0.5141166666666667
2023,5,26,12,-2.1257433333333333
2023,5,26,13,-2.4349966666666667
2023,5,26,14,-1.9783
2023,5,26,15,-2.2112633333333336
2023,5,26,16,-0.9139666666666668
2023,5,26,17,-0.0127133333333332
2023,5,26,18,8.17414
2023,5,26,19,28.600286666666666
2023,5,26,20,43.738886666666666
2023,5,26,21,44.99691666666666
2023,5,26,22,38.371226666666665
2023,5,26,23,26.352996666666662
2023,5,26,24,20.93721
2023,5,27,1,15.967506666666669
2023,5,27,2,13.22761
2023,5,27,3,12.97372
2023,5,27,4,10.156856666666668
2023,5,27,5,11.40646
2023,5,27,6,12.80346
2023,5,27,7,8.11969
2023,5,27,8,-0.5026466666666667
2023,5,27,9,-10.709496666666666
2023,5,27,10,-12.160826666666669
2023,5,27,11,-12.12448
2023,5,27,12,-12.19644
2023,5,27,13,-14.285173333333333
2023,5,27,14,-13.49257
2023,5,27,15,-12.6319
2023,5,27,16,-12.284723333333332
2023,5,27,17,-8.628906666666666
2023,5,27,18,-1.2105266666666668
2023,5,27,19,16.03449
2023,5,27,20,32.77041333333333
2023,5,27,21,36.74214
2023,5,27,22,29.25854
2023,5,27,23,21.625086666666665
2023,5,27,24,16.323310000000003
2023,5,28,1,11.797473333333334
2023,5,28,2,10.377416666666669
2023,5,28,3,10.437426666666669
2023,5,28,4,9.694226666666667
2023,5,28,5,9.709563333333334
2023,5,28,6,9.576236666666668
2023,5,28,7,5.063523333333333
2023,5,28,8,-2.095506666666666
2023,5,28,9,-11.165653333333331
2023,5,28,10,-12.318486666666669
2023,5,28,11,-12.970086666666669
2023,5,28,12,-12.961883333333333
2023,5,28,13,-13.013836666666668
2023,5,28,14,-13.03768
2023,5,28,15,-13.315356666666666
2023,5,28,16,-12.94148
2023,5,28,17,-10.682736666666663
2023,5,28,18,-0.0426233333333333
2023,5,28,19,16.564603333333334
2023,5,28,20,30.544480000000004
2023,5,28,21,33.65914333333333
2023,5,28,22,26.49000666666667
2023,5,28,23,19.00861
2023,5,28,24,15.706496666666666
2023,5,29,1,21.34942666666667
2023,5,29,2,18.56645
2023,5,29,3,16.99309
2023,5,29,4,16.38942666666667
2023,5,29,5,16.955516666666668
2023,5,29,6,18.494856666666667
2023,5,29,7,13.126606666666666
2023,5,29,8,0.0273066666666666
2023,5,29,9,-3.0602700000000005
2023,5,29,10,-7.527290000000001
2023,5,29,11,-10.44565
2023,5,29,12,-10.89691
2023,5,29,13,-11.487230000000002
2023,5,29,14,-11.562643333333334
2023,5,29,15,-11.612103333333332
2023,5,29,16,-10.93871
2023,5,29,17,-4.161816666666667
2023,5,29,18,1.1405066666666668
2023,5,29,19,24.99046333333333
2023,5,29,20,34.02715
2023,5,29,21,37.48624333333333
2023,5,29,22,29.220636666666667
2023,5,29,23,27.06323
2023,5,29,24,21.43789333333333
2023,5,30,1,18.711043333333333
2023,5,30,2,16.172856666666668
2023,5,30,3,15.91374
2023,5,30,4,15.933693333333332
2023,5,30,5,17.66293333333333
2023,5,30,6,21.3213
2023,5,30,7,25.37414
2023,5,30,8,14.892793333333332
2023,5,30,9,6.391073333333334
2023,5,30,10,4.155316666666667
2023,5,30,11,3.035933333333333
2023,5,30,12,2.3920933333333334
2023,5,30,13,2.345466666666667
2023,5,30,14,2.5056733333333336
2023,5,30,15,2.1192366666666667
2023,5,30,16,2.3976566666666668
2023,5,30,17,4.535096666666667
2023,5,30,18,15.991846666666667
2023,5,30,19,25.84831
2023,5,30,20,40.27052666666666
2023,5,30,21,42.39864
2023,5,30,22,33.17612666666667
2023,5,30,23,25.88816333333333
2023,5,30,24,20.75855333333333
2023,6,1,1,28.61776
2023,6,1,2,27.44157
2023,6,1,3,25.50155
2023,6,1,4,25.86852
2023,6,1,5,29.44628
2023,6,1,6,35.62867
2023,6,1,7,35.4553
2023,6,1,8,21.602016666666668
2023,6,1,9,8.83667
2023,6,1,10,6.532816666666666
2023,6,1,11,6.149596666666667
2023,6,1,12,5.822536666666667
2023,6,1,13,5.7974266666666665
2023,6,1,14,5.68428
2023,6,1,15,6.27096
2023,6,1,16,6.288546666666666
2023,6,1,17,9.278443333333334
2023,6,1,18,21.188076666666664
2023,6,1,19,36.27023666666667
2023,6,1,20,47.77202333333333
2023,6,1,21,50.67710666666667
2023,6,1,22,41.92525333333333
2023,6,1,23,35.10319333333333
2023,6,1,24,28.14299
2023,6,2,1,27.648623333333333
2023,6,2,2,25.802386666666667
2023,6,2,3,24.616756666666664
2023,6,2,4,25.33494333333333
2023,6,2,5,27.92317333333333
2023,6,2,6,35.824513333333336
2023,6,2,7,27.68023
2023,6,2,8,15.52169
2023,6,2,9,6.803276666666666
2023,6,2,10,4.029763333333333
2023,6,2,11,2.975516666666667
2023,6,2,12,3.1809133333333333
2023,6,2,13,2.5155566666666664
2023,6,2,14,2.972846666666667
2023,6,2,15,4.364896666666667
2023,6,2,16,4.702156666666666
2023,6,2,17,9.064103333333334
2023,6,2,18,15.858003333333334
2023,6,2,19,36.29592
2023,6,2,20,43.61832999999999
2023,6,2,21,47.141243333333335
2023,6,2,22,37.079616666666666
2023,6,2,23,36.13322
2023,6,2,24,33.15139
2023,6,3,1,28.64559333333333
2023,6,3,2,27.47909333333333
2023,6,3,3,26.65479
2023,6,3,4,26.623783333333336
2023,6,3,5,27.54768
2023,6,3,6,31.16472333333333
2023,6,3,7,24.543566666666667
2023,6,3,8,5.301596666666667
2023,6,3,9,-0.18599
2023,6,3,10,-0.5551966666666667
2023,6,3,11,-0.8164700000000001
2023,6,3,12,-0.6583733333333334
2023,6,3,13,-0.9695333333333332
2023,6,3,14,-0.3166966666666666
2023,6,3,15,1.5487666666666666
2023,6,3,16,6.016746666666667
2023,6,3,17,9.057303333333332
2023,6,3,18,21.89059333333333
2023,6,3,19,33.87985
2023,6,3,20,48.28995333333334
2023,6,3,21,47.05683666666667
2023,6,3,22,37.53602333333333
2023,6,3,23,33.89422
2023,6,3,24,31.42447
2023,6,4,1,28.07496
2023,6,4,2,28.12910666666667
2023,6,4,3,27.55655
2023,6,4,4,27.51722333333333
2023,6,4,5,27.885583333333333
2023,6,4,6,30.08401333333333
2023,6,4,7,25.846753333333336
2023,6,4,8,7.841083333333334
2023,6,4,9,2.6588166666666666
2023,6,4,10,2.77577
2023,6,4,11,2.9218166666666665
2023,6,4,12,3.281683333333333
2023,6,4,13,2.53847
2023,6,4,14,4.053903333333333
2023,6,4,15,6.806543333333333
2023,6,4,16,13.740050000000002
2023,6,4,17,20.852866666666667
2023,6,4,18,30.48163666666667
2023,6,4,19,39.26133333333333
2023,6,4,20,59.773653333333336
2023,6,4,21,55.51394333333334
2023,6,4,22,43.910516666666666
2023,6,4,23,37.07907333333333
2023,6,4,24,34.045656666666666
2023,6,5,1,29.41831666666667
2023,6,5,2,27.52594
2023,6,5,3,27.65413666666667
2023,6,5,4,27.52177333333333
2023,6,5,5,30.09155
2023,6,5,6,36.02261333333333
2023,6,5,7,41.70642333333333
2023,6,5,8,28.47329666666667
2023,6,5,9,21.97641
2023,6,5,10,20.874436666666664
2023,6,5,11,20.65691
2023,6,5,12,19.91935
2023,6,5,13,20.19769
2023,6,5,14,21.292596666666668
2023,6,5,15,20.427913333333333
2023,6,5,16,21.95394
2023,6,5,17,26.05658333333333
2023,6,5,18,34.67879666666666
2023,6,5,19,46.57021
2023,6,5,20,58.605286666666665
2023,6,5,21,55.98933333333334
2023,6,5,22,42.48648333333333
2023,6,5,23,36.76975
2023,6,5,24,33.119886666666666
2023,6,6,1,38.80760333333333
2023,6,6,2,36.94193
2023,6,6,3,33.71599
2023,6,6,4,33.10207333333333
2023,6,6,5,34.7299
2023,6,6,6,40.349536666666665
2023,6,6,7,46.14332666666667
2023,6,6,8,34.72891666666667
2023,6,6,9,30.008106666666663
2023,6,6,10,25.55737333333333
2023,6,6,11,23.50126333333333
2023,6,6,12,22.02017
2023,6,6,13,21.221666666666668
2023,6,6,14,21.249436666666668
2023,6,6,15,23.93171666666667
2023,6,6,16,26.14031
2023,6,6,17,28.59095333333333
2023,6,6,18,37.97341666666667
2023,6,6,19,47.344
2023,6,6,20,60.51063
2023,6,6,21,59.99877333333333
2023,6,6,22,51.61552666666668
2023,6,6,23,41.20701666666667
2023,6,6,24,38.79035666666667
2023,6,7,1,37.18049333333333
2023,6,7,2,35.24069333333333
2023,6,7,3,33.92594
2023,6,7,4,33.488643333333336
2023,6,7,5,34.29416
2023,6,7,6,38.46686666666667
2023,6,7,7,44.34166
2023,6,7,8,36.57672333333333
2023,6,7,9,31.384686666666667
2023,6,7,10,28.718116666666663
2023,6,7,11,27.75401666666667
2023,6,7,12,25.54732
2023,6,7,13,23.66115333333333
2023,6,7,14,24.42087666666667
2023,6,7,15,26.982433333333333
2023,6,7,16,28.20290333333333
2023,6,7,17,30.820756666666668
2023,6,7,18,36.725323333333336
2023,6,7,19,46.54868333333334
2023,6,7,20,59.33977333333333
2023,6,7,21,61.53126
2023,6,7,22,53.57077
2023,6,7,23,42.75210333333333
2023,6,7,24,38.782873333333335
2023,6,8,1,38.064813333333326
2023,6,8,2,34.889763333333335
2023,6,8,3,33.62703666666667
2023,6,8,4,33.41967
2023,6,8,5,37.40313666666666
2023,6,8,6,42.99304333333333
2023,6,8,7,42.36614
2023,6,8,8,32.97153333333333
2023,6,8,9,27.153006666666663
2023,6,8,10,25.407163333333333
2023,6,8,11,24.68388
2023,6,8,12,24.44572
2023,6,8,13,24.42908
2023,6,8,14,25.31223
2023,6,8,15,25.516393333333337
2023,6,8,16,27.66799
2023,6,8,17,31.70522
2023,6,8,18,36.27178666666666
2023,6,8,19,46.31224
2023,6,8,20,57.68106
2023,6,8,21,58.82189
2023,6,8,22,52.51091666666667
2023,6,8,23,44.47049666666667
2023,6,8,24,38.30504
2023,6,9,1,35.64478
2023,6,9,2,34.111356666666666
2023,6,9,3,34.62148666666667
2023,6,9,4,30.98991
2023,6,9,5,33.076060000000005
2023,6,9,6,38.64963333333333
2023,6,9,7,36.49277666666666
2023,6,9,8,26.04688
2023,6,9,9,22.37745
2023,6,9,10,21.78490333333333
2023,6,9,11,21.29416
2023,6,9,12,21.738053333333337
2023,6,9,13,20.36489333333333
2023,6,9,14,21.853176666666663
2023,6,9,15,21.90479666666667
2023,6,9,16,21.34965333333333
2023,6,9,17,24.66764
2023,6,9,18,32.25620333333333
2023,6,9,19,38.57953
2023,6,9,20,46.88468
2023,6,9,21,47.34885
2023,6,9,22,43.53844333333333
2023,6,9,23,38.005543333333335
2023,6,9,24,33.235503333333334
2023,6,10,1,33.447783333333334
2023,6,10,2,31.577943333333334
2023,6,10,3,30.526343333333333
2023,6,10,4,30.929046666666665
2023,6,10,5,30.209396666666667
2023,6,10,6,32.9417
2023,6,10,7,33.38307
2023,6,10,8,25.33653
2023,6,10,9,22.04240333333333
2023,6,10,10,21.92981
2023,6,10,11,23.794786666666667
2023,6,10,12,21.09217
2023,6,10,13,20.71296666666667
2023,6,10,14,20.44026333333333
2023,6,10,15,21.341673333333333
2023,6,10,16,23.27704333333333
2023,6,10,17,26.58626333333333
2023,6,10,18,31.276436666666665
2023,6,10,19,40.12381666666666
2023,6,10,20,45.8063
2023,6,10,21,44.574983333333336
2023,6,10,22,41.18610666666667
2023,6,10,23,37.03735
2023,6,10,24,35.154043333333334
2023,6,11,1,29.71860333333333
2023,6,11,2,29.381533333333334
2023,6,11,3,28.60121
2023,6,11,4,28.555343333333337
2023,6,11,5,28.18391
2023,6,11,6,28.983776666666667
2023,6,11,7,25.869276666666668
2023,6,11,8,14.80225
2023,6,11,9,11.797266666666667
2023,6,11,10,10.950906666666668
2023,6,11,11,10.67576
2023,6,11,12,11.073483333333334
2023,6,11,13,11.1193
2023,6,11,14,11.05653
2023,6,11,15,10.75029
2023,6,11,16,11.501356666666666
2023,6,11,17,13.83632
2023,6,11,18,23.54933
2023,6,11,19,33.688970000000005
2023,6,11,20,40.63642
2023,6,11,21,42.917570000000005
2023,6,11,22,38.72441666666666
2023,6,11,23,35.24046666666667
2023,6,11,24,31.851736666666667
2023,6,12,1,29.13884333333333
2023,6,12,2,29.45711
2023,6,12,3,27.934566666666665
2023,6,12,4,27.61677333333333
2023,6,12,5,30.69072333333333
2023,6,12,6,36.67349333333333
2023,6,12,7,39.94629666666666
2023,6,12,8,29.70714666666667
2023,6,12,9,27.85072333333333
2023,6,12,10,22.98869
2023,6,12,11,22.29167
2023,6,12,12,23.183913333333333
2023,6,12,13,22.89852
2023,6,12,14,22.358056666666663
2023,6,12,15,22.719966666666664
2023,6,12,16,20.85395
2023,6,12,17,23.17055
2023,6,12,18,26.82473
2023,6,12,19,38.530276666666666
2023,6,12,20,50.04171333333333
2023,6,12,21,50.89723333333333
2023,6,12,22,45.87763666666666
2023,6,12,23,37.80454
2023,6,12,24,31.96288
2023,6,13,1,31.05091333333333
2023,6,13,2,29.246973333333333
2023,6,13,3,29.35541333333333
2023,6,13,4,29.17054333333333
2023,6,13,5,29.22060666666667
2023,6,13,6,36.26920666666667
2023,6,13,7,30.914973333333336
2023,6,13,8,22.43407
2023,6,13,9,15.576186666666668
2023,6,13,10,11.10752
2023,6,13,11,10.382216666666666
2023,6,13,12,9.362726666666669
2023,6,13,13,9.4231
2023,6,13,14,8.987983333333334
2023,6,13,15,10.436823333333336
2023,6,13,16,13.299663333333331
2023,6,13,17,16.278606666666665
2023,6,13,18,21.45387333333333
2023,6,13,19,34.756676666666664
2023,6,13,20,47.43412333333333
2023,6,13,21,47.18697666666667
2023,6,13,22,45.30295666666667
2023,6,13,23,38.44043333333334
2023,6,13,24,34.173880000000004
2023,6,14,1,27.76992
2023,6,14,2,27.266476666666662
2023,6,14,3,27.065796666666667
2023,6,14,4,27.066033333333333
2023,6,14,5,28.26264
2023,6,14,6,33.32404666666667
2023,6,14,7,28.451786666666667
2023,6,14,8,16.98795
2023,6,14,9,12.491893333333332
2023,6,14,10,9.10861
2023,6,14,11,8.275316666666667
2023,6,14,12,7.917466666666667
2023,6,14,13,7.74006
2023,6,14,14,7.560563333333333
2023,6,14,15,8.309836666666667
2023,6,14,16,9.3405
2023,6,14,17,13.08691
2023,6,14,18,23.11173
2023,6,14,19,35.06814333333333
2023,6,14,20,47.53421666666667
2023,6,14,21,46.29965333333333
2023,6,14,22,41.80419666666666
2023,6,14,23,34.676606666666665
2023,6,14,24,30.01634333333333
2023,6,15,1,26.86969
2023,6,15,2,27.615466666666663
2023,6,15,3,26.325850000000003
2023,6,15,4,26.35532333333333
2023,6,15,5,27.82895333333333
2023,6,15,6,31.379213333333336
2023,6,15,7,29.04524
2023,6,15,8,19.67943333333333
2023,6,15,9,11.874073333333332
2023,6,15,10,8.070263333333333
2023,6,15,11,6.306376666666666
2023,6,15,12,6.616723333333333
2023,6,15,13,6.58396
2023,6,15,14,6.702833333333333
2023,6,15,15,7.761656666666667
2023,6,15,16,10.923893333333334
2023,6,15,17,14.398006666666667
2023,6,15,18,25.549446666666665
2023,6,15,19,38.46111333333334
2023,6,15,20,50.42082333333334
2023,6,15,21,50.48009
2023,6,15,22,42.39303
2023,6,15,23,36.10566666666667
2023,6,15,24,33.08194666666666
2023,6,16,1,28.231246666666667
2023,6,16,2,27.423593333333333
2023,6,16,3,27.253456666666665
2023,6,16,4,27.71839333333333
2023,6,16,5,28.53071
2023,6,16,6,32.19495666666666
2023,6,16,7,32.18839666666667
2023,6,16,8,26.61894
2023,6,16,9,19.762776666666667
2023,6,16,10,13.978966666666668
2023,6,16,11,13.359566666666666
2023,6,16,12,11.982343333333333
2023,6,16,13,13.433946666666666
2023,6,16,14,13.401153333333331
2023,6,16,15,14.097573333333337
2023,6,16,16,17.35762
2023,6,16,17,19.318816666666667
2023,6,16,18,27.91162
2023,6,16,19,37.35930333333334
2023,6,16,20,52.83766333333333
2023,6,16,21,51.55946
2023,6,16,22,41.20634
2023,6,16,23,36.22913
2023,6,16,24,33.42972
2023,6,17,1,30.620950000000004
2023,6,17,2,28.59637
2023,6,17,3,29.537966666666662
2023,6,17,4,28.65561333333333
2023,6,17,5,30.07807333333333
2023,6,17,6,29.405406666666668
2023,6,17,7,25.36972333333333
2023,6,17,8,10.80135
2023,6,17,9,3.442836666666667
2023,6,17,10,3.036903333333333
2023,6,17,11,2.817603333333333
2023,6,17,12,2.7194333333333334
2023,6,17,13,1.9086666666666667
2023,6,17,14,1.38099
2023,6,17,15,2.9308366666666665
2023,6,17,16,6.554376666666666
2023,6,17,17,8.76908
2023,6,17,18,18.52127
2023,6,17,19,35.32758666666666
2023,6,17,20,44.69258333333334
2023,6,17,21,47.85409333333333
2023,6,17,22,42.90373
2023,6,17,23,34.89342333333334
2023,6,17,24,30.88273666666667
2023,6,18,1,29.43002
2023,6,18,2,27.25963
2023,6,18,3,24.79893
2023,6,18,4,23.49782
2023,6,18,5,24.048453333333335
2023,6,18,6,22.911096666666666
2023,6,18,7,14.45348
2023,6,18,8,-0.1831433333333333
2023,6,18,9,-8.052
2023,6,18,10,-11.638083333333334
2023,6,18,11,-12.17763
2023,6,18,12,-12.77946
2023,6,18,13,-12.786303333333334
2023,6,18,14,-12.48
2023,6,18,15,-11.652653333333332
2023,6,18,16,-8.91142
2023,6,18,17,-1.14027
2023,6,18,18,6.537273333333334
2023,6,18,19,24.72642
2023,6,18,20,36.76418666666667
2023,6,18,21,38.92495
2023,6,18,22,35.766283333333334
2023,6,18,23,30.726276666666667
2023,6,18,24,28.14718
2023,6,19,1,30.11915
2023,6,19,2,28.74282
2023,6,19,3,28.13380666666667
2023,6,19,4,26.74157333333333
2023,6,19,5,28.507680000000004
2023,6,19,6,32.77688
2023,6,19,7,25.75663
2023,6,19,8,8.238803333333333
2023,6,19,9,-0.2336
2023,6,19,10,-3.1768366666666665
2023,6,19,11,-4.728916666666667
2023,6,19,12,-5.98801
2023,6,19,13,-5.794206666666667
2023,6,19,14,-4.719083333333334
2023,6,19,15,-3.90405
2023,6,19,16,-1.357186666666667
2023,6,19,17,0.9242933333333334
2023,6,19,18,10.297316666666667
2023,6,19,19,31.18429
2023,6,19,20,43.08994333333334
2023,6,19,21,45.39066
2023,6,19,22,38.72358
2023,6,19,23,33.489646666666665
2023,6,19,24,31.706163333333333
2023,6,20,1,26.54494333333333
2023,6,20,2,24.39655
2023,6,20,3,21.651066666666665
2023,6,20,4,21.52949
2023,6,20,5,24.83165333333333
2023,6,20,6,30.65558
2023,6,20,7,23.94184333333333
2023,6,20,8,6.48055
2023,6,20,9,1.4731633333333332
2023,6,20,10,-6.174243333333333
2023,6,20,11,-6.277516666666666
2023,6,20,12,-7.962173333333333
2023,6,20,13,-7.228443333333334
2023,6,20,14,-5.539423333333335
2023,6,20,15,-5.926536666666666
2023,6,20,16,-3.786326666666667
2023,6,20,17,-0.9273466666666668
2023,6,20,18,6.638506666666667
2023,6,20,19,28.749566666666663
2023,6,20,20,43.12955333333333
2023,6,20,21,49.62546
2023,6,20,22,41.18631
2023,6,20,23,35.67211
2023,6,20,24,33.95597333333333
2023,6,21,1,33.37911666666667
2023,6,21,2,31.659593333333333
2023,6,21,3,29.652126666666664
2023,6,21,4,28.72174
2023,6,21,5,31.985953333333335
2023,6,21,6,38.68884333333333
2023,6,21,7,33.410133333333334
2023,6,21,8,14.288096666666666
2023,6,21,9,5.55097
2023,6,21,10,3.4713333333333334
2023,6,21,11,1.5711966666666666
2023,6,21,12,1.032803333333333
2023,6,21,13,2.13086
2023,6,21,14,2.83771
2023,6,21,15,2.8391466666666667
2023,6,21,16,4.556576666666667
2023,6,21,17,7.199886666666667
2023,6,21,18,22.34453666666667
2023,6,21,19,38.21790666666666
2023,6,21,20,49.24866666666667
2023,6,21,21,56.74690666666667
2023,6,21,22,45.893033333333335
2023,6,21,23,38.17865333333333
2023,6,21,24,38.695240000000005
2023,6,22,1,37.16017
2023,6,22,2,34.45939666666667
2023,6,22,3,32.52865
2023,6,22,4,31.37497
2023,6,22,5,36.11892666666666
2023,6,22,6,40.98711666666667
2023,6,22,7,36.314276666666665
2023,6,22,8,25.21551
2023,6,22,9,15.619796666666666
2023,6,22,10,6.95493
2023,6,22,11,4.536606666666667
2023,6,22,12,1.9801666666666664
2023,6,22,13,1.6963099999999998
2023,6,22,14,1.9585433333333333
2023,6,22,15,1.6341633333333334
2023,6,22,16,4.87784
2023,6,22,17,9.53818
2023,6,22,18,20.29277
2023,6,22,19,35.43501333333333
2023,6,22,20,45.940650000000005
2023,6,22,21,53.10507666666666
2023,6,22,22,47.33855333333333
2023,6,22,23,36.04282666666666
2023,6,22,24,35.61996666666667
2023,6,23,1,34.216703333333335
2023,6,23,2,33.10313333333334
2023,6,23,3,31.971446666666665
2023,6,23,4,32.04928666666667
2023,6,23,5,34.50706666666667
2023,6,23,6,39.51641
2023,6,23,7,33.87637
2023,6,23,8,18.67245
2023,6,23,9,9.725786666666666
2023,6,23,10,4.851166666666668
2023,6,23,11,1.9277666666666669
2023,6,23,12,0.8419800000000001
2023,6,23,13,0.0015600000000001
2023,6,23,14,0.4343933333333337
2023,6,23,15,0.630216666666667
2023,6,23,16,1.680113333333334
2023,6,23,17,5.199553333333333
2023,6,23,18,12.027966666666666
2023,6,23,19,30.68635
2023,6,23,20,41.59802666666667
2023,6,23,21,50.593696666666666
2023,6,23,22,48.28518666666667
2023,6,23,23,37.62158333333334
2023,6,23,24,35.51532666666667
2023,6,24,1,32.81645
2023,6,24,2,30.640856666666664
2023,6,24,3,30.652066666666663
2023,6,24,4,31.409916666666664
2023,6,24,5,33.57191
2023,6,24,6,35.83022666666667
2023,6,24,7,30.57327
2023,6,24,8,16.127936666666667
2023,6,24,9,4.546066666666667
2023,6,24,10,1.7953733333333333
2023,6,24,11,0.2083566666666666
2023,6,24,12,-1.7708333333333333
2023,6,24,13,-1.252033333333333
2023,6,24,14,-1.3553366666666669
2023,6,24,15,-0.3728666666666666
2023,6,24,16,3.140983333333333
2023,6,24,17,7.783943333333333
2023,6,24,18,21.35674333333333
2023,6,24,19,35.245506666666664
2023,6,24,20,44.75664666666666
2023,6,24,21,53.39211333333333
2023,6,24,22,45.22560000000001
2023,6,24,23,36.16522666666666
2023,6,24,24,35.26399
2023,6,25,1,34.27876666666666
2023,6,25,2,31.29658333333333
2023,6,25,3,30.714783333333333
2023,6,25,4,29.25951333333333
2023,6,25,5,30.686556666666664
2023,6,25,6,30.64648
2023,6,25,7,26.782796666666663
2023,6,25,8,2.777483333333333
2023,6,25,9,-3.3780933333333336
2023,6,25,10,-4.550206666666667
2023,6,25,11,-5.535043333333333
2023,6,25,12,-5.847263333333333
2023,6,25,13,-5.03139
2023,6,25,14,-4.59089
2023,6,25,15,-3.5949733333333334
2023,6,25,16,-1.4226433333333333
2023,6,25,17,0.0164166666666665
2023,6,25,18,12.59446
2023,6,25,19,30.37567333333333
2023,6,25,20,40.71209666666667
2023,6,25,21,50.99749666666667
2023,6,25,22,43.517320000000005
2023,6,25,23,33.93677
2023,6,25,24,33.59184666666667
2023,6,26,1,31.80249333333333
2023,6,26,2,30.32070333333333
2023,6,26,3,29.66294333333333
2023,6,26,4,29.610533333333336
2023,6,26,5,30.95606666666667
2023,6,26,6,37.52548333333333
2023,6,26,7,34.109883333333336
2023,6,26,8,22.17823333333333
2023,6,26,9,10.461383333333334
2023,6,26,10,8.599193333333334
2023,6,26,11,8.706846666666666
2023,6,26,12,5.345113333333333
2023,6,26,13,7.21723
2023,6,26,14,7.460446666666667
2023,6,26,15,8.036340000000001
2023,6,26,16,10.547196666666666
2023,6,26,17,15.14625
2023,6,26,18,26.50871
2023,6,26,19,40.46069
2023,6,26,20,56.5369
2023,6,26,21,62.33725666666667
2023,6,26,22,53.34233
2023,6,26,23,39.74805
2023,6,26,24,38.241863333333335
2023,6,27,1,35.11811
2023,6,27,2,35.163273333333336
2023,6,27,3,32.71053666666666
2023,6,27,4,32.90938666666667
2023,6,27,5,32.28340666666667
2023,6,27,6,37.06672
2023,6,27,7,33.46644
2023,6,27,8,20.607693333333334
2023,6,27,9,11.307223333333331
2023,6,27,10,11.545700000000002
2023,6,27,11,8.771716666666666
2023,6,27,12,10.310823333333332
2023,6,27,13,10.377176666666667
2023,6,27,14,11.306876666666668
2023,6,27,15,12.62603
2023,6,27,16,16.175966666666667
2023,6,27,17,23.00001
2023,6,27,18,36.03697
2023,6,27,19,48.753503333333335
2023,6,27,20,59.49658
2023,6,27,21,67.05995666666666
2023,6,27,22,54.46693666666667
2023,6,27,23,45.67617333333334
2023,6,27,24,40.49752
2023,6,28,1,37.750553333333336
2023,6,28,2,35.88901333333333
2023,6,28,3,34.188140000000004
2023,6,28,4,33.97276
2023,6,28,5,34.6404
2023,6,28,6,36.24212
2023,6,28,7,34.279239999999994
2023,6,28,8,26.602856666666668
2023,6,28,9,16.030173333333334
2023,6,28,10,13.569583333333334
2023,6,28,11,12.39173
2023,6,28,12,12.41858
2023,6,28,13,12.271896666666668
2023,6,28,14,14.810923333333331
2023,6,28,15,16.260626666666667
2023,6,28,16,21.95984
2023,6,28,17,23.876116666666665
2023,6,28,18,31.55018
2023,6,28,19,44.695346666666666
2023,6,28,20,60.44438333333333
2023,6,28,21,61.06232333333333
2023,6,28,22,52.339356666666674
2023,6,28,23,40.79324666666667
2023,6,28,24,38.37564666666667
2023,6,29,1,35.17707333333333
2023,6,29,2,34.19709
2023,6,29,3,34.18076
2023,6,29,4,31.92185333333333
2023,6,29,5,36.70084666666667
2023,6,29,6,39.05999
2023,6,29,7,42.851823333333336
2023,6,29,8,29.64511
2023,6,29,9,25.08181
2023,6,29,10,24.47939333333333
2023,6,29,11,24.42352
2023,6,29,12,25.14302333333333
2023,6,29,13,26.824286666666666
2023,6,29,14,29.31623666666667
2023,6,29,15,33.1944
2023,6,29,16,39.31721666666667
2023,6,29,17,42.63184666666667
2023,6,29,18,46.66940333333333
2023,6,29,19,60.28320666666667
2023,6,29,20,68.67137333333334
2023,6,29,21,69.22028333333333
2023,6,29,22,59.44971999999999
2023,6,29,23,52.826393333333336
2023,6,29,24,45.568483333333326
2023,7,1,1,40.18789
2023,7,1,2,39.80583
2023,7,1,3,39.399053333333335
2023,7,1,4,39.01419
2023,7,1,5,40.54255
2023,7,1,6,41.192973333333335
2023,7,1,7,39.72081666666667
2023,7,1,8,27.84376
2023,7,1,9,23.148826666666668
2023,7,1,10,22.526210000000003
2023,7,1,11,22.342496666666666
2023,7,1,12,27.57644666666667
2023,7,1,13,31.84334
2023,7,1,14,35.95263333333333
2023,7,1,15,38.90532666666667
2023,7,1,16,41.68179333333333
2023,7,1,17,46.27522
2023,7,1,18,52.26963
2023,7,1,19,60.66094999999999
2023,7,1,20,77.72663333333334
2023,7,1,21,70.48319
2023,7,1,22,59.5035
2023,7,1,23,49.28760333333333
2023,7,1,24,44.07144333333334
2023,7,2,1,42.32832
2023,7,2,2,42.30259
2023,7,2,3,40.01754666666667
2023,7,2,4,41.24284666666667
2023,7,2,5,40.17590666666666
2023,7,2,6,42.316053333333336
2023,7,2,7,37.95610333333334
2023,7,2,8,28.18511
2023,7,2,9,22.34348333333333
2023,7,2,10,22.63738
2023,7,2,11,24.538533333333334
2023,7,2,12,27.94095
2023,7,2,13,30.989123333333332
2023,7,2,14,34.401453333333336
2023,7,2,15,37.51141333333333
2023,7,2,16,41.788873333333335
2023,7,2,17,46.38379
2023,7,2,18,52.93588666666667
2023,7,2,19,60.77275666666667
2023,7,2,20,91.14489333333334
2023,7,2,21,75.30403
2023,7,2,22,60.263536666666674
2023,7,2,23,54.32313
2023,7,2,24,44.48534
2023,7,3,1,41.70973666666666
2023,7,3,2,40.46937333333333
2023,7,3,3,39.86698666666666
2023,7,3,4,39.87656333333333
2023,7,3,5,40.06609666666667
2023,7,3,6,42.180546666666665
2023,7,3,7,45.23214333333333
2023,7,3,8,34.451773333333335
2023,7,3,9,34.11810333333333
2023,7,3,10,33.467103333333334
2023,7,3,11,34.264563333333335
2023,7,3,12,35.278996666666664
2023,7,3,13,36.49568333333334
2023,7,3,14,38.963953333333336
2023,7,3,15,43.05351
2023,7,3,16,49.06538333333333
2023,7,3,17,53.108066666666666
2023,7,3,18,60.481053333333335
2023,7,3,19,70.37608999999999
2023,7,3,20,97.6131
2023,7,3,21,77.13551
2023,7,3,22,67.73500333333334
2023,7,3,23,51.494433333333326
2023,7,3,24,49.42391
2023,7,4,1,41.28756666666666
2023,7,4,2,40.62584999999999
2023,7,4,3,40.15505
2023,7,4,4,40.07467
2023,7,4,5,40.37720333333333
2023,7,4,6,41.802573333333335
2023,7,4,7,37.73751666666667
2023,7,4,8,28.56422
2023,7,4,9,19.95660666666667
2023,7,4,10,16.376263333333334
2023,7,4,11,18.62055
2023,7,4,12,18.974083333333336
2023,7,4,13,21.454526666666663
2023,7,4,14,23.28701666666667
2023,7,4,15,27.02623
2023,7,4,16,32.874680000000005
2023,7,4,17,34.99881666666667
2023,7,4,18,40.35382666666667
2023,7,4,19,50.43877666666666
2023,7,4,20,65.82406666666667
2023,7,4,21,63.17925333333333
2023,7,4,22,55.31365
2023,7,4,23,45.16313
2023,7,4,24,42.04940666666667
2023,7,5,1,39.57879666666667
2023,7,5,2,38.621743333333335
2023,7,5,3,38.21996333333333
2023,7,5,4,37.26987666666667
2023,7,5,5,38.24151333333333
2023,7,5,6,39.03090666666667
2023,7,5,7,39.66069666666667
2023,7,5,8,31.01957333333333
2023,7,5,9,25.04319666666667
2023,7,5,10,24.276676666666663
2023,7,5,11,24.30729
2023,7,5,12,23.83669
2023,7,5,13,24.700636666666668
2023,7,5,14,29.21363666666667
2023,7,5,15,32.17386666666667
2023,7,5,16,36.45007666666667
2023,7,5,17,38.01415333333333
2023,7,5,18,45.78026333333333
2023,7,5,19,55.86549333333334
2023,7,5,20,68.76378333333334
2023,7,5,21,69.03524333333333
2023,7,5,22,61.69786333333334
2023,7,5,23,44.73664
2023,7,5,24,42.89726666666667
2023,7,6,1,39.13876333333334
2023,7,6,2,38.3604
2023,7,6,3,37.779
2023,7,6,4,36.80196333333333
2023,7,6,5,37.75848
2023,7,6,6,39.78995333333334
2023,7,6,7,37.61165666666667
2023,7,6,8,29.54711333333333
2023,7,6,9,22.95547
2023,7,6,10,20.80678
2023,7,6,11,21.25211333333333
2023,7,6,12,19.67792
2023,7,6,13,20.440236666666667
2023,7,6,14,21.95481666666667
2023,7,6,15,25.227753333333336
2023,7,6,16,29.55459
2023,7,6,17,30.70996666666667
2023,7,6,18,37.33955666666667
2023,7,6,19,44.9897
2023,7,6,20,58.59381333333334
2023,7,6,21,58.94508666666667
2023,7,6,22,54.07827
2023,7,6,23,44.42109
2023,7,6,24,41.80141666666666
2023,7,7,1,39.73394666666667
2023,7,7,2,37.44978
2023,7,7,3,36.34753
2023,7,7,4,35.74847333333333
2023,7,7,5,36.25018666666666
2023,7,7,6,37.37636
2023,7,7,7,37.02845666666667
2023,7,7,8,29.61372
2023,7,7,9,20.79447
2023,7,7,10,19.22369
2023,7,7,11,19.45167
2023,7,7,12,19.77168333333333
2023,7,7,13,19.92061333333333
2023,7,7,14,20.917056666666667
2023,7,7,15,25.15530666666667
2023,7,7,16,28.86969
2023,7,7,17,27.186876666666667
2023,7,7,18,31.996646666666667
2023,7,7,19,41.095933333333335
2023,7,7,20,51.827063333333335
2023,7,7,21,52.79605
2023,7,7,22,49.81973666666666
2023,7,7,23,41.84961
2023,7,7,24,39.28787
2023,7,8,1,33.32522666666667
2023,7,8,2,32.27653333333333
2023,7,8,3,31.61566
2023,7,8,4,30.91865
2023,7,8,5,30.96906333333333
2023,7,8,6,32.37989
2023,7,8,7,30.95332666666667
2023,7,8,8,21.618973333333333
2023,7,8,9,14.589556666666669
2023,7,8,10,15.431906666666668
2023,7,8,11,14.96575
2023,7,8,12,14.646276666666664
2023,7,8,13,15.672903333333332
2023,7,8,14,16.933293333333335
2023,7,8,15,19.59884333333333
2023,7,8,16,23.80916
2023,7,8,17,24.039826666666663
2023,7,8,18,29.508686666666662
2023,7,8,19,37.469883333333335
2023,7,8,20,49.16052333333334
2023,7,8,21,50.772153333333335
2023,7,8,22,46.28367666666667
2023,7,8,23,37.72109666666666
2023,7,8,24,36.54528666666667
2023,7,9,1,32.649026666666664
2023,7,9,2,32.44515333333333
2023,7,9,3,31.382980000000003
2023,7,9,4,31.32559333333333
2023,7,9,5,31.62719
2023,7,9,6,33.54486666666667
2023,7,9,7,30.23978333333333
2023,7,9,8,20.866613333333333
2023,7,9,9,14.976493333333332
2023,7,9,10,14.79658
2023,7,9,11,14.322036666666667
2023,7,9,12,14.000983333333332
2023,7,9,13,15.78175
2023,7,9,14,16.470883333333333
2023,7,9,15,18.512653333333333
2023,7,9,16,22.196016666666665
2023,7,9,17,24.43293
2023,7,9,18,27.995126666666668
2023,7,9,19,37.90745
2023,7,9,20,51.58596333333333
2023,7,9,21,53.65251
2023,7,9,22,48.14230333333333
2023,7,9,23,38.40791
2023,7,9,24,35.31879333333334
2023,7,10,1,35.22421666666667
2023,7,10,2,33.769983333333336
2023,7,10,3,33.63695666666667
2023,7,10,4,33.591573333333336
2023,7,10,5,34.74187333333334
2023,7,10,6,37.47808666666666
2023,7,10,7,38.51214
2023,7,10,8,30.703166666666664
2023,7,10,9,25.658456666666662
2023,7,10,10,25.01533
2023,7,10,11,25.247816666666665
2023,7,10,12,25.43041666666667
2023,7,10,13,27.19163333333333
2023,7,10,14,30.012303333333332
2023,7,10,15,33.45719333333333
2023,7,10,16,36.605446666666666
2023,7,10,17,37.61154333333334
2023,7,10,18,45.01333666666667
2023,7,10,19,52.79156
2023,7,10,20,63.51475333333334
2023,7,10,21,62.5388
2023,7,10,22,56.95397
2023,7,10,23,52.86987
2023,7,10,24,44.37838666666667
2023,7,11,1,39.303583333333336
2023,7,11,2,38.26152
2023,7,11,3,37.67521666666666
2023,7,11,4,37.69076333333333
2023,7,11,5,39.97420333333333
2023,7,11,6,43.67439666666667
2023,7,11,7,43.51682666666667
2023,7,11,8,35.59160333333333
2023,7,11,9,29.40256666666667
2023,7,11,10,28.20111
2023,7,11,11,27.645543333333336
2023,7,11,12,28.27892333333333
2023,7,11,13,31.166843333333333
2023,7,11,14,34.793193333333335
2023,7,11,15,39.15074666666667
2023,7,11,16,41.818783333333336
2023,7,11,17,46.06119
2023,7,11,18,52.56265333333334
2023,7,11,19,63.21175
2023,7,11,20,72.21523666666667
2023,7,11,21,69.71917
2023,7,11,22,62.71932666666667
2023,7,11,23,54.3581
2023,7,11,24,46.78832333333333
2023,7,12,1,41.984523333333335
2023,7,12,2,40.98896666666666
2023,7,12,3,40.39188666666666
2023,7,12,4,40.044023333333335
2023,7,12,5,40.01051
2023,7,12,6,42.827086666666666
2023,7,12,7,42.70052666666667
2023,7,12,8,35.818666666666665
2023,7,12,9,29.27434333333333
2023,7,12,10,27.38413
2023,7,12,11,28.439076666666665
2023,7,12,12,29.51955
2023,7,12,13,31.60919
2023,7,12,14,34.19105
2023,7,12,15,38.58491
2023,7,12,16,40.97419666666666
2023,7,12,17,44.35282
2023,7,12,18,51.78653333333333
2023,7,12,19,62.84630000000001
2023,7,12,20,75.92733666666668
2023,7,12,21,72.48625333333334
2023,7,12,22,63.34881333333333
2023,7,12,23,54.42615666666666
2023,7,12,24,47.06948666666667
2023,7,13,1,46.14494
2023,7,13,2,42.11430333333333
2023,7,13,3,41.792476666666666
2023,7,13,4,41.710706666666674
2023,7,13,5,41.65377
2023,7,13,6,43.20365
2023,7,13,7,44.15894333333333
2023,7,13,8,35.39373666666667
2023,7,13,9,30.70387333333333
2023,7,13,10,30.40294
2023,7,13,11,30.846686666666667
2023,7,13,12,31.079566666666665
2023,7,13,13,33.82619333333333
2023,7,13,14,37.67395
2023,7,13,15,40.38592
2023,7,13,16,43.90473666666667
2023,7,13,17,46.92881
2023,7,13,18,53.51630333333333
2023,7,13,19,63.97248
2023,7,13,20,80.34139
2023,7,13,21,71.73290333333334
2023,7,13,22,64.59463333333333
2023,7,13,23,54.79143666666667
2023,7,13,24,47.88108666666667
2023,7,14,1,47.44688333333334
2023,7,14,2,44.54373666666667
2023,7,14,3,43.21571666666667
2023,7,14,4,42.51696333333334
2023,7,14,5,43.31486
2023,7,14,6,43.97374333333334
2023,7,14,7,44.08680666666667
2023,7,14,8,37.278533333333336
2023,7,14,9,35.180373333333335
2023,7,14,10,33.77685333333333
2023,7,14,11,36.25159333333333
2023,7,14,12,40.23521333333333
2023,7,14,13,43.13116666666667
2023,7,14,14,47.19571
2023,7,14,15,49.69811666666666
2023,7,14,16,56.00451666666667
2023,7,14,17,62.15169333333333
2023,7,14,18,71.44240666666667
2023,7,14,19,86.90856666666666
2023,7,14,20,119.58121
2023,7,14,21,102.46658
2023,7,14,22,80.33722333333333
2023,7,14,23,65.90841999999999
2023,7,14,24,58.95824666666667
2023,7,15,1,52.95710333333333
2023,7,15,2,50.76751333333333
2023,7,15,3,50.01004333333333
2023,7,15,4,49.04089333333334
2023,7,15,5,49.93634333333333
2023,7,15,6,50.33932333333333
2023,7,15,7,49.27203
2023,7,15,8,37.75842666666667
2023,7,15,9,34.13956666666667
2023,7,15,10,33.91695666666667
2023,7,15,11,37.48840333333334
2023,7,15,12,41.05126333333333
2023,7,15,13,47.16420333333334
2023,7,15,14,49.34130666666667
2023,7,15,15,56.30115666666666
2023,7,15,16,64.80226333333333
2023,7,15,17,74.76505333333334
2023,7,15,18,81.72403666666666
2023,7,15,19,119.76494666666667
2023,7,15,20,198.6316633333333
2023,7,15,21,137.98879
2023,7,15,22,93.79784
2023,7,15,23,75.63023333333332
2023,7,15,24,69.33731333333334
2023,7,16,1,56.321583333333336
2023,7,16,2,52.17197333333333
2023,7,16,3,50.4709
2023,7,16,4,49.461796666666665
2023,7,16,5,50.93987666666667
2023,7,16,6,51.03531
2023,7,16,7,49.601
2023,7,16,8,40.92007
2023,7,16,9,38.32573
2023,7,16,10,39.02032333333333
2023,7,16,11,40.41621
2023,7,16,12,43.92858
2023,7,16,13,48.39693
2023,7,16,14,51.00748333333333
2023,7,16,15,60.5281
2023,7,16,16,70.58526
2023,7,16,17,76.92711
2023,7,16,18,89.50613333333335
2023,7,16,19,125.47182333333332
2023,7,16,20,190.08719
2023,7,16,21,128.36277333333334
2023,7,16,22,93.23892666666666
2023,7,16,23,73.48511
2023,7,16,24,66.69507333333333
2023,7,17,1,54.59108
2023,7,17,2,48.40428333333333
2023,7,17,3,48.80974333333334
2023,7,17,4,48.06482
2023,7,17,5,49.121833333333335
2023,7,17,6,51.22591333333333
2023,7,17,7,54.120403333333336
2023,7,17,8,47.09758333333334
2023,7,17,9,44.66457333333333
2023,7,17,10,46.66298333333333
2023,7,17,11,47.36885333333333
2023,7,17,12,47.85554333333334
2023,7,17,13,50.55507666666667
2023,7,17,14,56.67789
2023,7,17,15,62.74838666666667
2023,7,17,16,71.95379333333334
2023,7,17,17,77.61565666666667
2023,7,17,18,94.84769
2023,7,17,19,131.17910333333336
2023,7,17,20,218.39696666666669
2023,7,17,21,140.53365666666667
2023,7,17,22,91.75328333333334
2023,7,17,23,75.48634666666668
2023,7,17,24,63.52885
2023,7,18,1,58.56492666666667
2023,7,18,2,56.387616666666666
2023,7,18,3,52.26818666666667
2023,7,18,4,51.6216
2023,7,18,5,51.98494333333333
2023,7,18,6,56.08419
2023,7,18,7,60.02833666666667
2023,7,18,8,48.88733
2023,7,18,9,45.72975333333333
2023,7,18,10,47.08812666666668
2023,7,18,11,47.31964333333334
2023,7,18,12,48.28181
2023,7,18,13,49.0868
2023,7,18,14,53.55004666666667
2023,7,18,15,58.48367666666667
2023,7,18,16,65.50016333333333
2023,7,18,17,71.81605333333333
2023,7,18,18,77.71725333333333
2023,7,18,19,99.09694
2023,7,18,20,151.04922666666667
2023,7,18,21,109.64318333333334
2023,7,18,22,86.73119333333334
2023,7,18,23,75.30381666666666
2023,7,18,24,65.71512666666666
2023,7,19,1,65.34248000000001
2023,7,19,2,57.26347666666667
2023,7,19,3,54.75420333333333
2023,7,19,4,50.86149333333333
2023,7,19,5,51.47462
2023,7,19,6,57.284423333333336
2023,7,19,7,60.36484333333333
2023,7,19,8,49.45519333333333
2023,7,19,9,47.42994
2023,7,19,10,49.03402333333333
2023,7,19,11,49.36143666666667
2023,7,19,12,50.07360666666667
2023,7,19,13,53.19537666666667
2023,7,19,14,57.5125
2023,7,19,15,64.16371333333333
2023,7,19,16,70.66447333333333
2023,7,19,17,72.83946333333334
2023,7,19,18,78.57780666666666
2023,7,19,19,100.69907333333332
2023,7,19,20,144.33019333333334
2023,7,19,21,115.70822
2023,7,19,22,93.08761666666668
2023,7,19,23,77.53924333333333
2023,7,19,24,69.73211666666667
2023,7,20,1,59.38901333333333
2023,7,20,2,55.073483333333336
2023,7,20,3,51.02332666666666
2023,7,20,4,50.24330333333333
2023,7,20,5,50.39903
2023,7,20,6,51.82280666666666
2023,7,20,7,64.00759333333333
2023,7,20,8,50.09281666666666
2023,7,20,9,48.57696333333333
2023,7,20,10,50.41912666666667
2023,7,20,11,51.37419666666667
2023,7,20,12,55.888380000000005
2023,7,20,13,60.35354333333333
2023,7,20,14,66.59812666666666
2023,7,20,15,71.31132333333333
2023,7,20,16,78.68775666666666
2023,7,20,17,81.44821666666667
2023,7,20,18,92.84370333333334
2023,7,20,19,116.61885666666667
2023,7,20,20,180.94843
2023,7,20,21,136.64997333333335
2023,7,20,22,98.53733666666666
2023,7,20,23,78.43965666666666
2023,7,20,24,69.77577000000001
2023,7,21,1,63.90079333333333
2023,7,21,2,56.91029666666666
2023,7,21,3,55.47436666666667
2023,7,21,4,54.95857333333333
2023,7,21,5,55.29944666666666
2023,7,21,6,55.30166
2023,7,21,7,60.91533999999999
2023,7,21,8,54.44256333333334
2023,7,21,9,50.822833333333335
2023,7,21,10,54.08106
2023,7,21,11,55.15763333333334
2023,7,21,12,57.937646666666666
2023,7,21,13,62.93489
2023,7,21,14,71.37460333333333
2023,7,21,15,82.30952
2023,7,21,16,86.80269
2023,7,21,17,96.66240333333332
2023,7,21,18,103.43657333333331
2023,7,21,19,136.94929333333334
2023,7,21,20,215.9723833333333
2023,7,21,21,145.67305666666667
2023,7,21,22,106.83589333333332
2023,7,21,23,92.48775
2023,7,21,24,82.49993
2023,7,22,1,72.58674
2023,7,22,2,67.15915666666666
2023,7,22,3,59.88736
2023,7,22,4,57.084786666666666
2023,7,22,5,57.54701333333333
2023,7,22,6,59.33261666666667
2023,7,22,7,59.61969666666666
2023,7,22,8,50.19509333333334
2023,7,22,9,47.91197666666667
2023,7,22,10,48.46982666666667
2023,7,22,11,51.66931333333333
2023,7,22,12,54.93401666666667
2023,7,22,13,57.04879
2023,7,22,14,64.35932
2023,7,22,15,74.8322
2023,7,22,16,79.71027333333335
2023,7,22,17,83.09039666666666
2023,7,22,18,94.58726333333334
2023,7,22,19,124.66144
2023,7,22,20,183.71343666666667
2023,7,22,21,133.67508666666666
2023,7,22,22,101.15021333333334
2023,7,22,23,89.84884333333332
2023,7,22,24,81.84557333333333
2023,7,23,1,67.60560333333333
2023,7,23,2,62.91529666666667
2023,7,23,3,57.40731
2023,7,23,4,56.69286
2023,7,23,5,59.37379333333333
2023,7,23,6,57.593160000000005
2023,7,23,7,61.99127666666666
2023,7,23,8,51.19726333333333
2023,7,23,9,48.29222000000001
2023,7,23,10,47.76766666666666
2023,7,23,11,48.27457666666667
2023,7,23,12,50.25487666666667
2023,7,23,13,52.20552666666666
2023,7,23,14,57.41482333333333
2023,7,23,15,62.75257
2023,7,23,16,65.04766666666667
2023,7,23,17,72.90108333333335
2023,7,23,18,82.56835
2023,7,23,19,99.81906333333332
2023,7,23,20,159.39756333333332
2023,7,23,21,109.64910333333331
2023,7,23,22,86.77891666666666
2023,7,23,23,79.10522999999999
2023,7,23,24,66.42886666666668
2023,7,24,1,63.45397333333333
2023,7,24,2,60.047356666666666
2023,7,24,3,55.92076333333333
2023,7,24,4,55.648986666666666
2023,7,24,5,55.62933999999999
2023,7,24,6,59.855610000000006
2023,7,24,7,62.859076666666674
2023,7,24,8,54.98664333333334
2023,7,24,9,53.11537333333333
2023,7,24,10,51.59093666666666
2023,7,24,11,53.53366333333333
2023,7,24,12,54.98573
2023,7,24,13,54.43005
2023,7,24,14,63.25490666666667
2023,7,24,15,69.48758666666667
2023,7,24,16,68.88862
2023,7,24,17,72.82045666666666
2023,7,24,18,86.41058666666667
2023,7,24,19,112.09207666666669
2023,7,24,20,168.87883666666667
2023,7,24,21,119.52553666666668
2023,7,24,22,89.15405333333332
2023,7,24,23,81.60002333333334
2023,7,24,24,75.76186
2023,7,25,1,65.73004333333334
2023,7,25,2,58.76839666666667
2023,7,25,3,56.56981
2023,7,25,4,56.00128
2023,7,25,5,58.25688333333333
2023,7,25,6,59.095486666666666
2023,7,25,7,64.10821
2023,7,25,8,55.85474
2023,7,25,9,54.00511
2023,7,25,10,54.45555
2023,7,25,11,55.18394333333333
2023,7,25,12,55.83941
2023,7,25,13,59.76588666666667
2023,7,25,14,67.97812
2023,7,25,15,73.96801666666667
2023,7,25,16,79.2064
2023,7,25,17,86.31862666666666
2023,7,25,18,94.03201
2023,7,25,19,123.88466333333334
2023,7,25,20,207.17567
2023,7,25,21,147.66054
2023,7,25,22,101.78424333333334
2023,7,25,23,87.46863666666667
2023,7,25,24,82.17015666666667
2023,7,26,1,63.14056
2023,7,26,2,61.87153
2023,7,26,3,55.02909
2023,7,26,4,54.17815333333333
2023,7,26,5,54.18386999999999
2023,7,26,6,56.34938666666667
2023,7,26,7,66.04033666666668
2023,7,26,8,55.35652666666667
2023,7,26,9,50.95988666666667
2023,7,26,10,51.42777666666667
2023,7,26,11,51.48986666666667
2023,7,26,12,52.98854
2023,7,26,13,54.69338333333334
2023,7,26,14,59.97759
2023,7,26,15,65.12472
2023,7,26,16,68.39536
2023,7,26,17,72.12051666666666
2023,7,26,18,81.28142333333334
2023,7,26,19,99.21746
2023,7,26,20,164.97314333333335
2023,7,26,21,110.86316
2023,7,26,22,91.55096
2023,7,26,23,71.98526
2023,7,26,24,68.51430666666667
2023,7,27,1,76.17513333333333
2023,7,27,2,70.04424333333334
2023,7,27,3,65.18677333333333
2023,7,27,4,65.26404000000001
2023,7,27,5,65.49898333333334
2023,7,27,6,72.20020333333333
2023,7,27,7,77.20245666666666
2023,7,27,8,64.84665
2023,7,27,9,58.24094
2023,7,27,10,57.904320000000006
2023,7,27,11,58.88294333333332
2023,7,27,12,62.715250000000005
2023,7,27,13,64.27767
2023,7,27,14,69.57333333333334
2023,7,27,15,74.12368
2023,7,27,16,79.93816
2023,7,27,17,85.57232666666668
2023,7,27,18,97.81845666666668
2023,7,27,19,147.37002333333334
2023,7,27,20,227.16781
2023,7,27,21,217.5024666666667
2023,7,27,22,134.96448333333333
2023,7,27,23,94.17651666666666
2023,7,27,24,87.01619
2023,7,28,1,72.8458
2023,7,28,2,65.92442333333334
2023,7,28,3,63.71336
2023,7,28,4,61.19359
2023,7,28,5,63.31084666666666
2023,7,28,6,68.37572999999999
2023,7,28,7,75.43787333333334
2023,7,28,8,61.29054
2023,7,28,9,55.66538
2023,7,28,10,55.621813333333336
2023,7,28,11,57.30902333333333
2023,7,28,12,56.19471000000001
2023,7,28,13,62.15164000000001
2023,7,28,14,70.44554666666667
2023,7,28,15,76.81878333333333
2023,7,28,16,85.66071666666666
2023,7,28,17,91.22853333333336
2023,7,28,18,108.41449333333334
2023,7,28,19,168.47846666666666
2023,7,28,20,258.80718333333334
2023,7,28,21,200.96231666666668
2023,7,28,22,129.48602666666667
2023,7,28,23,96.2974
2023,7,28,24,84.39794333333333
2023,7,29,1,66.48601000000001
2023,7,29,2,62.036026666666665
2023,7,29,3,59.14230333333333
2023,7,29,4,57.37484333333333
2023,7,29,5,59.28554
2023,7,29,6,59.95456
2023,7,29,7,59.23517666666667
2023,7,29,8,53.034756666666674
2023,7,29,9,47.61355
2023,7,29,10,46.07806
2023,7,29,11,48.05247
2023,7,29,12,50.77809666666667
2023,7,29,13,51.86569
2023,7,29,14,57.59003333333334
2023,7,29,15,64.32899333333334
2023,7,29,16,67.54449
2023,7,29,17,73.28298
2023,7,29,18,81.69013666666666
2023,7,29,19,108.47178666666667
2023,7,29,20,176.72573
2023,7,29,21,129.75926666666666
2023,7,29,22,96.15353
2023,7,29,23,82.22811333333334
2023,7,29,24,73.69501333333334
2023,7,30,1,61.01824
2023,7,30,2,58.48746666666667
2023,7,30,3,54.74334
2023,7,30,4,55.87308
2023,7,30,5,54.766603333333336
2023,7,30,6,53.33304666666667
2023,7,30,7,56.14798999999999
2023,7,30,8,46.51410666666666
2023,7,30,9,40.19499666666667
2023,7,30,10,41.79838
2023,7,30,11,44.003276666666665
2023,7,30,12,48.75485333333334
2023,7,30,13,52.047963333333335
2023,7,30,14,56.91003333333333
2023,7,30,15,61.03910333333332
2023,7,30,16,65.31190333333333
2023,7,30,17,71.62727
2023,7,30,18,77.86273333333334
2023,7,30,19,96.72200666666669
2023,7,30,20,128.83753333333334
2023,7,30,21,107.47403666666666
2023,7,30,22,91.91465666666666
2023,7,30,23,76.31130333333333
2023,7,30,24,65.902
2023,8,1,1,59.40074333333333
2023,8,1,2,56.75215333333333
2023,8,1,3,55.53324
2023,8,1,4,55.57338333333333
2023,8,1,5,55.57379333333333
2023,8,1,6,57.28182333333333
2023,8,1,7,69.44252
2023,8,1,8,59.06963666666667
2023,8,1,9,54.61264333333333
2023,8,1,10,53.70142333333333
2023,8,1,11,54.35478
2023,8,1,12,54.43230666666667
2023,8,1,13,56.19636333333333
2023,8,1,14,59.14302666666666
2023,8,1,15,62.021743333333326
2023,8,1,16,66.07207
2023,8,1,17,70.50795
2023,8,1,18,77.91633
2023,8,1,19,93.27907333333332
2023,8,1,20,128.52514
2023,8,1,21,101.30825666666668
2023,8,1,22,86.04480333333333
2023,8,1,23,75.48675333333334
2023,8,1,24,68.29721333333333
2023,8,2,1,57.99957333333333
2023,8,2,2,57.60993666666667
2023,8,2,3,55.56476333333333
2023,8,2,4,53.46473666666666
2023,8,2,5,54.56886333333333
2023,8,2,6,58.41625333333334
2023,8,2,7,69.02869
2023,8,2,8,56.66551666666667
2023,8,2,9,51.87976666666666
2023,8,2,10,51.82577666666666
2023,8,2,11,52.7731
2023,8,2,12,53.90305
2023,8,2,13,54.913826666666665
2023,8,2,14,57.54109
2023,8,2,15,61.034146666666665
2023,8,2,16,60.72235666666666
2023,8,2,17,66.26287666666666
2023,8,2,18,75.72074666666667
2023,8,2,19,90.38210333333332
2023,8,2,20,126.38081
2023,8,2,21,100.26586333333334
2023,8,2,22,86.91477666666667
2023,8,2,23,69.09671333333334
2023,8,2,24,60.815866666666665
2023,8,3,1,56.78188333333333
2023,8,3,2,55.10861333333333
2023,8,3,3,52.478656666666666
2023,8,3,4,50.57968
2023,8,3,5,51.36673666666667
2023,8,3,6,55.4228
2023,8,3,7,63.917813333333335
2023,8,3,8,51.716523333333335
2023,8,3,9,47.02153333333334
2023,8,3,10,45.81423333333333
2023,8,3,11,46.75501666666667
2023,8,3,12,47.08698666666667
2023,8,3,13,48.23568
2023,8,3,14,51.54917666666666
2023,8,3,15,53.892803333333326
2023,8,3,16,57.83611
2023,8,3,17,61.62123666666668
2023,8,3,18,75.598
2023,8,3,19,83.49864000000001
2023,8,3,20,103.64739666666668
2023,8,3,21,88.09085
2023,8,3,22,85.03753999999999
2023,8,3,23,70.30860333333334
2023,8,3,24,59.66119666666666
2023,8,4,1,55.87989
2023,8,4,2,53.70794333333333
2023,8,4,3,50.85282
2023,8,4,4,49.828426666666665
2023,8,4,5,50.08446
2023,8,4,6,56.79796666666667
2023,8,4,7,60.55077333333333
2023,8,4,8,47.24255333333334
2023,8,4,9,39.75265
2023,8,4,10,39.073
2023,8,4,11,39.13275333333333
2023,8,4,12,43.98127
2023,8,4,13,48.1462
2023,8,4,14,51.83021333333334
2023,8,4,15,58.93449666666667
2023,8,4,16,61.26770333333334
2023,8,4,17,64.35162333333334
2023,8,4,18,77.89716333333332
2023,8,4,19,87.48404333333333
2023,8,4,20,106.09309
2023,8,4,21,96.65329
2023,8,4,22,86.42250333333334
2023,8,4,23,75.38374666666667
2023,8,4,24,64.44671
2023,8,5,1,57.366510000000005
2023,8,5,2,56.33729666666667
2023,8,5,3,57.11426666666667
2023,8,5,4,54.39187
2023,8,5,5,55.76534999999999
2023,8,5,6,54.95439666666667
2023,8,5,7,55.97751333333333
2023,8,5,8,45.449713333333335
2023,8,5,9,31.451083333333333
2023,8,5,10,29.74081
2023,8,5,11,32.12595
2023,8,5,12,37.20825
2023,8,5,13,43.53134666666667
2023,8,5,14,50.802173333333336
2023,8,5,15,57.4206
2023,8,5,16,63.33935666666667
2023,8,5,17,64.67232666666666
2023,8,5,18,76.40576666666666
2023,8,5,19,89.8546
2023,8,5,20,121.99714
2023,8,5,21,97.39006666666668
2023,8,5,22,86.44583666666666
2023,8,5,23,73.16226666666667
2023,8,5,24,61.76236666666667
2023,8,6,1,60.41718
2023,8,6,2,56.31679333333333
2023,8,6,3,57.750416666666666
2023,8,6,4,53.92265666666666
2023,8,6,5,54.498446666666666
2023,8,6,6,53.27328666666667
2023,8,6,7,50.82695666666667
2023,8,6,8,41.9261
2023,8,6,9,32.85193666666667
2023,8,6,10,33.02741666666667
2023,8,6,11,36.74267666666667
2023,8,6,12,41.84718
2023,8,6,13,47.13199333333333
2023,8,6,14,54.17228666666667
2023,8,6,15,65.37415666666666
2023,8,6,16,72.00184666666667
2023,8,6,17,82.6564
2023,8,6,18,95.71592
2023,8,6,19,112.44363666666668
2023,8,6,20,145.77003333333332
2023,8,6,21,125.39278666666668
2023,8,6,22,101.5587
2023,8,6,23,82.62891333333333
2023,8,6,24,68.01399666666667
2023,8,7,1,68.41973666666667
2023,8,7,2,64.45540333333334
2023,8,7,3,58.93097
2023,8,7,4,57.99851
2023,8,7,5,58.36066
2023,8,7,6,66.02105
2023,8,7,7,69.77154333333334
2023,8,7,8,56.90005666666667
2023,8,7,9,49.79979333333333
2023,8,7,10,49.50646
2023,8,7,11,52.05243333333334
2023,8,7,12,53.80855666666667
2023,8,7,13,59.38862666666666
2023,8,7,14,76.15038333333332
2023,8,7,15,83.28910333333333
2023,8,7,16,93.21516333333334
2023,8,7,17,98.63244666666668
2023,8,7,18,109.19491333333332
2023,8,7,19,151.13617
2023,8,7,20,197.42550333333332
2023,8,7,21,138.04987333333335
2023,8,7,22,107.18410666666666
2023,8,7,23,88.54552333333334
2023,8,7,24,81.27029333333333
2023,8,8,1,59.08452666666667
2023,8,8,2,59.45501
2023,8,8,3,54.60017666666667
2023,8,8,4,53.29006
2023,8,8,5,54.58793
2023,8,8,6,58.85088666666667
2023,8,8,7,61.76942
2023,8,8,8,52.28733666666667
2023,8,8,9,40.659713333333336
2023,8,8,10,38.01004666666666
2023,8,8,11,40.15003
2023,8,8,12,41.80945666666667
2023,8,8,13,45.53165333333334
2023,8,8,14,51.79222333333333
2023,8,8,15,57.17291
2023,8,8,16,64.69486666666667
2023,8,8,17,66.18993666666667
2023,8,8,18,78.50180999999999
2023,8,8,19,85.75699333333334
2023,8,8,20,103.16973666666668
2023,8,8,21,86.17615
2023,8,8,22,80.39388
2023,8,8,23,68.24292666666666
2023,8,8,24,62.58085333333333
2023,8,9,1,53.82449666666667
2023,8,9,2,51.27649333333333
2023,8,9,3,50.387616666666666
2023,8,9,4,48.5358
2023,8,9,5,49.68302333333333
2023,8,9,6,53.89338
2023,8,9,7,57.589866666666666
2023,8,9,8,50.21843666666666
2023,8,9,9,43.17683666666667
2023,8,9,10,39.80908
2023,8,9,11,38.98997666666667
2023,8,9,12,39.15692333333333
2023,8,9,13,39.90427333333333
2023,8,9,14,43.86360666666667
2023,8,9,15,48.18504333333333
2023,8,9,16,51.83822666666666
2023,8,9,17,53.875130000000006
2023,8,9,18,64.65122000000001
2023,8,9,19,72.48955
2023,8,9,20,85.38408666666668
2023,8,9,21,73.68356666666666
2023,8,9,22,69.52131333333334
2023,8,9,23,61.14790333333334
2023,8,9,24,55.38787666666667
2023,8,10,1,51.91284666666667
2023,8,10,2,50.00642
2023,8,10,3,49.36819333333333
2023,8,10,4,48.621513333333326
2023,8,10,5,50.018953333333336
2023,8,10,6,51.87988333333333
2023,8,10,7,55.04355
2023,8,10,8,50.25461333333333
2023,8,10,9,44.18589666666667
2023,8,10,10,42.42463333333333
2023,8,10,11,41.773896666666666
2023,8,10,12,42.915706666666665
2023,8,10,13,42.75394
2023,8,10,14,46.31897333333333
2023,8,10,15,50.15669666666667
2023,8,10,16,51.24841
2023,8,10,17,54.00321666666667
2023,8,10,18,65.46117333333333
2023,8,10,19,72.03479333333333
2023,8,10,20,83.61244
2023,8,10,21,71.7815
2023,8,10,22,66.31022666666667
2023,8,10,23,57.7848
2023,8,10,24,53.68625
2023,8,11,1,51.40762333333333
2023,8,11,2,49.847820000000006
2023,8,11,3,49.80623
2023,8,11,4,49.61878333333334
2023,8,11,5,50.14502333333333
2023,8,11,6,53.09079
2023,8,11,7,57.032743333333336
2023,8,11,8,51.233383333333336
2023,8,11,9,42.93617666666666
2023,8,11,10,40.42735
2023,8,11,11,40.68432
2023,8,11,12,41.19632333333333
2023,8,11,13,40.96445666666667
2023,8,11,14,42.25177
2023,8,11,15,48.10923666666667
2023,8,11,16,50.99858
2023,8,11,17,52.47344
2023,8,11,18,62.19406
2023,8,11,19,70.01399333333333
2023,8,11,20,77.57437
2023,8,11,21,70.33638
2023,8,11,22,70.00731999999999
2023,8,11,23,58.77773666666667
2023,8,11,24,54.384103333333336
2023,8,12,1,49.63964333333333
2023,8,12,2,49.652973333333335
2023,8,12,3,47.71310666666667
2023,8,12,4,47.20651333333333
2023,8,12,5,48.632470000000005
2023,8,12,6,49.34536
2023,8,12,7,49.608556666666665
2023,8,12,8,40.92912666666667
2023,8,12,9,31.12975333333333
2023,8,12,10,29.92238
2023,8,12,11,29.05163
2023,8,12,12,30.91013666666667
2023,8,12,13,33.20976
2023,8,12,14,40.03792333333333
2023,8,12,15,43.5315
2023,8,12,16,48.76762666666667
2023,8,12,17,51.98433333333333
2023,8,12,18,60.56224
2023,8,12,19,71.05115333333333
2023,8,12,20,85.34728
2023,8,12,21,72.00093
2023,8,12,22,67.69982333333333
2023,8,12,23,55.49447666666666
2023,8,12,24,52.42277333333334
2023,8,13,1,51.48102333333333
2023,8,13,2,49.94526666666667
2023,8,13,3,49.65264333333334
2023,8,13,4,49.37104
2023,8,13,5,49.24420666666666
2023,8,13,6,49.35808666666667
2023,8,13,7,49.06552333333334
2023,8,13,8,43.06920333333333
2023,8,13,9,32.57382666666667
2023,8,13,10,30.45716
2023,8,13,11,30.76568
2023,8,13,12,33.124626666666664
2023,8,13,13,37.62115
2023,8,13,14,45.6936
2023,8,13,15,52.20273
2023,8,13,16,55.01060666666667
2023,8,13,17,62.99181333333333
2023,8,13,18,76.81555666666667
2023,8,13,19,93.16408666666666
2023,8,13,20,120.73460333333333
2023,8,13,21,89.65285666666666
2023,8,13,22,76.43514666666667
2023,8,13,23,69.30532
2023,8,13,24,57.52337666666667
2023,8,14,1,55.27165666666667
2023,8,14,2,53.50694333333333
2023,8,14,3,52.69940333333333
2023,8,14,4,52.64444
2023,8,14,5,52.82525
2023,8,14,6,55.60684666666666
2023,8,14,7,68.29982
2023,8,14,8,53.56728666666667
2023,8,14,9,48.17846333333333
2023,8,14,10,45.47141333333334
2023,8,14,11,46.15414333333333
2023,8,14,12,48.63116666666667
2023,8,14,13,53.47188666666667
2023,8,14,14,65.58544666666667
2023,8,14,15,77.46818999999999
2023,8,14,16,90.83923333333333
2023,8,14,17,110.35876333333331
2023,8,14,18,147.81053
2023,8,14,19,248.73069666666663
2023,8,14,20,344.21782666666667
2023,8,14,21,192.86318666666668
2023,8,14,22,134.20371666666665
2023,8,14,23,80.26497
2023,8,14,24,73.9228
2023,8,15,1,80.20715333333332
2023,8,15,2,72.08614666666666
2023,8,15,3,66.93654666666667
2023,8,15,4,66.25436333333333
2023,8,15,5,66.66367000000001
2023,8,15,6,69.07473333333333
2023,8,15,7,86.53652666666666
2023,8,15,8,69.16189666666666
2023,8,15,9,62.91049
2023,8,15,10,61.65311333333333
2023,8,15,11,62.640926666666665
2023,8,15,12,67.25355
2023,8,15,13,81.92766666666667
2023,8,15,14,96.54844333333334
2023,8,15,15,120.28779333333334
2023,8,15,16,143.09359333333336
2023,8,15,17,219.9155966666667
2023,8,15,18,373.07556
2023,8,15,19,686.8002566666668
2023,8,15,20,910.27458
2023,8,15,21,448.63494
2023,8,15,22,198.64047333333332
2023,8,15,23,103.42681
2023,8,15,24,89.17994666666668
2023,8,16,1,76.44063999999999
2023,8,16,2,71.65134
2023,8,16,3,66.72612333333333
2023,8,16,4,66.56333333333333
2023,8,16,5,66.26686666666666
2023,8,16,6,72.66155666666667
2023,8,16,7,88.74570333333332
2023,8,16,8,73.12590333333333
2023,8,16,9,65.59110666666668
2023,8,16,10,65.41616
2023,8,16,11,67.56922333333334
2023,8,16,12,75.93979666666667
2023,8,16,13,84.53082
2023,8,16,14,103.15599333333334
2023,8,16,15,128.71989666666667
2023,8,16,16,219.08903
2023,8,16,17,322.99268666666666
2023,8,16,18,646.0915333333334
2023,8,16,19,1059.972533333333
2023,8,16,20,1143.7821666666666
2023,8,16,21,638.7593633333332
2023,8,16,22,273.3399
2023,8,16,23,104.60183
2023,8,16,24,96.1219
2023,8,17,1,70.52649666666666
2023,8,17,2,69.15838333333333
2023,8,17,3,63.10081666666667
2023,8,17,4,62.52108666666667
2023,8,17,5,62.572603333333326
2023,8,17,6,72.18984
2023,8,17,7,74.67296
2023,8,17,8,60.938
2023,8,17,9,51.31793666666667
2023,8,17,10,50.51299
2023,8,17,11,54.33781333333334
2023,8,17,12,59.66556
2023,8,17,13,61.380770000000005
2023,8,17,14,69.20267333333334
2023,8,17,15,79.76733666666667
2023,8,17,16,86.89470333333334
2023,8,17,17,95.23314333333332
2023,8,17,18,120.60155666666668
2023,8,17,19,193.12908
2023,8,17,20,239.2273866666667
2023,8,17,21,129.49989
2023,8,17,22,98.60632333333332
2023,8,17,23,81.37409333333333
2023,8,17,24,71.98852666666666
2023,8,18,1,55.307793333333336
2023,8,18,2,52.55229
2023,8,18,3,51.48191
2023,8,18,4,48.89990333333333
2023,8,18,5,48.93597
2023,8,18,6,55.63491666666667
2023,8,18,7,55.16568333333333
2023,8,18,8,47.95035333333333
2023,8,18,9,40.70552666666666
2023,8,18,10,35.412416666666665
2023,8,18,11,33.561976666666666
2023,8,18,12,36.28268666666667
2023,8,18,13,39.76825333333333
2023,8,18,14,44.77492333333333
2023,8,18,15,49.52935666666667
2023,8,18,16,53.52180666666667
2023,8,18,17,57.816183333333335
2023,8,18,18,67.22479
2023,8,18,19,82.20297
2023,8,18,20,99.03976666666668
2023,8,18,21,78.85293666666666
2023,8,18,22,71.00469333333334
2023,8,18,23,61.88503333333333
2023,8,18,24,59.16213666666667
2023,8,19,1,51.35395333333333
2023,8,19,2,50.34293
2023,8,19,3,47.97353999999999
2023,8,19,4,46.251380000000005
2023,8,19,5,44.81471666666667
2023,8,19,6,50.618786666666665
2023,8,19,7,49.06682000000001
2023,8,19,8,41.590516666666666
2023,8,19,9,37.01367
2023,8,19,10,36.366146666666666
2023,8,19,11,36.09271
2023,8,19,12,35.90517666666667
2023,8,19,13,38.92649666666667
2023,8,19,14,42.10356
2023,8,19,15,48.72245
2023,8,19,16,53.00039
2023,8,19,17,56.75964333333334
2023,8,19,18,63.32584333333333
2023,8,19,19,72.15332333333333
2023,8,19,20,73.48245333333334
2023,8,19,21,65.11547666666667
2023,8,19,22,62.17065
2023,8,19,23,58.86577333333333
2023,8,19,24,50.82322333333334
2023,8,20,1,48.79252666666667
2023,8,20,2,47.52564
2023,8,20,3,44.73546666666667
2023,8,20,4,44.68625666666666
2023,8,20,5,44.48162666666667
2023,8,20,6,44.99002
2023,8,20,7,47.00620666666666
2023,8,20,8,44.610886666666666
2023,8,20,9,44.469773333333336
2023,8,20,10,46.00348333333333
2023,8,20,11,44.8378
2023,8,20,12,44.20498
2023,8,20,13,44.95765666666667
2023,8,20,14,48.62339
2023,8,20,15,51.71341666666667
2023,8,20,16,55.11191333333333
2023,8,20,17,58.76761
2023,8,20,18,61.84869
2023,8,20,19,64.65997333333333
2023,8,20,20,64.54354666666667
2023,8,20,21,61.83220666666667
2023,8,20,22,60.49633
2023,8,20,23,52.32321
2023,8,20,24,49.79601
2023,8,21,1,49.80867333333333
2023,8,21,2,47.64681
2023,8,21,3,47.02514
2023,8,21,4,46.40957
2023,8,21,5,46.55859333333333
2023,8,21,6,53.25388
2023,8,21,7,61.64721333333333
2023,8,21,8,54.68244000000001
2023,8,21,9,50.30293
2023,8,21,10,48.50091
2023,8,21,11,45.36447333333333
2023,8,21,12,42.25188666666667
2023,8,21,13,39.38801
2023,8,21,14,40.44703333333333
2023,8,21,15,42.92313666666666
2023,8,21,16,46.51208
2023,8,21,17,50.50963
2023,8,21,18,56.48327666666666
2023,8,21,19,63.46156
2023,8,21,20,68.77067666666666
2023,8,21,21,64.53757333333333
2023,8,21,22,63.61639333333333
2023,8,21,23,56.13123
2023,8,21,24,51.4829
2023,8,22,1,43.6695
2023,8,22,2,44.1652
2023,8,22,3,43.51713
2023,8,22,4,42.55513333333334
2023,8,22,5,43.20532333333333
2023,8,22,6,48.07349666666667
2023,8,22,7,56.67455
2023,8,22,8,44.78315
2023,8,22,9,39.94202666666666
2023,8,22,10,34.20641333333333
2023,8,22,11,30.66933333333333
2023,8,22,12,29.306786666666667
2023,8,22,13,29.819836666666664
2023,8,22,14,32.79644
2023,8,22,15,38.25586666666667
2023,8,22,16,43.21901333333333
2023,8,22,17,45.39617333333334
2023,8,22,18,53.21266333333333
2023,8,22,19,65.20101333333334
2023,8,22,20,77.95790333333333
2023,8,22,21,64.09460666666668
2023,8,22,22,60.18819
2023,8,22,23,53.78932666666666
2023,8,22,24,49.67809
2023,8,23,1,45.40381666666667
2023,8,23,2,43.67000333333333
2023,8,23,3,42.194343333333336
2023,8,23,4,41.84819666666667
2023,8,23,5,42.07285666666667
2023,8,23,6,45.89517
2023,8,23,7,52.87542666666667
2023,8,23,8,41.83244333333334
2023,8,23,9,33.68923
2023,8,23,10,29.204753333333333
2023,8,23,11,27.86888666666667
2023,8,23,12,28.315566666666665
2023,8,23,13,28.957616666666667
2023,8,23,14,31.78490333333333
2023,8,23,15,36.87838
2023,8,23,16,42.50472333333334
2023,8,23,17,44.70747
2023,8,23,18,53.52316999999999
2023,8,23,19,62.39631333333333
2023,8,23,20,86.27288333333333
2023,8,23,21,62.79364666666667
2023,8,23,22,59.98961
2023,8,23,23,52.82494
2023,8,23,24,47.88743333333334
2023,8,24,1,44.60962333333333
2023,8,24,2,43.35035333333334
2023,8,24,3,42.23713
2023,8,24,4,41.184783333333336
2023,8,24,5,41.120536666666666
2023,8,24,6,45.61048666666667
2023,8,24,7,50.53985666666667
2023,8,24,8,42.535230000000006
2023,8,24,9,34.16252
2023,8,24,10,29.469016666666665
2023,8,24,11,27.79488333333333
2023,8,24,12,28.192376666666664
2023,8,24,13,28.100916666666667
2023,8,24,14,30.16332
2023,8,24,15,34.64838
2023,8,24,16,39.46602666666666
2023,8,24,17,41.15898333333333
2023,8,24,18,53.63388
2023,8,24,19,63.71494666666667
2023,8,24,20,81.76857
2023,8,24,21,61.14072333333333
2023,8,24,22,55.710276666666665
2023,8,24,23,46.89776666666666
2023,8,24,24,46.14187
2023,8,25,1,51.47032333333333
2023,8,25,2,48.964866666666666
2023,8,25,3,45.02186
2023,8,25,4,42.26094
2023,8,25,5,42.48239333333333
2023,8,25,6,48.98841
2023,8,25,7,57.52553333333333
2023,8,25,8,45.84046333333333
2023,8,25,9,35.34757333333334
2023,8,25,10,32.31148
2023,8,25,11,30.658036666666664
2023,8,25,12,31.489293333333336
2023,8,25,13,34.87580666666667
2023,8,25,14,36.68263
2023,8,25,15,40.22432666666666
2023,8,25,16,48.687396666666665
2023,8,25,17,49.29792666666666
2023,8,25,18,62.44332333333333
2023,8,25,19,70.49155666666667
2023,8,25,20,84.63949
2023,8,25,21,67.35608666666667
2023,8,25,22,64.76531666666666
2023,8,25,23,55.16093
2023,8,25,24,48.33431333333333
2023,8,26,1,50.77694333333333
2023,8,26,2,48.81083666666667
2023,8,26,3,47.46687
2023,8,26,4,45.55089
2023,8,26,5,44.35507333333334
2023,8,26,6,48.08146666666666
2023,8,26,7,47.96453666666667
2023,8,26,8,38.91626
2023,8,26,9,26.27171333333333
2023,8,26,10,23.64943
2023,8,26,11,22.356393333333333
2023,8,26,12,22.59627
2023,8,26,13,30.47281666666667
2023,8,26,14,33.58350666666667
2023,8,26,15,40.84009
2023,8,26,16,44.06932666666666
2023,8,26,17,47.02253666666667
2023,8,26,18,57.31313666666667
2023,8,26,19,68.1692
2023,8,26,20,81.60497333333335
2023,8,26,21,63.11045666666666
2023,8,26,22,61.61021333333334
2023,8,26,23,53.450903333333336
2023,8,26,24,53.649993333333335
2023,8,27,1,52.69108333333333
2023,8,27,2,51.04036
2023,8,27,3,48.49075666666667
2023,8,27,4,46.15704
2023,8,27,5,45.25899
2023,8,27,6,47.87283
2023,8,27,7,51.401273333333336
2023,8,27,8,39.34745333333333
2023,8,27,9,26.445036666666667
2023,8,27,10,21.722246666666667
2023,8,27,11,22.422696666666667
2023,8,27,12,24.86255333333333
2023,8,27,13,30.247656666666668
2023,8,27,14,34.269330000000004
2023,8,27,15,43.80294
2023,8,27,16,48.11366999999999
2023,8,27,17,48.59035
2023,8,27,18,64.52966
2023,8,27,19,75.55586
2023,8,27,20,95.22400666666664
2023,8,27,21,71.74237
2023,8,27,22,70.01858
2023,8,27,23,59.987433333333335
2023,8,27,24,54.259440000000005
2023,8,28,1,56.18353666666667
2023,8,28,2,51.16775666666666
2023,8,28,3,49.11761333333334
2023,8,28,4,47.61829
2023,8,28,5,49.52407333333334
2023,8,28,6,56.08643333333333
2023,8,28,7,68.90101333333332
2023,8,28,8,53.18018
2023,8,28,9,42.65273
2023,8,28,10,42.12193
2023,8,28,11,43.72143
2023,8,28,12,48.22680666666667
2023,8,28,13,53.13737666666666
2023,8,28,14,56.53403
2023,8,28,15,65.79369333333334
2023,8,28,16,74.48299
2023,8,28,17,83.97832666666666
2023,8,28,18,126.70177666666666
2023,8,28,19,239.65862666666663
2023,8,28,20,246.64648
2023,8,28,21,133.45237333333333
2023,8,28,22,88.10816333333332
2023,8,28,23,65.90328
2023,8,28,24,60.45252666666667
2023,8,29,1,57.19533666666666
2023,8,29,2,54.69386333333333
2023,8,29,3,53.11885
2023,8,29,4,51.61983333333333
2023,8,29,5,51.20534666666666
2023,8,29,6,56.27712
2023,8,29,7,65.74793666666666
2023,8,29,8,50.0437
2023,8,29,9,39.71734333333333
2023,8,29,10,39.78548666666666
2023,8,29,11,43.17711666666667
2023,8,29,12,46.48229333333333
2023,8,29,13,49.62794333333333
2023,8,29,14,56.769216666666665
2023,8,29,15,62.25583
2023,8,29,16,70.35343333333333
2023,8,29,17,75.87655
2023,8,29,18,93.97472
2023,8,29,19,169.23028333333332
2023,8,29,20,197.58128666666667
2023,8,29,21,111.07828666666668
2023,8,29,22,88.79431333333333
2023,8,29,23,69.92111333333334
2023,8,29,24,67.28145333333333
2023,8,30,1,51.55525333333333
2023,8,30,2,48.08903333333333
2023,8,30,3,48.00919666666667
2023,8,30,4,45.68510666666666
2023,8,30,5,46.20524
2023,8,30,6,54.30701
2023,8,30,7,59.44783
2023,8,30,8,47.84871
2023,8,30,9,37.62927
2023,8,30,10,33.88627
2023,8,30,11,35.81216
2023,8,30,12,39.69028
2023,8,30,13,41.920903333333335
2023,8,30,14,46.74487
2023,8,30,15,54.472346666666674
2023,8,30,16,61.83073
2023,8,30,17,65.25833
2023,8,30,18,77.20288666666667
2023,8,30,19,166.69
2023,8,30,20,167.66668
2023,8,30,21,85.85823
2023,8,30,22,78.66790333333334
2023,8,30,23,64.80459
2023,8,30,24,58.40956666666667
2023,9,1,1,41.98692333333333
2023,9,1,2,39.31261
2023,9,1,3,38.78501666666667
2023,9,1,4,36.92396333333333
2023,9,1,5,37.188426666666665
2023,9,1,6,43.34849333333333
2023,9,1,7,42.89788000000001
2023,9,1,8,38.007603333333336
2023,9,1,9,30.93024
2023,9,1,10,28.49053
2023,9,1,11,26.55857333333333
2023,9,1,12,26.84303
2023,9,1,13,27.39603333333333
2023,9,1,14,29.49826333333333
2023,9,1,15,31.80999
2023,9,1,16,36.16151666666666
2023,9,1,17,35.95971333333333
2023,9,1,18,47.29571666666666
2023,9,1,19,51.85427666666667
2023,9,1,20,55.83166666666667
2023,9,1,21,52.06082333333333
2023,9,1,22,51.48712
2023,9,1,23,47.18513
2023,9,1,24,43.45676
2023,9,2,1,40.50912666666667
2023,9,2,2,41.08346
2023,9,2,3,39.91536666666666
2023,9,2,4,38.903623333333336
2023,9,2,5,38.76009
2023,9,2,6,42.57006333333333
2023,9,2,7,41.67567333333333
2023,9,2,8,36.36225
2023,9,2,9,30.666073333333333
2023,9,2,10,26.899436666666663
2023,9,2,11,25.679586666666665
2023,9,2,12,25.143456666666665
2023,9,2,13,24.82408333333333
2023,9,2,14,24.37448333333333
2023,9,2,15,25.977946666666668
2023,9,2,16,30.185526666666664
2023,9,2,17,32.88111
2023,9,2,18,42.25225666666667
2023,9,2,19,50.655910000000006
2023,9,2,20,54.22584333333333
2023,9,2,21,48.72699333333333
2023,9,2,22,45.663783333333335
2023,9,2,23,44.19666333333333
2023,9,2,24,41.0957
2023,9,3,1,37.55613
2023,9,3,2,37.54422
2023,9,3,3,36.05730333333333
2023,9,3,4,34.27668666666667
2023,9,3,5,33.77206
2023,9,3,6,34.20315
2023,9,3,7,36.242376666666665
2023,9,3,8,30.0933
2023,9,3,9,20.08421333333333
2023,9,3,10,16.875373333333332
2023,9,3,11,15.335029999999998
2023,9,3,12,13.485813333333333
2023,9,3,13,12.268206666666666
2023,9,3,14,12.077636666666663
2023,9,3,15,12.172676666666666
2023,9,3,16,13.542993333333332
2023,9,3,17,16.11769
2023,9,3,18,29.64068333333333
2023,9,3,19,42.89375666666666
2023,9,3,20,48.49094
2023,9,3,21,46.362480000000005
2023,9,3,22,42.84067666666667
2023,9,3,23,37.38671333333334
2023,9,3,24,36.3475
2023,9,4,1,34.52826
2023,9,4,2,32.12746666666666
2023,9,4,3,31.522326666666668
2023,9,4,4,31.26131666666667
2023,9,4,5,32.185876666666665
2023,9,4,6,34.97139666666667
2023,9,4,7,35.168596666666666
2023,9,4,8,22.729376666666667
2023,9,4,9,7.515936666666666
2023,9,4,10,6.034563333333334
2023,9,4,11,5.667613333333333
2023,9,4,12,6.183083333333333
2023,9,4,13,6.30038
2023,9,4,14,6.459923333333333
2023,9,4,15,8.773606666666666
2023,9,4,16,14.727146666666664
2023,9,4,17,17.174253333333333
2023,9,4,18,31.16674
2023,9,4,19,46.53974
2023,9,4,20,51.43067666666667
2023,9,4,21,46.65207
2023,9,4,22,46.47936666666666
2023,9,4,23,44.474520000000005
2023,9,4,24,39.2082
2023,9,5,1,39.97053666666667
2023,9,5,2,37.93882
2023,9,5,3,37.66191333333333
2023,9,5,4,37.70474333333333
2023,9,5,5,38.94432333333334
2023,9,5,6,45.25763666666666
2023,9,5,7,44.63054
2023,9,5,8,34.62873333333334
2023,9,5,9,17.053513333333335
2023,9,5,10,13.158986666666667
2023,9,5,11,11.800733333333334
2023,9,5,12,11.242396666666666
2023,9,5,13,12.564346666666667
2023,9,5,14,13.722816666666668
2023,9,5,15,20.456603333333334
2023,9,5,16,29.13185
2023,9,5,17,33.195813333333334
2023,9,5,18,45.62081333333333
2023,9,5,19,53.385466666666666
2023,9,5,20,61.88697666666667
2023,9,5,21,51.03426666666667
2023,9,5,22,48.577223333333336
2023,9,5,23,46.972006666666665
2023,9,5,24,41.05363333333333
2023,9,6,1,40.94304
2023,9,6,2,40.05816
2023,9,6,3,37.27971
2023,9,6,4,36.83651
2023,9,6,5,37.07849
2023,9,6,6,42.73361666666667
2023,9,6,7,50.14898
2023,9,6,8,37.51467333333333
2023,9,6,9,24.994083333333336
2023,9,6,10,19.417563333333334
2023,9,6,11,17.882953333333333
2023,9,6,12,17.095443333333332
2023,9,6,13,19.411963333333333
2023,9,6,14,21.669786666666667
2023,9,6,15,27.6072
2023,9,6,16,33.86990333333333
2023,9,6,17,35.02835666666667
2023,9,6,18,48.42824
2023,9,6,19,57.65697333333333
2023,9,6,20,64.75126
2023,9,6,21,53.36076333333333
2023,9,6,22,49.08268666666667
2023,9,6,23,47.405676666666665
2023,9,6,24,41.83248
2023,9,7,1,44.40524333333334
2023,9,7,2,41.2391
2023,9,7,3,38.92183
2023,9,7,4,38.70717333333334
2023,9,7,5,38.95749333333333
2023,9,7,6,44.59077666666667
2023,9,7,7,53.980066666666666
2023,9,7,8,40.28552
2023,9,7,9,27.49569
2023,9,7,10,25.951876666666667
2023,9,7,11,24.378056666666662
2023,9,7,12,24.88052
2023,9,7,13,26.4462
2023,9,7,14,29.778576666666662
2023,9,7,15,34.356316666666665
2023,9,7,16,37.49332
2023,9,7,17,38.96489666666667
2023,9,7,18,54.77136333333334
2023,9,7,19,61.93760666666666
2023,9,7,20,67.71146333333333
2023,9,7,21,59.50109333333334
2023,9,7,22,56.75125
2023,9,7,23,54.00510333333333
2023,9,7,24,45.233646666666665
2023,9,8,1,46.20689
2023,9,8,2,43.55631333333333
2023,9,8,3,40.87480333333333
2023,9,8,4,40.627406666666666
2023,9,8,5,41.05582
2023,9,8,6,44.35341
2023,9,8,7,57.29407
2023,9,8,8,45.15037333333333
2023,9,8,9,33.279446666666665
2023,9,8,10,28.726046666666665
2023,9,8,11,29.932683333333333
2023,9,8,12,31.57438666666667
2023,9,8,13,35.06284
2023,9,8,14,39.01042
2023,9,8,15,43.21996666666666
2023,9,8,16,46.04805666666667
2023,9,8,17,52.30713
2023,9,8,18,63.01266999999999
2023,9,8,19,75.03158
2023,9,8,20,79.5038
2023,9,8,21,65.58411
2023,9,8,22,63.45475
2023,9,8,23,55.01306666666667
2023,9,8,24,48.49500666666668
2023,9,9,1,46.39729333333333
2023,9,9,2,42.70778333333333
2023,9,9,3,41.68149333333333
2023,9,9,4,40.34342
2023,9,9,5,40.35435333333333
2023,9,9,6,42.33347333333333
2023,9,9,7,47.66532
2023,9,9,8,37.11315
2023,9,9,9,25.688126666666665
2023,9,9,10,25.812586666666665
2023,9,9,11,28.56583
2023,9,9,12,31.27294333333333
2023,9,9,13,34.092353333333335
2023,9,9,14,38.558843333333336
2023,9,9,15,43.27441666666667
2023,9,9,16,46.69869
2023,9,9,17,51.246226666666665
2023,9,9,18,56.67761666666667
2023,9,9,19,77.36162666666667
2023,9,9,20,87.46936000000001
2023,9,9,21,60.57519666666667
2023,9,9,22,56.79265
2023,9,9,23,48.34428666666667
2023,9,9,24,47.61136666666666
2023,9,10,1,46.58049333333333
2023,9,10,2,45.65234999999999
2023,9,10,3,44.34952666666666
2023,9,10,4,43.5813
2023,9,10,5,42.05095
2023,9,10,6,44.984386666666666
2023,9,10,7,47.432723333333335
2023,9,10,8,41.63336666666667
2023,9,10,9,37.578446666666665
2023,9,10,10,38.17398
2023,9,10,11,37.33087333333334
2023,9,10,12,39.47515666666667
2023,9,10,13,40.26645666666666
2023,9,10,14,42.056810000000006
2023,9,10,15,48.58057
2023,9,10,16,53.01895
2023,9,10,17,51.72599
2023,9,10,18,60.08440333333333
2023,9,10,19,84.38569
2023,9,10,20,82.18962
2023,9,10,21,66.38043
2023,9,10,22,62.12741666666667
2023,9,10,23,56.53658333333333
2023,9,10,24,46.97468333333333
2023,9,11,1,45.32601666666667
2023,9,11,2,42.62175333333334
2023,9,11,3,42.06824
2023,9,11,4,42.01942333333333
2023,9,11,5,42.29222
2023,9,11,6,46.99473
2023,9,11,7,60.75672
2023,9,11,8,47.89920666666666
2023,9,11,9,40.32755333333333
2023,9,11,10,39.40529333333333
2023,9,11,11,39.08056333333333
2023,9,11,12,41.70445333333333
2023,9,11,13,46.16619666666666
2023,9,11,14,51.5779
2023,9,11,15,54.89256333333333
2023,9,11,16,65.37851
2023,9,11,17,68.3908
2023,9,11,18,78.30786666666667
2023,9,11,19,104.01951666666668
2023,9,11,20,99.7205
2023,9,11,21,78.23776333333333
2023,9,11,22,73.17532666666666
2023,9,11,23,58.35118666666667
2023,9,11,24,48.07492
2023,9,12,1,47.14458333333334
2023,9,12,2,46.88574
2023,9,12,3,42.99014666666667
2023,9,12,4,42.913806666666666
2023,9,12,5,43.26881
2023,9,12,6,46.54211
2023,9,12,7,52.86951
2023,9,12,8,47.20601333333334
2023,9,12,9,38.07854666666667
2023,9,12,10,32.365743333333334
2023,9,12,11,31.92821333333333
2023,9,12,12,33.62546666666666
2023,9,12,13,34.17326666666667
2023,9,12,14,34.828916666666665
2023,9,12,15,37.51102
2023,9,12,16,42.08829
2023,9,12,17,42.44978
2023,9,12,18,51.52744333333334
2023,9,12,19,72.52305666666668
2023,9,12,20,78.27609333333334
2023,9,12,21,66.34737
2023,9,12,22,56.690266666666666
2023,9,12,23,49.127026666666666
2023,9,12,24,48.24404666666667
2023,9,13,1,42.02388666666667
2023,9,13,2,42.09111333333333
2023,9,13,3,41.66939333333333
2023,9,13,4,41.332683333333335
2023,9,13,5,41.96277
2023,9,13,6,46.27966
2023,9,13,7,49.0762
2023,9,13,8,41.9336
2023,9,13,9,25.26219333333333
2023,9,13,10,22.28797
2023,9,13,11,20.2272
2023,9,13,12,20.489553333333333
2023,9,13,13,22.962616666666666
2023,9,13,14,25.060413333333333
2023,9,13,15,30.13591
2023,9,13,16,33.36886333333333
2023,9,13,17,37.23164333333333
2023,9,13,18,50.90983333333333
2023,9,13,19,69.78699
2023,9,13,20,72.84109666666667
2023,9,13,21,60.49183666666667
2023,9,13,22,54.98016333333334
2023,9,13,23,51.612276666666666
2023,9,13,24,49.863436666666665
2023,9,14,1,47.023876666666666
2023,9,14,2,45.41735
2023,9,14,3,44.823366666666665
2023,9,14,4,44.93615
2023,9,14,5,46.21013333333334
2023,9,14,6,50.58644
2023,9,14,7,54.53781666666666
2023,9,14,8,44.789026666666665
2023,9,14,9,28.96696
2023,9,14,10,24.56396666666667
2023,9,14,11,23.22937
2023,9,14,12,22.193573333333333
2023,9,14,13,23.866966666666663
2023,9,14,14,26.184896666666663
2023,9,14,15,30.66922333333333
2023,9,14,16,37.62851666666667
2023,9,14,17,40.65758666666667
2023,9,14,18,64.04938666666666
2023,9,14,19,78.81657
2023,9,14,20,80.54933666666666
2023,9,14,21,69.55621666666667
2023,9,14,22,67.32121333333333
2023,9,14,23,59.78063
2023,9,14,24,50.355783333333335
2023,9,15,1,48.15135333333333
2023,9,15,2,47.77681333333334
2023,9,15,3,46.91909
2023,9,15,4,45.95032333333334
2023,9,15,5,47.41921
2023,9,15,6,50.76711333333333
2023,9,15,7,58.98418333333333
2023,9,15,8,46.56319
2023,9,15,9,32.95283666666666
2023,9,15,10,28.047173333333333
2023,9,15,11,26.014686666666663
2023,9,15,12,24.42741666666667
2023,9,15,13,26.586706666666668
2023,9,15,14,29.579113333333336
2023,9,15,15,33.916623333333334
2023,9,15,16,41.91354666666667
2023,9,15,17,47.26278
2023,9,15,18,67.88515
2023,9,15,19,81.01740333333333
2023,9,15,20,81.50825999999999
2023,9,15,21,72.93333666666666
2023,9,15,22,70.53976666666667
2023,9,15,23,56.846493333333335
2023,9,15,24,51.51011333333333
2023,9,16,1,49.05574333333333
2023,9,16,2,47.05875666666666
2023,9,16,3,46.53256666666667
2023,9,16,4,46.24363666666667
2023,9,16,5,45.45774
2023,9,16,6,46.74016666666666
2023,9,16,7,46.59214
2023,9,16,8,41.18931666666666
2023,9,16,9,27.14842333333333
2023,9,16,10,23.215266666666665
2023,9,16,11,18.492083333333333
2023,9,16,12,18.39700333333333
2023,9,16,13,17.491426666666666
2023,9,16,14,19.768976666666667
2023,9,16,15,22.30105
2023,9,16,16,31.67614333333333
2023,9,16,17,36.05151666666666
2023,9,16,18,54.37280666666667
2023,9,16,19,64.23403333333333
2023,9,16,20,68.14719333333333
2023,9,16,21,60.85861
2023,9,16,22,55.30339
2023,9,16,23,47.42457666666667
2023,9,16,24,46.41392333333334
2023,9,17,1,43.64055666666667
2023,9,17,2,43.77706333333333
2023,9,17,3,43.31446333333333
2023,9,17,4,42.27484333333334
2023,9,17,5,42.31952333333333
2023,9,17,6,42.78141
2023,9,17,7,44.16584
2023,9,17,8,36.79886333333334
2023,9,17,9,19.239073333333334
2023,9,17,10,16.052656666666667
2023,9,17,11,13.694076666666668
2023,9,17,12,14.36574
2023,9,17,13,14.61146
2023,9,17,14,15.19746
2023,9,17,15,18.21416333333333
2023,9,17,16,26.69647333333333
2023,9,17,17,31.315716666666663
2023,9,17,18,45.50097
2023,9,17,19,62.084990000000005
2023,9,17,20,62.47948333333333
2023,9,17,21,56.59614666666667
2023,9,17,22,46.44075333333333
2023,9,17,23,45.91584
2023,9,17,24,44.23949
2023,9,18,1,43.01131333333333
2023,9,18,2,41.55249
2023,9,18,3,41.70126
2023,9,18,4,40.532536666666665
2023,9,18,5,42.99447
2023,9,18,6,45.06599666666667
2023,9,18,7,45.70057333333333
2023,9,18,8,39.93721
2023,9,18,9,21.4566
2023,9,18,10,18.054646666666667
2023,9,18,11,15.042726666666669
2023,9,18,12,13.909346666666666
2023,9,18,13,13.181956666666666
2023,9,18,14,13.871633333333332
2023,9,18,15,15.742256666666668
2023,9,18,16,20.25734
2023,9,18,17,23.92483
2023,9,18,18,44.3093
2023,9,18,19,62.65662666666666
2023,9,18,20,65.88173
2023,9,18,21,57.47707333333333
2023,9,18,22,48.05882333333333
2023,9,18,23,46.75067000000001
2023,9,18,24,44.64363666666666
2023,9,19,1,39.78509333333333
2023,9,19,2,40.47656333333333
2023,9,19,3,39.07793
2023,9,19,4,38.80398333333333
2023,9,19,5,39.898473333333335
2023,9,19,6,44.58394666666666
2023,9,19,7,48.70164333333333
2023,9,19,8,39.29786000000001
2023,9,19,9,22.65122333333333
2023,9,19,10,17.821546666666666
2023,9,19,11,16.90117
2023,9,19,12,15.921833333333334
2023,9,19,13,15.991613333333332
2023,9,19,14,16.743
2023,9,19,15,18.26550333333333
2023,9,19,16,22.276736666666665
2023,9,19,17,28.26304333333333
2023,9,19,18,44.88920333333333
2023,9,19,19,67.50226666666667
2023,9,19,20,66.37356
2023,9,19,21,55.27599
2023,9,19,22,48.02037333333334
2023,9,19,23,46.19861666666666
2023,9,19,24,44.75914333333333
2023,9,20,1,39.68701333333333
2023,9,20,2,40.29818
2023,9,20,3,38.49033
2023,9,20,4,38.18541333333334
2023,9,20,5,39.94011333333333
2023,9,20,6,41.199443333333335
2023,9,20,7,47.68870999999999
2023,9,20,8,41.55513
2023,9,20,9,28.229776666666663
2023,9,20,10,22.077053333333332
2023,9,20,11,17.10755
2023,9,20,12,15.77611
2023,9,20,13,13.707860000000002
2023,9,20,14,15.189623333333332
2023,9,20,15,16.407366666666668
2023,9,20,16,16.88302
2023,9,20,17,22.049866666666663
2023,9,20,18,42.31838
2023,9,20,19,56.45097666666667
2023,9,20,20,59.61350333333333
2023,9,20,21,48.812176666666666
2023,9,20,22,45.763306666666665
2023,9,20,23,44.20173333333333
2023,9,20,24,41.43111
2023,9,21,1,43.19378333333333
2023,9,21,2,42.31465333333333
2023,9,21,3,39.78098666666667
2023,9,21,4,38.21894
2023,9,21,5,39.22710666666666
2023,9,21,6,43.56371333333333
2023,9,21,7,51.38888
2023,9,21,8,42.06794
2023,9,21,9,29.71850333333333
2023,9,21,10,20.328886666666666
2023,9,21,11,13.59744
2023,9,21,12,9.429273333333333
2023,9,21,13,7.5916
2023,9,21,14,7.529149999999999
2023,9,21,15,7.516296666666666
2023,9,21,16,9.014073333333334
2023,9,21,17,15.18286
2023,9,21,18,40.37240333333333
2023,9,21,19,56.67796333333333
2023,9,21,20,60.77910333333333
2023,9,21,21,50.98157666666666
2023,9,21,22,46.29695666666667
2023,9,21,23,44.18081333333333
2023,9,21,24,42.129623333333335
2023,9,22,1,40.11407
2023,9,22,2,39.11609
2023,9,22,3,37.52142333333333
2023,9,22,4,37.13173666666667
2023,9,22,5,37.53793
2023,9,22,6,42.37475333333333
2023,9,22,7,48.19063333333333
2023,9,22,8,44.35521333333333
2023,9,22,9,36.029736666666665
2023,9,22,10,32.40259666666667
2023,9,22,11,30.018663333333333
2023,9,22,12,29.25567
2023,9,22,13,29.76149333333333
2023,9,22,14,29.088996666666663
2023,9,22,15,30.4883
2023,9,22,16,36.371633333333335
2023,9,22,17,40.774930000000005
2023,9,22,18,53.99887
2023,9,22,19,60.28830333333334
2023,9,22,20,58.50696
2023,9,22,21,51.59880333333333
2023,9,22,22,50.45209
2023,9,22,23,46.5981
2023,9,22,24,42.4235
2023,9,23,1,39.2905
2023,9,23,2,38.867603333333335
2023,9,23,3,38.2476
2023,9,23,4,36.13641666666667
2023,9,23,5,36.37899
2023,9,23,6,37.004070000000006
2023,9,23,7,39.70545333333333
2023,9,23,8,36.07628666666667
2023,9,23,9,18.125383333333332
2023,9,23,10,10.70814
2023,9,23,11,7.534163333333333
2023,9,23,12,5.423456666666667
2023,9,23,13,5.120306666666667
2023,9,23,14,4.054953333333333
2023,9,23,15,3.013683333333333
2023,9,23,16,7.819933333333334
2023,9,23,17,16.188109999999998
2023,9,23,18,37.60085
2023,9,23,19,50.13018666666667
2023,9,23,20,53.26903000000001
2023,9,23,21,46.85474666666666
2023,9,23,22,45.18581666666668
2023,9,23,23,42.42276
2023,9,23,24,40.316570000000006
2023,9,24,1,36.77130666666667
2023,9,24,2,37.18992333333333
2023,9,24,3,37.17237666666667
2023,9,24,4,36.28257666666667
2023,9,24,5,37.28903333333333
2023,9,24,6,37.28681
2023,9,24,7,38.994796666666666
2023,9,24,8,32.89838
2023,9,24,9,12.273096666666666
2023,9,24,10,6.672280000000001
2023,9,24,11,6.1997866666666654
2023,9,24,12,4.555653333333333
2023,9,24,13,2.382003333333333
2023,9,24,14,3.7326033333333335
2023,9,24,15,7.733176666666666
2023,9,24,16,13.4545
2023,9,24,17,21.484746666666663
2023,9,24,18,41.434893333333335
2023,9,24,19,58.11985666666666
2023,9,24,20,58.13534000000001
2023,9,24,21,49.65857666666667
2023,9,24,22,46.25354333333333
2023,9,24,23,43.15741333333333
2023,9,24,24,40.24310333333333
2023,9,25,1,39.70061666666667
2023,9,25,2,37.4278
2023,9,25,3,37.70209666666667
2023,9,25,4,37.69650666666666
2023,9,25,5,40.36523666666667
2023,9,25,6,44.9472
2023,9,25,7,49.2355
2023,9,25,8,40.85138666666666
2023,9,25,9,28.47255333333333
2023,9,25,10,22.96536
2023,9,25,11,17.070733333333333
2023,9,25,12,16.75314
2023,9,25,13,17.036873333333332
2023,9,25,14,17.314606666666666
2023,9,25,15,20.920656666666662
2023,9,25,16,28.30798
2023,9,25,17,29.872646666666668
2023,9,25,18,48.88428
2023,9,25,19,65.28955333333333
2023,9,25,20,63.68869999999999
2023,9,25,21,54.021710000000006
2023,9,25,22,49.35731666666666
2023,9,25,23,47.462273333333336
2023,9,25,24,40.71127666666667
2023,9,26,1,40.58874666666667
2023,9,26,2,38.35867666666667
2023,9,26,3,37.38672666666667
2023,9,26,4,37.76900666666666
2023,9,26,5,38.605250000000005
2023,9,26,6,42.42159
2023,9,26,7,47.69483666666667
2023,9,26,8,41.07036
2023,9,26,9,26.20910333333333
2023,9,26,10,14.900423333333334
2023,9,26,11,13.00622
2023,9,26,12,11.569540000000002
2023,9,26,13,13.20012
2023,9,26,14,14.07896
2023,9,26,15,20.931156666666663
2023,9,26,16,27.921336666666665
2023,9,26,17,33.70604
2023,9,26,18,51.65037
2023,9,26,19,71.46526
2023,9,26,20,67.13658666666667
2023,9,26,21,58.39254
2023,9,26,22,51.391263333333335
2023,9,26,23,44.61552
2023,9,26,24,42.61953333333333
2023,9,27,1,38.59539
2023,9,27,2,37.54901666666667
2023,9,27,3,36.49090666666667
2023,9,27,4,36.15763333333334
2023,9,27,5,36.56730666666667
2023,9,27,6,39.488040000000005
2023,9,27,7,45.22861
2023,9,27,8,36.238976666666666
2023,9,27,9,25.989216666666668
2023,9,27,10,17.00975
2023,9,27,11,16.0561
2023,9,27,12,16.707596666666667
2023,9,27,13,18.74609333333333
2023,9,27,14,20.699836666666663
2023,9,27,15,23.33066666666667
2023,9,27,16,29.39434
2023,9,27,17,32.162823333333336
2023,9,27,18,46.53502666666666
2023,9,27,19,63.49592666666666
2023,9,27,20,62.96086666666667
2023,9,27,21,54.45346333333333
2023,9,27,22,48.41765
2023,9,27,23,42.08043666666666
2023,9,27,24,40.14201
2023,9,28,1,38.10860333333333
2023,9,28,2,37.51306666666667
2023,9,28,3,35.59390333333334
2023,9,28,4,34.961513333333336
2023,9,28,5,37.23117666666666
2023,9,28,6,39.820906666666666
2023,9,28,7,46.16292333333333
2023,9,28,8,37.95092666666667
2023,9,28,9,27.00434333333333
2023,9,28,10,18.185486666666662
2023,9,28,11,17.469653333333333
2023,9,28,12,15.672973333333331
2023,9,28,13,17.464366666666667
2023,9,28,14,17.003016666666667
2023,9,28,15,18.83609333333333
2023,9,28,16,21.791300000000003
2023,9,28,17,25.579933333333333
2023,9,28,18,39.90025
2023,9,28,19,56.11723
2023,9,28,20,56.47815
2023,9,28,21,50.982523333333326
2023,9,28,22,44.98364333333333
2023,9,28,23,42.24057666666666
2023,9,28,24,39.21790333333333
2023,9,29,1,35.087806666666665
2023,9,29,2,35.75125333333333
2023,9,29,3,35.289896666666664
2023,9,29,4,35.15592
2023,9,29,5,35.80784
2023,9,29,6,40.802863333333335
2023,9,29,7,44.25482
2023,9,29,8,40.66661
2023,9,29,9,25.07557333333333
2023,9,29,10,14.411403333333332
2023,9,29,11,12.029333333333334
2023,9,29,12,11.19058
2023,9,29,13,11.411343333333331
2023,9,29,14,11.350286666666667
2023,9,29,15,10.028086666666669
2023,9,29,16,11.496236666666666
2023,9,29,17,19.0471
2023,9,29,18,40.56239
2023,9,29,19,50.15316666666666
2023,9,29,20,51.01375
2023,9,29,21,43.84257333333333
2023,9,29,22,41.19155666666666
2023,9,29,23,40.87181666666667
2023,9,29,24,40.235256666666665
2023,10,1,1,39.17068666666666
2023,10,1,2,38.28587666666667
2023,10,1,3,38.11649333333333
2023,10,1,4,37.91401333333334
2023,10,1,5,35.756373333333336
2023,10,1,6,38.11709
2023,10,1,7,38.44769
2023,10,1,8,34.731943333333334
2023,10,1,9,20.58236
2023,10,1,10,10.56203
2023,10,1,11,7.593583333333332
2023,10,1,12,5.78322
2023,10,1,13,4.531553333333334
2023,10,1,14,5.589106666666666
2023,10,1,15,7.720453333333334
2023,10,1,16,9.052503333333334
2023,10,1,17,16.963359999999998
2023,10,1,18,40.08767
2023,10,1,19,47.35299333333333
2023,10,1,20,48.7537
2023,10,1,21,45.5957
2023,10,1,22,44.98036666666667
2023,10,1,23,40.68642333333333
2023,10,1,24,39.884773333333335
2023,10,2,1,34.503996666666666
2023,10,2,2,33.90737666666667
2023,10,2,3,33.93326666666667
2023,10,2,4,33.692656666666664
2023,10,2,5,34.06302
2023,10,2,6,39.38676333333333
2023,10,2,7,48.852
2023,10,2,8,43.80460333333334
2023,10,2,9,29.81696
2023,10,2,10,20.998396666666668
2023,10,2,11,21.58877
2023,10,2,12,20.527776666666664
2023,10,2,13,18.693836666666662
2023,10,2,14,18.745766666666665
2023,10,2,15,19.097546666666663
2023,10,2,16,19.82302
2023,10,2,17,26.66541666666667
2023,10,2,18,48.00287666666666
2023,10,2,19,55.841766666666665
2023,10,2,20,55.19145
2023,10,2,21,53.58321333333333
2023,10,2,22,50.70575
2023,10,2,23,49.8943
2023,10,2,24,46.35262333333333
2023,10,3,1,45.33855333333333
2023,10,3,2,45.1582
2023,10,3,3,44.81967
2023,10,3,4,44.52332333333334
2023,10,3,5,45.73175
2023,10,3,6,52.20002333333334
2023,10,3,7,63.32727666666667
2023,10,3,8,54.64317
2023,10,3,9,39.521996666666666
2023,10,3,10,28.44106333333333
2023,10,3,11,28.72128333333333
2023,10,3,12,24.492596666666667
2023,10,3,13,21.531366666666667
2023,10,3,14,20.605276666666665
2023,10,3,15,24.791563333333333
2023,10,3,16,31.16185
2023,10,3,17,43.24598
2023,10,3,18,67.00775
2023,10,3,19,81.00121333333334
2023,10,3,20,75.43524000000001
2023,10,3,21,69.49302
2023,10,3,22,68.78164333333332
2023,10,3,23,57.86441666666667
2023,10,3,24,52.32689333333334
2023,10,4,1,49.80938333333334
2023,10,4,2,46.99015333333333
2023,10,4,3,45.30034666666666
2023,10,4,4,46.71033666666667
2023,10,4,5,46.75140666666667
2023,10,4,6,51.00044666666667
2023,10,4,7,56.38682
2023,10,4,8,49.58070333333333
2023,10,4,9,35.444453333333335
2023,10,4,10,27.198400000000003
2023,10,4,11,23.250640000000004
2023,10,4,12,24.866703333333334
2023,10,4,13,26.56056666666667
2023,10,4,14,27.79235333333333
2023,10,4,15,29.44110333333333
2023,10,4,16,36.63439666666667
2023,10,4,17,41.58100666666667
2023,10,4,18,73.83951
2023,10,4,19,95.46006
2023,10,4,20,89.19921666666666
2023,10,4,21,80.08316333333333
2023,10,4,22,75.37074333333334
2023,10,4,23,68.60108333333334
2023,10,4,24,59.26115333333333
2023,10,5,1,63.49615333333333
2023,10,5,2,60.05184333333333
2023,10,5,3,52.28852666666666
2023,10,5,4,52.03389666666666
2023,10,5,5,52.18745666666666
2023,10,5,6,60.466636666666666
2023,10,5,7,70.15805
2023,10,5,8,60.53357
2023,10,5,9,40.706156666666665
2023,10,5,10,37.657093333333336
2023,10,5,11,33.61951666666667
2023,10,5,12,33.850413333333336
2023,10,5,13,37.41691
2023,10,5,14,38.362033333333336
2023,10,5,15,40.39810666666667
2023,10,5,16,51.748423333333335
2023,10,5,17,60.77191666666666
2023,10,5,18,93.55178666666666
2023,10,5,19,143.1537033333333
2023,10,5,20,116.23507333333332
2023,10,5,21,90.21068
2023,10,5,22,79.54070666666667
2023,10,5,23,70.49867333333333
2023,10,5,24,66.92500666666666
2023,10,6,1,64.02912333333333
2023,10,6,2,59.28769666666667
2023,10,6,3,54.30048
2023,10,6,4,53.42039
2023,10,6,5,54.1938
2023,10,6,6,62.82262333333333
2023,10,6,7,73.87204666666666
2023,10,6,8,69.82229333333333
2023,10,6,9,41.70351333333333
2023,10,6,10,36.023086666666664
2023,10,6,11,35.09032333333334
2023,10,6,12,38.77571666666667
2023,10,6,13,40.28570333333334
2023,10,6,14,42.61789
2023,10,6,15,45.239173333333326
2023,10,6,16,56.06832
2023,10,6,17,72.91125666666666
2023,10,6,18,114.82766666666669
2023,10,6,19,179.14462666666668
2023,10,6,20,131.04774999999998
2023,10,6,21,96.96090333333332
2023,10,6,22,88.32562
2023,10,6,23,74.94153333333334
2023,10,6,24,71.16999
2023,10,7,1,66.84456999999999
2023,10,7,2,63.86435
2023,10,7,3,60.204056666666666
2023,10,7,4,57.38385333333333
2023,10,7,5,57.39973333333334
2023,10,7,6,57.43398333333334
2023,10,7,7,62.22133666666667
2023,10,7,8,56.22023
2023,10,7,9,38.21546
2023,10,7,10,29.5908
2023,10,7,11,31.00722
2023,10,7,12,30.019696666666665
2023,10,7,13,35.43844333333333
2023,10,7,14,35.86823666666667
2023,10,7,15,40.64592666666667
2023,10,7,16,50.19790666666668
2023,10,7,17,66.64943333333333
2023,10,7,18,88.66987999999999
2023,10,7,19,161.37821333333332
2023,10,7,20,111.99249333333334
2023,10,7,21,88.09600666666667
2023,10,7,22,84.00895666666666
2023,10,7,23,76.37308999999999
2023,10,7,24,66.24354666666666
2023,10,8,1,61.171083333333335
2023,10,8,2,58.68877
2023,10,8,3,58.06976666666666
2023,10,8,4,55.82607333333333
2023,10,8,5,56.40073
2023,10,8,6,56.099970000000006
2023,10,8,7,59.70551333333333
2023,10,8,8,55.232776666666666
2023,10,8,9,41.80634333333333
2023,10,8,10,33.894043333333336
2023,10,8,11,33.18766333333333
2023,10,8,12,32.30931
2023,10,8,13,34.461216666666665
2023,10,8,14,37.12443666666667
2023,10,8,15,43.57425333333333
2023,10,8,16,52.784886666666665
2023,10,8,17,51.96657666666667
2023,10,8,18,80.78252666666667
2023,10,8,19,129.15215666666666
2023,10,8,20,94.85036666666667
2023,10,8,21,83.95579333333333
2023,10,8,22,82.40612
2023,10,8,23,69.72457333333334
2023,10,8,24,61.19616
2023,10,9,1,57.65047333333334
2023,10,9,2,56.44082
2023,10,9,3,51.51484333333334
2023,10,9,4,51.701126666666674
2023,10,9,5,52.49441
2023,10,9,6,59.79004666666666
2023,10,9,7,70.30674666666667
2023,10,9,8,61.196486666666665
2023,10,9,9,40.79329
2023,10,9,10,31.83848
2023,10,9,11,33.51941
2023,10,9,12,34.47143
2023,10,9,13,35.35529333333333
2023,10,9,14,36.14993333333334
2023,10,9,15,40.59955
2023,10,9,16,46.71022666666666
2023,10,9,17,56.05787333333333
2023,10,9,18,73.23519666666667
2023,10,9,19,87.88702
2023,10,9,20,75.40482666666666
2023,10,9,21,73.89143
2023,10,9,22,71.50429
2023,10,9,23,60.075786666666666
2023,10,9,24,58.09320666666667
2023,10,10,1,52.25074666666666
2023,10,10,2,51.57879
2023,10,10,3,47.795633333333335
2023,10,10,4,47.52839666666667
2023,10,10,5,48.815063333333335
2023,10,10,6,53.03580333333334
2023,10,10,7,60.24027333333333
2023,10,10,8,55.88191666666666
2023,10,10,9,42.37894333333333
2023,10,10,10,30.5388
2023,10,10,11,26.513976666666665
2023,10,10,12,25.389423333333337
2023,10,10,13,24.54584
2023,10,10,14,22.992336666666663
2023,10,10,15,24.333176666666663
2023,10,10,16,28.484196666666666
2023,10,10,17,36.29206333333333
2023,10,10,18,65.66454333333333
2023,10,10,19,76.63493333333334
2023,10,10,20,69.62867
2023,10,10,21,66.99932333333334
2023,10,10,22,65.02195333333333
2023,10,10,23,57.36872666666667
2023,10,10,24,51.38903666666667
2023,10,11,1,44.48085666666666
2023,10,11,2,43.92557666666666
2023,10,11,3,43.693450000000006
2023,10,11,4,43.67815
2023,10,11,5,44.087516666666666
2023,10,11,6,47.21334
2023,10,11,7,60.01988333333333
2023,10,11,8,58.94984
2023,10,11,9,40.426833333333335
2023,10,11,10,28.1896
2023,10,11,11,25.24706
2023,10,11,12,19.89477
2023,10,11,13,17.474226666666667
2023,10,11,14,17.409666666666666
2023,10,11,15,19.105146666666663
2023,10,11,16,23.187406666666664
2023,10,11,17,29.15739666666667
2023,10,11,18,64.04696333333334
2023,10,11,19,81.54707666666667
2023,10,11,20,70.32068333333333
2023,10,11,21,68.34183666666667
2023,10,11,22,65.21140666666666
2023,10,11,23,54.93504333333333
2023,10,11,24,51.13082666666667
2023,10,12,1,43.97822
2023,10,12,2,45.21414666666666
2023,10,12,3,46.50197333333333
2023,10,12,4,43.61124333333333
2023,10,12,5,46.83766333333333
2023,10,12,6,52.14522333333334
2023,10,12,7,63.50323666666666
2023,10,12,8,56.85198
2023,10,12,9,35.68823666666667
2023,10,12,10,26.79274666666667
2023,10,12,11,20.535756666666668
2023,10,12,12,18.98051
2023,10,12,13,19.534313333333333
2023,10,12,14,25.453986666666665
2023,10,12,15,29.48478
2023,10,12,16,34.057790000000004
2023,10,12,17,42.23867
2023,10,12,18,72.46246333333333
2023,10,12,19,91.43377666666667
2023,10,12,20,77.66338
2023,10,12,21,73.78658
2023,10,12,22,72.41724
2023,10,12,23,63.03315
2023,10,12,24,51.5034
2023,10,13,1,53.310296666666666
2023,10,13,2,49.42567666666667
2023,10,13,3,47.79655333333333
2023,10,13,4,47.45932
2023,10,13,5,48.422203333333336
2023,10,13,6,55.597123333333336
2023,10,13,7,65.83034666666667
2023,10,13,8,57.95104666666666
2023,10,13,9,40.67113333333334
2023,10,13,10,35.65606666666667
2023,10,13,11,36.1082
2023,10,13,12,35.84268333333333
2023,10,13,13,36.700970000000005
2023,10,13,14,36.84823333333333
2023,10,13,15,38.00142
2023,10,13,16,39.777793333333335
2023,10,13,17,51.115206666666666
2023,10,13,18,75.85736666666666
2023,10,13,19,89.58744
2023,10,13,20,79.51670666666666
2023,10,13,21,76.03624
2023,10,13,22,73.23107
2023,10,13,23,61.00676000000001
2023,10,13,24,53.11172666666666
2023,10,14,1,57.82582
2023,10,14,2,54.67110666666667
2023,10,14,3,52.041603333333335
2023,10,14,4,50.71050666666667
2023,10,14,5,51.63682333333333
2023,10,14,6,50.63022
2023,10,14,7,54.21474
2023,10,14,8,47.84514333333333
2023,10,14,9,40.60033
2023,10,14,10,65.56992333333334
2023,10,14,11,26.20561333333333
2023,10,14,12,15.153953333333334
2023,10,14,13,13.914143333333334
2023,10,14,14,16.465320000000002
2023,10,14,15,20.404586666666667
2023,10,14,16,27.869933333333336
2023,10,14,17,38.69867333333333
2023,10,14,18,71.13266666666667
2023,10,14,19,83.71384333333334
2023,10,14,20,75.32876
2023,10,14,21,72.62109666666667
2023,10,14,22,71.47435666666667
2023,10,14,23,65.41512333333333
2023,10,14,24,60.02716333333333
2023,10,15,1,59.14687333333333
2023,10,15,2,55.60821000000001
2023,10,15,3,52.164433333333335
2023,10,15,4,51.82007
2023,10,15,5,50.88416333333333
2023,10,15,6,53.09536333333333
2023,10,15,7,55.13127
2023,10,15,8,44.78249
2023,10,15,9,24.64304333333333
2023,10,15,10,15.667073333333333
2023,10,15,11,14.218866666666669
2023,10,15,12,12.050136666666663
2023,10,15,13,15.666753333333332
2023,10,15,14,20.379483333333337
2023,10,15,15,27.522326666666668
2023,10,15,16,34.59445333333333
2023,10,15,17,54.05476
2023,10,15,18,85.94410333333333
2023,10,15,19,102.47711666666667
2023,10,15,20,90.73944
2023,10,15,21,82.97956666666666
2023,10,15,22,78.03074666666667
2023,10,15,23,61.41628
2023,10,15,24,57.49228
2023,10,16,1,62.64661666666666
2023,10,16,2,56.296690000000005
2023,10,16,3,55.71714666666667
2023,10,16,4,55.685636666666674
2023,10,16,5,55.987
2023,10,16,6,63.173333333333325
2023,10,16,7,79.50271666666667
2023,10,16,8,64.61453
2023,10,16,9,36.889586666666666
2023,10,16,10,28.955676666666665
2023,10,16,11,28.49055333333333
2023,10,16,12,29.92111
2023,10,16,13,33.114603333333335
2023,10,16,14,37.77596333333333
2023,10,16,15,43.87247666666667
2023,10,16,16,52.11917
2023,10,16,17,71.64574333333333
2023,10,16,18,104.67072333333334
2023,10,16,19,128.65909000000002
2023,10,16,20,103.02497
2023,10,16,21,96.87481333333334
2023,10,16,22,86.85656999999999
2023,10,16,23,74.99371333333333
2023,10,16,24,63.31508
2023,10,17,1,65.09097333333334
2023,10,17,2,63.11797666666666
2023,10,17,3,62.71950333333333
2023,10,17,4,62.73685666666666
2023,10,17,5,63.33077
2023,10,17,6,68.14727333333333
2023,10,17,7,78.82528
2023,10,17,8,72.49502333333334
2023,10,17,9,46.51001666666667
2023,10,17,10,37.23459333333333
2023,10,17,11,36.47508
2023,10,17,12,35.15629333333333
2023,10,17,13,36.70227333333333
2023,10,17,14,38.12718
2023,10,17,15,44.79779666666667
2023,10,17,16,54.48382
2023,10,17,17,75.64725666666666
2023,10,17,18,129.78648
2023,10,17,19,159.41564
2023,10,17,20,126.15784333333332
2023,10,17,21,106.3629
2023,10,17,22,95.38571666666668
2023,10,17,23,83.38665333333334
2023,10,17,24,73.33369333333333
2023,10,18,1,73.03644666666666
2023,10,18,2,65.25797999999999
2023,10,18,3,63.33025666666666
2023,10,18,4,62.97465666666667
2023,10,18,5,63.09339333333333
2023,10,18,6,67.69342999999999
2023,10,18,7,85.76418666666666
2023,10,18,8,74.81254666666666
2023,10,18,9,45.322156666666665
2023,10,18,10,32.60843333333333
2023,10,18,11,35.92574
2023,10,18,12,33.001916666666666
2023,10,18,13,34.90558333333333
2023,10,18,14,39.63724
2023,10,18,15,43.41745666666666
2023,10,18,16,58.38232
2023,10,18,17,86.93486666666666
2023,10,18,18,158.63906666666665
2023,10,18,19,216.88970000000003
2023,10,18,20,150.88356333333334
2023,10,18,21,119.24355
2023,10,18,22,113.15415333333334
2023,10,18,23,92.78617333333334
2023,10,18,24,83.22565666666667
2023,10,19,1,73.81496666666666
2023,10,19,2,71.07434333333333
2023,10,19,3,69.12689
2023,10,19,4,69.43126
2023,10,19,5,69.20222666666668
2023,10,19,6,70.76385666666665
2023,10,19,7,94.54848333333332
2023,10,19,8,91.76495666666666
2023,10,19,9,65.80543
2023,10,19,10,48.76224
2023,10,19,11,51.059603333333335
2023,10,19,12,51.31395
2023,10,19,13,52.99740666666667
2023,10,19,14,57.02444
2023,10,19,15,61.73250333333333
2023,10,19,16,82.87158666666666
2023,10,19,17,118.46703
2023,10,19,18,236.25041666666667
2023,10,19,19,326.5472766666667
2023,10,19,20,180.00181
2023,10,19,21,133.42739666666668
2023,10,19,22,124.37572
2023,10,19,23,95.76946666666667
2023,10,19,24,87.7219
2023,10,20,1,78.04656666666666
2023,10,20,2,70.71290333333333
2023,10,20,3,69.99272333333333
2023,10,20,4,70.11331666666666
2023,10,20,5,70.98244333333334
2023,10,20,6,79.31959333333333
2023,10,20,7,105.90642
2023,10,20,8,94.28455
2023,10,20,9,62.95714666666667
2023,10,20,10,46.852916666666665
2023,10,20,11,45.876486666666665
2023,10,20,12,48.098503333333326
2023,10,20,13,52.930506666666666
2023,10,20,14,57.01253
2023,10,20,15,63.44680333333333
2023,10,20,16,70.25921333333334
2023,10,20,17,96.6159
2023,10,20,18,138.14913
2023,10,20,19,169.13508333333334
2023,10,20,20,115.06032333333332
2023,10,20,21,104.2479
2023,10,20,22,101.45237333333334
2023,10,20,23,86.05037
2023,10,20,24,79.3909
2023,10,21,1,61.720686666666666
2023,10,21,2,59.42333666666667
2023,10,21,3,59.461913333333335
2023,10,21,4,55.22262666666666
2023,10,21,5,59.76888666666667
2023,10,21,6,61.37377333333333
2023,10,21,7,65.63856333333334
2023,10,21,8,61.894623333333335
2023,10,21,9,45.65348333333333
2023,10,21,10,34.50187333333333
2023,10,21,11,32.64442666666667
2023,10,21,12,30.802186666666667
2023,10,21,13,29.852183333333333
2023,10,21,14,30.21802333333333
2023,10,21,15,35.06592
2023,10,21,16,43.86268333333334
2023,10,21,17,60.73702333333333
2023,10,21,18,74.47031
2023,10,21,19,90.3768
2023,10,21,20,77.79125666666667
2023,10,21,21,74.52664666666666
2023,10,21,22,69.64261
2023,10,21,23,62.0023
2023,10,21,24,60.16045
2023,10,22,1,52.27608
2023,10,22,2,52.453226666666666
2023,10,22,3,50.97463
2023,10,22,4,49.16725333333333
2023,10,22,5,49.80014666666667
2023,10,22,6,50.31838666666667
2023,10,22,7,50.76956333333334
2023,10,22,8,47.46300666666667
2023,10,22,9,40.92908333333333
2023,10,22,10,24.24818
2023,10,22,11,21.920906666666667
2023,10,22,12,20.03204
2023,10,22,13,21.726873333333334
2023,10,22,14,19.908663333333333
2023,10,22,15,22.880683333333334
2023,10,22,16,30.7369
2023,10,22,17,43.928693333333335
2023,10,22,18,62.97264333333334
2023,10,22,19,77.68198
2023,10,22,20,70.93888333333332
2023,10,22,21,64.99418333333334
2023,10,22,22,62.11399666666667
2023,10,22,23,58.7599
2023,10,22,24,55.57727
2023,10,23,1,48.67586
2023,10,23,2,48.93477666666666
2023,10,23,3,49.0407
2023,10,23,4,48.50892666666667
2023,10,23,5,48.86568333333333
2023,10,23,6,51.48415333333333
2023,10,23,7,61.22813666666667
2023,10,23,8,59.41526
2023,10,23,9,50.27099333333334
2023,10,23,10,39.49230666666666
2023,10,23,11,32.136266666666664
2023,10,23,12,29.500633333333337
2023,10,23,13,29.247506666666663
2023,10,23,14,29.481726666666663
2023,10,23,15,31.146396666666664
2023,10,23,16,36.06295
2023,10,23,17,50.82555
2023,10,23,18,68.64399666666667
2023,10,23,19,73.74447666666667
2023,10,23,20,70.35983
2023,10,23,21,67.9221
2023,10,23,22,66.56331666666667
2023,10,23,23,61.74263666666667
2023,10,23,24,56.00241333333333
2023,10,24,1,56.29019333333334
2023,10,24,2,56.292026666666665
2023,10,24,3,56.03401666666667
2023,10,24,4,56.04033
2023,10,24,5,56.895226666666666
2023,10,24,6,65.68072000000001
2023,10,24,7,73.56343666666668
2023,10,24,8,71.43844333333334
2023,10,24,9,48.996006666666666
2023,10,24,10,41.437826666666666
2023,10,24,11,37.45528333333333
2023,10,24,12,33.859703333333336
2023,10,24,13,34.44876
2023,10,24,14,34.42601
2023,10,24,15,36.94003
2023,10,24,16,40.23181
2023,10,24,17,53.82137666666667
2023,10,24,18,78.49745
2023,10,24,19,88.07452666666666
2023,10,24,20,80.79014
2023,10,24,21,77.86336333333334
2023,10,24,22,75.50916666666667
2023,10,24,23,65.27692333333333
2023,10,24,24,64.36107
2023,10,25,1,56.24493999999999
2023,10,25,2,55.96374666666667
2023,10,25,3,56.01171
2023,10,25,4,55.595976666666665
2023,10,25,5,55.69477666666666
2023,10,25,6,63.76675333333333
2023,10,25,7,71.99931333333335
2023,10,25,8,70.36256
2023,10,25,9,55.24366
2023,10,25,10,43.77108333333333
2023,10,25,11,38.17815
2023,10,25,12,34.810026666666666
2023,10,25,13,32.389826666666664
2023,10,25,14,33.925563333333336
2023,10,25,15,34.355686666666664
2023,10,25,16,36.34196
2023,10,25,17,51.52392666666666
2023,10,25,18,72.01702666666667
2023,10,25,19,75.51717333333333
2023,10,25,20,73.57947
2023,10,25,21,72.69015333333333
2023,10,25,22,71.31196666666666
2023,10,25,23,61.48112
2023,10,25,24,61.202133333333336
2023,10,26,1,59.65413
2023,10,26,2,58.710096666666665
2023,10,26,3,56.89313333333333
2023,10,26,4,56.83786333333333
2023,10,26,5,56.63742666666667
2023,10,26,6,65.05416000000001
2023,10,26,7,71.35972
2023,10,26,8,68.35804666666667
2023,10,26,9,59.17107000000001
2023,10,26,10,36.268973333333335
2023,10,26,11,31.10157666666667
2023,10,26,12,28.368256666666667
2023,10,26,13,26.63546333333333
2023,10,26,14,27.53298333333333
2023,10,26,15,28.95298333333333
2023,10,26,16,34.127736666666664
2023,10,26,17,55.35131666666667
2023,10,26,18,76.91438333333333
2023,10,26,19,83.98391333333332
2023,10,26,20,77.98728333333334
2023,10,26,21,76.7444
2023,10,26,22,75.90727333333334
2023,10,26,23,74.94189333333334
2023,10,26,24,69.37216
2023,10,27,1,63.69117666666667
2023,10,27,2,59.21792
2023,10,27,3,58.30780333333333
2023,10,27,4,57.84826666666667
2023,10,27,5,58.32593
2023,10,27,6,67.38556
2023,10,27,7,72.40249999999999
2023,10,27,8,69.83307333333333
2023,10,27,9,59.43207
2023,10,27,10,41.83220333333333
2023,10,27,11,36.87081666666666
2023,10,27,12,34.01158
2023,10,27,13,30.39489
2023,10,27,14,32.27372333333333
2023,10,27,15,32.87815666666667
2023,10,27,16,35.575313333333334
2023,10,27,17,47.03709666666666
2023,10,27,18,72.15966999999999
2023,10,27,19,76.45532666666666
2023,10,27,20,73.97884666666666
2023,10,27,21,71.56469666666668
2023,10,27,22,69.88805333333333
2023,10,27,23,69.70373666666667
2023,10,27,24,64.74914
2023,10,28,1,61.93288999999999
2023,10,28,2,59.04281666666666
2023,10,28,3,59.17222333333333
2023,10,28,4,59.39129666666667
2023,10,28,5,61.23744666666666
2023,10,28,6,63.25585
2023,10,28,7,72.66035000000001
2023,10,28,8,69.63613666666667
2023,10,28,9,47.09277666666666
2023,10,28,10,28.13090333333333
2023,10,28,11,26.093946666666668
2023,10,28,12,23.00302666666667
2023,10,28,13,22.18613333333333
2023,10,28,14,20.989213333333332
2023,10,28,15,18.576316666666667
2023,10,28,16,18.334406666666663
2023,10,28,17,37.12918
2023,10,28,18,69.26746666666666
2023,10,28,19,76.01681666666667
2023,10,28,20,75.05185666666667
2023,10,28,21,74.15715
2023,10,28,22,74.40167333333333
2023,10,28,23,72.755
2023,10,28,24,71.06604333333333
2023,10,29,1,62.51167333333333
2023,10,29,2,61.849873333333335
2023,10,29,3,58.44587333333334
2023,10,29,4,58.43352333333333
2023,10,29,5,59.69528333333333
2023,10,29,6,60.82003
2023,10,29,7,61.83505666666667
2023,10,29,8,66.48619333333333
2023,10,29,9,40.3174
2023,10,29,10,22.150603333333333
2023,10,29,11,19.299206666666667
2023,10,29,12,18.33085
2023,10,29,13,17.965466666666668
2023,10,29,14,19.18082
2023,10,29,15,18.78071
2023,10,29,16,23.876263333333338
2023,10,29,17,36.06156333333333
2023,10,29,18,75.24651666666666
2023,10,29,19,79.34508
2023,10,29,20,77.02851666666668
2023,10,29,21,77.00482666666666
2023,10,29,22,75.54447
2023,10,29,23,75.36096666666667
2023,10,29,24,74.88853333333333
2023,10,30,1,72.03221666666667
2023,10,30,2,67.54685
2023,10,30,3,66.98543333333333
2023,10,30,4,65.59108333333334
2023,10,30,5,67.09809333333334
2023,10,30,6,76.01312666666666
2023,10,30,7,84.74569000000001
2023,10,30,8,85.76921666666665
2023,10,30,9,61.86561333333333
2023,10,30,10,38.06109666666666
2023,10,30,11,31.201543333333333
2023,10,30,12,30.347220000000004
2023,10,30,13,27.889826666666668
2023,10,30,14,26.96552
2023,10,30,15,30.19718
2023,10,30,16,35.32987666666667
2023,10,30,17,55.09077666666667
2023,10,30,18,83.12656333333334
2023,10,30,19,91.66071333333332
2023,10,30,20,86.23356000000001
2023,10,30,21,84.07054
2023,10,30,22,82.71686
2023,10,30,23,81.03461666666666
2023,10,30,24,76.62475666666667
2023,11,1,1,83.72547333333334
2023,11,1,2,75.57789666666666
2023,11,1,3,75.12511666666667
2023,11,1,4,75.01121
2023,11,1,5,78.62111333333333
2023,11,1,6,86.86507
2023,11,1,7,100.40800666666668
2023,11,1,8,96.43096666666668
2023,11,1,9,67.70527
2023,11,1,10,41.90121666666666
2023,11,1,11,37.68746
2023,11,1,12,34.39178333333333
2023,11,1,13,35.92163
2023,11,1,14,35.016153333333335
2023,11,1,15,39.6427
2023,11,1,16,47.78353333333334
2023,11,1,17,67.23916
2023,11,1,18,96.84280666666666
2023,11,1,19,103.8353
2023,11,1,20,95.03517
2023,11,1,21,94.75534
2023,11,1,22,94.49874666666666
2023,11,1,23,90.18553333333334
2023,11,1,24,74.78689
2023,11,2,1,72.60467
2023,11,2,2,68.05128333333333
2023,11,2,3,67.67859
2023,11,2,4,67.76307
2023,11,2,5,68.42534666666667
2023,11,2,6,71.81146666666666
2023,11,2,7,82.1212
2023,11,2,8,86.49936666666667
2023,11,2,9,64.58377666666667
2023,11,2,10,41.07431666666667
2023,11,2,11,31.96494333333333
2023,11,2,12,31.556243333333335
2023,11,2,13,34.941066666666664
2023,11,2,14,33.356093333333334
2023,11,2,15,35.94959666666667
2023,11,2,16,44.72788333333333
2023,11,2,17,65.62034666666666
2023,11,2,18,92.01645333333332
2023,11,2,19,93.03683666666666
2023,11,2,20,92.39495666666666
2023,11,2,21,93.12528
2023,11,2,22,92.79276
2023,11,2,23,82.38632666666666
2023,11,2,24,70.34936666666667
2023,11,3,1,65.69613666666667
2023,11,3,2,66.20952999999999
2023,11,3,3,64.10793333333334
2023,11,3,4,63.40039
2023,11,3,5,64.60730333333333
2023,11,3,6,71.98517666666667
2023,11,3,7,83.46137666666667
2023,11,3,8,81.37850999999999
2023,11,3,9,62.70664666666666
2023,11,3,10,36.50333
2023,11,3,11,29.24314666666667
2023,11,3,12,31.849706666666663
2023,11,3,13,32.17698
2023,11,3,14,31.365506666666665
2023,11,3,15,35.464416666666665
2023,11,3,16,45.92952666666667
2023,11,3,17,63.99062
2023,11,3,18,90.78783333333332
2023,11,3,19,89.45857000000001
2023,11,3,20,83.15761333333333
2023,11,3,21,81.75370333333333
2023,11,3,22,82.20711666666666
2023,11,3,23,73.72477333333335
2023,11,3,24,69.06762333333333
2023,11,4,1,61.34424666666666
2023,11,4,2,63.22525
2023,11,4,3,61.909333333333336
2023,11,4,4,57.065356666666666
2023,11,4,5,57.641893333333336
2023,11,4,6,60.68022666666667
2023,11,4,7,62.23480333333333
2023,11,4,8,60.27594
2023,11,4,9,51.09510666666667
2023,11,4,10,34.352473333333336
2023,11,4,11,25.70438333333333
2023,11,4,12,23.937586666666665
2023,11,4,13,23.03767333333333
2023,11,4,14,24.25755333333333
2023,11,4,15,26.696250000000003
2023,11,4,16,37.583576666666666
2023,11,4,17,61.64106666666667
2023,11,4,18,73.57711333333333
2023,11,4,19,73.49822333333333
2023,11,4,20,71.94833
2023,11,4,21,71.11901333333333
2023,11,4,22,70.79496999999999
2023,11,4,23,66.93892999999998
2023,11,4,24,57.33083666666666
2023,11,5,1,64.15259
2023,11,5,2,62.23423
2023,11,5,3,56.52986333333333
2023,11,5,4,53.38037333333333
2023,11,5,5,55.72647
2023,11,5,6,55.64977666666667
2023,11,5,7,54.97166000000001
2023,11,5,8,40.72695
2023,11,5,9,21.30179
2023,11,5,10,20.05143333333333
2023,11,5,11,17.31947666666667
2023,11,5,12,17.55895333333333
2023,11,5,13,17.546766666666667
2023,11,5,14,19.52638
2023,11,5,15,27.11306666666667
2023,11,5,16,49.74943666666667
2023,11,5,17,68.53720666666668
2023,11,5,18,78.06841666666666
2023,11,5,19,68.77658333333333
2023,11,5,20,67.63607
2023,11,5,21,67.48369000000001
2023,11,5,22,67.22525333333333
2023,11,5,23,64.18520666666666
2023,11,5,24,67.50052666666666
2023,11,5,25,61.85907666666666
2023,11,6,1,63.52912666666666
2023,11,6,2,59.13610333333333
2023,11,6,3,57.80925666666667
2023,11,6,4,56.80893
2023,11,6,5,61.93901333333333
2023,11,6,6,73.27585333333333
2023,11,6,7,66.27269666666668
2023,11,6,8,61.64846666666667
2023,11,6,9,38.42186
2023,11,6,10,27.795853333333337
2023,11,6,11,27.777066666666663
2023,11,6,12,30.572660000000003
2023,11,6,13,29.21252
2023,11,6,14,33.16041
2023,11,6,15,41.50615
2023,11,6,16,60.50593666666666
2023,11,6,17,92.56341333333334
2023,11,6,18,100.98499
2023,11,6,19,79.33585333333333
2023,11,6,20,80.48596666666667
2023,11,6,21,80.41852333333334
2023,11,6,22,78.25916
2023,11,6,23,67.33596
2023,11,6,24,62.07706666666667
2023,11,7,1,56.35013333333333
2023,11,7,2,50.35601333333333
2023,11,7,3,47.54171333333333
2023,11,7,4,47.06872333333333
2023,11,7,5,51.92839666666666
2023,11,7,6,59.49837
2023,11,7,7,62.36968333333333
2023,11,7,8,50.12414666666666
2023,11,7,9,25.728876666666668
2023,11,7,10,21.6997
2023,11,7,11,18.14747333333333
2023,11,7,12,17.417740000000002
2023,11,7,13,15.881213333333331
2023,11,7,14,16.573296666666668
2023,11,7,15,18.4063
2023,11,7,16,47.43744333333333
2023,11,7,17,71.83024999999999
2023,11,7,18,92.08669333333334
2023,11,7,19,70.84911666666666
2023,11,7,20,72.19448333333334
2023,11,7,21,72.02961666666666
2023,11,7,22,71.13578
2023,11,7,23,58.37906
2023,11,7,24,54.96928666666667
2023,11,8,1,49.49756333333334
2023,11,8,2,45.97550999999999
2023,11,8,3,45.96953333333334
2023,11,8,4,46.48798
2023,11,8,5,50.930816666666665
2023,11,8,6,64.14172666666667
2023,11,8,7,68.73542333333334
2023,11,8,8,47.88255
2023,11,8,9,26.65213
2023,11,8,10,19.56797333333333
2023,11,8,11,16.647256666666667
2023,11,8,12,17.39696
2023,11,8,13,16.963163333333334
2023,11,8,14,17.484476666666666
2023,11,8,15,22.08082333333333
2023,11,8,16,42.244393333333335
2023,11,8,17,76.88975333333333
2023,11,8,18,92.32813333333333
2023,11,8,19,77.87088666666666
2023,11,8,20,76.40033333333334
2023,11,8,21,75.78974000000001
2023,11,8,22,74.92959666666667
2023,11,8,23,67.45625333333334
2023,11,8,24,63.77527666666666
2023,11,9,1,66.35965
2023,11,9,2,62.43991666666667
2023,11,9,3,59.051206666666666
2023,11,9,4,59.39485666666667
2023,11,9,5,65.30613666666666
2023,11,9,6,77.62670666666666
2023,11,9,7,72.19964333333333
2023,11,9,8,54.06234333333333
2023,11,9,9,33.97221666666667
2023,11,9,10,26.52096
2023,11,9,11,25.700466666666667
2023,11,9,12,23.85978
2023,11,9,13,25.91044666666667
2023,11,9,14,27.574503333333336
2023,11,9,15,32.05696
2023,11,9,16,58.46016333333333
2023,11,9,17,86.47522333333332
2023,11,9,18,105.62843666666669
2023,11,9,19,81.52198666666666
2023,11,9,20,81.14456666666666
2023,11,9,21,81.14956
2023,11,9,22,80.48160333333333
2023,11,9,23,74.51472
2023,11,9,24,66.72064666666667
2023,11,10,1,57.87776333333333
2023,11,10,2,54.44971666666667
2023,11,10,3,53.086513333333336
2023,11,10,4,53.013556666666666
2023,11,10,5,57.450426666666665
2023,11,10,6,67.27852
2023,11,10,7,69.05651333333333
2023,11,10,8,49.642443333333325
2023,11,10,9,35.518436666666666
2023,11,10,10,29.94329666666667
2023,11,10,11,30.55723
2023,11,10,12,29.033696666666668
2023,11,10,13,26.314296666666667
2023,11,10,14,28.51155333333333
2023,11,10,15,36.47432333333333
2023,11,10,16,48.68479666666667
2023,11,10,17,69.95753
2023,11,10,18,80.33684
2023,11,10,19,69.69343333333333
2023,11,10,20,70.16356666666667
2023,11,10,21,70.00898333333333
2023,11,10,22,68.71303666666667
2023,11,10,23,64.50173
2023,11,10,24,60.863953333333335
2023,11,11,1,51.35954
2023,11,11,2,50.95715666666666
2023,11,11,3,50.18161666666666
2023,11,11,4,50.25693
2023,11,11,5,47.73763333333333
2023,11,11,6,50.13735333333333
2023,11,11,7,50.99831
2023,11,11,8,42.72639
2023,11,11,9,23.04993
2023,11,11,10,16.281409999999997
2023,11,11,11,13.883383333333333
2023,11,11,12,12.502126666666667
2023,11,11,13,9.212926666666666
2023,11,11,14,8.141296666666667
2023,11,11,15,20.237516666666668
2023,11,11,16,44.44423333333333
2023,11,11,17,64.91244
2023,11,11,18,71.00642333333333
2023,11,11,19,63.93498333333333
2023,11,11,20,63.978156666666656
2023,11,11,21,63.895446666666665
2023,11,11,22,63.67434666666667
2023,11,11,23,62.47536333333333
2023,11,11,24,62.11641
2023,11,12,1,48.30799
2023,11,12,2,46.946486666666665
2023,11,12,3,46.20390666666666
2023,11,12,4,45.61482333333333
2023,11,12,5,45.40502333333333
2023,11,12,6,47.80823
2023,11,12,7,49.573170000000005
2023,11,12,8,39.70784666666666
2023,11,12,9,19.385613333333332
2023,11,12,10,12.223273333333331
2023,11,12,11,11.546916666666666
2023,11,12,12,9.15773
2023,11,12,13,9.877153333333334
2023,11,12,14,10.121313333333331
2023,11,12,15,22.005346666666668
2023,11,12,16,49.57192
2023,11,12,17,66.16307666666667
2023,11,12,18,70.59246
2023,11,12,19,65.87545666666666
2023,11,12,20,65.79840333333334
2023,11,12,21,65.35909
2023,11,12,22,65.43563
2023,11,12,23,56.44117333333333
2023,11,12,24,54.523583333333335
2023,11,13,1,50.94654333333333
2023,11,13,2,47.99489
2023,11,13,3,46.7903
2023,11,13,4,46.722766666666665
2023,11,13,5,47.93795
2023,11,13,6,56.06508
2023,11,13,7,68.7936
2023,11,13,8,55.62423
2023,11,13,9,43.84696666666667
2023,11,13,10,38.49167333333333
2023,11,13,11,37.39942666666667
2023,11,13,12,36.248463333333326
2023,11,13,13,38.14608666666667
2023,11,13,14,38.09988333333333
2023,11,13,15,41.90799333333334
2023,11,13,16,59.350060000000006
2023,11,13,17,76.25901333333333
2023,11,13,18,84.93184000000001
2023,11,13,19,76.25053666666666
2023,11,13,20,75.18625333333334
2023,11,13,21,74.89990333333334
2023,11,13,22,73.02261
2023,11,13,23,65.21381333333333
2023,11,13,24,58.60315666666667
2023,11,14,1,63.08993999999999
2023,11,14,2,58.13661666666667
2023,11,14,3,57.949756666666666
2023,11,14,4,57.37419
2023,11,14,5,58.17307333333334
2023,11,14,6,71.88029666666667
2023,11,14,7,80.71748000000001
2023,11,14,8,64.77945333333334
2023,11,14,9,47.86042
2023,11,14,10,41.66997666666666
2023,11,14,11,40.52289
2023,11,14,12,40.34966333333333
2023,11,14,13,41.43032
2023,11,14,14,42.29580666666666
2023,11,14,15,48.591886666666674
2023,11,14,16,64.34275666666666
2023,11,14,17,82.87116999999999
2023,11,14,18,88.54644333333333
2023,11,14,19,82.16765333333333
2023,11,14,20,81.6629
2023,11,14,21,81.12102666666665
2023,11,14,22,80.37616333333334
2023,11,14,23,68.39872000000001
2023,11,14,24,61.83608666666667
2023,11,15,1,68.46017666666667
2023,11,15,2,63.36856666666666
2023,11,15,3,63.504556666666666
2023,11,15,4,63.30845333333334
2023,11,15,5,65.01511666666667
2023,11,15,6,73.41634666666667
2023,11,15,7,82.90663333333333
2023,11,15,8,77.16761333333334
2023,11,15,9,66.67668333333334
2023,11,15,10,63.83314666666666
2023,11,15,11,61.51531666666667
2023,11,15,12,60.92792333333333
2023,11,15,13,60.443123333333325
2023,11,15,14,61.349823333333326
2023,11,15,15,65.26494000000001
2023,11,15,16,84.48088333333334
2023,11,15,17,90.66209
2023,11,15,18,91.00421666666666
2023,11,15,19,86.03716000000001
2023,11,15,20,83.36915333333333
2023,11,15,21,85.20781333333333
2023,11,15,22,79.51612333333333
2023,11,15,23,69.41816666666666
2023,11,15,24,67.16446
2023,11,16,1,68.17983333333333
2023,11,16,2,64.81835333333333
2023,11,16,3,64.596
2023,11,16,4,63.60650666666667
2023,11,16,5,64.66104
2023,11,16,6,73.38928333333332
2023,11,16,7,82.22711
2023,11,16,8,75.06032333333333
2023,11,16,9,66.25022333333334
2023,11,16,10,56.36204
2023,11,16,11,55.13763
2023,11,16,12,52.52471
2023,11,16,13,53.08899
2023,11,16,14,54.89742666666666
2023,11,16,15,60.055553333333336
2023,11,16,16,72.28400333333333
2023,11,16,17,90.19554666666666
2023,11,16,18,92.25232333333334
2023,11,16,19,87.82348666666667
2023,11,16,20,87.28063000000002
2023,11,16,21,87.63964666666668
2023,11,16,22,87.25385333333332
2023,11,16,23,78.79592000000001
2023,11,16,24,69.08825
2023,11,17,1,67.00338666666666
2023,11,17,2,62.28734666666667
2023,11,17,3,61.974693333333335
2023,11,17,4,61.71582
2023,11,17,5,62.15024333333333
2023,11,17,6,70.59230666666666
2023,11,17,7,79.83716333333334
2023,11,17,8,70.32882333333333
2023,11,17,9,61.36546333333333
2023,11,17,10,53.974176666666665
2023,11,17,11,49.782923333333336
2023,11,17,12,48.667683333333336
2023,11,17,13,47.637573333333336
2023,11,17,14,48.85458
2023,11,17,15,56.58148666666667
2023,11,17,16,79.73850333333333
2023,11,17,17,90.82395333333334
2023,11,17,18,87.91025666666667
2023,11,17,19,84.40890333333333
2023,11,17,20,83.13282
2023,11,17,21,83.23478
2023,11,17,22,81.54235
2023,11,17,23,70.12768666666666
2023,11,17,24,70.00239666666666
2023,11,18,1,60.394200000000005
2023,11,18,2,59.87767
2023,11,18,3,59.586126666666665
2023,11,18,4,57.57935666666666
2023,11,18,5,59.67013333333333
2023,11,18,6,59.69704333333333
2023,11,18,7,62.52860999999999
2023,11,18,8,57.48702333333333
2023,11,18,9,44.653443333333335
2023,11,18,10,43.40799333333333
2023,11,18,11,37.649276666666665
2023,11,18,12,35.22763666666666
2023,11,18,13,34.65582333333333
2023,11,18,14,34.65155666666667
2023,11,18,15,38.33274
2023,11,18,16,59.31956333333333
2023,11,18,17,65.56427666666667
2023,11,18,18,66.51866666666666
2023,11,18,19,63.203406666666666
2023,11,18,20,62.047230000000006
2023,11,18,21,60.79895666666667
2023,11,18,22,59.67804666666667
2023,11,18,23,57.186366666666665
2023,11,18,24,57.278846666666674
2023,11,19,1,52.97985
2023,11,19,2,52.03796
2023,11,19,3,51.00146
2023,11,19,4,50.88129
2023,11,19,5,51.830086666666666
2023,11,19,6,52.07676333333333
2023,11,19,7,50.43599666666668
2023,11,19,8,34.11252666666667
2023,11,19,9,6.292723333333334
2023,11,19,10,0.1248133333333332
2023,11,19,11,-1.2456800000000008
2023,11,19,12,-3.090253333333333
2023,11,19,13,-3.73416
2023,11,19,14,-2.72394
2023,11,19,15,-0.0695033333333337
2023,11,19,16,26.338833333333337
2023,11,19,17,60.823186666666665
2023,11,19,18,62.29283
2023,11,19,19,60.93791333333333
2023,11,19,20,61.10346333333334
2023,11,19,21,60.43421
2023,11,19,22,60.03468999999999
2023,11,19,23,60.40003333333333
2023,11,19,24,60.02633666666666
2023,11,20,1,60.667026666666665
2023,11,20,2,56.09037
2023,11,20,3,52.87597
2023,11,20,4,52.73502333333334
2023,11,20,5,58.04818
2023,11,20,6,65.16096
2023,11,20,7,70.83902333333333
2023,11,20,8,58.43379
2023,11,20,9,33.911833333333334
2023,11,20,10,22.01546666666667
2023,11,20,11,21.83516333333333
2023,11,20,12,21.279173333333333
2023,11,20,13,19.47905
2023,11,20,14,17.802899999999998
2023,11,20,15,22.577503333333336
2023,11,20,16,53.53332
2023,11,20,17,75.58782000000001
2023,11,20,18,77.38069333333334
2023,11,20,19,75.83807666666667
2023,11,20,20,75.37897
2023,11,20,21,74.40173
2023,11,20,22,74.98816666666666
2023,11,20,23,66.38047999999999
2023,11,20,24,63.02563
2023,11,21,1,55.55232333333333
2023,11,21,2,55.490586666666665
2023,11,21,3,54.85334
2023,11,21,4,55.25026666666667
2023,11,21,5,58.77070333333334
2023,11,21,6,63.65738666666667
2023,11,21,7,69.54382666666667
2023,11,21,8,59.59214333333333
2023,11,21,9,39.91787333333333
2023,11,21,10,27.59498333333333
2023,11,21,11,29.101263333333332
2023,11,21,12,28.941496666666666
2023,11,21,13,29.97302333333333
2023,11,21,14,30.496956666666662
2023,11,21,15,40.47932
2023,11,21,16,61.570546666666665
2023,11,21,17,78.98582333333333
2023,11,21,18,80.18292333333333
2023,11,21,19,75.00323333333334
2023,11,21,20,74.72178000000001
2023,11,21,21,73.85166333333332
2023,11,21,22,73.73505666666667
2023,11,21,23,65.69536666666666
2023,11,21,24,62.17467
2023,11,22,1,55.83318333333333
2023,11,22,2,52.67724333333334
2023,11,22,3,51.957613333333335
2023,11,22,4,51.86282333333333
2023,11,22,5,56.84146666666667
2023,11,22,6,60.52224
2023,11,22,7,61.455936666666666
2023,11,22,8,55.892533333333326
2023,11,22,9,36.19119666666666
2023,11,22,10,26.02007333333333
2023,11,22,11,23.59315666666667
2023,11,22,12,21.58729
2023,11,22,13,23.761453333333336
2023,11,22,14,23.5783
2023,11,22,15,36.30840333333333
2023,11,22,16,57.63322333333334
2023,11,22,17,70.98251333333333
2023,11,22,18,70.77746333333333
2023,11,22,19,70.10339666666665
2023,11,22,20,68.90145
2023,11,22,21,68.83409333333333
2023,11,22,22,67.01692333333334
2023,11,22,23,60.17865333333333
2023,11,22,24,58.63718333333333
2023,11,23,1,51.006310000000006
2023,11,23,2,51.175423333333335
2023,11,23,3,50.41254
2023,11,23,4,50.02326
2023,11,23,5,50.07122666666667
2023,11,23,6,50.245666666666665
2023,11,23,7,51.83982
2023,11,23,8,49.26484333333334
2023,11,23,9,28.0898
2023,11,23,10,14.742826666666668
2023,11,23,11,12.104583333333332
2023,11,23,12,10.029656666666666
2023,11,23,13,9.178576666666666
2023,11,23,14,9.636943333333337
2023,11,23,15,10.530319999999998
2023,11,23,16,41.72936666666666
2023,11,23,17,54.00045
2023,11,23,18,54.06057666666667
2023,11,23,19,53.21610999999999
2023,11,23,20,53.40560333333334
2023,11,23,21,53.16625333333334
2023,11,23,22,53.23748333333333
2023,11,23,23,53.02430999999999
2023,11,23,24,52.83393
2023,11,24,1,44.138356666666674
2023,11,24,2,45.57577333333333
2023,11,24,3,44.25972
2023,11,24,4,44.31507
2023,11,24,5,48.160046666666666
2023,11,24,6,48.90687666666667
2023,11,24,7,53.48699
2023,11,24,8,44.80444
2023,11,24,9,16.927413333333334
2023,11,24,10,11.972086666666668
2023,11,24,11,10.99945
2023,11,24,12,10.115343333333334
2023,11,24,13,9.131456666666669
2023,11,24,14,9.761646666666666
2023,11,24,15,13.86527
2023,11,24,16,49.32250333333334
2023,11,24,17,58.39035333333334
2023,11,24,18,58.2826
2023,11,24,19,57.10646333333333
2023,11,24,20,57.08743333333334
2023,11,24,21,56.55961666666667
2023,11,24,22,56.96772000000001
2023,11,24,23,56.69222
2023,11,24,24,56.516893333333336
2023,11,25,1,55.33786333333333
2023,11,25,2,55.11291
2023,11,25,3,54.8354
2023,11,25,4,54.80080333333333
2023,11,25,5,54.99827666666667
2023,11,25,6,55.26406666666667
2023,11,25,7,55.395833333333336
2023,11,25,8,47.30807
2023,11,25,9,18.25842
2023,11,25,10,11.86978
2023,11,25,11,11.287063333333334
2023,11,25,12,8.981486666666667
2023,11,25,13,9.163393333333334
2023,11,25,14,8.537246666666666
2023,11,25,15,11.50401
2023,11,25,16,43.59577333333333
2023,11,25,17,56.55151666666666
2023,11,25,18,57.95224
2023,11,25,19,57.70456
2023,11,25,20,57.59484666666666
2023,11,25,21,57.994416666666666
2023,11,25,22,57.23110666666667
2023,11,25,23,57.15356333333333
2023,11,25,24,57.11300333333333
2023,11,26,1,60.55632333333333
2023,11,26,2,60.491193333333335
2023,11,26,3,59.80055333333333
2023,11,26,4,56.45905333333334
2023,11,26,5,58.185496666666666
2023,11,26,6,59.97114
2023,11,26,7,59.77697333333333
2023,11,26,8,51.19635333333334
2023,11,26,9,39.774346666666666
2023,11,26,10,32.79537333333334
2023,11,26,11,29.918613333333337
2023,11,26,12,29.98154666666667
2023,11,26,13,29.91160333333333
2023,11,26,14,32.041329999999995
2023,11,26,15,38.55533666666667
2023,11,26,16,49.54116666666667
2023,11,26,17,63.25233333333333
2023,11,26,18,63.52124333333333
2023,11,26,19,63.23584
2023,11,26,20,63.35359
2023,11,26,21,62.99180333333333
2023,11,26,22,62.70323333333334
2023,11,26,23,62.05294
2023,11,26,24,58.38111333333333
2023,11,27,1,58.75557333333333
2023,11,27,2,55.70980666666667
2023,11,27,3,55.53063
2023,11,27,4,55.21014
2023,11,27,5,58.739403333333335
2023,11,27,6,66.30118666666665
2023,11,27,7,74.18179666666667
2023,11,27,8,63.71949333333333
2023,11,27,9,44.88465
2023,11,27,10,37.99831
2023,11,27,11,36.25433666666667
2023,11,27,12,31.61592
2023,11,27,13,33.65609666666666
2023,11,27,14,33.66549333333333
2023,11,27,15,38.70755
2023,11,27,16,57.77158
2023,11,27,17,73.14901333333334
2023,11,27,18,74.85640666666667
2023,11,27,19,72.23236
2023,11,27,20,72.21273000000001
2023,11,27,21,71.60100333333334
2023,11,27,22,70.85431
2023,11,27,23,70.66614
2023,11,27,24,64.37312333333334
2023,11,28,1,76.77531666666667
2023,11,28,2,75.90239333333334
2023,11,28,3,75.37985333333333
2023,11,28,4,73.84382
2023,11,28,5,78.45027666666667
2023,11,28,6,81.55921333333333
2023,11,28,7,86.96704333333334
2023,11,28,8,78.53686666666667
2023,11,28,9,52.64573666666666
2023,11,28,10,40.69361
2023,11,28,11,39.680326666666666
2023,11,28,12,37.86405666666667
2023,11,28,13,36.0805
2023,11,28,14,35.26012666666667
2023,11,28,15,40.59825666666666
2023,11,28,16,75.14012000000001
2023,11,28,17,85.14604666666666
2023,11,28,18,86.95497666666667
2023,11,28,19,85.04379666666667
2023,11,28,20,84.82309333333333
2023,11,28,21,85.33031333333334
2023,11,28,22,84.77802333333334
2023,11,28,23,83.15015
2023,11,28,24,77.09032333333333
2023,11,29,1,76.13507333333332
2023,11,29,2,72.45554333333332
2023,11,29,3,73.34137666666668
2023,11,29,4,72.45515
2023,11,29,5,75.76292000000001
2023,11,29,6,81.21308
2023,11,29,7,89.20958666666667
2023,11,29,8,79.16150666666667
2023,11,29,9,71.66998
2023,11,29,10,57.83973666666666
2023,11,29,11,54.09766333333334
2023,11,29,12,51.24697666666666
2023,11,29,13,49.18745666666666
2023,11,29,14,47.95726333333334
2023,11,29,15,53.48052333333334
2023,11,29,16,72.9954
2023,11,29,17,86.50663333333334
2023,11,29,18,85.5308
2023,11,29,19,86.55462
2023,11,29,20,85.31525333333333
2023,11,29,21,85.77094666666666
2023,11,29,22,83.22221
2023,11,29,23,79.38332333333334
2023,11,30,24,71.63367333333333
2023,12,1,1,56.32417
2023,12,1,2,56.18006333333333
2023,12,1,3,56.12455666666667
2023,12,1,4,55.17199333333334
2023,12,1,5,56.52404000000001
2023,12,1,6,69.72456
2023,12,1,7,77.67072333333333
2023,12,1,8,65.47612
2023,12,1,9,48.93881666666667
2023,12,1,10,36.302393333333335
2023,12,1,11,33.07379666666667
2023,12,1,12,30.085193333333336
2023,12,1,13,29.709506666666663
2023,12,1,14,28.20797333333333
2023,12,1,15,35.048273333333334
2023,12,1,16,53.55501666666667
2023,12,1,17,71.99114666666667
2023,12,1,18,73.04297000000001
2023,12,1,19,71.88169
2023,12,1,20,71.29624666666666
2023,12,1,21,71.51782666666666
2023,12,1,22,71.50966999999999
2023,12,1,23,69.64459666666666
2023,12,1,24,58.69959333333333
2023,12,2,1,50.62103333333334
2023,12,2,2,47.80309333333333
2023,12,2,3,47.76905333333334
2023,12,2,4,47.639026666666666
2023,12,2,5,47.63772333333333
2023,12,2,6,54.938986666666665
2023,12,2,7,57.50936
2023,12,2,8,52.32673
2023,12,2,9,42.48083
2023,12,2,10,19.31597
2023,12,2,11,18.58052
2023,12,2,12,22.02653
2023,12,2,13,16.55385
2023,12,2,14,19.558376666666668
2023,12,2,15,21.24895666666667
2023,12,2,16,50.21096333333333
2023,12,2,17,62.73088333333334
2023,12,2,18,63.30970666666666
2023,12,2,19,62.52162333333333
2023,12,2,20,61.19123666666667
2023,12,2,21,61.18147333333334
2023,12,2,22,61.93303666666667
2023,12,2,23,61.21991666666667
2023,12,2,24,55.75474
2023,12,3,1,49.83784
2023,12,3,2,49.70231666666667
2023,12,3,3,49.60981
2023,12,3,4,47.32674666666666
2023,12,3,5,50.341013333333336
2023,12,3,6,53.83387333333334
2023,12,3,7,51.32328
2023,12,3,8,48.15894
2023,12,3,9,27.323956666666664
2023,12,3,10,20.55757333333333
2023,12,3,11,19.755750000000003
2023,12,3,12,18.997923333333333
2023,12,3,13,18.87945333333333
2023,12,3,14,19.017893333333333
2023,12,3,15,25.66615
2023,12,3,16,51.975523333333335
2023,12,3,17,63.65395666666666
2023,12,3,18,63.80053333333333
2023,12,3,19,63.36417666666667
2023,12,3,20,62.72683666666666
2023,12,3,21,61.81018
2023,12,3,22,61.27858
2023,12,3,23,55.88810333333333
2023,12,3,24,54.64046
2023,12,4,1,59.43673999999999
2023,12,4,2,56.92219
2023,12,4,3,54.92970666666667
2023,12,4,4,54.88650666666666
2023,12,4,5,55.839740000000006
2023,12,4,6,59.92506
2023,12,4,7,76.51954
2023,12,4,8,66.70721333333333
2023,12,4,9,50.94000333333333
2023,12,4,10,38.276876666666666
2023,12,4,11,34.47425666666667
2023,12,4,12,33.57633333333333
2023,12,4,13,32.82757333333333
2023,12,4,14,32.945150000000005
2023,12,4,15,35.74328666666667
2023,12,4,16,61.17338333333333
2023,12,4,17,79.0501
2023,12,4,18,81.42587333333333
2023,12,4,19,78.74937
2023,12,4,20,76.58935666666667
2023,12,4,21,76.06393333333334
2023,12,4,22,75.21140333333334
2023,12,4,23,65.05865666666666
2023,12,4,24,60.351940000000006
2023,12,5,1,50.3294
2023,12,5,2,49.152903333333335
2023,12,5,3,48.723923333333325
2023,12,5,4,48.69847666666666
2023,12,5,5,49.25542333333333
2023,12,5,6,55.991330000000005
2023,12,5,7,72.61461333333334
2023,12,5,8,62.85920333333333
2023,12,5,9,36.67366
2023,12,5,10,27.394036666666665
2023,12,5,11,26.049243333333333
2023,12,5,12,24.89269333333333
2023,12,5,13,24.53094
2023,12,5,14,24.38421333333333
2023,12,5,15,26.15833
2023,12,5,16,58.40269666666666
2023,12,5,17,74.91291
2023,12,5,18,76.86285666666667
2023,12,5,19,70.85979333333334
2023,12,5,20,70.55305
2023,12,5,21,70.47664
2023,12,5,22,69.73628333333333
2023,12,5,23,59.76384333333333
2023,12,5,24,55.61962333333333
2023,12,6,1,53.144443333333335
2023,12,6,2,51.554786666666665
2023,12,6,3,51.06202
2023,12,6,4,51.14448
2023,12,6,5,51.96429666666666
2023,12,6,6,59.348623333333336
2023,12,6,7,72.18041333333333
2023,12,6,8,60.967643333333335
2023,12,6,9,41.356163333333335
2023,12,6,10,32.32943
2023,12,6,11,28.78946333333333
2023,12,6,12,26.78871666666667
2023,12,6,13,26.076626666666662
2023,12,6,14,26.35712
2023,12,6,15,35.063246666666664
2023,12,6,16,57.80711666666667
2023,12,6,17,65.80785666666667
2023,12,6,18,65.9272
2023,12,6,19,61.54246666666666
2023,12,6,20,62.714850000000006
2023,12,6,21,62.25129
2023,12,6,22,61.63312
2023,12,6,23,53.71636
2023,12,6,24,53.36091666666667
2023,12,7,1,47.18352000000001
2023,12,7,2,44.101126666666666
2023,12,7,3,44.242783333333335
2023,12,7,4,44.405206666666665
2023,12,7,5,44.86309
2023,12,7,6,50.89133666666667
2023,12,7,7,64.05473333333333
2023,12,7,8,52.74485333333333
2023,12,7,9,35.93719333333333
2023,12,7,10,20.938196666666663
2023,12,7,11,21.06476333333333
2023,12,7,12,17.040676666666666
2023,12,7,13,16.940413333333332
2023,12,7,14,18.01777333333333
2023,12,7,15,22.60112
2023,12,7,16,46.89433333333333
2023,12,7,17,58.151226666666666
2023,12,7,18,62.65753
2023,12,7,19,58.39129666666667
2023,12,7,20,58.97535
2023,12,7,21,58.625553333333336
2023,12,7,22,58.70427333333333
2023,12,7,23,54.79229
2023,12,7,24,53.80197999999999
2023,12,8,1,47.32265666666667
2023,12,8,2,45.61881666666667
2023,12,8,3,43.67183333333333
2023,12,8,4,43.42485333333334
2023,12,8,5,43.51428000000001
2023,12,8,6,47.16151
2023,12,8,7,62.38128
2023,12,8,8,51.97179
2023,12,8,9,30.6176
2023,12,8,10,22.53849333333333
2023,12,8,11,19.993023333333333
2023,12,8,12,16.445176666666665
2023,12,8,13,14.735813333333333
2023,12,8,14,16.443766666666665
2023,12,8,15,20.77498333333333
2023,12,8,16,48.882113333333336
2023,12,8,17,63.7405
2023,12,8,18,64.52605
2023,12,8,19,64.26425333333333
2023,12,8,20,64.63474666666667
2023,12,8,21,64.72731666666668
2023,12,8,22,64.83864
2023,12,8,23,63.622366666666665
2023,12,8,24,59.11901333333333
2023,12,9,1,46.96521666666666
2023,12,9,2,47.082276666666665
2023,12,9,3,47.00727333333333
2023,12,9,4,44.41112333333333
2023,12,9,5,44.07703
2023,12,9,6,47.67854
2023,12,9,7,56.20617666666666
2023,12,9,8,45.425180000000005
2023,12,9,9,39.46503333333333
2023,12,9,10,18.555466666666668
2023,12,9,11,18.293513333333333
2023,12,9,12,15.903863333333334
2023,12,9,13,16.965253333333333
2023,12,9,14,15.94189
2023,12,9,15,20.00144
2023,12,9,16,40.84985666666666
2023,12,9,17,59.367736666666666
2023,12,9,18,60.23305666666666
2023,12,9,19,58.137166666666666
2023,12,9,20,57.56811666666667
2023,12,9,21,57.941696666666665
2023,12,9,22,58.10146666666666
2023,12,9,23,57.19631999999999
2023,12,9,24,55.42923666666667
2023,12,10,1,46.89756666666667
2023,12,10,2,46.05973
2023,12,10,3,46.14734333333333
2023,12,10,4,45.102936666666665
2023,12,10,5,46.24317666666667
2023,12,10,6,47.543793333333326
2023,12,10,7,49.60314666666667
2023,12,10,8,45.6685
2023,12,10,9,32.98545
2023,12,10,10,23.193166666666663
2023,12,10,11,21.86003666666667
2023,12,10,12,21.086203333333334
2023,12,10,13,20.854626666666665
2023,12,10,14,21.194186666666667
2023,12,10,15,24.034716666666668
2023,12,10,16,48.82206666666667
2023,12,10,17,60.73198333333334
2023,12,10,18,62.793913333333336
2023,12,10,19,61.02837
2023,12,10,20,61.19613666666667
2023,12,10,21,60.33219333333333
2023,12,10,22,60.38808333333333
2023,12,10,23,58.48699333333334
2023,12,10,24,54.12133
2023,12,11,1,55.77265333333333
2023,12,11,2,53.32237333333333
2023,12,11,3,52.99371666666667
2023,12,11,4,51.85295333333334
2023,12,11,5,57.30622
2023,12,11,6,64.88343333333334
2023,12,11,7,72.32268
2023,12,11,8,70.59480333333333
2023,12,11,9,55.93501
2023,12,11,10,46.49576666666667
2023,12,11,11,45.27903333333333
2023,12,11,12,43.54967666666666
2023,12,11,13,42.868186666666666
2023,12,11,14,44.61242666666666
2023,12,11,15,45.48636
2023,12,11,16,63.98206666666667
2023,12,11,17,72.81114000000001
2023,12,11,18,74.65556666666667
2023,12,11,19,72.73398666666667
2023,12,11,20,72.44462
2023,12,11,21,71.86727666666667
2023,12,11,22,71.17774
2023,12,11,23,66.42249333333332
2023,12,11,24,60.64763666666667
2023,12,12,1,52.87248
2023,12,12,2,52.63269
2023,12,12,3,52.44261333333333
2023,12,12,4,52.52126333333333
2023,12,12,5,55.43328
2023,12,12,6,68.37365333333334
2023,12,12,7,71.42223
2023,12,12,8,67.91130333333334
2023,12,12,9,51.64949666666666
2023,12,12,10,37.46915333333333
2023,12,12,11,36.80313666666667
2023,12,12,12,35.09309
2023,12,12,13,34.638443333333335
2023,12,12,14,33.67915
2023,12,12,15,37.04746666666667
2023,12,12,16,52.96103
2023,12,12,17,69.07244666666666
2023,12,12,18,68.08891333333334
2023,12,12,19,67.10834333333334
2023,12,12,20,69.19685666666668
2023,12,12,21,68.76484666666666
2023,12,12,22,67.31101666666666
2023,12,12,23,65.54366333333333
2023,12,12,24,63.41739333333334
2023,12,13,1,58.33199333333334
2023,12,13,2,56.3799
2023,12,13,3,56.07352333333333
2023,12,13,4,56.30995333333333
2023,12,13,5,58.01439
2023,12,13,6,69.36866
2023,12,13,7,74.91643
2023,12,13,8,70.67114333333333
2023,12,13,9,49.64210666666667
2023,12,13,10,36.14333333333334
2023,12,13,11,35.28013
2023,12,13,12,34.55280666666666
2023,12,13,13,33.438453333333335
2023,12,13,14,32.77162
2023,12,13,15,35.359320000000004
2023,12,13,16,54.27078333333333
2023,12,13,17,72.29442333333333
2023,12,13,18,74.39972666666667
2023,12,13,19,72.46821333333334
2023,12,13,20,72.85291333333333
2023,12,13,21,72.69928
2023,12,13,22,71.81501
2023,12,13,23,71.40493666666667
2023,12,13,24,68.28058333333333
2023,12,14,1,60.72863666666666
2023,12,14,2,58.85324666666667
2023,12,14,3,58.63106
2023,12,14,4,58.42046
2023,12,14,5,62.06364666666667
2023,12,14,6,70.53319333333333
2023,12,14,7,75.77500333333334
2023,12,14,8,71.35369
2023,12,14,9,50.17473
2023,12,14,10,43.48558666666667
2023,12,14,11,42.01783666666667
2023,12,14,12,41.49446
2023,12,14,13,40.15785333333333
2023,12,14,14,41.32151
2023,12,14,15,43.36942333333334
2023,12,14,16,61.56830333333334
2023,12,14,17,73.82515666666667
2023,12,14,18,75.02881333333333
2023,12,14,19,73.52370333333333
2023,12,14,20,73.71995
2023,12,14,21,73.47408666666666
2023,12,14,22,72.85729333333333
2023,12,14,23,72.57095
2023,12,14,24,68.39343333333333
2023,12,15,1,58.29266666666666
2023,12,15,2,56.82966666666667
2023,12,15,3,56.03755666666667
2023,12,15,4,56.02611
2023,12,15,5,57.9158
2023,12,15,6,64.57984333333333
2023,12,15,7,73.39238333333333
2023,12,15,8,67.18884
2023,12,15,9,45.47463333333334
2023,12,15,10,41.01346
2023,12,15,11,39.32492
2023,12,15,12,38.762793333333335
2023,12,15,13,38.83463333333333
2023,12,15,14,39.40827
2023,12,15,15,43.44637333333333
2023,12,15,16,57.50232
2023,12,15,17,69.60853666666667
2023,12,15,18,72.42364
2023,12,15,19,69.72506
2023,12,15,20,69.38779333333333
2023,12,15,21,69.17117
2023,12,15,22,69.03757
2023,12,15,23,66.74556333333334
2023,12,15,24,64.99216333333334
2023,12,16,1,58.93687
2023,12,16,2,56.50079333333333
2023,12,16,3,57.57174
2023,12,16,4,56.58998
2023,12,16,5,55.92522333333333
2023,12,16,6,57.624606666666665
2023,12,16,7,59.77426333333333
2023,12,16,8,55.02997333333334
2023,12,16,9,40.08034333333333
2023,12,16,10,34.61406
2023,12,16,11,32.58517333333334
2023,12,16,12,28.53352333333333
2023,12,16,13,25.571346666666667
2023,12,16,14,25.899016666666668
2023,12,16,15,33.17684
2023,12,16,16,43.25036
2023,12,16,17,60.75478666666667
2023,12,16,18,61.69042
2023,12,16,19,59.39142999999999
2023,12,16,20,59.180686666666666
2023,12,16,21,59.21914666666667
2023,12,16,22,59.18882666666667
2023,12,16,23,58.862593333333336
2023,12,16,24,55.57502
2023,12,17,1,52.81645666666666
2023,12,17,2,51.95988
2023,12,17,3,47.91417666666666
2023,12,17,4,48.15354666666667
2023,12,17,5,50.37887
2023,12,17,6,49.12895666666666
2023,12,17,7,53.89724
2023,12,17,8,47.64204
2023,12,17,9,42.59531666666667
2023,12,17,10,35.89857
2023,12,17,11,35.57915666666667
2023,12,17,12,34.67642
2023,12,17,13,34.0793
2023,12,17,14,35.70065666666667
2023,12,17,15,40.21448333333333
2023,12,17,16,58.008923333333335
2023,12,17,17,62.71527666666666
2023,12,17,18,62.91851333333333
2023,12,17,19,62.64842000000001
2023,12,17,20,62.43173
2023,12,17,21,62.12128666666666
2023,12,17,22,61.35823
2023,12,17,23,60.27675666666666
2023,12,17,24,55.93206666666666
2023,12,18,1,58.10729666666666
2023,12,18,2,54.40455
2023,12,18,3,54.75244333333333
2023,12,18,4,54.207323333333335
2023,12,18,5,54.19044
2023,12,18,6,59.08175333333333
2023,12,18,7,63.38670333333334
2023,12,18,8,68.85984333333333
2023,12,18,9,60.058236666666666
2023,12,18,10,57.33227
2023,12,18,11,55.53711333333334
2023,12,18,12,52.99412
2023,12,18,13,52.83434333333333
2023,12,18,14,55.41185
2023,12,18,15,55.47927666666667
2023,12,18,16,68.16854
2023,12,18,17,71.44639666666666
2023,12,18,18,71.85110666666667
2023,12,18,19,70.02309333333334
2023,12,18,20,68.36915
2023,12,18,21,64.94666
2023,12,18,22,62.57905333333334
2023,12,18,23,60.256730000000005
2023,12,18,24,56.58284666666666
2023,12,19,1,43.95862666666667
2023,12,19,2,43.35662
2023,12,19,3,43.36808
2023,12,19,4,43.23605666666666
2023,12,19,5,43.43677
2023,12,19,6,47.50282000000001
2023,12,19,7,52.82262666666667
2023,12,19,8,53.738220000000005
2023,12,19,9,51.94473
2023,12,19,10,43.481366666666666
2023,12,19,11,43.25932
2023,12,19,12,42.35608333333334
2023,12,19,13,42.15204666666667
2023,12,19,14,43.00411333333333
2023,12,19,15,43.40853666666666
2023,12,19,16,56.80172
2023,12,19,17,61.61412333333334
2023,12,19,18,63.00711666666666
2023,12,19,19,62.442906666666666
2023,12,19,20,61.88065
2023,12,19,21,60.24831
2023,12,19,22,59.76266
2023,12,19,23,51.82136
2023,12,19,24,51.17031333333333
2023,12,20,1,46.02097666666666
2023,12,20,2,45.10688666666667
2023,12,20,3,44.83241999999999
2023,12,20,4,44.65328333333333
2023,12,20,5,45.69301333333334
2023,12,20,6,52.19604666666667
2023,12,20,7,54.17090666666667
2023,12,20,8,52.254513333333335
2023,12,20,9,47.78027666666667
2023,12,20,10,47.49335
2023,12,20,11,45.76938333333334
2023,12,20,12,44.90268666666666
2023,12,20,13,43.38671
2023,12,20,14,45.15612000000001
2023,12,20,15,47.03806666666666
2023,12,20,16,54.99113666666667
2023,12,20,17,63.36312
2023,12,20,18,63.70527666666666
2023,12,20,19,62.227313333333335
2023,12,20,20,60.86556333333333
2023,12,20,21,60.53973666666667
2023,12,20,22,59.04623
2023,12,20,23,51.99165333333334
2023,12,20,24,51.41259
2023,12,21,1,44.60043
2023,12,21,2,42.58183666666667
2023,12,21,3,42.66748666666666
2023,12,21,4,42.66954666666667
2023,12,21,5,42.62421666666666
2023,12,21,6,49.9469
2023,12,21,7,51.859813333333335
2023,12,21,8,51.13226666666667
2023,12,21,9,45.30352333333334
2023,12,21,10,43.36013333333333
2023,12,21,11,42.45552333333333
2023,12,21,12,42.29836
2023,12,21,13,42.07951333333333
2023,12,21,14,42.13279666666667
2023,12,21,15,42.970703333333326
2023,12,21,16,49.25465666666667
2023,12,21,17,57.263740000000006
2023,12,21,18,58.42792666666667
2023,12,21,19,55.71596
2023,12,21,20,55.32293333333333
2023,12,21,21,54.945366666666665
2023,12,21,22,52.59035
2023,12,21,23,51.96225999999999
2023,12,21,24,48.14515666666667
2023,12,22,1,42.50805
2023,12,22,2,40.29877
2023,12,22,3,40.196956666666665
2023,12,22,4,39.76238666666666
2023,12,22,5,40.607436666666665
2023,12,22,6,47.42664666666667
2023,12,22,7,50.07651666666666
2023,12,22,8,50.41416666666667
2023,12,22,9,49.57978666666667
2023,12,22,10,42.11855
2023,12,22,11,42.07265666666667
2023,12,22,12,39.43060333333333
2023,12,22,13,37.59963
2023,12,22,14,37.81004
2023,12,22,15,37.55536666666666
2023,12,22,16,41.27337666666667
2023,12,22,17,49.15757333333334
2023,12,22,18,50.99471666666667
2023,12,22,19,46.008453333333335
2023,12,22,20,46.64618
2023,12,22,21,46.14007
2023,12,22,22,45.92258666666667
2023,12,22,23,41.658836666666666
2023,12,22,24,40.54073
2023,12,23,1,38.804946666666666
2023,12,23,2,37.92843333333334
2023,12,23,3,37.57188666666666
2023,12,23,4,36.87
2023,12,23,5,37.00318333333333
2023,12,23,6,38.95420333333333
2023,12,23,7,42.51487
2023,12,23,8,41.43194
2023,12,23,9,33.742066666666666
2023,12,23,10,25.414016666666665
2023,12,23,11,21.772316666666665
2023,12,23,12,21.51951333333333
2023,12,23,13,20.48846
2023,12,23,14,20.78544
2023,12,23,15,20.981396666666665
2023,12,23,16,34.13354
2023,12,23,17,49.07511333333333
2023,12,23,18,49.743676666666666
2023,12,23,19,49.84967333333333
2023,12,23,20,49.16261333333333
2023,12,23,21,49.60260666666667
2023,12,23,22,49.78952666666667
2023,12,23,23,49.24776666666667
2023,12,23,24,49.27221666666667
2023,12,24,1,41.79711666666666
2023,12,24,2,41.51541
2023,12,24,3,40.17752333333333
2023,12,24,4,40.50132
2023,12,24,5,41.60735666666667
2023,12,24,6,42.45556666666666
2023,12,24,7,45.71919666666667
2023,12,24,8,39.958913333333335
2023,12,24,9,28.65253
2023,12,24,10,24.68814666666667
2023,12,24,11,24.021283333333333
2023,12,24,12,20.04056
2023,12,24,13,19.64257333333333
2023,12,24,14,19.85155
2023,12,24,15,22.048186666666663
2023,12,24,16,40.14752666666666
2023,12,24,17,49.86659333333333
2023,12,24,18,49.951973333333335
2023,12,24,19,50.32929000000001
2023,12,24,20,50.09707
2023,12,24,21,50.17264333333333
2023,12,24,22,49.99471333333333
2023,12,24,23,49.78061
2023,12,24,24,49.66779666666667
2023,12,25,1,48.451793333333335
2023,12,25,2,46.99175333333333
2023,12,25,3,43.95014666666666
2023,12,25,4,43.27225000000001
2023,12,25,5,47.01045666666667
2023,12,25,6,48.43913
2023,12,25,7,50.59393333333333
2023,12,25,8,37.876896666666674
2023,12,25,9,34.4308
2023,12,25,10,25.21070333333334
2023,12,25,11,22.99518666666667
2023,12,25,12,21.147266666666667
2023,12,25,13,19.46696
2023,12,25,14,21.28609333333333
2023,12,25,15,22.429486666666666
2023,12,25,16,40.40439666666666
2023,12,25,17,49.31204666666667
2023,12,25,18,50.34664333333333
2023,12,25,19,49.252206666666666
2023,12,25,20,49.68076666666667
2023,12,25,21,49.65271666666666
2023,12,25,22,49.82058
2023,12,25,23,49.003276666666665
2023,12,25,24,47.59297
2023,12,26,1,45.98874333333333
2023,12,26,2,40.57698666666667
2023,12,26,3,40.728206666666665
2023,12,26,4,40.6192
2023,12,26,5,44.06259333333333
2023,12,26,6,46.74646333333334
2023,12,26,7,49.23141333333333
2023,12,26,8,49.157720000000005
2023,12,26,9,39.29969
2023,12,26,10,36.902103333333336
2023,12,26,11,35.040546666666664
2023,12,26,12,34.515233333333335
2023,12,26,13,32.44432333333334
2023,12,26,14,31.67252
2023,12,26,15,34.61751
2023,12,26,16,40.44078666666667
2023,12,26,17,53.86543333333333
2023,12,26,18,56.07853
2023,12,26,19,54.835440000000006
2023,12,26,20,53.40976333333333
2023,12,26,21,52.34579333333334
2023,12,26,22,51.73952666666667
2023,12,26,23,51.06429333333333
2023,12,26,24,45.10345333333333
2023,12,27,1,42.02001666666666
2023,12,27,2,40.334606666666666
2023,12,27,3,39.26289666666667
2023,12,27,4,39.26396
2023,12,27,5,39.769623333333335
2023,12,27,6,45.74001333333334
2023,12,27,7,49.12997333333334
2023,12,27,8,47.984226666666665
2023,12,27,9,39.44338333333334
2023,12,27,10,37.09028
2023,12,27,11,36.61061
2023,12,27,12,35.81371333333333
2023,12,27,13,36.89826
2023,12,27,14,38.65063
2023,12,27,15,39.82109666666667
2023,12,27,16,45.70660333333333
2023,12,27,17,51.86881333333333
2023,12,27,18,54.50705333333334
2023,12,27,19,51.37726
2023,12,27,20,51.42682666666667
2023,12,27,21,50.63449666666667
2023,12,27,22,49.74888666666666
2023,12,27,23,47.31958666666666
2023,12,27,24,43.66737333333333
2023,12,28,1,46.08389666666667
2023,12,28,2,41.88957333333334
2023,12,28,3,44.21822
2023,12,28,4,41.23128666666667
2023,12,28,5,44.36561666666668
2023,12,28,6,49.16839333333333
2023,12,28,7,50.14652666666667
2023,12,28,8,48.33427
2023,12,28,9,39.18904333333333
2023,12,28,10,36.46563666666667
2023,12,28,11,32.93743
2023,12,28,12,30.90891333333333
2023,12,28,13,28.481906666666664
2023,12,28,14,28.67496
2023,12,28,15,31.716663333333333
2023,12,28,16,41.589333333333336
2023,12,28,17,53.70633
2023,12,28,18,54.39521666666667
2023,12,28,19,54.41835666666666
2023,12,28,20,54.101976666666665
2023,12,28,21,53.585946666666665
2023,12,28,22,53.417570000000005
2023,12,28,23,52.75093666666667
2023,12,28,24,49.81732333333333
2023,12,29,1,45.82258333333333
2023,12,29,2,42.04351666666667
2023,12,29,3,39.96472
2023,12,29,4,39.550873333333335
2023,12,29,5,39.79272
2023,12,29,6,46.01859
2023,12,29,7,47.956763333333335
2023,12,29,8,46.39693
2023,12,29,9,39.9908
2023,12,29,10,38.22062666666667
2023,12,29,11,37.49125
2023,12,29,12,36.599446666666665
2023,12,29,13,36.14993666666667
2023,12,29,14,36.08976
2023,12,29,15,37.71601
2023,12,29,16,40.49207333333333
2023,12,29,17,50.71735
2023,12,29,18,53.53082333333333
2023,12,29,19,51.20149666666666
2023,12,29,20,50.76124
2023,12,29,21,50.26570666666667
2023,12,29,22,49.86324666666667
2023,12,29,23,49.49372333333333
2023,12,29,24,47.49738666666667
2023,12,30,1,44.113580000000006
2023,12,30,2,43.87458
2023,12,30,3,43.80847666666667
2023,12,30,4,43.59628
2023,12,30,5,42.26071666666667
2023,12,30,6,40.11249333333333
2023,12,30,7,42.21902333333333
2023,12,30,8,40.212340000000005
2023,12,30,9,39.61133333333333
2023,12,30,10,36.17707333333333
2023,12,30,11,35.07436333333333
2023,12,30,12,32.855776666666664
2023,12,30,13,29.31701666666667
2023,12,30,14,28.692580000000003
2023,12,30,15,28.41155333333333
2023,12,30,16,39.47258
2023,12,30,17,45.76289333333333
2023,12,30,18,45.96808333333333
2023,12,30,19,45.828183333333335
2023,12,30,20,45.638446666666674
2023,12,30,21,45.67676333333333
2023,12,30,22,45.42117
2023,12,30,23,44.556803333333335
2023,12,31,24,45.30544
2024,1,1,1,46.22687
2024,1,1,2,45.51110333333333
2024,1,1,3,44.85092333333333
2024,1,1,4,44.5731
2024,1,1,5,44.180573333333335
2024,1,1,6,42.58843
2024,1,1,7,44.38750666666667
2024,1,1,8,46.05350666666667
2024,1,1,9,39.79391
2024,1,1,10,33.61302333333333
2024,1,1,11,31.390756666666665
2024,1,1,12,29.03089333333333
2024,1,1,13,27.66914
2024,1,1,14,27.55272
2024,1,1,15,28.45741
2024,1,1,16,38.62213
2024,1,1,17,49.39264
2024,1,1,18,50.15943666666666
2024,1,1,19,50.47825333333333
2024,1,1,20,50.59594333333333
2024,1,1,21,50.42505
2024,1,1,22,49.749586666666666
2024,1,1,23,49.65177333333333
2024,1,1,24,46.84513666666667
2024,1,2,1,44.73595
2024,1,2,2,44.11275666666666
2024,1,2,3,43.89957333333333
2024,1,2,4,44.146620000000006
2024,1,2,5,44.51351666666667
2024,1,2,6,48.16064
2024,1,2,7,56.71547666666667
2024,1,2,8,58.01899666666666
2024,1,2,9,44.426113333333326
2024,1,2,10,39.42184
2024,1,2,11,36.66596
2024,1,2,12,36.14721333333333
2024,1,2,13,33.66166333333334
2024,1,2,14,32.77243
2024,1,2,15,34.66462
2024,1,2,16,45.286813333333335
2024,1,2,17,55.62456
2024,1,2,18,58.12689
2024,1,2,19,56.579493333333325
2024,1,2,20,56.44623333333333
2024,1,2,21,55.32459333333333
2024,1,2,22,54.98794
2024,1,2,23,48.37710666666667
2024,1,2,24,47.368836666666674
2024,1,3,1,49.28276333333333
2024,1,3,2,49.018076666666666
2024,1,3,3,45.75636666666667
2024,1,3,4,44.89139
2024,1,3,5,44.43493333333333
2024,1,3,6,49.096293333333335
2024,1,3,7,52.65134666666668
2024,1,3,8,53.38008333333334
2024,1,3,9,49.33091
2024,1,3,10,44.415236666666665
2024,1,3,11,41.55070333333333
2024,1,3,12,39.946533333333335
2024,1,3,13,35.15165
2024,1,3,14,33.53113333333334
2024,1,3,15,36.23737666666667
2024,1,3,16,44.886156666666665
2024,1,3,17,55.15440666666666
2024,1,3,18,57.24333666666666
2024,1,3,19,55.261563333333335
2024,1,3,20,54.8613
2024,1,3,21,54.211353333333335
2024,1,3,22,53.78714666666667
2024,1,3,23,49.77508333333333
2024,1,3,24,48.24868666666666
2024,1,4,1,46.23902999999999
2024,1,4,2,45.17371
2024,1,4,3,44.98238333333333
2024,1,4,4,44.543290000000006
2024,1,4,5,45.34782666666666
2024,1,4,6,51.35868666666666
2024,1,4,7,59.47186666666666
2024,1,4,8,53.9886
2024,1,4,9,44.270356666666665
2024,1,4,10,35.624003333333334
2024,1,4,11,31.33854666666667
2024,1,4,12,29.93925333333333
2024,1,4,13,27.916606666666667
2024,1,4,14,26.06659
2024,1,4,15,29.327763333333333
2024,1,4,16,43.33689
2024,1,4,17,61.73272666666667
2024,1,4,18,62.51750333333333
2024,1,4,19,62.47135333333333
2024,1,4,20,62.66821333333333
2024,1,4,21,62.51897666666667
2024,1,4,22,62.101913333333336
2024,1,4,23,61.74382666666667
2024,1,4,24,60.87475333333333
2024,1,5,1,66.73843000000001
2024,1,5,2,59.45334666666667
2024,1,5,3,59.41185
2024,1,5,4,58.73255
2024,1,5,5,60.035446666666665
2024,1,5,6,67.32992333333333
2024,1,5,7,76.62897333333332
2024,1,5,8,70.50400333333333
2024,1,5,9,57.693846666666666
2024,1,5,10,48.90305
2024,1,5,11,42.93584666666667
2024,1,5,12,39.13259333333333
2024,1,5,13,38.30283333333333
2024,1,5,14,37.08078
2024,1,5,15,41.703186666666674
2024,1,5,16,55.32686
2024,1,5,17,74.14431333333333
2024,1,5,18,74.94103
2024,1,5,19,74.94848
2024,1,5,20,74.86595666666666
2024,1,5,21,74.97370000000001
2024,1,5,22,74.50013
2024,1,5,23,73.88338666666667
2024,1,5,24,73.76953666666667
2024,1,6,1,68.56799
2024,1,6,2,68.12293666666666
2024,1,6,3,67.61098
2024,1,6,4,66.90079333333334
2024,1,6,5,65.51951000000001
2024,1,6,6,68.64945
2024,1,6,7,68.93189333333333
2024,1,6,8,66.30435
2024,1,6,9,55.47942666666666
2024,1,6,10,48.420440000000006
2024,1,6,11,44.536766666666665
2024,1,6,12,42.07558
2024,1,6,13,35.0305
2024,1,6,14,34.18604666666666
2024,1,6,15,42.83034666666666
2024,1,6,16,54.967780000000005
2024,1,6,17,67.56284
2024,1,6,18,68.22266333333333
2024,1,6,19,68.25590333333334
2024,1,6,20,67.39591666666666
2024,1,6,21,66.98494666666666
2024,1,6,22,67.75901
2024,1,6,23,67.48566666666666
2024,1,6,24,66.33240333333333
2024,1,7,1,69.88183
2024,1,7,2,65.14093
2024,1,7,3,62.06499
2024,1,7,4,61.36753
2024,1,7,5,62.86661
2024,1,7,6,69.24459333333333
2024,1,7,7,71.01901333333333
2024,1,7,8,67.19435
2024,1,7,9,56.68993666666666
2024,1,7,10,36.31509666666667
2024,1,7,11,32.81041666666667
2024,1,7,12,31.729166666666668
2024,1,7,13,28.56819333333333
2024,1,7,14,29.014413333333334
2024,1,7,15,28.94226
2024,1,7,16,53.457006666666665
2024,1,7,17,73.15366333333333
2024,1,7,18,75.80422333333333
2024,1,7,19,75.89370333333333
2024,1,7,20,76.09228
2024,1,7,21,75.58484333333332
2024,1,7,22,75.89513666666666
2024,1,7,23,75.22679666666666
2024,1,7,24,73.36774333333334
2024,1,8,1,72.04955666666666
2024,1,8,2,71.65106666666667
2024,1,8,3,71.48935333333333
2024,1,8,4,71.36459333333333
2024,1,8,5,72.93516666666666
2024,1,8,6,90.72471666666668
2024,1,8,7,106.92102
2024,1,8,8,103.91272333333332
2024,1,8,9,75.72332333333334
2024,1,8,10,62.05591666666667
2024,1,8,11,54.21660666666667
2024,1,8,12,53.85099333333333
2024,1,8,13,50.68432333333334
2024,1,8,14,49.8029
2024,1,8,15,51.60658
2024,1,8,16,70.17676
2024,1,8,17,102.08615333333334
2024,1,8,18,107.14384
2024,1,8,19,106.77941333333332
2024,1,8,20,105.0414
2024,1,8,21,104.1307
2024,1,8,22,102.67087333333332
2024,1,8,23,94.75766666666668
2024,1,8,24,89.98405000000001
2024,1,9,1,75.90757
2024,1,9,2,70.66025666666667
2024,1,9,3,70.57153666666666
2024,1,9,4,70.53016666666667
2024,1,9,5,72.21680333333335
2024,1,9,6,80.66945
2024,1,9,7,92.68230333333334
2024,1,9,8,83.70778333333332
2024,1,9,9,59.76994
2024,1,9,10,49.723886666666665
2024,1,9,11,46.87032666666666
2024,1,9,12,43.80186666666666
2024,1,9,13,39.82921666666667
2024,1,9,14,35.72036
2024,1,9,15,37.07556
2024,1,9,16,56.835080000000005
2024,1,9,17,72.61048
2024,1,9,18,76.21839333333334
2024,1,9,19,74.84730666666667
2024,1,9,20,74.36748666666666
2024,1,9,21,73.46685000000001
2024,1,9,22,73.95662333333333
2024,1,9,23,72.55842
2024,1,9,24,66.44795333333333
2024,1,10,1,67.56741333333333
2024,1,10,2,66.71267
2024,1,10,3,66.89559000000001
2024,1,10,4,66.44738
2024,1,10,5,66.78250333333334
2024,1,10,6,76.23169666666666
2024,1,10,7,89.95687666666667
2024,1,10,8,82.48011333333334
2024,1,10,9,66.11798
2024,1,10,10,58.42054
2024,1,10,11,52.899103333333336
2024,1,10,12,48.36325
2024,1,10,13,45.57341
2024,1,10,14,44.25120333333333
2024,1,10,15,47.71484333333333
2024,1,10,16,65.81456666666666
2024,1,10,17,88.03498333333333
2024,1,10,18,91.78756
2024,1,10,19,91.20802
2024,1,10,20,89.63123
2024,1,10,21,89.08275333333334
2024,1,10,22,89.31367
2024,1,10,23,77.02201000000001
2024,1,10,24,72.64527
2024,1,11,1,70.39403333333333
2024,1,11,2,69.91786666666667
2024,1,11,3,69.70473333333332
2024,1,11,4,69.99217666666667
2024,1,11,5,70.82974666666667
2024,1,11,6,82.48868333333333
2024,1,11,7,99.26984333333333
2024,1,11,8,93.17454333333336
2024,1,11,9,77.52086
2024,1,11,10,62.01283333333333
2024,1,11,11,55.452063333333335
2024,1,11,12,52.39532666666667
2024,1,11,13,46.75478
2024,1,11,14,44.32319999999999
2024,1,11,15,48.68841
2024,1,11,16,73.63776
2024,1,11,17,99.27843333333334
2024,1,11,18,106.48678666666666
2024,1,11,19,106.75558
2024,1,11,20,105.08208666666668
2024,1,11,21,103.60353666666668
2024,1,11,22,102.00654
2024,1,11,23,99.14144333333331
2024,1,11,24,94.58674333333332
2024,1,12,1,76.83186666666667
2024,1,12,2,76.72588
2024,1,12,3,75.88617333333333
2024,1,12,4,75.97107333333334
2024,1,12,5,82.89875666666667
2024,1,12,6,87.64039000000001
2024,1,12,7,99.47374333333332
2024,1,12,8,95.52729666666666
2024,1,12,9,75.74771
2024,1,12,10,62.68122333333333
2024,1,12,11,58.28991666666667
2024,1,12,12,52.24883333333333
2024,1,12,13,47.43488
2024,1,12,14,44.26209666666667
2024,1,12,15,48.98613333333333
2024,1,12,16,66.16758
2024,1,12,17,88.20889333333332
2024,1,12,18,93.21919666666668
2024,1,12,19,92.32591
2024,1,12,20,91.67286
2024,1,12,21,91.07157333333332
2024,1,12,22,88.95535333333333
2024,1,12,23,84.75332333333334
2024,1,12,24,75.59575666666667
2024,1,13,1,183.54734
2024,1,13,2,167.69639333333333
2024,1,13,3,165.42576333333332
2024,1,13,4,165.88186666666667
2024,1,13,5,166.16210666666666
2024,1,13,6,183.13317666666669
2024,1,13,7,185.21257666666665
2024,1,13,8,177.10981
2024,1,13,9,135.96140666666665
2024,1,13,10,123.55944666666667
2024,1,13,11,110.95112
2024,1,13,12,104.99790666666668
2024,1,13,13,102.68458666666668
2024,1,13,14,101.76728333333334
2024,1,13,15,109.05518666666669
2024,1,13,16,142.11025333333333
2024,1,13,17,191.00001
2024,1,13,18,193.13108666666668
2024,1,13,19,191.40143666666668
2024,1,13,20,189.44612666666663
2024,1,13,21,190.47601333333333
2024,1,13,22,188.9669233333333
2024,1,13,23,179.7903266666667
2024,1,13,24,176.77491666666666
2024,1,14,1,169.55684666666664
2024,1,14,2,168.11441
2024,1,14,3,162.04469333333333
2024,1,14,4,162.27338
2024,1,14,5,161.16626
2024,1,14,6,167.28858
2024,1,14,7,176.4927733333333
2024,1,14,8,167.05112333333332
2024,1,14,9,138.28001666666668
2024,1,14,10,105.73505666666668
2024,1,14,11,89.62245666666666
2024,1,14,12,87.29902
2024,1,14,13,78.92339666666668
2024,1,14,14,76.35258
2024,1,14,15,84.11865
2024,1,14,16,123.82069666666666
2024,1,14,17,177.48632333333333
2024,1,14,18,194.84913333333336
2024,1,14,19,191.91822666666667
2024,1,14,20,193.85252666666665
2024,1,14,21,193.8140566666667
2024,1,14,22,191.71951
2024,1,14,23,189.30875333333333
2024,1,14,24,181.22193666666664
2024,1,15,1,200.25634
2024,1,15,2,186.65382
2024,1,15,3,186.49731333333327
2024,1,15,4,185.3427333333333
2024,1,15,5,186.83114666666663
2024,1,15,6,205.4146433333333
2024,1,15,7,219.72658666666663
2024,1,15,8,215.70095
2024,1,15,9,180.47946666666667
2024,1,15,10,145.63725666666667
2024,1,15,11,139.92895333333334
2024,1,15,12,134.40373
2024,1,15,13,134.7443933333333
2024,1,15,14,130.33311333333333
2024,1,15,15,138.83945666666668
2024,1,15,16,169.74271000000002
2024,1,15,17,235.56299
2024,1,15,18,253.7178
2024,1,15,19,250.28046000000003
2024,1,15,20,251.12074666666663
2024,1,15,21,248.07555666666667
2024,1,15,22,244.94479
2024,1,15,23,226.88082666666665
2024,1,15,24,215.1733
2024,1,16,1,205.44949
2024,1,16,2,202.57334666666668
2024,1,16,3,204.3182733333333
2024,1,16,4,203.84600666666665
2024,1,16,5,208.24588333333332
2024,1,16,6,212.7584866666667
2024,1,16,7,224.33036666666663
2024,1,16,8,219.2418
2024,1,16,9,173.58375666666666
2024,1,16,10,145.92345
2024,1,16,11,131.89064666666667
2024,1,16,12,128.01149666666666
2024,1,16,13,119.74456333333336
2024,1,16,14,116.93322333333332
2024,1,16,15,126.67011333333336
2024,1,16,16,149.45518666666666
2024,1,16,17,220.6045766666667
2024,1,16,18,225.04816666666667
2024,1,16,19,224.60326666666663
2024,1,16,20,225.83763
2024,1,16,21,223.33085333333332
2024,1,16,22,216.5847833333333
2024,1,16,23,205.04123
2024,1,16,24,199.92232666666663
2024,1,17,1,78.78921666666666
2024,1,17,2,73.27613000000001
2024,1,17,3,71.95696
2024,1,17,4,71.58625666666667
2024,1,17,5,76.16928
2024,1,17,6,82.06900333333333
2024,1,17,7,89.75045333333333
2024,1,17,8,88.36064333333333
2024,1,17,9,75.01786
2024,1,17,10,61.52552333333333
2024,1,17,11,56.95146666666667
2024,1,17,12,48.39535333333333
2024,1,17,13,41.67944666666667
2024,1,17,14,39.18628
2024,1,17,15,41.45216666666666
2024,1,17,16,58.29159666666667
2024,1,17,17,77.67934666666666
2024,1,17,18,81.60431333333334
2024,1,17,19,80.22061666666667
2024,1,17,20,80.2086
2024,1,17,21,79.00925
2024,1,17,22,78.90667
2024,1,17,23,77.22708999999999
2024,1,17,24,70.87034333333332
2024,1,18,1,47.328093333333335
2024,1,18,2,47.139543333333336
2024,1,18,3,47.03455333333333
2024,1,18,4,47.90560666666666
2024,1,18,5,49.69362666666667
2024,1,18,6,60.917723333333335
2024,1,18,7,74.87502666666666
2024,1,18,8,67.58546666666666
2024,1,18,9,53.89975999999999
2024,1,18,10,42.93192333333334
2024,1,18,11,39.03637666666666
2024,1,18,12,34.21006
2024,1,18,13,29.609646666666663
2024,1,18,14,31.18413
2024,1,18,15,34.83011666666667
2024,1,18,16,52.47394666666667
2024,1,18,17,73.50312000000001
2024,1,18,18,77.93256333333333
2024,1,18,19,77.10713666666668
2024,1,18,20,75.84632666666666
2024,1,18,21,72.25597666666665
2024,1,18,22,71.54343333333334
2024,1,18,23,65.63875
2024,1,18,24,61.98878333333334
2024,1,19,1,62.770986666666666
2024,1,19,2,58.928333333333335
2024,1,19,3,58.11989333333333
2024,1,19,4,58.43508666666667
2024,1,19,5,62.29021666666667
2024,1,19,6,65.22451333333333
2024,1,19,7,76.53895333333332
2024,1,19,8,76.6247
2024,1,19,9,65.73338333333334
2024,1,19,10,55.193243333333335
2024,1,19,11,53.87487333333333
2024,1,19,12,51.821216666666665
2024,1,19,13,49.35825666666667
2024,1,19,14,51.18482
2024,1,19,15,53.41548
2024,1,19,16,63.90645666666666
2024,1,19,17,76.62726666666667
2024,1,19,18,77.85423666666667
2024,1,19,19,76.98432666666666
2024,1,19,20,70.84422333333333
2024,1,19,21,66.9699
2024,1,19,22,64.32361666666667
2024,1,19,23,62.83066666666667
2024,1,19,24,54.45763333333334
2024,1,20,1,55.16050666666666
2024,1,20,2,50.87785666666667
2024,1,20,3,50.81977666666666
2024,1,20,4,50.65556
2024,1,20,5,51.73371
2024,1,20,6,51.50937666666667
2024,1,20,7,57.38091333333333
2024,1,20,8,56.32234
2024,1,20,9,49.0436
2024,1,20,10,46.59312333333333
2024,1,20,11,40.63071
2024,1,20,12,41.651273333333336
2024,1,20,13,40.960656666666665
2024,1,20,14,41.387836666666665
2024,1,20,15,44.179496666666665
2024,1,20,16,55.34948333333333
2024,1,20,17,61.86051666666666
2024,1,20,18,64.38124
2024,1,20,19,62.52581
2024,1,20,20,62.39656
2024,1,20,21,62.46935666666667
2024,1,20,22,61.68301333333333
2024,1,20,23,56.65064
2024,1,20,24,51.04478
2024,1,21,1,48.41975
2024,1,21,2,48.19457333333333
2024,1,21,3,47.41059333333334
2024,1,21,4,47.54216333333333
2024,1,21,5,47.22626666666667
2024,1,21,6,47.69959
2024,1,21,7,46.03753333333333
2024,1,21,8,48.04447666666667
2024,1,21,9,44.81482333333333
2024,1,21,10,42.33667333333333
2024,1,21,11,41.23037
2024,1,21,12,40.197120000000005
2024,1,21,13,38.96614666666667
2024,1,21,14,39.13747
2024,1,21,15,40.12435666666666
2024,1,21,16,42.89565
2024,1,21,17,56.53645666666667
2024,1,21,18,60.99052333333333
2024,1,21,19,60.36942333333334
2024,1,21,20,57.97216666666666
2024,1,21,21,57.52216000000001
2024,1,21,22,56.34250333333333
2024,1,21,23,51.269353333333335
2024,1,21,24,47.97292333333333
2024,1,22,1,49.11773333333334
2024,1,22,2,48.915633333333325
2024,1,22,3,48.96006
2024,1,22,4,48.86898666666667
2024,1,22,5,49.73064333333334
2024,1,22,6,51.82226
2024,1,22,7,68.57329666666668
2024,1,22,8,71.46856333333334
2024,1,22,9,72.16373666666668
2024,1,22,10,71.33431666666667
2024,1,22,11,66.46574333333332
2024,1,22,12,63.37027333333333
2024,1,22,13,61.860923333333325
2024,1,22,14,60.32780333333333
2024,1,22,15,59.83796
2024,1,22,16,65.75711
2024,1,22,17,72.11828
2024,1,22,18,76.10907666666667
2024,1,22,19,73.43413333333334
2024,1,22,20,71.26228333333334
2024,1,22,21,64.51652666666666
2024,1,22,22,62.81696333333334
2024,1,22,23,50.66307333333333
2024,1,22,24,49.60119
2024,1,23,1,43.59021333333333
2024,1,23,2,43.281090000000006
2024,1,23,3,42.9513
2024,1,23,4,42.81194666666667
2024,1,23,5,43.12980666666667
2024,1,23,6,50.086936666666666
2024,1,23,7,62.04925333333333
2024,1,23,8,62.22658666666666
2024,1,23,9,50.34483
2024,1,23,10,44.148716666666665
2024,1,23,11,39.99307666666667
2024,1,23,12,38.00272
2024,1,23,13,32.74172333333333
2024,1,23,14,27.73928
2024,1,23,15,30.61886
2024,1,23,16,40.89836333333333
2024,1,23,17,61.23885666666666
2024,1,23,18,64.87351
2024,1,23,19,64.04396666666666
2024,1,23,20,62.81851333333333
2024,1,23,21,62.51558666666667
2024,1,23,22,62.20621
2024,1,23,23,54.02344333333334
2024,1,23,24,49.00543666666667
2024,1,24,1,48.56131666666667
2024,1,24,2,48.56574333333333
2024,1,24,3,48.38161333333333
2024,1,24,4,48.34705
2024,1,24,5,49.710193333333336
2024,1,24,6,62.47553666666667
2024,1,24,7,69.07688333333334
2024,1,24,8,66.69819
2024,1,24,9,49.94779
2024,1,24,10,47.13919666666667
2024,1,24,11,45.03757333333333
2024,1,24,12,43.81466666666666
2024,1,24,13,42.22963000000001
2024,1,24,14,41.90139666666666
2024,1,24,15,43.35489666666666
2024,1,24,16,54.861086666666665
2024,1,24,17,65.97748666666666
2024,1,24,18,69.08124
2024,1,24,19,67.28979333333334
2024,1,24,20,65.93852666666668
2024,1,24,21,64.97035666666666
2024,1,24,22,62.59643666666667
2024,1,24,23,56.84982
2024,1,24,24,48.12697
2024,1,25,1,48.132650000000005
2024,1,25,2,45.55367666666666
2024,1,25,3,44.42874333333333
2024,1,25,4,44.16926333333333
2024,1,25,5,44.71865
2024,1,25,6,51.135063333333335
2024,1,25,7,56.04328
2024,1,25,8,55.06914666666666
2024,1,25,9,50.24075666666666
2024,1,25,10,40.928893333333335
2024,1,25,11,33.11281666666667
2024,1,25,12,29.77284
2024,1,25,13,26.272886666666665
2024,1,25,14,23.01940666666667
2024,1,25,15,24.91426
2024,1,25,16,37.73938
2024,1,25,17,54.60025
2024,1,25,18,60.94781333333333
2024,1,25,19,60.58832
2024,1,25,20,60.37214333333333
2024,1,25,21,60.03310333333334
2024,1,25,22,59.641243333333335
2024,1,25,23,54.42823666666667
2024,1,25,24,49.2291
2024,1,26,1,51.97588
2024,1,26,2,52.06166
2024,1,26,3,51.56518333333333
2024,1,26,4,51.71348333333333
2024,1,26,5,52.457143333333335
2024,1,26,6,57.45021666666667
2024,1,26,7,68.93823333333334
2024,1,26,8,64.80157666666666
2024,1,26,9,47.753036666666674
2024,1,26,10,36.717146666666665
2024,1,26,11,33.67999
2024,1,26,12,29.30605
2024,1,26,13,28.786276666666662
2024,1,26,14,26.460306666666668
2024,1,26,15,29.09275666666667
2024,1,26,16,41.41437666666667
2024,1,26,17,63.78963000000001
2024,1,26,18,64.80024666666667
2024,1,26,19,64.99201
2024,1,26,20,64.91118
2024,1,26,21,62.76996
2024,1,26,22,63.19493666666667
2024,1,26,23,59.02516
2024,1,26,24,54.358630000000005
2024,1,27,1,46.95669333333333
2024,1,27,2,47.022580000000005
2024,1,27,3,46.90732666666667
2024,1,27,4,42.59487666666666
2024,1,27,5,43.20037666666667
2024,1,27,6,46.71555
2024,1,27,7,49.08363666666667
2024,1,27,8,47.4135
2024,1,27,9,38.54485666666667
2024,1,27,10,29.426043333333336
2024,1,27,11,25.476430000000004
2024,1,27,12,23.83659
2024,1,27,13,22.569856666666663
2024,1,27,14,21.95495
2024,1,27,15,24.146110000000004
2024,1,27,16,31.87286
2024,1,27,17,56.089236666666665
2024,1,27,18,57.70668333333333
2024,1,27,19,57.46522333333333
2024,1,27,20,57.05095
2024,1,27,21,56.12200000000001
2024,1,27,22,56.04524
2024,1,27,23,53.81841666666667
2024,1,27,24,47.32028333333333
2024,1,28,1,44.394086666666674
2024,1,28,2,43.5996
2024,1,28,3,43.04905
2024,1,28,4,42.87061
2024,1,28,5,41.76943
2024,1,28,6,43.642066666666665
2024,1,28,7,43.96219333333334
2024,1,28,8,44.14326333333333
2024,1,28,9,35.55573333333333
2024,1,28,10,24.36418666666667
2024,1,28,11,17.913216666666667
2024,1,28,12,15.218673333333331
2024,1,28,13,13.210743333333332
2024,1,28,14,14.344826666666664
2024,1,28,15,18.613803333333333
2024,1,28,16,35.894506666666665
2024,1,28,17,51.71292666666667
2024,1,28,18,54.80722333333333
2024,1,28,19,54.96026
2024,1,28,20,54.14636333333333
2024,1,28,21,53.80885333333333
2024,1,28,22,53.29635
2024,1,28,23,51.55713
2024,1,28,24,48.780863333333336
2024,1,29,1,44.416873333333335
2024,1,29,2,43.252296666666666
2024,1,29,3,42.292656666666666
2024,1,29,4,42.55244
2024,1,29,5,44.56358333333333
2024,1,29,6,49.122996666666666
2024,1,29,7,60.00662333333333
2024,1,29,8,51.11369666666667
2024,1,29,9,42.62293333333333
2024,1,29,10,27.954663333333333
2024,1,29,11,23.669093333333333
2024,1,29,12,21.69913333333333
2024,1,29,13,19.985703333333333
2024,1,29,14,17.306923333333334
2024,1,29,15,21.25001333333333
2024,1,29,16,34.8814
2024,1,29,17,58.49038333333333
2024,1,29,18,61.18931
2024,1,29,19,61.34315999999999
2024,1,29,20,60.96338
2024,1,29,21,60.36538
2024,1,29,22,59.668146666666665
2024,1,29,23,58.40356
2024,1,29,24,49.74648
2024,1,30,1,38.90674
2024,1,30,2,38.060453333333335
2024,1,30,3,37.052036666666666
2024,1,30,4,37.09747
2024,1,30,5,38.22371
2024,1,30,6,42.84418333333334
2024,1,30,7,54.976753333333335
2024,1,30,8,51.11213
2024,1,30,9,34.32913333333334
2024,1,30,10,17.9357
2024,1,30,11,15.38675
2024,1,30,12,13.11359
2024,1,30,13,13.07193
2024,1,30,14,12.84665
2024,1,30,15,15.277976666666666
2024,1,30,16,34.12398666666667
2024,1,30,17,50.36679
2024,1,30,18,55.6086
2024,1,30,19,53.98618666666667
2024,1,30,20,52.01152
2024,1,30,21,51.57601333333333
2024,1,30,22,51.44736666666666
2024,1,30,23,45.59559
2024,1,31,24,40.23139
2024,2,1,1,38.37608
2024,2,1,2,36.44788333333333
2024,2,1,3,36.50246333333333
2024,2,1,4,36.47201
2024,2,1,5,36.90003333333333
2024,2,1,6,40.7414
2024,2,1,7,48.11284333333333
2024,2,1,8,50.31327
2024,2,1,9,49.40080666666666
2024,2,1,10,50.99982
2024,2,1,11,47.75360666666666
2024,2,1,12,40.46180666666667
2024,2,1,13,39.45673666666666
2024,2,1,14,37.96288
2024,2,1,15,37.96708
2024,2,1,16,43.24427
2024,2,1,17,50.58613333333333
2024,2,1,18,54.430020000000006
2024,2,1,19,54.17554333333334
2024,2,1,20,52.42950333333334
2024,2,1,21,51.731143333333335
2024,2,1,22,50.63626666666666
2024,2,1,23,45.67660333333333
2024,2,1,24,41.068243333333335
2024,2,2,1,40.38180666666667
2024,2,2,2,37.92160666666667
2024,2,2,3,36.79461666666666
2024,2,2,4,36.56958666666667
2024,2,2,5,37.67579666666666
2024,2,2,6,45.46035666666666
2024,2,2,7,52.05871333333334
2024,2,2,8,49.91233333333333
2024,2,2,9,38.15633333333333
2024,2,2,10,28.714646666666667
2024,2,2,11,21.44096
2024,2,2,12,19.113516666666666
2024,2,2,13,17.526176666666668
2024,2,2,14,15.46305
2024,2,2,15,17.00975
2024,2,2,16,27.530036666666664
2024,2,2,17,45.44631666666667
2024,2,2,18,50.42464
2024,2,2,19,49.98454666666667
2024,2,2,20,49.618046666666665
2024,2,2,21,48.86047666666667
2024,2,2,22,47.633833333333335
2024,2,2,23,45.52811
2024,2,2,24,42.88403666666667
2024,2,3,1,38.951
2024,2,3,2,41.93755333333333
2024,2,3,3,38.93479333333334
2024,2,3,4,41.98272666666667
2024,2,3,5,42.82682
2024,2,3,6,40.93693
2024,2,3,7,48.71489666666667
2024,2,3,8,42.79531
2024,2,3,9,24.003136666666663
2024,2,3,10,17.7181
2024,2,3,11,17.68578666666667
2024,2,3,12,17.48996
2024,2,3,13,17.212683333333334
2024,2,3,14,17.43625666666667
2024,2,3,15,18.24331666666667
2024,2,3,16,29.52591333333333
2024,2,3,17,47.897513333333336
2024,2,3,18,50.88456666666667
2024,2,3,19,50.52815
2024,2,3,20,50.12813333333333
2024,2,3,21,50.02046666666666
2024,2,3,22,49.72169333333333
2024,2,3,23,46.405256666666666
2024,2,3,24,44.00277666666667
2024,2,4,1,43.73800666666667
2024,2,4,2,44.473616666666665
2024,2,4,3,43.53585666666667
2024,2,4,4,43.29233
2024,2,4,5,42.82925
2024,2,4,6,44.03131333333334
2024,2,4,7,45.26255666666666
2024,2,4,8,41.42079
2024,2,4,9,38.48183
2024,2,4,10,33.57033666666667
2024,2,4,11,34.09688333333333
2024,2,4,12,33.133723333333336
2024,2,4,13,32.341116666666665
2024,2,4,14,30.90174333333333
2024,2,4,15,33.13131666666666
2024,2,4,16,39.593183333333336
2024,2,4,17,51.646440000000005
2024,2,4,18,52.679386666666666
2024,2,4,19,52.06177333333333
2024,2,4,20,52.12184333333334
2024,2,4,21,51.694183333333335
2024,2,4,22,50.348173333333335
2024,2,4,23,47.43792333333334
2024,2,4,24,45.549200000000006
2024,2,5,1,46.63439333333333
2024,2,5,2,46.98960333333333
2024,2,5,3,45.2002
2024,2,5,4,44.75887666666666
2024,2,5,5,45.92909
2024,2,5,6,50.327396666666665
2024,2,5,7,55.684423333333335
2024,2,5,8,56.50178
2024,2,5,9,52.79997666666666
2024,2,5,10,52.12660333333333
2024,2,5,11,44.621273333333335
2024,2,5,12,43.93616666666667
2024,2,5,13,43.63527
2024,2,5,14,43.70783666666667
2024,2,5,15,44.48843
2024,2,5,16,54.28182666666667
2024,2,5,17,61.45684666666667
2024,2,5,18,63.29168666666666
2024,2,5,19,61.81773999999999
2024,2,5,20,59.357523333333326
2024,2,5,21,59.480093333333336
2024,2,5,22,57.64945333333333
2024,2,5,23,50.96307333333333
2024,2,5,24,51.28449333333333
2024,2,6,1,48.09666333333333
2024,2,6,2,43.33612333333334
2024,2,6,3,43.08168666666666
2024,2,6,4,42.89811
2024,2,6,5,43.537996666666665
2024,2,6,6,51.82882
2024,2,6,7,54.63106333333334
2024,2,6,8,55.33889666666666
2024,2,6,9,52.05665666666667
2024,2,6,10,48.15833
2024,2,6,11,45.76529
2024,2,6,12,41.73339666666666
2024,2,6,13,41.54063
2024,2,6,14,41.46170333333333
2024,2,6,15,41.44221666666667
2024,2,6,16,45.15034333333333
2024,2,6,17,51.65885333333333
2024,2,6,18,52.31389
2024,2,6,19,52.098796666666665
2024,2,6,20,51.02261333333333
2024,2,6,21,50.792390000000005
2024,2,6,22,50.18215666666666
2024,2,6,23,48.56582666666666
2024,2,6,24,47.12710333333333
2024,2,7,1,43.998963333333336
2024,2,7,2,42.66891999999999
2024,2,7,3,42.45349333333333
2024,2,7,4,41.485706666666665
2024,2,7,5,42.6594
2024,2,7,6,44.70177666666667
2024,2,7,7,53.77242
2024,2,7,8,49.50845666666667
2024,2,7,9,40.65912
2024,2,7,10,33.02676333333333
2024,2,7,11,27.71402333333333
2024,2,7,12,24.392053333333333
2024,2,7,13,24.680586666666667
2024,2,7,14,29.463873333333336
2024,2,7,15,30.49722333333333
2024,2,7,16,39.29481333333333
2024,2,7,17,47.73375333333333
2024,2,7,18,53.77973333333333
2024,2,7,19,54.41858
2024,2,7,20,52.82790333333333
2024,2,7,21,51.51727666666667
2024,2,7,22,50.21852333333334
2024,2,7,23,48.77869666666666
2024,2,7,24,45.91012333333333
2024,2,8,1,39.14220666666667
2024,2,8,2,39.059853333333336
2024,2,8,3,38.72616
2024,2,8,4,38.71721
2024,2,8,5,39.32969333333333
2024,2,8,6,46.51859
2024,2,8,7,56.14512666666667
2024,2,8,8,50.45746
2024,2,8,9,32.62671666666667
2024,2,8,10,19.390563333333333
2024,2,8,11,15.8464
2024,2,8,12,14.43391
2024,2,8,13,15.61264
2024,2,8,14,16.20356
2024,2,8,15,18.58545
2024,2,8,16,21.17974
2024,2,8,17,44.635353333333335
2024,2,8,18,58.30809
2024,2,8,19,57.41988
2024,2,8,20,57.38936666666666
2024,2,8,21,56.73135333333334
2024,2,8,22,55.81796
2024,2,8,23,46.71645333333333
2024,2,8,24,45.31626333333333
2024,2,9,1,47.60357333333334
2024,2,9,2,47.04680333333334
2024,2,9,3,46.97465666666667
2024,2,9,4,46.69267666666667
2024,2,9,5,48.196846666666666
2024,2,9,6,60.61967666666667
2024,2,9,7,67.11302666666667
2024,2,9,8,60.54241666666667
2024,2,9,9,39.81051333333334
2024,2,9,10,28.01366333333333
2024,2,9,11,24.65696
2024,2,9,12,22.50438
2024,2,9,13,21.788789999999995
2024,2,9,14,20.221566666666664
2024,2,9,15,20.037333333333333
2024,2,9,16,27.275646666666663
2024,2,9,17,50.61499333333333
2024,2,9,18,59.12298333333334
2024,2,9,19,59.12763666666667
2024,2,9,20,58.64290666666667
2024,2,9,21,58.50611
2024,2,9,22,56.94646666666667
2024,2,9,23,55.22689333333333
2024,2,9,24,46.93599
2024,2,10,1,48.374703333333336
2024,2,10,2,47.40744
2024,2,10,3,46.81950666666666
2024,2,10,4,46.29401333333333
2024,2,10,5,47.002586666666666
2024,2,10,6,48.70509333333333
2024,2,10,7,56.45162666666666
2024,2,10,8,46.86705
2024,2,10,9,23.27250666666667
2024,2,10,10,14.756483333333334
2024,2,10,11,8.721913333333333
2024,2,10,12,5.786603333333333
2024,2,10,13,4.9992633333333325
2024,2,10,14,3.363876666666666
2024,2,10,15,4.248563333333333
2024,2,10,16,13.726523333333333
2024,2,10,17,44.1693
2024,2,10,18,57.49343666666667
2024,2,10,19,58.23618
2024,2,10,20,58.18189666666667
2024,2,10,21,57.96821666666667
2024,2,10,22,57.76824
2024,2,10,23,54.82987
2024,2,10,24,50.699963333333336
2024,2,11,1,49.88239333333333
2024,2,11,2,49.26571333333334
2024,2,11,3,49.08432333333334
2024,2,11,4,48.904
2024,2,11,5,47.60782
2024,2,11,6,49.2452
2024,2,11,7,49.45370333333333
2024,2,11,8,42.75904
2024,2,11,9,17.01460666666667
2024,2,11,10,1.631313333333334
2024,2,11,11,0.403916666666668
2024,2,11,12,-0.1262199999999988
2024,2,11,13,-0.0106100000000003
2024,2,11,14,-0.07279
2024,2,11,15,0.9860933333333334
2024,2,11,16,9.117276666666667
2024,2,11,17,41.24321
2024,2,11,18,52.92904333333333
2024,2,11,19,53.55723333333333
2024,2,11,20,53.31134
2024,2,11,21,53.26236666666667
2024,2,11,22,53.060233333333336
2024,2,11,23,53.08274
2024,2,11,24,51.98255
2024,2,12,1,49.16714
2024,2,12,2,47.77799
2024,2,12,3,47.514903333333336
2024,2,12,4,47.46501000000001
2024,2,12,5,52.11116666666667
2024,2,12,6,56.67430333333333
2024,2,12,7,63.01622666666666
2024,2,12,8,52.89225666666667
2024,2,12,9,29.658013333333333
2024,2,12,10,15.759583333333332
2024,2,12,11,12.177316666666664
2024,2,12,12,10.621996666666666
2024,2,12,13,9.952216666666668
2024,2,12,14,9.677733333333334
2024,2,12,15,12.452153333333332
2024,2,12,16,22.50118
2024,2,12,17,49.7527
2024,2,12,18,63.60939
2024,2,12,19,63.86968
2024,2,12,20,63.81391666666666
2024,2,12,21,62.81427
2024,2,12,22,61.92512333333334
2024,2,12,23,59.662560000000006
2024,2,12,24,53.45205000000001
2024,2,13,1,44.720130000000005
2024,2,13,2,44.80528
2024,2,13,3,44.412486666666666
2024,2,13,4,44.309
2024,2,13,5,46.42616666666667
2024,2,13,6,51.61891666666667
2024,2,13,7,61.98620333333333
2024,2,13,8,48.292386666666665
2024,2,13,9,34.29216
2024,2,13,10,17.195406666666667
2024,2,13,11,13.119073333333334
2024,2,13,12,10.85486
2024,2,13,13,9.195693333333333
2024,2,13,14,8.591123333333334
2024,2,13,15,9.75378
2024,2,13,16,17.03990333333333
2024,2,13,17,46.14360333333334
2024,2,13,18,59.71579333333333
2024,2,13,19,58.86579666666666
2024,2,13,20,55.824603333333336
2024,2,13,21,55.44495333333333
2024,2,13,22,54.94130333333334
2024,2,13,23,50.38579666666666
2024,2,13,24,48.26876333333333
2024,2,14,1,45.42890333333333
2024,2,14,2,43.41968
2024,2,14,3,43.20941
2024,2,14,4,43.73750999999999
2024,2,14,5,47.03576
2024,2,14,6,50.673153333333325
2024,2,14,7,58.130246666666665
2024,2,14,8,48.51407666666668
2024,2,14,9,29.82472
2024,2,14,10,19.800463333333333
2024,2,14,11,17.058326666666666
2024,2,14,12,15.06305
2024,2,14,13,15.681233333333331
2024,2,14,14,16.442103333333336
2024,2,14,15,18.266896666666668
2024,2,14,16,23.45389
2024,2,14,17,44.99396333333333
2024,2,14,18,58.89760666666666
2024,2,14,19,58.92123333333333
2024,2,14,20,59.17374
2024,2,14,21,56.36256666666666
2024,2,14,22,55.66669666666667
2024,2,14,23,48.79244333333333
2024,2,14,24,46.5163
2024,2,15,1,43.10504
2024,2,15,2,41.35066333333334
2024,2,15,3,40.83263
2024,2,15,4,42.43889333333333
2024,2,15,5,43.68330666666666
2024,2,15,6,49.436483333333335
2024,2,15,7,57.44807
2024,2,15,8,47.29739666666666
2024,2,15,9,27.543336666666665
2024,2,15,10,16.821640000000002
2024,2,15,11,8.60268
2024,2,15,12,6.47436
2024,2,15,13,3.69161
2024,2,15,14,2.500816666666668
2024,2,15,15,4.656036666666667
2024,2,15,16,8.161263333333332
2024,2,15,17,38.69335
2024,2,15,18,51.64459333333334
2024,2,15,19,52.76874
2024,2,15,20,50.02489333333333
2024,2,15,21,49.73288333333333
2024,2,15,22,49.15449666666667
2024,2,15,23,44.31446666666667
2024,2,15,24,43.34908333333333
2024,2,16,1,43.91270666666667
2024,2,16,2,43.01909333333333
2024,2,16,3,41.03511666666667
2024,2,16,4,42.83928333333333
2024,2,16,5,43.95314
2024,2,16,6,47.676633333333335
2024,2,16,7,54.54917666666668
2024,2,16,8,44.66349666666667
2024,2,16,9,26.700730000000004
2024,2,16,10,18.951933333333333
2024,2,16,11,17.87627
2024,2,16,12,16.575996666666665
2024,2,16,13,14.722853333333331
2024,2,16,14,15.122706666666666
2024,2,16,15,17.790656666666667
2024,2,16,16,26.6078
2024,2,16,17,42.2658
2024,2,16,18,52.59651333333333
2024,2,16,19,52.5086
2024,2,16,20,51.8199
2024,2,16,21,51.59842
2024,2,16,22,51.1186
2024,2,16,23,48.07273333333333
2024,2,16,24,44.41399666666666
2024,2,17,1,44.91592666666667
2024,2,17,2,44.09822333333333
2024,2,17,3,43.58469
2024,2,17,4,44.19558333333333
2024,2,17,5,43.99762333333333
2024,2,17,6,44.44464
2024,2,17,7,44.38995666666667
2024,2,17,8,33.28201666666667
2024,2,17,9,20.45657333333333
2024,2,17,10,13.21613
2024,2,17,11,12.5355
2024,2,17,12,12.482726666666666
2024,2,17,13,11.167976666666666
2024,2,17,14,11.216486666666666
2024,2,17,15,12.287333333333336
2024,2,17,16,15.994346666666669
2024,2,17,17,43.70365999999999
2024,2,17,18,49.8173
2024,2,17,19,46.58133333333333
2024,2,17,20,45.35808333333333
2024,2,17,21,45.094303333333336
2024,2,17,22,44.80372666666667
2024,2,17,23,44.00021
2024,2,17,24,41.21838333333333
2024,2,18,1,45.29614333333333
2024,2,18,2,42.389743333333335
2024,2,18,3,41.96927
2024,2,18,4,42.01965333333334
2024,2,18,5,41.99754333333333
2024,2,18,6,41.93330666666666
2024,2,18,7,43.22848
2024,2,18,8,33.10766333333333
2024,2,18,9,14.221219999999995
2024,2,18,10,7.516136666666665
2024,2,18,11,6.14661
2024,2,18,12,5.5600933333333336
2024,2,18,13,4.8781266666666685
2024,2,18,14,5.37454
2024,2,18,15,8.719190000000001
2024,2,18,16,16.682550000000003
2024,2,18,17,40.90778
2024,2,18,18,51.91001333333333
2024,2,18,19,51.84754333333333
2024,2,18,20,51.86721
2024,2,18,21,51.71861333333334
2024,2,18,22,51.27293333333333
2024,2,18,23,46.7037
2024,2,18,24,42.47734
2024,2,19,1,44.64636
2024,2,19,2,42.84538
2024,2,19,3,42.68798999999999
2024,2,19,4,42.86631666666667
2024,2,19,5,44.18176666666667
2024,2,19,6,49.45479333333333
2024,2,19,7,51.22689
2024,2,19,8,44.62001333333333
2024,2,19,9,35.87043
2024,2,19,10,33.76729666666666
2024,2,19,11,32.60937
2024,2,19,12,32.17155333333333
2024,2,19,13,30.787873333333334
2024,2,19,14,30.809726666666663
2024,2,19,15,31.71053
2024,2,19,16,35.15530666666667
2024,2,19,17,49.272596666666665
2024,2,19,18,56.28245666666667
2024,2,19,19,56.66771
2024,2,19,20,55.87817666666666
2024,2,19,21,54.970823333333335
2024,2,19,22,53.54962666666666
2024,2,19,23,44.86098666666667
2024,2,19,24,41.90151
2024,2,20,1,38.55553
2024,2,20,2,37.96491666666666
2024,2,20,3,37.910356666666665
2024,2,20,4,37.88676666666667
2024,2,20,5,37.94169333333334
2024,2,20,6,44.28167333333334
2024,2,20,7,51.58534666666666
2024,2,20,8,51.45385000000001
2024,2,20,9,40.64024666666666
2024,2,20,10,36.88214
2024,2,20,11,34.476956666666666
2024,2,20,12,33.25221333333334
2024,2,20,13,32.1403
2024,2,20,14,33.08548666666667
2024,2,20,15,34.77236666666667
2024,2,20,16,39.87796
2024,2,20,17,54.211106666666666
2024,2,20,18,60.02524333333333
2024,2,20,19,59.71319666666667
2024,2,20,20,56.100996666666674
2024,2,20,21,55.74318333333333
2024,2,20,22,55.02559666666667
2024,2,20,23,46.27395333333334
2024,2,20,24,41.65750666666667
2024,2,21,1,41.64640333333333
2024,2,21,2,37.95278666666667
2024,2,21,3,36.51668
2024,2,21,4,36.40832666666667
2024,2,21,5,37.35513666666666
2024,2,21,6,43.33174
2024,2,21,7,54.41856333333334
2024,2,21,8,42.740043333333325
2024,2,21,9,30.21098333333333
2024,2,21,10,11.500213333333331
2024,2,21,11,7.20272
2024,2,21,12,5.50575
2024,2,21,13,4.127093333333334
2024,2,21,14,4.475976666666667
2024,2,21,15,4.590003333333333
2024,2,21,16,10.915019999999998
2024,2,21,17,38.64066333333333
2024,2,21,18,49.21922333333333
2024,2,21,19,49.61124
2024,2,21,20,49.03634666666667
2024,2,21,21,49.13273
2024,2,21,22,48.16478
2024,2,21,23,42.92544333333333
2024,2,21,24,40.95631333333333
2024,2,22,1,34.066293333333334
2024,2,22,2,34.332343333333334
2024,2,22,3,33.912683333333334
2024,2,22,4,34.200266666666664
2024,2,22,5,40.33909
2024,2,22,6,46.91207333333333
2024,2,22,7,62.73325333333333
2024,2,22,8,44.693846666666666
2024,2,22,9,17.905199999999997
2024,2,22,10,8.293956666666666
2024,2,22,11,2.969063333333333
2024,2,22,12,0.081293333333333
2024,2,22,13,-1.4967300000000006
2024,2,22,14,-1.7014633333333335
2024,2,22,15,-0.3656100000000002
2024,2,22,16,6.441960000000001
2024,2,22,17,38.97381
2024,2,22,18,59.25763333333333
2024,2,22,19,60.73589333333333
2024,2,22,20,57.73515666666666
2024,2,22,21,57.67057
2024,2,22,22,56.6551
2024,2,22,23,47.30162666666666
2024,2,22,24,42.16307333333333
2024,2,23,1,38.83513666666667
2024,2,23,2,36.8315
2024,2,23,3,34.489513333333335
2024,2,23,4,34.60630333333334
2024,2,23,5,38.09321
2024,2,23,6,43.84957666666667
2024,2,23,7,53.53885
2024,2,23,8,46.15309
2024,2,23,9,32.744613333333334
2024,2,23,10,20.580376666666663
2024,2,23,11,14.70923
2024,2,23,12,9.342176666666669
2024,2,23,13,6.838696666666667
2024,2,23,14,9.044123333333332
2024,2,23,15,12.178433333333333
2024,2,23,16,19.712106666666667
2024,2,23,17,38.68713666666667
2024,2,23,18,52.809403333333336
2024,2,23,19,52.39908666666667
2024,2,23,20,50.30858333333333
2024,2,23,21,50.7543
2024,2,23,22,49.18101333333333
2024,2,23,23,40.55225333333333
2024,2,23,24,40.35795
2024,2,24,1,35.56222333333333
2024,2,24,2,35.33969666666667
2024,2,24,3,35.13066
2024,2,24,4,34.903459999999995
2024,2,24,5,35.4125
2024,2,24,6,36.30285666666666
2024,2,24,7,40.767253333333336
2024,2,24,8,32.012233333333334
2024,2,24,9,23.17690333333333
2024,2,24,10,10.05813
2024,2,24,11,4.350893333333333
2024,2,24,12,0.1624433333333333
2024,2,24,13,-3.49474
2024,2,24,14,-4.874733333333333
2024,2,24,15,-3.20175
2024,2,24,16,3.9439733333333336
2024,2,24,17,29.689496666666667
2024,2,24,18,44.844586666666665
2024,2,24,19,44.883766666666666
2024,2,24,20,44.07804333333333
2024,2,24,21,44.02947
2024,2,24,22,40.59956666666667
2024,2,24,23,39.1537
2024,2,24,24,35.64297
2024,2,25,1,32.31054
2024,2,25,2,32.13738333333333
2024,2,25,3,32.23334666666667
2024,2,25,4,31.48836
2024,2,25,5,32.15452666666667
2024,2,25,6,32.62783666666667
2024,2,25,7,31.288736666666665
2024,2,25,8,21.693826666666663
2024,2,25,9,4.184873333333333
2024,2,25,10,0.1954399999999999
2024,2,25,11,-3.33734
2024,2,25,12,-5.668333333333333
2024,2,25,13,-10.09167
2024,2,25,14,-7.605743333333334
2024,2,25,15,-1.2502766666666667
2024,2,25,16,2.058853333333333
2024,2,25,17,31.411870000000004
2024,2,25,18,40.27701
2024,2,25,19,41.22562
2024,2,25,20,40.85823333333333
2024,2,25,21,40.11894333333333
2024,2,25,22,39.45628333333333
2024,2,25,23,34.860256666666665
2024,2,25,24,30.65332
2024,2,26,1,29.47523
2024,2,26,2,29.63649
2024,2,26,3,28.52869
2024,2,26,4,29.041103333333336
2024,2,26,5,30.56885
2024,2,26,6,34.976350000000004
2024,2,26,7,38.15157
2024,2,26,8,34.80730666666667
2024,2,26,9,29.58937
2024,2,26,10,23.57057333333333
2024,2,26,11,21.40271333333333
2024,2,26,12,19.285923333333333
2024,2,26,13,18.77467
2024,2,26,14,19.96606333333333
2024,2,26,15,22.517746666666667
2024,2,26,16,29.47244333333333
2024,2,26,17,35.66366333333333
2024,2,26,18,45.203763333333335
2024,2,26,19,44.78062666666667
2024,2,26,20,43.521146666666674
2024,2,26,21,42.47037
2024,2,26,22,40.357163333333325
2024,2,26,23,32.63271
2024,2,26,24,31.029126666666667
2024,2,27,1,28.34958333333333
2024,2,27,2,26.82462333333333
2024,2,27,3,27.35418333333333
2024,2,27,4,26.7998
2024,2,27,5,31.141403333333333
2024,2,27,6,34.22224666666667
2024,2,27,7,43.41048333333333
2024,2,27,8,28.336326666666668
2024,2,27,9,6.687163333333333
2024,2,27,10,-5.454913333333334
2024,2,27,11,-9.190146666666664
2024,2,27,12,-11.79627
2024,2,27,13,-13.587716666666664
2024,2,27,14,-13.763846666666666
2024,2,27,15,-12.266843333333334
2024,2,27,16,-8.851373333333333
2024,2,27,17,19.020746666666664
2024,2,27,18,41.90376
2024,2,27,19,43.67433666666667
2024,2,27,20,43.16161
2024,2,27,21,47.44797666666667
2024,2,27,22,46.62246666666667
2024,2,27,23,46.24113333333333
2024,2,27,24,37.01459333333333
2024,2,28,1,31.125956666666667
2024,2,28,2,30.051603333333333
2024,2,28,3,29.772243333333336
2024,2,28,4,30.475376666666666
2024,2,28,5,30.804896666666668
2024,2,28,6,42.29271333333333
2024,2,28,7,46.89623666666666
2024,2,28,8,32.49371
2024,2,28,9,6.763336666666667
2024,2,28,10,-5.532006666666668
2024,2,28,11,-10.87005
2024,2,28,12,-12.753243333333335
2024,2,28,13,-13.828363333333334
2024,2,28,14,-12.969403333333332
2024,2,28,15,-11.915233333333331
2024,2,28,16,-5.229256666666667
2024,2,28,17,24.010963333333333
2024,2,28,18,45.11255
2024,2,28,19,47.00701
2024,2,28,20,44.59233
2024,2,28,21,43.65236333333333
2024,2,28,22,41.47705666666666
2024,2,28,23,33.52110666666667
2024,2,29,24,29.68528333333333
2024,3,1,1,29.449856666666665
2024,3,1,2,29.128676666666667
2024,3,1,3,28.998393333333336
2024,3,1,4,28.995516666666663
2024,3,1,5,30.060043333333336
2024,3,1,6,40.67621333333333
2024,3,1,7,39.000346666666665
2024,3,1,8,27.17211333333333
2024,3,1,9,18.537216666666662
2024,3,1,10,11.303246666666666
2024,3,1,11,8.326203333333334
2024,3,1,12,9.501546666666668
2024,3,1,13,10.88753
2024,3,1,14,10.827709999999998
2024,3,1,15,8.544973333333333
2024,3,1,16,16.25787
2024,3,1,17,35.04431
2024,3,1,18,46.00753666666666
2024,3,1,19,47.00307333333333
2024,3,1,20,43.14603
2024,3,1,21,43.04285333333333
2024,3,1,22,42.97707666666667
2024,3,1,23,39.83612
2024,3,1,24,37.57949
2024,3,2,1,32.52076666666667
2024,3,2,2,31.86422
2024,3,2,3,32.06137666666667
2024,3,2,4,32.00685333333333
2024,3,2,5,32.134660000000004
2024,3,2,6,33.31044333333333
2024,3,2,7,32.80872
2024,3,2,8,21.513900000000003
2024,3,2,9,16.783313333333336
2024,3,2,10,14.037956666666666
2024,3,2,11,12.779056666666667
2024,3,2,12,10.8187
2024,3,2,13,4.411806666666666
2024,3,2,14,3.74219
2024,3,2,15,4.967020000000001
2024,3,2,16,15.242023333333334
2024,3,2,17,32.23172666666667
2024,3,2,18,42.74539000000001
2024,3,2,19,45.50461000000001
2024,3,2,20,42.79009333333334
2024,3,2,21,42.305373333333335
2024,3,2,22,41.883370000000006
2024,3,2,23,39.21361666666667
2024,3,2,24,37.77494666666667
2024,3,3,1,37.33971666666667
2024,3,3,2,33.28311
2024,3,3,3,33.04788666666667
2024,3,3,4,33.158993333333335
2024,3,3,5,32.71893333333333
2024,3,3,6,32.948213333333335
2024,3,3,7,32.76254333333333
2024,3,3,8,15.01207
2024,3,3,9,-4.422589999999999
2024,3,3,10,-14.24194
2024,3,3,11,-18.48408
2024,3,3,12,-21.594786666666664
2024,3,3,13,-21.504963333333336
2024,3,3,14,-22.16030333333333
2024,3,3,15,-21.60865
2024,3,3,16,-11.485313333333336
2024,3,3,17,13.439123333333333
2024,3,3,18,41.44629
2024,3,3,19,46.16050333333334
2024,3,3,20,42.42510333333333
2024,3,3,21,41.73905333333334
2024,3,3,22,41.49016666666667
2024,3,3,23,40.11661333333333
2024,3,3,24,39.301523333333336
2024,3,4,1,38.440846666666665
2024,3,4,2,37.915146666666665
2024,3,4,3,38.44806666666667
2024,3,4,4,38.496813333333336
2024,3,4,5,38.393130000000006
2024,3,4,6,42.72076333333334
2024,3,4,7,44.08456
2024,3,4,8,30.811246666666666
2024,3,4,9,0.9291066666666672
2024,3,4,10,-11.031336666666666
2024,3,4,11,-14.977936666666666
2024,3,4,12,-15.7213
2024,3,4,13,-15.887663333333334
2024,3,4,14,-15.282720000000005
2024,3,4,15,-13.860430000000004
2024,3,4,16,-4.952136666666667
2024,3,4,17,16.929353333333335
2024,3,4,18,49.09981333333334
2024,3,4,19,55.88846333333333
2024,3,4,20,55.01773333333333
2024,3,4,21,52.627896666666665
2024,3,4,22,49.242626666666666
2024,3,4,23,47.57814333333334
2024,3,4,24,44.57634
2024,3,5,1,41.472993333333335
2024,3,5,2,40.25544666666666
2024,3,5,3,40.31885333333333
2024,3,5,4,40.36646666666667
2024,3,5,5,42.18865
2024,3,5,6,51.02344333333334
2024,3,5,7,57.01117333333334
2024,3,5,8,29.058213333333335
2024,3,5,9,1.3196099999999995
2024,3,5,10,-6.23327
2024,3,5,11,-7.448206666666667
2024,3,5,12,-8.913386666666666
2024,3,5,13,-8.760703333333334
2024,3,5,14,-8.620623333333333
2024,3,5,15,-8.762466666666667
2024,3,5,16,-2.678606666666667
2024,3,5,17,19.69593
2024,3,5,18,54.91013
2024,3,5,19,58.67250333333334
2024,3,5,20,56.80889
2024,3,5,21,55.38179333333333
2024,3,5,22,54.09052
2024,3,5,23,50.70606333333333
2024,3,5,24,44.15487
2024,3,6,1,42.95807666666667
2024,3,6,2,39.800106666666665
2024,3,6,3,39.14903666666667
2024,3,6,4,41.49521333333333
2024,3,6,5,46.094003333333326
2024,3,6,6,53.640546666666665
2024,3,6,7,59.08168333333333
2024,3,6,8,37.99701
2024,3,6,9,18.89525
2024,3,6,10,11.49272
2024,3,6,11,9.212956666666663
2024,3,6,12,6.723683333333334
2024,3,6,13,6.448160000000001
2024,3,6,14,5.45206
2024,3,6,15,10.568046666666667
2024,3,6,16,24.75392
2024,3,6,17,41.18905
2024,3,6,18,52.559
2024,3,6,19,53.48503333333333
2024,3,6,20,52.55782666666666
2024,3,6,21,52.13428
2024,3,6,22,50.88992
2024,3,6,23,42.65119333333333
2024,3,6,24,40.69248666666667
2024,3,7,1,38.43686666666667
2024,3,7,2,38.34197
2024,3,7,3,36.44946333333333
2024,3,7,4,36.221556666666665
2024,3,7,5,38.274476666666665
2024,3,7,6,39.75770333333333
2024,3,7,7,49.53931666666667
2024,3,7,8,30.477666666666664
2024,3,7,9,5.817963333333331
2024,3,7,10,-4.307096666666667
2024,3,7,11,-9.842516666666668
2024,3,7,12,-11.97948
2024,3,7,13,-13.451456666666669
2024,3,7,14,-14.723626666666666
2024,3,7,15,-13.238886666666668
2024,3,7,16,-10.234123333333336
2024,3,7,17,8.851836666666667
2024,3,7,18,47.02734999999999
2024,3,7,19,47.54243666666667
2024,3,7,20,47.29043333333334
2024,3,7,21,46.42494333333334
2024,3,7,22,45.44009666666667
2024,3,7,23,37.97064666666667
2024,3,7,24,35.07224
2024,3,8,1,40.406776666666666
2024,3,8,2,40.16301666666666
2024,3,8,3,39.60666333333333
2024,3,8,4,40.88757
2024,3,8,5,49.67858666666666
2024,3,8,6,56.07327333333333
2024,3,8,7,56.54542666666666
2024,3,8,8,31.165940000000003
2024,3,8,9,-1.79999
2024,3,8,10,-13.831453333333334
2024,3,8,11,-19.05218
2024,3,8,12,-21.462679999999995
2024,3,8,13,-22.191483333333338
2024,3,8,14,-21.206856666666663
2024,3,8,15,-20.56313
2024,3,8,16,-17.085383333333333
2024,3,8,17,7.351626666666667
2024,3,8,18,53.07917333333334
2024,3,8,19,57.38905333333333
2024,3,8,20,53.52276
2024,3,8,21,53.08443666666667
2024,3,8,22,51.73231666666666
2024,3,8,23,50.70023333333334
2024,3,8,24,44.56359333333333
2024,3,9,1,41.55045
2024,3,9,2,40.03437
2024,3,9,3,39.68214
2024,3,9,4,37.596446666666665
2024,3,9,5,39.3025
2024,3,9,6,43.92174
2024,3,9,7,47.53187333333333
2024,3,9,8,25.99243333333333
2024,3,9,9,-3.684046666666666
2024,3,9,10,-15.166573333333332
2024,3,9,11,-20.90527666666667
2024,3,9,12,-22.21529333333333
2024,3,9,13,-23.181036666666667
2024,3,9,14,-22.74338333333333
2024,3,9,15,-22.028133333333333
2024,3,9,16,-13.679973333333336
2024,3,9,17,18.974273333333333
2024,3,9,18,46.32137333333333
2024,3,9,19,46.88792333333333
2024,3,9,20,46.88330666666667
2024,3,9,21,45.91353333333333
2024,3,9,22,45.24109666666666
2024,3,9,23,41.514026666666666
2024,3,9,24,38.95388
2024,3,10,1,45.9477
2024,3,10,2,45.58022
2024,3,10,4,41.45761
2024,3,10,5,41.07986
2024,3,10,6,39.02615666666667
2024,3,10,7,43.39114333333333
2024,3,10,8,42.41877
2024,3,10,9,15.406343333333332
2024,3,10,10,-1.09159
2024,3,10,11,-5.411946666666666
2024,3,10,12,-10.293196666666669
2024,3,10,13,-10.623426666666669
2024,3,10,14,-10.45245
2024,3,10,15,-8.905383333333335
2024,3,10,16,-8.455503333333333
2024,3,10,17,2.43108
2024,3,10,18,19.01241333333333
2024,3,10,19,42.44972666666666
2024,3,10,20,45.59508666666667
2024,3,10,21,45.50529333333333
2024,3,10,22,43.19368333333333
2024,3,10,23,42.34571666666667
2024,3,10,24,41.59049
2024,3,11,1,33.81186333333333
2024,3,11,2,33.102383333333336
2024,3,11,3,31.16768
2024,3,11,4,30.68508
2024,3,11,5,31.18534333333333
2024,3,11,6,35.73639666666667
2024,3,11,7,53.27975666666666
2024,3,11,8,55.88782
2024,3,11,9,30.44597
2024,3,11,10,6.758306666666666
2024,3,11,11,-4.687623333333334
2024,3,11,12,-14.096249999999998
2024,3,11,13,-14.553106666666665
2024,3,11,14,-16.975206666666665
2024,3,11,15,-17.496506666666665
2024,3,11,16,-16.34548666666667
2024,3,11,17,-6.22644
2024,3,11,18,17.68248
2024,3,11,19,42.61981333333333
2024,3,11,20,46.51194666666667
2024,3,11,21,44.71158
2024,3,11,22,43.08756666666667
2024,3,11,23,39.79801333333333
2024,3,11,24,36.93457333333333
2024,3,12,1,27.370643333333334
2024,3,12,2,27.839326666666665
2024,3,12,3,27.52695333333333
2024,3,12,4,27.501950000000004
2024,3,12,5,28.599263333333337
2024,3,12,6,31.66094666666667
2024,3,12,7,44.0851
2024,3,12,8,44.9355
2024,3,12,9,27.63116666666666
2024,3,12,10,16.37918
2024,3,12,11,4.290133333333334
2024,3,12,12,-4.16555
2024,3,12,13,-7.43677
2024,3,12,14,-10.955433333333332
2024,3,12,15,-13.822303333333332
2024,3,12,16,-14.24852
2024,3,12,17,-4.768296666666667
2024,3,12,18,16.447293333333334
2024,3,12,19,40.82099
2024,3,12,20,46.07301
2024,3,12,21,45.84875666666667
2024,3,12,22,42.56713666666667
2024,3,12,23,35.06295333333333
2024,3,12,24,29.748056666666667
2024,3,13,1,27.445813333333334
2024,3,13,2,24.89904333333333
2024,3,13,3,26.171336666666665
2024,3,13,4,26.150013333333334
2024,3,13,5,27.78491333333333
2024,3,13,6,36.51699666666666
2024,3,13,7,42.97132666666666
2024,3,13,8,44.84839
2024,3,13,9,26.92557
2024,3,13,10,-3.142173333333333
2024,3,13,11,-16.404453333333336
2024,3,13,12,-20.28454
2024,3,13,13,-23.85778666666667
2024,3,13,14,-24.850363333333338
2024,3,13,15,-24.48472
2024,3,13,16,-23.78506
2024,3,13,17,-26.872276666666664
2024,3,13,18,-0.1228466666666666
2024,3,13,19,38.96884333333333
2024,3,13,20,42.438993333333336
2024,3,13,21,42.838523333333335
2024,3,13,22,39.06058
2024,3,13,23,38.486
2024,3,13,24,37.92404666666667
2024,3,14,1,39.640926666666665
2024,3,14,2,39.56806
2024,3,14,3,32.974466666666665
2024,3,14,4,39.16983333333334
2024,3,14,5,37.79936666666666
2024,3,14,6,40.22836
2024,3,14,7,49.48206666666667
2024,3,14,8,47.6243
2024,3,14,9,26.420013333333333
2024,3,14,10,-3.751393333333333
2024,3,14,11,-13.442216666666669
2024,3,14,12,-17.247096666666668
2024,3,14,13,-19.354923333333332
2024,3,14,14,-20.04946333333333
2024,3,14,15,-19.2624
2024,3,14,16,-21.718316666666663
2024,3,14,17,-12.385906666666664
2024,3,14,18,14.837666666666664
2024,3,14,19,41.09568333333333
2024,3,14,20,47.697853333333335
2024,3,14,21,44.98295
2024,3,14,22,43.2097
2024,3,14,23,39.66491666666667
2024,3,14,24,37.51851333333334
2024,3,15,1,31.36028333333333
2024,3,15,2,30.554126666666665
2024,3,15,3,31.23792333333333
2024,3,15,4,30.202763333333333
2024,3,15,5,30.430433333333337
2024,3,15,6,35.92012666666667
2024,3,15,7,49.616906666666665
2024,3,15,8,50.85961666666666
2024,3,15,9,36.14326
2024,3,15,10,21.432836666666663
2024,3,15,11,9.59228
2024,3,15,12,5.2137400000000005
2024,3,15,13,2.24273
2024,3,15,14,1.93674
2024,3,15,15,4.2584
2024,3,15,16,8.732106666666667
2024,3,15,17,15.25658
2024,3,15,18,34.07371666666666
2024,3,15,19,47.15649333333334
2024,3,15,20,48.52003666666667
2024,3,15,21,48.07279333333333
2024,3,15,22,46.80582
2024,3,15,23,45.84813
2024,3,15,24,39.93369666666666
2024,3,16,1,47.758226666666665
2024,3,16,2,44.375020000000006
2024,3,16,3,40.72201
2024,3,16,4,41.03573
2024,3,16,5,39.404916666666665
2024,3,16,6,47.29603
2024,3,16,7,49.74895333333333
2024,3,16,8,48.37523333333333
2024,3,16,9,29.652136666666667
2024,3,16,10,15.853096666666666
2024,3,16,11,-1.380700000000001
2024,3,16,12,-9.841223333333334
2024,3,16,13,-11.082443333333332
2024,3,16,14,-12.092653333333333
2024,3,16,15,-12.141636666666663
2024,3,16,16,-9.96742
2024,3,16,17,0.2170299999999999
2024,3,16,18,28.905150000000003
2024,3,16,19,44.88165
2024,3,16,20,46.36714333333333
2024,3,16,21,46.57498
2024,3,16,22,46.15686
2024,3,16,23,42.01396
2024,3,16,24,37.42323
2024,3,17,1,33.681540000000005
2024,3,17,2,32.87019333333333
2024,3,17,3,32.74565666666667
2024,3,17,4,32.815506666666664
2024,3,17,5,32.75776333333334
2024,3,17,6,33.72843
2024,3,17,7,34.92110666666667
2024,3,17,8,32.40219666666667
2024,3,17,9,10.402873333333334
2024,3,17,10,-9.202716666666666
2024,3,17,11,-21.302270000000004
2024,3,17,12,-25.398236666666666
2024,3,17,13,-25.67159666666667
2024,3,17,14,-26.57287
2024,3,17,15,-25.28506
2024,3,17,16,-24.775710000000004
2024,3,17,17,-8.851123333333334
2024,3,17,18,20.846496666666667
2024,3,17,19,41.51933333333333
2024,3,17,20,47.60942333333333
2024,3,17,21,46.47913666666667
2024,3,17,22,47.20264666666667
2024,3,17,23,42.679696666666665
2024,3,17,24,41.82543333333333
2024,3,18,1,39.61221333333334
2024,3,18,2,37.641936666666666
2024,3,18,3,37.83938666666666
2024,3,18,4,37.27252666666666
2024,3,18,5,42.35272666666666
2024,3,18,6,48.6654
2024,3,18,7,55.33501999999999
2024,3,18,8,54.43545333333333
2024,3,18,9,35.24101
2024,3,18,10,7.887083333333334
2024,3,18,11,1.5499133333333337
2024,3,18,12,-4.963026666666667
2024,3,18,13,-5.791873333333334
2024,3,18,14,-6.368753333333333
2024,3,18,15,-7.817193333333333
2024,3,18,16,-2.3918699999999995
2024,3,18,17,10.119103333333332
2024,3,18,18,31.75473333333333
2024,3,18,19,52.79315666666667
2024,3,18,20,64.43566333333332
2024,3,18,21,55.04299
2024,3,18,22,51.7885
2024,3,18,23,49.12835666666666
2024,3,18,24,38.28817333333333
2024,3,19,1,34.23335333333333
2024,3,19,2,31.63559
2024,3,19,3,30.72039
2024,3,19,4,30.71314666666667
2024,3,19,5,31.81425333333333
2024,3,19,6,39.83916
2024,3,19,7,47.50923333333333
2024,3,19,8,42.154606666666666
2024,3,19,9,26.71597333333333
2024,3,19,10,4.474043333333333
2024,3,19,11,-4.444153333333333
2024,3,19,12,-10.401346666666669
2024,3,19,13,-12.20299666666667
2024,3,19,14,-12.37985
2024,3,19,15,-13.039273333333332
2024,3,19,16,-11.396993333333334
2024,3,19,17,-1.010236666666667
2024,3,19,18,23.01856666666667
2024,3,19,19,40.20707
2024,3,19,20,48.69947666666667
2024,3,19,21,45.04278333333334
2024,3,19,22,40.73624333333333
2024,3,19,23,36.853640000000006
2024,3,19,24,30.277596666666668
2024,3,20,1,29.320580000000003
2024,3,20,2,29.17674666666667
2024,3,20,3,28.742306666666668
2024,3,20,4,28.44734
2024,3,20,5,29.177660000000003
2024,3,20,6,33.474619999999994
2024,3,20,7,40.885266666666666
2024,3,20,8,37.39576
2024,3,20,9,10.36666
2024,3,20,10,-7.754733333333333
2024,3,20,11,-16.58306
2024,3,20,12,-20.72618333333333
2024,3,20,13,-23.714303333333334
2024,3,20,14,-24.67138333333333
2024,3,20,15,-23.785743333333333
2024,3,20,16,-22.64911333333333
2024,3,20,17,-14.073343333333334
2024,3,20,18,8.697743333333333
2024,3,20,19,34.96346
2024,3,20,20,42.24722
2024,3,20,21,37.793663333333335
2024,3,20,22,37.76419
2024,3,20,23,34.507826666666666
2024,3,20,24,31.33617333333333
2024,3,21,1,25.519416666666668
2024,3,21,2,25.360950000000003
2024,3,21,3,25.354723333333336
2024,3,21,4,25.307623333333336
2024,3,21,5,29.057336666666668
2024,3,21,6,35.58403333333334
2024,3,21,7,46.12215333333333
2024,3,21,8,40.77432666666667
2024,3,21,9,7.887446666666666
2024,3,21,10,-17.030669999999997
2024,3,21,11,-23.76870333333333
2024,3,21,12,-26.243513333333336
2024,3,21,13,-28.30245666666667
2024,3,21,14,-30.577586666666672
2024,3,21,15,-29.85744
2024,3,21,16,-28.68465666666667
2024,3,21,17,-21.98000333333333
2024,3,21,18,7.727096666666667
2024,3,21,19,34.66820333333334
2024,3,21,20,44.45555333333333
2024,3,21,21,40.84122
2024,3,21,22,39.987476666666666
2024,3,21,23,34.213096666666665
2024,3,21,24,32.57072
2024,3,22,1,36.66925333333333
2024,3,22,2,30.752326666666665
2024,3,22,3,30.0514
2024,3,22,4,30.191546666666667
2024,3,22,5,34.74234666666667
2024,3,22,6,47.27961333333334
2024,3,22,7,48.81758666666667
2024,3,22,8,48.90108666666666
2024,3,22,9,23.555286666666664
2024,3,22,10,8.49521
2024,3,22,11,1.5105499999999996
2024,3,22,12,-6.280013333333334
2024,3,22,13,-11.334626666666669
2024,3,22,14,-12.897646666666668
2024,3,22,15,-12.193980000000002
2024,3,22,16,-9.237033333333336
2024,3,22,17,-0.2292666666666667
2024,3,22,18,27.29825333333333
2024,3,22,19,39.44844666666666
2024,3,22,20,40.734276666666666
2024,3,22,21,39.48599
2024,3,22,22,39.307496666666665
2024,3,22,23,38.19018666666667
2024,3,22,24,37.579096666666665
2024,3,23,1,28.39822333333333
2024,3,23,2,28.45517333333333
2024,3,23,3,28.193886666666668
2024,3,23,4,27.683903333333333
2024,3,23,5,28.29393333333333
2024,3,23,6,28.52071
2024,3,23,7,32.97503666666667
2024,3,23,8,32.463073333333334
2024,3,23,9,27.90478
2024,3,23,10,18.337996666666665
2024,3,23,11,4.494269999999999
2024,3,23,12,-3.55961
2024,3,23,13,-11.44891
2024,3,23,14,-14.85165
2024,3,23,15,-14.524143333333331
2024,3,23,16,-11.264826666666666
2024,3,23,17,-6.814943333333333
2024,3,23,18,9.829023333333334
2024,3,23,19,28.78364666666667
2024,3,23,20,29.44852333333333
2024,3,23,21,29.08792333333333
2024,3,23,22,29.026066666666665
2024,3,23,23,28.40394333333333
2024,3,23,24,26.130456666666664
2024,3,24,1,25.76536
2024,3,24,2,25.19442
2024,3,24,3,23.589213333333333
2024,3,24,4,21.160546666666665
2024,3,24,5,22.66136
2024,3,24,6,23.761983333333333
2024,3,24,7,27.80433333333333
2024,3,24,8,21.35462
2024,3,24,9,2.118123333333333
2024,3,24,10,-8.640486666666666
2024,3,24,11,-17.852723333333333
2024,3,24,12,-20.51105
2024,3,24,13,-21.35937333333333
2024,3,24,14,-24.23223
2024,3,24,15,-25.742206666666664
2024,3,24,16,-22.069589999999994
2024,3,24,17,-14.712483333333331
2024,3,24,18,3.6193
2024,3,24,19,28.55735333333333
2024,3,24,20,30.210263333333334
2024,3,24,21,30.188986666666665
2024,3,24,22,29.24431333333333
2024,3,24,23,28.48472333333333
2024,3,24,24,25.27286666666667
2024,3,25,1,26.78683333333333
2024,3,25,2,24.99716666666667
2024,3,25,3,24.46958
2024,3,25,4,24.962386666666664
2024,3,25,5,27.044776666666667
2024,3,25,6,30.80364333333333
2024,3,25,7,50.974446666666665
2024,3,25,8,37.48831666666667
2024,3,25,9,5.166336666666666
2024,3,25,10,-14.942353333333331
2024,3,25,11,-23.006146666666663
2024,3,25,12,-26.921666666666667
2024,3,25,13,-29.50143333333333
2024,3,25,14,-31.794933333333333
2024,3,25,15,-31.63544
2024,3,25,16,-28.88249666666667
2024,3,25,17,-18.12611
2024,3,25,18,7.035763333333333
2024,3,25,19,32.21793666666667
2024,3,25,20,37.847496666666665
2024,3,25,21,37.982643333333336
2024,3,25,22,33.869793333333334
2024,3,25,23,31.465543333333333
2024,3,25,24,28.479186666666667
2024,3,26,1,28.85589333333333
2024,3,26,2,25.464866666666666
2024,3,26,3,22.855216666666667
2024,3,26,4,23.089156666666668
2024,3,26,5,24.603013333333333
2024,3,26,6,30.400566666666663
2024,3,26,7,38.04437
2024,3,26,8,33.79842333333333
2024,3,26,9,0.2233733333333329
2024,3,26,10,-21.87515
2024,3,26,11,-25.85608666666667
2024,3,26,12,-30.18902333333333
2024,3,26,13,-32.560939999999995
2024,3,26,14,-32.380833333333335
2024,3,26,15,-32.31312666666667
2024,3,26,16,-31.45526666666667
2024,3,26,17,-28.738076666666668
2024,3,26,18,-7.382973333333333
2024,3,26,19,31.37220333333333
2024,3,26,20,35.757470000000005
2024,3,26,21,36.24635
2024,3,26,22,35.66663
2024,3,26,23,32.30515666666667
2024,3,26,24,31.51219
2024,3,27,1,30.04132333333333
2024,3,27,2,29.878386666666668
2024,3,27,3,29.94577
2024,3,27,4,30.21524666666667
2024,3,27,5,33.26494666666667
2024,3,27,6,45.732126666666666
2024,3,27,7,49.65810333333334
2024,3,27,8,48.423296666666666
2024,3,27,9,23.07258
2024,3,27,10,-2.223243333333334
2024,3,27,11,-11.705166666666663
2024,3,27,12,-14.673813333333332
2024,3,27,13,-15.52723
2024,3,27,14,-15.925546666666664
2024,3,27,15,-14.90426
2024,3,27,16,-11.68728
2024,3,27,17,-4.43354
2024,3,27,18,15.488003333333332
2024,3,27,19,45.42373
2024,3,27,20,46.86851333333333
2024,3,27,21,45.38381
2024,3,27,22,44.907046666666666
2024,3,27,23,43.82085333333333
2024,3,27,24,39.800196666666665
2024,3,28,1,34.02386333333333
2024,3,28,2,30.44229333333333
2024,3,28,3,29.425416666666667
2024,3,28,4,29.63551
2024,3,28,5,30.404170000000004
2024,3,28,6,38.79196666666667
2024,3,28,7,43.39725000000001
2024,3,28,8,37.71855
2024,3,28,9,20.374726666666668
2024,3,28,10,-5.124446666666667
2024,3,28,11,-15.582036666666667
2024,3,28,12,-21.532766666666664
2024,3,28,13,-24.08328
2024,3,28,14,-26.18735
2024,3,28,15,-25.308533333333333
2024,3,28,16,-24.046106666666663
2024,3,28,17,-16.9507
2024,3,28,18,11.29582
2024,3,28,19,37.53205
2024,3,28,20,41.314346666666665
2024,3,28,21,41.349466666666665
2024,3,28,22,39.31740333333333
2024,3,28,23,38.64600333333333
2024,3,28,24,35.14776333333334
2024,3,29,1,30.06555333333333
2024,3,29,2,28.836196666666662
2024,3,29,3,29.873553333333334
2024,3,29,4,29.90438333333333
2024,3,29,5,28.827976666666668
2024,3,29,6,34.92146666666667
2024,3,29,7,40.76169
2024,3,29,8,35.10104333333333
2024,3,29,9,16.814723333333333
2024,3,29,10,0.0309833333333327
2024,3,29,11,-11.444353333333334
2024,3,29,12,-15.230663333333334
2024,3,29,13,-15.931449999999998
2024,3,29,14,-17.290543333333332
2024,3,29,15,-16.384293333333332
2024,3,29,16,-10.680326666666668
2024,3,29,17,-2.0505800000000014
2024,3,29,18,24.343376666666668
2024,3,29,19,37.547693333333335
2024,3,29,20,41.4061
2024,3,29,21,40.22403333333333
2024,3,29,22,39.869913333333336
2024,3,29,23,37.18540333333333
2024,3,29,24,35.87997000000001
2024,3,30,1,37.81189666666666
2024,3,30,2,35.93743666666666
2024,3,30,3,33.72351333333334
2024,3,30,4,34.49701666666667
2024,3,30,5,33.552773333333334
2024,3,30,6,39.38321666666667
2024,3,30,7,39.88400666666666
2024,3,30,8,34.39832333333334
2024,3,30,9,28.364106666666668
2024,3,30,10,13.709646666666666
2024,3,30,11,6.962443333333333
2024,3,30,12,2.3148633333333337
2024,3,30,13,-3.6607466666666655
2024,3,30,14,-2.19942
2024,3,30,15,0.9195233333333332
2024,3,30,16,6.117833333333333
2024,3,30,17,20.26919
2024,3,30,18,32.69282666666667
2024,3,30,19,40.70431666666666
2024,3,30,20,41.33094666666667
2024,3,30,21,40.49437
2024,3,30,22,40.445483333333335
2024,3,30,23,40.017163333333336
2024,3,30,24,37.59607333333333
2024,4,1,1,44.05699333333333
2024,4,1,2,37.68573666666666
2024,4,1,3,34.55842666666667
2024,4,1,4,33.61666
2024,4,1,5,34.91976666666667
2024,4,1,6,47.92485666666666
2024,4,1,7,54.12069666666667
2024,4,1,8,44.60562333333333
2024,4,1,9,22.97985333333333
2024,4,1,10,1.0815
2024,4,1,11,-11.18038
2024,4,1,12,-17.81182
2024,4,1,13,-22.875136666666663
2024,4,1,14,-22.30802
2024,4,1,15,-21.835236666666663
2024,4,1,16,-21.127593333333333
2024,4,1,17,-17.01608333333333
2024,4,1,18,6.881756666666667
2024,4,1,19,38.02691333333333
2024,4,1,20,44.56700666666666
2024,4,1,21,42.38311
2024,4,1,22,41.41766333333334
2024,4,1,23,40.03005
2024,4,1,24,39.38161
2024,4,2,1,34.10483
2024,4,2,2,31.906096666666667
2024,4,2,3,34.02696666666667
2024,4,2,4,37.43253333333333
2024,4,2,5,41.42228
2024,4,2,6,44.243743333333335
2024,4,2,7,54.28849
2024,4,2,8,39.54776666666667
2024,4,2,9,10.691856666666666
2024,4,2,10,-19.449916666666667
2024,4,2,11,-26.01363333333333
2024,4,2,12,-28.197233333333333
2024,4,2,13,-31.02457
2024,4,2,14,-31.352446666666665
2024,4,2,15,-30.55049333333333
2024,4,2,16,-29.66481
2024,4,2,17,-24.34275333333333
2024,4,2,18,12.001693333333334
2024,4,2,19,40.05852333333333
2024,4,2,20,48.47483
2024,4,2,21,43.600586666666665
2024,4,2,22,40.10092333333333
2024,4,2,23,39.209383333333335
2024,4,2,24,36.80961
2024,4,3,1,31.977926666666665
2024,4,3,2,33.38352666666667
2024,4,3,3,31.648800000000005
2024,4,3,4,34.10751333333334
2024,4,3,5,34.822250000000004
2024,4,3,6,35.624410000000005
2024,4,3,7,46.135670000000005
2024,4,3,8,33.39846
2024,4,3,9,-0.2868499999999988
2024,4,3,10,-19.40465333333333
2024,4,3,11,-23.739573333333336
2024,4,3,12,-24.335543333333334
2024,4,3,13,-25.726296666666663
2024,4,3,14,-26.223666666666663
2024,4,3,15,-27.705376666666663
2024,4,3,16,-27.736296666666664
2024,4,3,17,-24.170526666666664
2024,4,3,18,1.0958700000000003
2024,4,3,19,41.00779666666667
2024,4,3,20,52.29738666666666
2024,4,3,21,49.44586
2024,4,3,22,47.89568
2024,4,3,23,41.13642
2024,4,3,24,39.83974333333333
2024,4,4,1,42.651426666666666
2024,4,4,2,39.06295
2024,4,4,3,36.67098333333333
2024,4,4,4,36.64528666666667
2024,4,4,5,34.91575
2024,4,4,6,44.52203
2024,4,4,7,46.80133
2024,4,4,8,40.48439666666666
2024,4,4,9,18.772156666666667
2024,4,4,10,8.30289
2024,4,4,11,0.2606566666666647
2024,4,4,12,-2.5772666666666653
2024,4,4,13,-5.459846666666665
2024,4,4,14,-4.844696666666668
2024,4,4,15,-6.547679999999999
2024,4,4,16,-4.560039999999998
2024,4,4,17,-0.685179999999999
2024,4,4,18,18.364006666666665
2024,4,4,19,42.38086333333333
2024,4,4,20,46.122976666666666
2024,4,4,21,46.76274333333333
2024,4,4,22,45.23619
2024,4,4,23,42.27540666666667
2024,4,4,24,41.06041
2024,4,5,1,35.671596666666666
2024,4,5,2,32.66491333333333
2024,4,5,3,31.464856666666662
2024,4,5,4,31.355346666666662
2024,4,5,5,36.13122
2024,4,5,6,41.40366
2024,4,5,7,48.57171
2024,4,5,8,43.36145666666667
2024,4,5,9,13.614536666666668
2024,4,5,10,0.9480700000000012
2024,4,5,11,-6.020783333333334
2024,4,5,12,-9.382056666666667
2024,4,5,13,-11.087126666666668
2024,4,5,14,-13.792279999999998
2024,4,5,15,-9.648483333333331
2024,4,5,16,-10.464643333333331
2024,4,5,17,-3.11478
2024,4,5,18,14.29728
2024,4,5,19,37.51274333333333
2024,4,5,20,40.972303333333336
2024,4,5,21,40.19310333333333
2024,4,5,22,41.19244
2024,4,5,23,37.208783333333336
2024,4,5,24,35.26268
2024,4,6,1,30.53899
2024,4,6,2,28.56733333333333
2024,4,6,3,28.50184333333333
2024,4,6,4,27.964456666666667
2024,4,6,5,28.01376666666667
2024,4,6,6,32.67583
2024,4,6,7,36.08793666666667
2024,4,6,8,17.743873333333333
2024,4,6,9,-19.765586666666668
2024,4,6,10,-27.76599333333333
2024,4,6,11,-32.359183333333334
2024,4,6,12,-34.48726333333334
2024,4,6,13,-34.61084666666667
2024,4,6,14,-35.14297
2024,4,6,15,-34.70699
2024,4,6,16,-33.90756
2024,4,6,17,-34.13532
2024,4,6,18,-18.365323333333333
2024,4,6,19,30.298286666666662
2024,4,6,20,38.84726
2024,4,6,21,39.22913333333333
2024,4,6,22,38.8729
2024,4,6,23,37.13426666666666
2024,4,6,24,36.95843666666667
2024,4,7,1,45.62845
2024,4,7,2,45.00229333333333
2024,4,7,3,41.74354666666667
2024,4,7,4,41.70684666666667
2024,4,7,5,42.44384
2024,4,7,6,44.44057333333333
2024,4,7,7,44.5126
2024,4,7,8,20.468886666666663
2024,4,7,9,-16.661166666666666
2024,4,7,10,-30.55680333333333
2024,4,7,11,-34.34186666666667
2024,4,7,12,-36.44061333333333
2024,4,7,13,-37.08348666666667
2024,4,7,14,-38.62880666666666
2024,4,7,15,-37.48741
2024,4,7,16,-37.68044
2024,4,7,17,-34.30141333333333
2024,4,7,18,-10.099713333333334
2024,4,7,19,34.455283333333334
2024,4,7,20,39.24765666666666
2024,4,7,21,39.66445333333333
2024,4,7,22,38.45576666666667
2024,4,7,23,37.803716666666666
2024,4,7,24,37.43351666666667
2024,4,8,1,33.61798
2024,4,8,2,32.770050000000005
2024,4,8,3,32.88079
2024,4,8,4,32.97029
2024,4,8,5,35.65636666666666
2024,4,8,6,39.25845666666667
2024,4,8,7,56.25070333333334
2024,4,8,8,33.43207
2024,4,8,9,9.437733333333334
2024,4,8,10,0.5961700000000002
2024,4,8,11,5.091396666666667
2024,4,8,12,7.335853333333334
2024,4,8,13,-12.630870000000002
2024,4,8,14,-14.94958
2024,4,8,15,-15.576086666666669
2024,4,8,16,-14.597773333333334
2024,4,8,17,-11.954193333333334
2024,4,8,18,2.1060099999999995
2024,4,8,19,37.98956
2024,4,8,20,52.71419666666666
2024,4,8,21,50.31064
2024,4,8,22,42.08243
2024,4,8,23,39.124136666666665
2024,4,8,24,37.83639
2024,4,9,1,33.889093333333335
2024,4,9,2,33.36045333333333
2024,4,9,3,32.72018
2024,4,9,4,32.86831333333333
2024,4,9,5,37.83005333333333
2024,4,9,6,48.59091333333333
2024,4,9,7,52.92803333333333
2024,4,9,8,35.40978666666667
2024,4,9,9,-5.0999300000000005
2024,4,9,10,-18.27721
2024,4,9,11,-23.892486666666667
2024,4,9,12,-26.076976666666667
2024,4,9,13,-27.495416666666667
2024,4,9,14,-27.920963333333333
2024,4,9,15,-27.735586666666663
2024,4,9,16,-25.873036666666668
2024,4,9,17,-16.793636666666668
2024,4,9,18,2.9967299999999994
2024,4,9,19,43.21080666666666
2024,4,9,20,52.510776666666665
2024,4,9,21,50.90435666666667
2024,4,9,22,45.4401
2024,4,9,23,41.70211666666666
2024,4,9,24,40.50564333333333
2024,4,10,1,42.81853666666667
2024,4,10,2,40.08551666666667
2024,4,10,3,39.02661666666666
2024,4,10,4,39.2979
2024,4,10,5,39.8061
2024,4,10,6,43.74630333333334
2024,4,10,7,50.95124333333333
2024,4,10,8,30.01251333333333
2024,4,10,9,-2.229823333333333
2024,4,10,10,-13.960643333333332
2024,4,10,11,-16.192146666666662
2024,4,10,12,-18.34249666666667
2024,4,10,13,-18.725323333333336
2024,4,10,14,-17.66644666666667
2024,4,10,15,-16.945236666666666
2024,4,10,16,-14.741046666666668
2024,4,10,17,-4.24069
2024,4,10,18,12.461913333333332
2024,4,10,19,49.92073666666667
2024,4,10,20,60.67723
2024,4,10,21,53.65445
2024,4,10,22,48.714310000000005
2024,4,10,23,44.396193333333336
2024,4,10,24,39.73077
2024,4,11,1,39.44341
2024,4,11,2,35.19932666666667
2024,4,11,3,34.83081
2024,4,11,4,35.971560000000004
2024,4,11,5,36.04661333333333
2024,4,11,6,45.37904666666666
2024,4,11,7,54.366733333333336
2024,4,11,8,33.45657666666667
2024,4,11,9,0.0605899999999994
2024,4,11,10,-8.83648
2024,4,11,11,-11.278923333333331
2024,4,11,12,-12.847456666666668
2024,4,11,13,-15.128376666666668
2024,4,11,14,-15.274356666666668
2024,4,11,15,-12.72656
2024,4,11,16,-9.290636666666666
2024,4,11,17,-1.6498766666666669
2024,4,11,18,20.83863
2024,4,11,19,48.61089333333333
2024,4,11,20,57.40054333333333
2024,4,11,21,51.92468
2024,4,11,22,46.480916666666666
2024,4,11,23,38.4921
2024,4,11,24,35.621543333333335
2024,4,12,1,34.78937666666666
2024,4,12,2,33.772726666666664
2024,4,12,3,33.86148
2024,4,12,4,34.04408333333333
2024,4,12,5,34.142046666666666
2024,4,12,6,40.37372666666666
2024,4,12,7,44.21183333333334
2024,4,12,8,31.56994333333333
2024,4,12,9,-3.52088
2024,4,12,10,-11.602816666666667
2024,4,12,11,-16.30614
2024,4,12,12,-19.277646666666666
2024,4,12,13,-19.79425
2024,4,12,14,-20.601803333333333
2024,4,12,15,-20.27032
2024,4,12,16,-19.297526666666663
2024,4,12,17,-13.36182
2024,4,12,18,5.41527
2024,4,12,19,36.34049
2024,4,12,20,46.33342666666667
2024,4,12,21,43.50571666666667
2024,4,12,22,40.182170000000006
2024,4,12,23,37.04123666666667
2024,4,12,24,36.29222666666666
2024,4,13,1,42.84796333333333
2024,4,13,2,39.63735666666667
2024,4,13,3,37.03740333333334
2024,4,13,4,34.75515000000001
2024,4,13,5,34.75527666666667
2024,4,13,6,39.88533
2024,4,13,7,46.21587666666667
2024,4,13,8,28.343833333333333
2024,4,13,9,10.558723333333331
2024,4,13,10,9.6647
2024,4,13,11,9.48131
2024,4,13,12,10.222996666666663
2024,4,13,13,10.2377
2024,4,13,14,9.804993333333334
2024,4,13,15,10.465273333333334
2024,4,13,16,11.43847
2024,4,13,17,18.42851333333333
2024,4,13,18,30.32462333333333
2024,4,13,19,43.53825666666666
2024,4,13,20,45.12200666666666
2024,4,13,21,46.99525
2024,4,13,22,47.41289333333333
2024,4,13,23,43.14953
2024,4,13,24,41.54873333333333
2024,4,14,1,35.76611666666667
2024,4,14,2,35.32083333333333
2024,4,14,3,35.72058666666666
2024,4,14,4,35.627176666666664
2024,4,14,5,35.97685666666666
2024,4,14,6,36.77134333333333
2024,4,14,7,35.99765
2024,4,14,8,22.26722666666667
2024,4,14,9,5.485106666666667
2024,4,14,10,1.4777599999999995
2024,4,14,11,-1.96939
2024,4,14,12,-5.718476666666667
2024,4,14,13,-8.962863333333333
2024,4,14,14,-11.5522
2024,4,14,15,-11.124146666666666
2024,4,14,16,-10.036796666666667
2024,4,14,17,-4.857489999999999
2024,4,14,18,5.207903333333333
2024,4,14,19,33.12902333333333
2024,4,14,20,37.52172333333333
2024,4,14,21,37.50689666666667
2024,4,14,22,36.80084
2024,4,14,23,32.746473333333334
2024,4,14,24,29.015536666666662
2024,4,15,1,28.013783333333333
2024,4,15,2,27.940356666666663
2024,4,15,3,28.21119
2024,4,15,4,27.88907
2024,4,15,5,27.950280000000003
2024,4,15,6,33.34772
2024,4,15,7,39.82426666666667
2024,4,15,8,26.79679
2024,4,15,9,-1.5401033333333327
2024,4,15,10,-12.517153333333331
2024,4,15,11,-16.281346666666668
2024,4,15,12,-18.119816666666665
2024,4,15,13,-21.859693333333336
2024,4,15,14,-22.12569333333333
2024,4,15,15,-22.36533
2024,4,15,16,-21.66955666666667
2024,4,15,17,-14.388456666666665
2024,4,15,18,0.5435366666666668
2024,4,15,19,37.21646666666667
2024,4,15,20,44.54141666666667
2024,4,15,21,46.86565333333333
2024,4,15,22,42.72688333333334
2024,4,15,23,39.51683666666667
2024,4,15,24,36.61011333333334
2024,4,16,1,29.69723666666667
2024,4,16,2,29.31817
2024,4,16,3,29.3241
2024,4,16,4,29.93198666666667
2024,4,16,5,34.087516666666666
2024,4,16,6,42.95365
2024,4,16,7,46.55098
2024,4,16,8,27.412873333333334
2024,4,16,9,-5.5113666666666665
2024,4,16,10,-14.29625666666667
2024,4,16,11,-17.93588
2024,4,16,12,-22.043576666666667
2024,4,16,13,-23.20687
2024,4,16,14,-24.62548
2024,4,16,15,-23.590146666666666
2024,4,16,16,-20.42540333333333
2024,4,16,17,-14.609323333333334
2024,4,16,18,4.677153333333333
2024,4,16,19,38.321916666666674
2024,4,16,20,48.55156
2024,4,16,21,43.33296000000001
2024,4,16,22,40.932876666666665
2024,4,16,23,36.55273
2024,4,16,24,33.54889666666667
2024,4,17,1,30.880726666666664
2024,4,17,2,30.63329333333333
2024,4,17,3,30.45729
2024,4,17,4,30.687393333333333
2024,4,17,5,32.774946666666665
2024,4,17,6,37.72377333333333
2024,4,17,7,42.14510666666667
2024,4,17,8,30.97214
2024,4,17,9,7.572323333333333
2024,4,17,10,-3.019223333333334
2024,4,17,11,-5.446996666666666
2024,4,17,12,-13.031296666666668
2024,4,17,13,-16.56920666666667
2024,4,17,14,-13.519386666666668
2024,4,17,15,-13.98314333333333
2024,4,17,16,-2.5294000000000003
2024,4,17,17,-3.780673333333333
2024,4,17,18,17.381086666666665
2024,4,17,19,41.2334
2024,4,17,20,46.26263666666667
2024,4,17,21,44.90178
2024,4,17,22,41.99046333333333
2024,4,17,23,36.7198
2024,4,17,24,33.008763333333334
2024,4,18,1,30.611496666666667
2024,4,18,2,30.31306333333333
2024,4,18,3,30.27708
2024,4,18,4,30.61049333333333
2024,4,18,5,31.65755
2024,4,18,6,40.66409
2024,4,18,7,47.36778666666667
2024,4,18,8,36.15222333333333
2024,4,18,9,23.200436666666665
2024,4,18,10,12.073666666666666
2024,4,18,11,6.15872
2024,4,18,12,1.7940133333333332
2024,4,18,13,-0.6404266666666665
2024,4,18,14,-3.3307300000000004
2024,4,18,15,-0.5639500000000003
2024,4,18,16,3.89764
2024,4,18,17,6.3866933333333336
2024,4,18,18,25.990773333333333
2024,4,18,19,40.59971
2024,4,18,20,50.22823666666667
2024,4,18,21,43.03411333333333
2024,4,18,22,39.57443666666666
2024,4,18,23,34.10726666666667
2024,4,18,24,30.93721333333333
2024,4,19,1,31.857263333333336
2024,4,19,2,31.85963
2024,4,19,3,31.40091
2024,4,19,4,30.729866666666663
2024,4,19,5,32.77248
2024,4,19,6,36.951276666666665
2024,4,19,7,40.09875666666667
2024,4,19,8,31.950640000000003
2024,4,19,9,7.410296666666666
2024,4,19,10,-3.19373
2024,4,19,11,-12.264523333333331
2024,4,19,12,-18.549063333333333
2024,4,19,13,-21.02470666666667
2024,4,19,14,-22.67794333333333
2024,4,19,15,-22.29958333333333
2024,4,19,16,-18.92445333333333
2024,4,19,17,-11.963883333333332
2024,4,19,18,-1.9974333333333332
2024,4,19,19,34.844503333333336
2024,4,19,20,42.31912333333333
2024,4,19,21,42.7783
2024,4,19,22,40.06273
2024,4,19,23,35.574819999999995
2024,4,19,24,33.48339333333333
2024,4,20,1,31.126863333333333
2024,4,20,2,29.10074333333333
2024,4,20,3,28.128236666666663
2024,4,20,4,28.18244333333333
2024,4,20,5,29.37027
2024,4,20,6,31.17870333333333
2024,4,20,7,32.36396
2024,4,20,8,18.71428333333333
2024,4,20,9,-8.141406666666667
2024,4,20,10,-26.57164
2024,4,20,11,-28.25589666666667
2024,4,20,12,-29.3901
2024,4,20,13,-28.9098
2024,4,20,14,-29.201196666666664
2024,4,20,15,-31.07520666666667
2024,4,20,16,-29.19173
2024,4,20,17,-15.046846666666667
2024,4,20,18,2.40761
2024,4,20,19,29.07484
2024,4,20,20,32.511406666666666
2024,4,20,21,33.36155333333334
2024,4,20,22,32.49114
2024,4,20,23,29.071610000000003
2024,4,20,24,28.167420000000003
2024,4,21,1,27.79150333333333
2024,4,21,2,27.093556666666668
2024,4,21,3,26.362476666666662
2024,4,21,4,25.12961
2024,4,21,5,27.346186666666668
2024,4,21,6,27.94495
2024,4,21,7,27.91406333333333
2024,4,21,8,7.488153333333333
2024,4,21,9,-10.181396666666666
2024,4,21,10,-21.99675333333333
2024,4,21,11,-25.21251666666667
2024,4,21,12,-24.86488333333333
2024,4,21,13,-25.71158
2024,4,21,14,-23.68667333333333
2024,4,21,15,-23.29304666666667
2024,4,21,16,-21.74009
2024,4,21,17,-7.98896
2024,4,21,18,7.372483333333332
2024,4,21,19,40.012773333333335
2024,4,21,20,44.082456666666666
2024,4,21,21,43.416263333333326
2024,4,21,22,40.20772333333333
2024,4,21,23,35.56240333333333
2024,4,21,24,30.964133333333333
2024,4,22,1,32.13330666666667
2024,4,22,2,30.88543333333333
2024,4,22,3,31.95222
2024,4,22,4,30.465846666666664
2024,4,22,5,33.12824666666666
2024,4,22,6,43.02076
2024,4,22,7,44.69459333333333
2024,4,22,8,22.40057333333333
2024,4,22,9,2.9487633333333334
2024,4,22,10,-2.007586666666666
2024,4,22,11,-7.768306666666668
2024,4,22,12,-8.135786666666666
2024,4,22,13,-7.702286666666667
2024,4,22,14,-5.121746666666667
2024,4,22,15,-4.3895566666666666
2024,4,22,16,-3.3044766666666665
2024,4,22,17,1.666833333333333
2024,4,22,18,18.741826666666665
2024,4,22,19,40.80501666666667
2024,4,22,20,55.97842
2024,4,22,21,52.500733333333336
2024,4,22,22,45.38859333333334
2024,4,22,23,38.21974333333333
2024,4,22,24,30.765493333333332
2024,4,23,1,37.74252666666666
2024,4,23,2,32.097586666666665
2024,4,23,3,30.768136666666663
2024,4,23,4,30.128316666666667
2024,4,23,5,31.750316666666667
2024,4,23,6,40.83707999999999
2024,4,23,7,43.872436666666665
2024,4,23,8,24.29389666666667
2024,4,23,9,3.0829433333333327
2024,4,23,10,1.7824600000000004
2024,4,23,11,-0.9615133333333328
2024,4,23,12,-6.69839
2024,4,23,13,-9.584833333333334
2024,4,23,14,-11.7543
2024,4,23,15,-9.09492
2024,4,23,16,-8.859966666666667
2024,4,23,17,-2.42563
2024,4,23,18,7.85408
2024,4,23,19,37.911393333333336
2024,4,23,20,48.62267666666667
2024,4,23,21,48.76319
2024,4,23,22,42.656380000000006
2024,4,23,23,37.60640333333333
2024,4,23,24,32.81196
2024,4,24,1,31.48741
2024,4,24,2,29.68142333333333
2024,4,24,3,29.47126
2024,4,24,4,28.5044
2024,4,24,5,29.33670333333333
2024,4,24,6,35.33701666666666
2024,4,24,7,36.12455
2024,4,24,8,24.80996333333333
2024,4,24,9,10.427703333333334
2024,4,24,10,-5.998786666666667
2024,4,24,11,-13.016330000000002
2024,4,24,12,-15.805323333333334
2024,4,24,13,-17.725773333333333
2024,4,24,14,-17.19062
2024,4,24,15,-15.963783333333334
2024,4,24,16,-10.79322
2024,4,24,17,-4.3980766666666655
2024,4,24,18,5.47389
2024,4,24,19,33.91268
2024,4,24,20,44.888306666666665
2024,4,24,21,44.23549
2024,4,24,22,38.55758333333333
2024,4,24,23,33.42814666666666
2024,4,24,24,30.147796666666668
2024,4,25,1,28.58062666666667
2024,4,25,2,29.09
2024,4,25,3,26.558283333333332
2024,4,25,4,25.93066
2024,4,25,5,27.34068333333333
2024,4,25,6,36.30186
2024,4,25,7,39.410086666666665
2024,4,25,8,25.38309666666667
2024,4,25,9,18.18004666666667
2024,4,25,10,4.94095
2024,4,25,11,-2.559016666666667
2024,4,25,12,-4.735456666666667
2024,4,25,13,-5.38016
2024,4,25,14,-5.112476666666667
2024,4,25,15,-5.556413333333332
2024,4,25,16,-7.826643333333333
2024,4,25,17,-3.8011033333333337
2024,4,25,18,7.878653333333333
2024,4,25,19,31.61183
2024,4,25,20,43.64934333333334
2024,4,25,21,45.07885666666667
2024,4,25,22,39.56174333333333
2024,4,25,23,32.551143333333336
2024,4,25,24,31.013696666666664
2024,4,26,1,25.224813333333334
2024,4,26,2,23.88806333333333
2024,4,26,3,24.836696666666665
2024,4,26,4,22.76989333333333
2024,4,26,5,24.892926666666668
2024,4,26,6,30.164426666666667
2024,4,26,7,34.228926666666666
2024,4,26,8,20.827473333333334
2024,4,26,9,11.659646666666667
2024,4,26,10,5.820950000000001
2024,4,26,11,-0.5083399999999999
2024,4,26,12,-4.513166666666667
2024,4,26,13,-7.854309999999999
2024,4,26,14,-10.731143333333334
2024,4,26,15,-8.264026666666666
2024,4,26,16,-8.339023333333333
2024,4,26,17,-3.5551733333333337
2024,4,26,18,2.791646666666667
2024,4,26,19,28.745636666666663
2024,4,26,20,33.55636666666667
2024,4,26,21,35.63804666666667
2024,4,26,22,33.457013333333336
2024,4,26,23,29.33852
2024,4,26,24,26.000766666666664
2024,4,27,1,26.05982333333333
2024,4,27,2,25.897386666666662
2024,4,27,3,23.68434333333333
2024,4,27,4,21.82372
2024,4,27,5,25.73328
2024,4,27,6,24.189936666666668
2024,4,27,7,26.16626
2024,4,27,8,8.351989999999999
2024,4,27,9,-13.20424
2024,4,27,10,-23.135666666666665
2024,4,27,11,-26.797956666666668
2024,4,27,12,-33.34513666666667
2024,4,27,13,-38.50477
2024,4,27,14,-38.30478333333333
2024,4,27,15,-38.182966666666665
2024,4,27,16,-35.972186666666666
2024,4,27,17,-30.993866666666666
2024,4,27,18,-8.38602
2024,4,27,19,19.651456666666665
2024,4,27,20,27.12388
2024,4,27,21,29.669576666666668
2024,4,27,22,28.56683
2024,4,27,23,26.37052333333333
2024,4,27,24,25.229456666666664
2024,4,28,1,27.88065333333334
2024,4,28,2,27.033486666666665
2024,4,28,3,27.23922
2024,4,28,4,26.876496666666668
2024,4,28,5,27.191536666666668
2024,4,28,6,27.22750333333333
2024,4,28,7,25.41191333333333
2024,4,28,8,-4.02417
2024,4,28,9,-17.74167
2024,4,28,10,-26.519359999999995
2024,4,28,11,-30.81433
2024,4,28,12,-32.714036666666665
2024,4,28,13,-33.903486666666666
2024,4,28,14,-33.36641
2024,4,28,15,-33.66369666666667
2024,4,28,16,-33.137476666666664
2024,4,28,17,-28.738543333333336
2024,4,28,18,-8.503336666666668
2024,4,28,19,20.86532
2024,4,28,20,28.65271
2024,4,28,21,30.3538
2024,4,28,22,27.608796666666667
2024,4,28,23,26.5736
2024,4,28,24,26.16971333333333
2024,4,29,1,30.84586333333333
2024,4,29,2,28.82101666666667
2024,4,29,3,29.39617
2024,4,29,4,29.000626666666665
2024,4,29,5,30.918413333333334
2024,4,29,6,36.62594666666666
2024,4,29,7,36.91061
2024,4,29,8,19.778036666666665
2024,4,29,9,-1.9896433333333328
2024,4,29,10,-9.360316666666668
2024,4,29,11,-15.09874
2024,4,29,12,-16.787206666666666
2024,4,29,13,-16.251373333333333
2024,4,29,14,-16.303933333333333
2024,4,29,15,-17.475046666666668
2024,4,29,16,-16.084786666666666
2024,4,29,17,-11.392926666666668
2024,4,29,18,0.4664066666666666
2024,4,29,19,30.876680000000004
2024,4,29,20,43.22868333333333
2024,4,29,21,43.86979
2024,4,29,22,37.43288666666667
2024,4,29,23,32.60984333333334
2024,4,29,24,29.60774
2024,5,1,1,38.21697666666666
2024,5,1,2,33.04148333333333
2024,5,1,3,31.023946666666664
2024,5,1,4,29.866423333333334
2024,5,1,5,34.400863333333334
2024,5,1,6,38.70434
2024,5,1,7,39.61308
2024,5,1,8,18.1666
2024,5,1,9,-4.621
2024,5,1,10,-13.16157
2024,5,1,11,-3.76991
2024,5,1,12,-10.049776666666666
2024,5,1,13,-6.585526666666667
2024,5,1,14,-11.717233333333333
2024,5,1,15,-16.095206666666666
2024,5,1,16,-15.330363333333333
2024,5,1,17,-7.23436
2024,5,1,18,3.96121
2024,5,1,19,35.0007
2024,5,1,20,47.238526666666665
2024,5,1,21,48.46501
2024,5,1,22,41.406913333333335
2024,5,1,23,35.98065333333333
2024,5,1,24,34.161163333333334
2024,5,2,1,34.962763333333335
2024,5,2,2,33.400686666666665
2024,5,2,3,33.32413333333333
2024,5,2,4,32.39575333333334
2024,5,2,5,33.793146666666665
2024,5,2,6,42.30741
2024,5,2,7,42.44142
2024,5,2,8,20.53652333333333
2024,5,2,9,1.5294433333333337
2024,5,2,10,-1.235316666666667
2024,5,2,11,-5.839803333333333
2024,5,2,12,-4.677856666666666
2024,5,2,13,-6.632246666666667
2024,5,2,14,-6.043293333333334
2024,5,2,15,-5.889523333333333
2024,5,2,16,-2.9374466666666668
2024,5,2,17,1.100663333333333
2024,5,2,18,12.04939
2024,5,2,19,35.60700333333333
2024,5,2,20,46.357103333333335
2024,5,2,21,44.60458333333333
2024,5,2,22,39.68140333333333
2024,5,2,23,35.99922333333333
2024,5,2,24,32.98936666666666
2024,5,3,1,30.333596666666665
2024,5,3,2,29.43143333333333
2024,5,3,3,29.14410666666667
2024,5,3,4,28.89118333333333
2024,5,3,5,29.59671
2024,5,3,6,36.85718666666667
2024,5,3,7,34.44112333333333
2024,5,3,8,17.031769999999998
2024,5,3,9,3.518663333333333
2024,5,3,10,-0.8998133333333337
2024,5,3,11,-1.1703733333333333
2024,5,3,12,-1.6129033333333334
2024,5,3,13,-1.6987166666666669
2024,5,3,14,-1.8402866666666664
2024,5,3,15,-2.0493400000000004
2024,5,3,16,-1.4608166666666669
2024,5,3,17,-0.124413333333333
2024,5,3,18,6.059046666666667
2024,5,3,19,30.82211666666667
2024,5,3,20,44.022083333333335
2024,5,3,21,44.052813333333326
2024,5,3,22,41.91037333333333
2024,5,3,23,33.3809
2024,5,3,24,32.706003333333335
2024,5,4,1,32.99273
2024,5,4,2,30.841686666666664
2024,5,4,3,28.95642
2024,5,4,4,28.617026666666664
2024,5,4,5,29.41284333333333
2024,5,4,6,33.520316666666666
2024,5,4,7,33.44418666666667
2024,5,4,8,18.852236666666663
2024,5,4,9,8.931056666666667
2024,5,4,10,10.36426
2024,5,4,11,11.21142
2024,5,4,12,12.220106666666666
2024,5,4,13,12.78987
2024,5,4,14,13.798373333333336
2024,5,4,15,12.931876666666668
2024,5,4,16,12.80404
2024,5,4,17,12.242156666666666
2024,5,4,18,26.540536666666668
2024,5,4,19,33.37597
2024,5,4,20,34.93566
2024,5,4,21,35.909196666666666
2024,5,4,22,34.84549333333333
2024,5,4,23,33.2109
2024,5,4,24,32.63366666666666
2024,5,5,1,26.51333333333333
2024,5,5,2,24.239346666666663
2024,5,5,3,24.184643333333337
2024,5,5,4,23.74981333333333
2024,5,5,5,26.021776666666668
2024,5,5,6,26.64458666666667
2024,5,5,7,25.36703
2024,5,5,8,-0.0968333333333332
2024,5,5,9,-8.221226666666666
2024,5,5,10,-17.05517
2024,5,5,11,-20.89592333333333
2024,5,5,12,-24.72104333333333
2024,5,5,13,-25.848356666666664
2024,5,5,14,-27.18942333333333
2024,5,5,15,-27.04165666666667
2024,5,5,16,-26.23747
2024,5,5,17,-19.386936666666667
2024,5,5,18,-9.63373
2024,5,5,19,15.868956666666667
2024,5,5,20,29.888140000000003
2024,5,5,21,31.172676666666664
2024,5,5,22,30.87401333333333
2024,5,5,23,28.749913333333332
2024,5,5,24,27.85405666666667
2024,5,6,1,27.04364
2024,5,6,2,27.403796666666665
2024,5,6,3,26.34116333333333
2024,5,6,4,25.87481
2024,5,6,5,27.716586666666668
2024,5,6,6,35.22980333333334
2024,5,6,7,36.59628333333333
2024,5,6,8,23.40875
2024,5,6,9,-0.3815733333333335
2024,5,6,10,-6.627336666666667
2024,5,6,11,-8.607023333333332
2024,5,6,12,-11.028793333333333
2024,5,6,13,-11.209983333333334
2024,5,6,14,-10.949673333333331
2024,5,6,15,-14.131913333333337
2024,5,6,16,-11.599143333333332
2024,5,6,17,-9.155813333333333
2024,5,6,18,-4.50846
2024,5,6,19,27.69209
2024,5,6,20,35.95932
2024,5,6,21,39.72750333333333
2024,5,6,22,36.12328333333333
2024,5,6,23,31.18611333333333
2024,5,6,24,30.420523333333332
2024,5,7,1,23.302066666666665
2024,5,7,2,22.65876
2024,5,7,3,22.22819
2024,5,7,4,22.41331333333333
2024,5,7,5,23.433346666666665
2024,5,7,6,27.56693333333333
2024,5,7,7,30.933016666666663
2024,5,7,8,11.464026666666667
2024,5,7,9,-6.923846666666667
2024,5,7,10,-15.167046666666666
2024,5,7,11,-18.445096666666668
2024,5,7,12,-21.91118
2024,5,7,13,-23.18068
2024,5,7,14,-23.090076666666665
2024,5,7,15,-22.844696666666664
2024,5,7,16,-22.343126666666667
2024,5,7,17,-18.668856666666667
2024,5,7,18,-4.732403333333334
2024,5,7,19,23.63446
2024,5,7,20,37.12600333333333
2024,5,7,21,39.83008333333333
2024,5,7,22,38.44454
2024,5,7,23,31.64654
2024,5,7,24,28.39073
2024,5,8,1,26.368223333333333
2024,5,8,2,25.869816666666665
2024,5,8,3,25.29689
2024,5,8,4,25.97189333333333
2024,5,8,5,27.59423333333333
2024,5,8,6,35.067056666666666
2024,5,8,7,35.79845
2024,5,8,8,14.636063333333334
2024,5,8,9,-3.316003333333333
2024,5,8,10,-9.103253333333331
2024,5,8,11,-13.179426666666666
2024,5,8,12,-14.170940000000002
2024,5,8,13,-15.229013333333333
2024,5,8,14,-15.046276666666666
2024,5,8,15,-13.745303333333334
2024,5,8,16,-11.90023
2024,5,8,17,-7.015406666666666
2024,5,8,18,4.270593333333333
2024,5,8,19,34.60775666666667
2024,5,8,20,48.05214
2024,5,8,21,50.35323666666667
2024,5,8,22,43.24166
2024,5,8,23,38.27506
2024,5,8,24,38.54389
2024,5,9,1,36.19210666666667
2024,5,9,2,35.741393333333335
2024,5,9,3,36.28557666666666
2024,5,9,4,34.18043333333333
2024,5,9,5,35.16994
2024,5,9,6,37.91617333333334
2024,5,9,7,38.35214666666666
2024,5,9,8,18.343823333333333
2024,5,9,9,1.6078866666666662
2024,5,9,10,-5.860616666666668
2024,5,9,11,-7.787820000000001
2024,5,9,12,-10.59765
2024,5,9,13,-9.006533333333334
2024,5,9,14,-8.537416666666667
2024,5,9,15,-7.012136666666668
2024,5,9,16,-5.326576666666667
2024,5,9,17,3.367479999999999
2024,5,9,18,13.254
2024,5,9,19,37.35977666666667
2024,5,9,20,49.69842666666667
2024,5,9,21,51.01166
2024,5,9,22,42.77027
2024,5,9,23,37.36406
2024,5,9,24,36.51170333333334
2024,5,10,1,37.12346
2024,5,10,2,35.83325333333334
2024,5,10,3,34.79312
2024,5,10,4,35.47962666666667
2024,5,10,5,35.57241333333334
2024,5,10,6,38.35339
2024,5,10,7,38.642516666666666
2024,5,10,8,21.06205333333333
2024,5,10,9,2.1965033333333337
2024,5,10,10,-1.72427
2024,5,10,11,-3.2737233333333333
2024,5,10,12,-4.732376666666667
2024,5,10,13,-3.98203
2024,5,10,14,-2.486053333333334
2024,5,10,15,-2.21097
2024,5,10,16,-1.772253333333334
2024,5,10,17,2.8919
2024,5,10,18,24.47513333333333
2024,5,10,19,43.72286333333333
2024,5,10,20,53.53573333333333
2024,5,10,21,52.43344333333334
2024,5,10,22,46.869433333333326
2024,5,10,23,41.11904333333333
2024,5,10,24,36.77099333333334
2024,5,11,1,37.37171
2024,5,11,2,37.024573333333336
2024,5,11,3,34.154
2024,5,11,4,34.952686666666665
2024,5,11,5,35.64900666666667
2024,5,11,6,39.30338666666666
2024,5,11,7,37.42313333333333
2024,5,11,8,5.1564733333333335
2024,5,11,9,-5.72477
2024,5,11,10,-11.945616666666666
2024,5,11,11,-12.944716666666665
2024,5,11,12,-13.968316666666666
2024,5,11,13,-13.88524
2024,5,11,14,-13.643086666666669
2024,5,11,15,-12.058193333333334
2024,5,11,16,-8.607983333333333
2024,5,11,17,-2.1693733333333327
2024,5,11,18,9.16528
2024,5,11,19,34.12099666666666
2024,5,11,20,43.15489333333333
2024,5,11,21,43.91268666666667
2024,5,11,22,41.50500666666667
2024,5,11,23,34.79761
2024,5,11,24,33.78176
2024,5,12,1,35.74820333333333
2024,5,12,2,35.161930000000005
2024,5,12,3,32.66052666666667
2024,5,12,4,31.17638
2024,5,12,5,34.105603333333335
2024,5,12,6,35.33204333333333
2024,5,12,7,30.58769666666667
2024,5,12,8,0.0911333333333332
2024,5,12,9,-11.83784
2024,5,12,10,-15.7146
2024,5,12,11,-17.156036666666665
2024,5,12,12,-18.0515
2024,5,12,13,-17.825483333333334
2024,5,12,14,-15.913973333333333
2024,5,12,15,-14.35785
2024,5,12,16,-9.388493333333331
2024,5,12,17,0.5849400000000003
2024,5,12,18,6.427156666666666
2024,5,12,19,33.50882333333333
2024,5,12,20,44.16874666666666
2024,5,12,21,45.85193999999999
2024,5,12,22,39.78625333333333
2024,5,12,23,33.70454
2024,5,12,24,31.195206666666667
2024,5,13,1,30.333476666666662
2024,5,13,2,30.12991333333333
2024,5,13,3,30.043116666666663
2024,5,13,4,29.88676333333333
2024,5,13,5,30.82493666666667
2024,5,13,6,37.57644666666667
2024,5,13,7,32.39151333333333
2024,5,13,8,11.34429
2024,5,13,9,3.1265466666666675
2024,5,13,10,0.9083433333333334
2024,5,13,11,2.6231499999999994
2024,5,13,12,1.9899433333333336
2024,5,13,13,2.1803233333333334
2024,5,13,14,2.954743333333333
2024,5,13,15,2.9629600000000003
2024,5,13,16,7.070466666666667
2024,5,13,17,10.55288
2024,5,13,18,23.41183
2024,5,13,19,39.050473333333336
2024,5,13,20,52.75129666666667
2024,5,13,21,51.603366666666666
2024,5,13,22,42.61216
2024,5,13,23,37.13442666666666
2024,5,13,24,33.10082
2024,5,14,1,33.808973333333334
2024,5,14,2,32.247980000000005
2024,5,14,3,30.94501
2024,5,14,4,30.80432
2024,5,14,5,31.14037666666667
2024,5,14,6,36.986646666666665
2024,5,14,7,36.46265666666667
2024,5,14,8,17.76402
2024,5,14,9,5.267293333333333
2024,5,14,10,5.416886666666667
2024,5,14,11,5.315626666666667
2024,5,14,12,4.11859
2024,5,14,13,4.144193333333333
2024,5,14,14,4.723316666666666
2024,5,14,15,4.3047200000000005
2024,5,14,16,5.025643333333332
2024,5,14,17,7.375703333333333
2024,5,14,18,23.592326666666665
2024,5,14,19,37.45082333333333
2024,5,14,20,49.1627
2024,5,14,21,49.69086333333333
2024,5,14,22,41.85314666666667
2024,5,14,23,36.65803333333333
2024,5,14,24,35.62070333333333
2024,5,15,1,31.1497
2024,5,15,2,30.996996666666664
2024,5,15,3,30.80872666666667
2024,5,15,4,30.94744
2024,5,15,5,32.233563333333336
2024,5,15,6,34.873243333333335
2024,5,15,7,34.42169333333333
2024,5,15,8,18.455663333333334
2024,5,15,9,6.547963333333333
2024,5,15,10,4.467666666666667
2024,5,15,11,4.23046
2024,5,15,12,3.7792033333333337
2024,5,15,13,2.498003333333333
2024,5,15,14,3.895193333333333
2024,5,15,15,3.8389733333333336
2024,5,15,16,3.619803333333333
2024,5,15,17,9.661076666666666
2024,5,15,18,24.469426666666667
2024,5,15,19,34.071616666666664
2024,5,15,20,46.228276666666666
2024,5,15,21,49.90117333333333
2024,5,15,22,42.67419666666667
2024,5,15,23,34.32391333333333
2024,5,15,24,32.99672666666667
2024,5,16,1,27.78124
2024,5,16,2,27.555646666666664
2024,5,16,3,24.78546
2024,5,16,4,25.407036666666663
2024,5,16,5,27.65926333333333
2024,5,16,6,30.535916666666665
2024,5,16,7,30.679436666666664
2024,5,16,8,8.97435
2024,5,16,9,-4.011540000000001
2024,5,16,10,-7.454246666666666
2024,5,16,11,-6.550663333333333
2024,5,16,12,-6.683323333333334
2024,5,16,13,-7.829816666666666
2024,5,16,14,-9.204466666666669
2024,5,16,15,-4.9692
2024,5,16,16,-1.0911400000000004
2024,5,16,17,-0.7063766666666664
2024,5,16,18,7.70872
2024,5,16,19,30.24498
2024,5,16,20,42.44831666666667
2024,5,16,21,42.44194333333333
2024,5,16,22,40.90715666666667
2024,5,16,23,32.49279666666667
2024,5,16,24,30.86903
2024,5,17,1,30.97954
2024,5,17,2,30.090353333333336
2024,5,17,3,29.567743333333336
2024,5,17,4,29.44477333333333
2024,5,17,5,31.235983333333337
2024,5,17,6,33.11586666666667
2024,5,17,7,24.857603333333333
2024,5,17,8,2.28919
2024,5,17,9,-3.8960666666666666
2024,5,17,10,-8.647446666666667
2024,5,17,11,-11.799943333333331
2024,5,17,12,-11.92869
2024,5,17,13,-11.92529
2024,5,17,14,-12.804676666666666
2024,5,17,15,-11.487593333333333
2024,5,17,16,-10.452776666666669
2024,5,17,17,-7.666646666666668
2024,5,17,18,-0.1745300000000001
2024,5,17,19,25.75861666666667
2024,5,17,20,38.39053666666667
2024,5,17,21,39.38916333333333
2024,5,17,22,37.98490666666667
2024,5,17,23,33.988216666666666
2024,5,17,24,32.96591333333333
2024,5,18,1,26.34612
2024,5,18,2,26.62467666666667
2024,5,18,3,25.561463333333336
2024,5,18,4,24.40288333333333
2024,5,18,5,21.6827
2024,5,18,6,24.67036
2024,5,18,7,18.73443
2024,5,18,8,-1.0410766666666669
2024,5,18,9,-16.763099999999998
2024,5,18,10,-23.56609333333333
2024,5,18,11,-28.50397333333333
2024,5,18,12,-30.71088333333333
2024,5,18,13,-30.59733
2024,5,18,14,-31.45085333333333
2024,5,18,15,-31.546836666666668
2024,5,18,16,-29.34047
2024,5,18,17,-18.840653333333336
2024,5,18,18,-5.711093333333333
2024,5,18,19,15.968996666666667
2024,5,18,20,28.84933333333333
2024,5,18,21,32.275443333333335
2024,5,18,22,30.549766666666667
2024,5,18,23,27.46266
2024,5,18,24,26.36196666666667
2024,5,19,1,19.97155
2024,5,19,2,19.703456666666668
2024,5,19,3,19.48605333333333
2024,5,19,4,19.03356
2024,5,19,5,17.987866666666665
2024,5,19,6,15.028966666666667
2024,5,19,7,7.962676666666667
2024,5,19,8,-17.68529
2024,5,19,9,-31.68572333333333
2024,5,19,10,-38.42578
2024,5,19,11,-40.58559
2024,5,19,12,-40.82857
2024,5,19,13,-40.85466
2024,5,19,14,-40.890883333333335
2024,5,19,15,-41.33345333333333
2024,5,19,16,-41.181756666666665
2024,5,19,17,-34.48839666666667
2024,5,19,18,-12.340106666666664
2024,5,19,19,11.535826666666663
2024,5,19,20,25.031346666666668
2024,5,19,21,29.35461
2024,5,19,22,27.58917333333333
2024,5,19,23,23.434886666666667
2024,5,19,24,22.232856666666667
2024,5,20,1,20.36672
2024,5,20,2,19.660616666666662
2024,5,20,3,19.678933333333333
2024,5,20,4,19.53884333333333
2024,5,20,5,21.91257
2024,5,20,6,26.4559
2024,5,20,7,25.732190000000003
2024,5,20,8,7.236776666666667
2024,5,20,9,-1.9332133333333332
2024,5,20,10,-12.04193
2024,5,20,11,-15.98142
2024,5,20,12,-18.952006666666662
2024,5,20,13,-21.41854
2024,5,20,14,-21.673396666666665
2024,5,20,15,-22.251246666666663
2024,5,20,16,-16.53665666666667
2024,5,20,17,-13.52287
2024,5,20,18,-5.357346666666667
2024,5,20,19,18.10488
2024,5,20,20,33.26227
2024,5,20,21,34.51305333333334
2024,5,20,22,29.54628333333333
2024,5,20,23,26.071203333333333
2024,5,20,24,23.97216
2024,5,21,1,18.51666
2024,5,21,2,16.36206
2024,5,21,3,16.29722
2024,5,21,4,16.44568333333333
2024,5,21,5,17.798043333333336
2024,5,21,6,24.78421
2024,5,21,7,24.11265333333333
2024,5,21,8,8.047566666666667
2024,5,21,9,-7.702706666666667
2024,5,21,10,-14.94238
2024,5,21,11,-14.71201
2024,5,21,12,-16.97997666666667
2024,5,21,13,-17.741893333333334
2024,5,21,14,-16.629023333333333
2024,5,21,15,-14.956793333333332
2024,5,21,16,-12.96183
2024,5,21,17,-8.586239999999998
2024,5,21,18,5.237236666666667
2024,5,21,19,29.032646666666665
2024,5,21,20,38.98420333333333
2024,5,21,21,41.613553333333336
2024,5,21,22,38.58065666666667
2024,5,21,23,30.00873
2024,5,21,24,29.61287
2024,5,22,1,22.22365333333333
2024,5,22,2,18.418696666666666
2024,5,22,3,15.49328
2024,5,22,4,13.627653333333331
2024,5,22,5,15.59019
2024,5,22,6,18.716016666666665
2024,5,22,7,20.40614
2024,5,22,8,7.425533333333334
2024,5,22,9,-7.918046666666666
2024,5,22,10,-15.369279999999998
2024,5,22,11,-17.86407
2024,5,22,12,-18.54437
2024,5,22,13,-19.14804666666667
2024,5,22,14,-19.922806666666663
2024,5,22,15,-18.61535
2024,5,22,16,-16.61328333333333
2024,5,22,17,-13.47087
2024,5,22,18,2.1205233333333333
2024,5,22,19,19.64462
2024,5,22,20,33.54465
2024,5,22,21,38.43626666666667
2024,5,22,22,32.09766333333334
2024,5,22,23,22.81207
2024,5,22,24,21.067433333333334
2024,5,23,1,19.339296666666662
2024,5,23,2,16.726393333333334
2024,5,23,3,15.594533333333333
2024,5,23,4,14.875626666666667
2024,5,23,5,15.369623333333331
2024,5,23,6,22.206866666666667
2024,5,23,7,21.03962333333333
2024,5,23,8,3.730963333333334
2024,5,23,9,-10.824239999999998
2024,5,23,10,-16.49902
2024,5,23,11,-19.60945
2024,5,23,12,-20.57017
2024,5,23,13,-21.66421
2024,5,23,14,-21.421073333333336
2024,5,23,15,-21.723613333333333
2024,5,23,16,-18.71283333333333
2024,5,23,17,-16.151946666666667
2024,5,23,18,-4.919363333333334
2024,5,23,19,14.415030000000002
2024,5,23,20,32.01958
2024,5,23,21,37.22331
2024,5,23,22,30.41909
2024,5,23,23,24.05408333333333
2024,5,23,24,22.10609
2024,5,24,1,18.34433
2024,5,24,2,18.000316666666667
2024,5,24,3,16.707436666666666
2024,5,24,4,15.878949999999998
2024,5,24,5,18.36301333333333
2024,5,24,6,26.06364333333333
2024,5,24,7,22.29260333333333
2024,5,24,8,4.30775
2024,5,24,9,-6.115146666666667
2024,5,24,10,-15.3426
2024,5,24,11,-19.862886666666668
2024,5,24,12,-22.544006666666665
2024,5,24,13,-24.101550000000003
2024,5,24,14,-24.92368
2024,5,24,15,-26.47102333333333
2024,5,24,16,-22.822096666666667
2024,5,24,17,-21.169386666666664
2024,5,24,18,-6.418393333333333
2024,5,24,19,9.618936666666668
2024,5,24,20,25.643510000000003
2024,5,24,21,28.66888
2024,5,24,22,25.98810333333333
2024,5,24,23,19.34767666666667
2024,5,24,24,17.840529999999998
2024,5,25,1,21.06721
2024,5,25,2,18.41796666666667
2024,5,25,3,17.264286666666667
2024,5,25,4,17.019540000000003
2024,5,25,5,17.15938
2024,5,25,6,15.985896666666669
2024,5,25,7,9.970223333333331
2024,5,25,8,-11.67839
2024,5,25,9,-28.776073333333333
2024,5,25,10,-30.66981333333333
2024,5,25,11,-33.44849
2024,5,25,12,-34.469166666666666
2024,5,25,13,-35.41507666666667
2024,5,25,14,-36.015816666666666
2024,5,25,15,-34.908080000000005
2024,5,25,16,-34.44591333333333
2024,5,25,17,-32.332883333333335
2024,5,25,18,-19.87521
2024,5,25,19,3.9083166666666656
2024,5,25,20,19.36845
2024,5,25,21,24.00327
2024,5,25,22,20.908176666666662
2024,5,25,23,17.5486
2024,5,25,24,16.686386666666667
2024,5,26,1,18.76013333333333
2024,5,26,2,16.079126666666667
2024,5,26,3,15.170056666666667
2024,5,26,4,14.535023333333331
2024,5,26,5,17.107293333333335
2024,5,26,6,15.28564
2024,5,26,7,8.57683
2024,5,26,8,-13.888036666666666
2024,5,26,9,-28.96552
2024,5,26,10,-32.747706666666666
2024,5,26,11,-34.157763333333335
2024,5,26,12,-35.117353333333334
2024,5,26,13,-37.14389333333333
2024,5,26,14,-35.324893333333335
2024,5,26,15,-35.03215333333333
2024,5,26,16,-30.699846666666662
2024,5,26,17,-25.937936666666666
2024,5,26,18,-9.20728
2024,5,26,19,14.230803333333332
2024,5,26,20,27.31782
2024,5,26,21,34.475496666666665
2024,5,26,22,30.688036666666665
2024,5,26,23,25.43766666666667
2024,5,26,24,24.69562666666667
2024,5,27,1,32.94422
2024,5,27,2,30.30803
2024,5,27,3,28.03406
2024,5,27,4,28.981350000000003
2024,5,27,5,33.91947666666667
2024,5,27,6,36.08354333333333
2024,5,27,7,22.824873333333333
2024,5,27,8,-4.487333333333333
2024,5,27,9,-17.843813333333333
2024,5,27,10,-21.757806666666667
2024,5,27,11,-22.82426666666667
2024,5,27,12,-23.65673333333333
2024,5,27,13,-23.48941333333333
2024,5,27,14,-23.2619
2024,5,27,15,-21.72112333333333
2024,5,27,16,-19.92907
2024,5,27,17,-11.856643333333333
2024,5,27,18,2.5633033333333324
2024,5,27,19,26.354826666666668
2024,5,27,20,42.76639666666667
2024,5,27,21,45.02560333333333
2024,5,27,22,37.30896666666667
2024,5,27,23,29.515823333333334
2024,5,27,24,27.717736666666667
2024,5,28,1,30.53659333333333
2024,5,28,2,29.49796333333333
2024,5,28,3,30.560466666666667
2024,5,28,4,29.918333333333333
2024,5,28,5,32.95768666666667
2024,5,28,6,36.27232
2024,5,28,7,26.837396666666667
2024,5,28,8,3.40809
2024,5,28,9,-7.41725
2024,5,28,10,-8.424516666666667
2024,5,28,11,-11.209973333333332
2024,5,28,12,-11.668910000000002
2024,5,28,13,-12.62625
2024,5,28,14,-14.71663
2024,5,28,15,-11.62624
2024,5,28,16,-10.274863333333334
2024,5,28,17,-5.076756666666666
2024,5,28,18,1.6184233333333335
2024,5,28,19,25.53402
2024,5,28,20,38.55076333333333
2024,5,28,21,46.513560000000005
2024,5,28,22,38.95055
2024,5,28,23,27.609026666666665
2024,5,28,24,25.591283333333333
2024,5,29,1,21.992576666666668
2024,5,29,2,19.93147666666667
2024,5,29,3,19.17446
2024,5,29,4,18.95927
2024,5,29,5,21.31924666666667
2024,5,29,6,24.407476666666668
2024,5,29,7,26.077583333333333
2024,5,29,8,-2.44733
2024,5,29,9,-10.405196666666669
2024,5,29,10,-14.516563333333332
2024,5,29,11,-15.284143333333333
2024,5,29,12,-16.31645
2024,5,29,13,-16.992343333333334
2024,5,29,14,-15.930686666666666
2024,5,29,15,-14.524169999999998
2024,5,29,16,-11.12719
2024,5,29,17,-7.085753333333333
2024,5,29,18,2.0970500000000007
2024,5,29,19,23.17062333333333
2024,5,29,20,42.06875
2024,5,29,21,44.388110000000005
2024,5,29,22,37.73234
2024,5,29,23,27.8426
2024,5,29,24,26.357133333333334
2024,5,30,1,30.46967666666667
2024,5,30,2,29.08978666666667
2024,5,30,3,28.85486333333333
2024,5,30,4,29.08956333333333
2024,5,30,5,30.65927333333333
2024,5,30,6,32.55544666666667
2024,5,30,7,30.373046666666667
2024,5,30,8,9.474043333333332
2024,5,30,9,6.306359999999999
2024,5,30,10,4.016006666666667
2024,5,30,11,4.432659999999999
2024,5,30,12,2.462986666666667
2024,5,30,13,4.079283333333334
2024,5,30,14,3.818336666666666
2024,5,30,15,5.19145
2024,5,30,16,7.857559999999999
2024,5,30,17,8.752153333333332
2024,5,30,18,24.052063333333336
2024,5,30,19,30.928276666666665
2024,5,30,20,49.61691
2024,5,30,21,47.45658333333333
2024,5,30,22,36.677686666666666
2024,5,30,23,32.89004
2024,5,30,24,31.09836333333333
2024,6,1,1,27.91045
2024,6,1,2,25.51463
2024,6,1,3,25.631993333333337
2024,6,1,4,25.917753333333334
2024,6,1,5,22.55356
2024,6,1,6,26.424786666666662
2024,6,1,7,16.04642
2024,6,1,8,-3.491903333333333
2024,6,1,9,-14.841893333333331
2024,6,1,10,-18.61975
2024,6,1,11,-19.498653333333333
2024,6,1,12,-21.354946666666667
2024,6,1,13,-22.45455
2024,6,1,14,-21.888236666666668
2024,6,1,15,-21.33108
2024,6,1,16,-19.13424
2024,6,1,17,-16.91648
2024,6,1,18,-6.276523333333333
2024,6,1,19,11.620933333333332
2024,6,1,20,28.08552
2024,6,1,21,36.99753666666667
2024,6,1,22,35.02475999999999
2024,6,1,23,23.29208
2024,6,1,24,22.610083333333336
2024,6,2,1,26.99504
2024,6,2,2,26.50845666666667
2024,6,2,3,22.94409333333333
2024,6,2,4,19.77416
2024,6,2,5,20.148300000000003
2024,6,2,6,18.87913333333333
2024,6,2,7,6.2723
2024,6,2,8,-13.580356666666669
2024,6,2,9,-24.64389333333333
2024,6,2,10,-26.94707
2024,6,2,11,-26.82886666666667
2024,6,2,12,-26.927346666666665
2024,6,2,13,-28.35851
2024,6,2,14,-25.554780000000004
2024,6,2,15,-24.913433333333334
2024,6,2,16,-21.99808
2024,6,2,17,-12.440373333333335
2024,6,2,18,0.171023333333333
2024,6,2,19,20.904086666666668
2024,6,2,20,35.63614666666667
2024,6,2,21,44.98301666666666
2024,6,2,22,38.25877666666667
2024,6,2,23,27.46316333333333
2024,6,2,24,26.90339333333333
2024,6,3,1,29.99993
2024,6,3,2,27.6578
2024,6,3,3,28.85544333333333
2024,6,3,4,26.25418
2024,6,3,5,30.281746666666663
2024,6,3,6,33.65117
2024,6,3,7,22.26458666666667
2024,6,3,8,3.991053333333333
2024,6,3,9,0.6107966666666668
2024,6,3,10,-4.204196666666666
2024,6,3,11,-4.65915
2024,6,3,12,-10.072486666666668
2024,6,3,13,-11.76032
2024,6,3,14,-9.386796666666667
2024,6,3,15,-9.091206666666666
2024,6,3,16,-3.23161
2024,6,3,17,1.3059300000000005
2024,6,3,18,13.63597
2024,6,3,19,31.61220666666667
2024,6,3,20,46.18169
2024,6,3,21,44.74438666666666
2024,6,3,22,33.65494666666667
2024,6,3,23,31.611283333333333
2024,6,3,24,30.95544333333333
2024,6,4,1,25.325496666666663
2024,6,4,2,24.773826666666668
2024,6,4,3,24.60035
2024,6,4,4,24.85479666666667
2024,6,4,5,24.855363333333333
2024,6,4,6,28.042696666666668
2024,6,4,7,26.923483333333333
2024,6,4,8,17.49923
2024,6,4,9,10.29685
2024,6,4,10,6.146443333333333
2024,6,4,11,4.346823333333333
2024,6,4,12,0.8896166666666666
2024,6,4,13,-5.947093333333332
2024,6,4,14,-7.074746666666666
2024,6,4,15,-2.5899233333333336
2024,6,4,16,0.8492899999999999
2024,6,4,17,5.88401
2024,6,4,18,17.88135
2024,6,4,19,32.97008666666667
2024,6,4,20,52.07125666666667
2024,6,4,21,51.60483666666666
2024,6,4,22,46.37595666666667
2024,6,4,23,33.15058
2024,6,4,24,32.01024333333333
2024,6,5,1,30.50513666666667
2024,6,5,2,30.004876666666664
2024,6,5,3,30.145786666666663
2024,6,5,4,29.435460000000003
2024,6,5,5,30.46477
2024,6,5,6,32.93955333333333
2024,6,5,7,28.955416666666668
2024,6,5,8,15.443086666666666
2024,6,5,9,12.410953333333334
2024,6,5,10,11.61385
2024,6,5,11,9.8913
2024,6,5,12,5.529303333333334
2024,6,5,13,3.7413566666666656
2024,6,5,14,-2.8313900000000003
2024,6,5,15,-3.864896666666667
2024,6,5,16,1.8757333333333333
2024,6,5,17,-13.031666666666666
2024,6,5,18,10.048833333333333
2024,6,5,19,34.395450000000004
2024,6,5,20,57.67731
2024,6,5,21,57.07268
2024,6,5,22,45.75412333333333
2024,6,5,23,33.03864
2024,6,5,24,33.56489
2024,6,6,1,29.44581
2024,6,6,2,29.66094
2024,6,6,3,29.15833333333333
2024,6,6,4,28.615016666666666
2024,6,6,5,29.029246666666666
2024,6,6,6,32.72109666666667
2024,6,6,7,29.67147333333333
2024,6,6,8,13.474586666666667
2024,6,6,9,11.95211
2024,6,6,10,11.970733333333332
2024,6,6,11,12.355116666666667
2024,6,6,12,12.79906
2024,6,6,13,10.643953333333334
2024,6,6,14,12.125633333333331
2024,6,6,15,10.752216666666667
2024,6,6,16,13.341776666666666
2024,6,6,17,20.33118
2024,6,6,18,29.25921333333333
2024,6,6,19,39.15792666666667
2024,6,6,20,54.00746999999999
2024,6,6,21,50.53179
2024,6,6,22,39.43078333333333
2024,6,6,23,30.158236666666667
2024,6,6,24,28.86548666666667
2024,6,7,1,27.99775
2024,6,7,2,27.50146
2024,6,7,3,27.84632333333333
2024,6,7,4,27.50856333333333
2024,6,7,5,28.984483333333333
2024,6,7,6,31.31285
2024,6,7,7,28.6455
2024,6,7,8,11.61871
2024,6,7,9,10.2019
2024,6,7,10,10.439293333333334
2024,6,7,11,8.84042
2024,6,7,12,7.95186
2024,6,7,13,6.09909
2024,6,7,14,7.286053333333332
2024,6,7,15,8.155676666666666
2024,6,7,16,12.619733333333334
2024,6,7,17,17.71681
2024,6,7,18,26.307873333333333
2024,6,7,19,33.84758
2024,6,7,20,43.882016666666665
2024,6,7,21,43.452666666666666
2024,6,7,22,35.711953333333334
2024,6,7,23,30.682666666666663
2024,6,7,24,28.874260000000003
2024,6,8,1,29.21532
2024,6,8,2,28.05693
2024,6,8,3,27.173336666666668
2024,6,8,4,28.191423333333333
2024,6,8,5,28.738656666666667
2024,6,8,6,28.92435
2024,6,8,7,22.35679333333333
2024,6,8,8,0.4835733333333332
2024,6,8,9,-2.95743
2024,6,8,10,-4.3875866666666665
2024,6,8,11,-3.85399
2024,6,8,12,-5.29323
2024,6,8,13,-5.055513333333333
2024,6,8,14,-5.21038
2024,6,8,15,-4.7843333333333335
2024,6,8,16,-2.68042
2024,6,8,17,1.4810666666666668
2024,6,8,18,11.704896666666668
2024,6,8,19,29.018796666666663
2024,6,8,20,37.03434333333333
2024,6,8,21,39.5925
2024,6,8,22,37.40607333333333
2024,6,8,23,30.120643333333334
2024,6,8,24,29.823206666666664
2024,6,9,1,25.723123333333334
2024,6,9,2,24.96839
2024,6,9,3,25.580883333333333
2024,6,9,4,24.45042
2024,6,9,5,22.527056666666667
2024,6,9,6,24.453793333333333
2024,6,9,7,10.489293333333334
2024,6,9,8,-3.56341
2024,6,9,9,-12.33693
2024,6,9,10,-13.582896666666665
2024,6,9,11,-14.41866
2024,6,9,12,-15.509756666666666
2024,6,9,13,-17.45362
2024,6,9,14,-15.6665
2024,6,9,15,-12.315653333333332
2024,6,9,16,-9.308703333333332
2024,6,9,17,-0.6355466666666668
2024,6,9,18,5.6635333333333335
2024,6,9,19,25.719963333333336
2024,6,9,20,33.36960666666666
2024,6,9,21,38.68069666666667
2024,6,9,22,34.35975
2024,6,9,23,29.898466666666668
2024,6,9,24,29.49172
2024,6,10,1,28.26274
2024,6,10,2,29.333746666666663
2024,6,10,3,26.83966666666667
2024,6,10,4,28.41189333333333
2024,6,10,5,29.64597
2024,6,10,6,34.05316666666667
2024,6,10,7,27.74046333333333
2024,6,10,8,10.57921
2024,6,10,9,6.040366666666666
2024,6,10,10,5.29339
2024,6,10,11,4.912903333333333
2024,6,10,12,5.369126666666666
2024,6,10,13,3.3483366666666665
2024,6,10,14,5.2175
2024,6,10,15,6.218936666666667
2024,6,10,16,11.416493333333332
2024,6,10,17,14.41978
2024,6,10,18,24.72752
2024,6,10,19,33.20514666666667
2024,6,10,20,50.03085333333333
2024,6,10,21,45.10291333333333
2024,6,10,22,34.36784666666667
2024,6,10,23,31.09196
2024,6,10,24,29.088383333333336
2024,6,11,1,28.63842333333333
2024,6,11,2,28.007246666666664
2024,6,11,3,27.36297666666667
2024,6,11,4,27.17947
2024,6,11,5,28.690446666666663
2024,6,11,6,31.781683333333334
2024,6,11,7,27.96161333333333
2024,6,11,8,11.500643333333334
2024,6,11,9,9.40185
2024,6,11,10,7.77129
2024,6,11,11,8.193513333333334
2024,6,11,12,8.982136666666667
2024,6,11,13,8.419076666666667
2024,6,11,14,9.41616
2024,6,11,15,10.233433333333332
2024,6,11,16,16.478643333333334
2024,6,11,17,19.679096666666663
2024,6,11,18,26.180883333333338
2024,6,11,19,34.675853333333336
2024,6,11,20,48.88885666666667
2024,6,11,21,51.23391333333333
2024,6,11,22,36.17334333333333
2024,6,11,23,30.833573333333334
2024,6,11,24,30.134106666666668
2024,6,12,1,29.15652
2024,6,12,2,29.69779
2024,6,12,3,28.55482
2024,6,12,4,30.113326666666666
2024,6,12,5,31.12457
2024,6,12,6,32.841370000000005
2024,6,12,7,29.538
2024,6,12,8,13.067663333333334
2024,6,12,9,10.64483
2024,6,12,10,10.084773333333333
2024,6,12,11,10.071823333333333
2024,6,12,12,9.225793333333334
2024,6,12,13,9.569833333333332
2024,6,12,14,11.057233333333334
2024,6,12,15,11.66939
2024,6,12,16,14.558286666666667
2024,6,12,17,20.609826666666667
2024,6,12,18,31.052116666666667
2024,6,12,19,39.140440000000005
2024,6,12,20,54.34015333333334
2024,6,12,21,55.18786333333333
2024,6,12,22,40.52032666666667
2024,6,12,23,36.15627
2024,6,12,24,31.04647333333333
2024,6,13,1,32.235013333333335
2024,6,13,2,30.94720666666667
2024,6,13,3,30.19523333333333
2024,6,13,4,30.40005333333333
2024,6,13,5,32.60548666666667
2024,6,13,6,35.56860666666667
2024,6,13,7,30.17711
2024,6,13,8,16.613706666666666
2024,6,13,9,12.019616666666666
2024,6,13,10,11.189386666666666
2024,6,13,11,11.365609999999998
2024,6,13,12,11.792773333333336
2024,6,13,13,11.780963333333332
2024,6,13,14,12.933083333333334
2024,6,13,15,14.24992
2024,6,13,16,16.383943333333335
2024,6,13,17,16.54693
2024,6,13,18,23.2653
2024,6,13,19,31.12034333333333
2024,6,13,20,45.033636666666666
2024,6,13,21,48.28214
2024,6,13,22,38.76201
2024,6,13,23,31.446736666666663
2024,6,13,24,28.85792
2024,6,14,1,26.96726333333333
2024,6,14,2,27.472620000000003
2024,6,14,3,26.913456666666665
2024,6,14,4,24.63580333333333
2024,6,14,5,25.993996666666664
2024,6,14,6,28.17416
2024,6,14,7,21.943276666666662
2024,6,14,8,7.585346666666666
2024,6,14,9,4.617556666666666
2024,6,14,10,4.181503333333333
2024,6,14,11,3.248263333333333
2024,6,14,12,3.2199166666666663
2024,6,14,13,3.8015066666666666
2024,6,14,14,4.972326666666667
2024,6,14,15,7.945786666666667
2024,6,14,16,10.589126666666669
2024,6,14,17,13.250163333333331
2024,6,14,18,22.569503333333333
2024,6,14,19,30.932976666666665
2024,6,14,20,45.14995666666667
2024,6,14,21,48.131773333333335
2024,6,14,22,41.55039666666666
2024,6,14,23,32.106696666666664
2024,6,14,24,30.66371666666667
2024,6,15,1,28.2118
2024,6,15,2,27.127496666666666
2024,6,15,3,27.088956666666665
2024,6,15,4,26.958296666666666
2024,6,15,5,25.933516666666662
2024,6,15,6,26.79304666666667
2024,6,15,7,15.63074
2024,6,15,8,-4.246486666666667
2024,6,15,9,-11.224403333333331
2024,6,15,10,-11.90121
2024,6,15,11,-11.563533333333334
2024,6,15,12,-12.13156
2024,6,15,13,-10.488406666666668
2024,6,15,14,-9.844733333333332
2024,6,15,15,-4.4093
2024,6,15,16,-2.11025
2024,6,15,17,5.536696666666667
2024,6,15,18,18.67903
2024,6,15,19,29.96206
2024,6,15,20,44.02685666666667
2024,6,15,21,47.49015666666667
2024,6,15,22,40.54049333333333
2024,6,15,23,31.25988666666667
2024,6,15,24,30.45471333333333
2024,6,16,1,26.588963333333336
2024,6,16,2,25.473096666666667
2024,6,16,3,24.26278333333333
2024,6,16,4,24.12719333333333
2024,6,16,5,22.800556666666665
2024,6,16,6,21.166106666666668
2024,6,16,7,7.035123333333334
2024,6,16,8,-17.679486666666666
2024,6,16,9,-22.831703333333333
2024,6,16,10,-24.18624
2024,6,16,11,-23.18733333333333
2024,6,16,12,-22.77726333333333
2024,6,16,13,-22.65873
2024,6,16,14,-22.471523333333334
2024,6,16,15,-22.29058333333333
2024,6,16,16,-14.044386666666668
2024,6,16,17,-7.442716666666667
2024,6,16,18,6.342413333333333
2024,6,16,19,24.769926666666667
2024,6,16,20,35.39919666666667
2024,6,16,21,43.43998333333334
2024,6,16,22,37.32582
2024,6,16,23,30.456083333333336
2024,6,16,24,29.550510000000003
2024,6,17,1,28.20606
2024,6,17,2,25.892266666666668
2024,6,17,3,27.47918333333333
2024,6,17,4,25.26010666666667
2024,6,17,5,27.655326666666667
2024,6,17,6,29.98373
2024,6,17,7,21.31028
2024,6,17,8,0.18644
2024,6,17,9,-4.907753333333333
2024,6,17,10,-6.906276666666667
2024,6,17,11,-7.946916666666667
2024,6,17,12,-8.43848
2024,6,17,13,-13.030356666666668
2024,6,17,14,-10.380543333333334
2024,6,17,15,-7.78002
2024,6,17,16,-3.974166666666666
2024,6,17,17,-2.5534866666666667
2024,6,17,18,9.74176
2024,6,17,19,27.818326666666668
2024,6,17,20,39.65653666666666
2024,6,17,21,43.51033666666667
2024,6,17,22,36.28509666666667
2024,6,17,23,29.9651
2024,6,17,24,29.54866
2024,6,18,1,27.64013333333333
2024,6,18,2,25.979646666666667
2024,6,18,3,25.45320666666667
2024,6,18,4,25.29515
2024,6,18,5,27.90009
2024,6,18,6,30.04212
2024,6,18,7,26.232160000000004
2024,6,18,8,9.631296666666666
2024,6,18,9,4.70935
2024,6,18,10,4.3120433333333335
2024,6,18,11,4.50272
2024,6,18,12,3.657173333333333
2024,6,18,13,4.226719999999999
2024,6,18,14,5.725993333333334
2024,6,18,15,6.69203
2024,6,18,16,10.247733333333334
2024,6,18,17,15.806956666666666
2024,6,18,18,23.310630000000003
2024,6,18,19,31.547126666666667
2024,6,18,20,44.47651333333334
2024,6,18,21,49.28269333333333
2024,6,18,22,38.896816666666666
2024,6,18,23,31.863106666666663
2024,6,18,24,28.957263333333334
2024,6,19,1,33.32316
2024,6,19,2,29.24912
2024,6,19,3,28.707876666666667
2024,6,19,4,28.16584333333333
2024,6,19,5,31.036023333333333
2024,6,19,6,32.45010333333334
2024,6,19,7,27.25601333333333
2024,6,19,8,8.615216666666667
2024,6,19,9,0.5331499999999999
2024,6,19,10,-3.65225
2024,6,19,11,-2.6949400000000003
2024,6,19,12,-2.7396733333333336
2024,6,19,13,-2.750763333333333
2024,6,19,14,-2.5007433333333333
2024,6,19,15,-2.4572966666666667
2024,6,19,16,-0.1079666666666667
2024,6,19,17,6.321516666666667
2024,6,19,18,17.635603333333332
2024,6,19,19,29.34774
2024,6,19,20,42.27421
2024,6,19,21,47.44401666666667
2024,6,19,22,40.06991
2024,6,19,23,31.39698333333333
2024,6,19,24,31.6489
2024,6,20,1,30.07681666666667
2024,6,20,2,28.48946666666667
2024,6,20,3,27.97753
2024,6,20,4,27.923536666666667
2024,6,20,5,29.42976333333333
2024,6,20,6,32.41516333333333
2024,6,20,7,27.712546666666668
2024,6,20,8,13.509516666666668
2024,6,20,9,5.4485133333333335
2024,6,20,10,3.810126666666666
2024,6,20,11,4.2201933333333335
2024,6,20,12,4.422396666666667
2024,6,20,13,3.6374
2024,6,20,14,5.545356666666667
2024,6,20,15,6.17974
2024,6,20,16,11.12648
2024,6,20,17,13.305280000000002
2024,6,20,18,20.375306666666667
2024,6,20,19,29.938033333333333
2024,6,20,20,45.983360000000005
2024,6,20,21,50.39597
2024,6,20,22,39.19345666666667
2024,6,20,23,30.38908333333333
2024,6,20,24,29.69326333333333
2024,6,21,1,33.5776
2024,6,21,2,29.67401
2024,6,21,3,28.917203333333333
2024,6,21,4,29.04544
2024,6,21,5,30.46083
2024,6,21,6,34.80415333333333
2024,6,21,7,32.75402
2024,6,21,8,16.65514333333333
2024,6,21,9,14.277003333333331
2024,6,21,10,13.70042
2024,6,21,11,14.642926666666668
2024,6,21,12,14.68874
2024,6,21,13,15.158283333333332
2024,6,21,14,15.085933333333337
2024,6,21,15,18.8026
2024,6,21,16,24.32737
2024,6,21,17,28.570576666666668
2024,6,21,18,32.83331999999999
2024,6,21,19,45.5031
2024,6,21,20,57.069590000000005
2024,6,21,21,57.84142
2024,6,21,22,49.79956000000001
2024,6,21,23,40.710186666666665
2024,6,21,24,35.35076
2024,6,22,1,37.554876666666665
2024,6,22,2,35.77882333333333
2024,6,22,3,35.931693333333335
2024,6,22,4,33.26013666666666
2024,6,22,5,31.58629333333333
2024,6,22,6,34.27162333333333
2024,6,22,7,31.16877333333333
2024,6,22,8,21.137236666666663
2024,6,22,9,17.627613333333333
2024,6,22,10,14.581093333333332
2024,6,22,11,16.447463333333335
2024,6,22,12,17.613286666666667
2024,6,22,13,19.798483333333333
2024,6,22,14,22.12694
2024,6,22,15,26.76975333333333
2024,6,22,16,30.094916666666663
2024,6,22,17,32.987793333333336
2024,6,22,18,37.307856666666666
2024,6,22,19,51.47608
2024,6,22,20,62.561980000000005
2024,6,22,21,63.26959
2024,6,22,22,51.51155666666667
2024,6,22,23,51.138556666666666
2024,6,22,24,40.019216666666665
2024,6,23,1,38.166826666666665
2024,6,23,2,37.44647
2024,6,23,3,37.055346666666665
2024,6,23,4,35.48935666666667
2024,6,23,5,35.25893333333333
2024,6,23,6,36.45822666666666
2024,6,23,7,30.45392
2024,6,23,8,20.18576333333333
2024,6,23,9,18.04208333333333
2024,6,23,10,17.13129
2024,6,23,11,18.82841
2024,6,23,12,19.08126
2024,6,23,13,19.898856666666664
2024,6,23,14,19.341876666666668
2024,6,23,15,27.823433333333337
2024,6,23,16,31.046246666666672
2024,6,23,17,34.28485666666666
2024,6,23,18,37.82589333333333
2024,6,23,19,45.14066
2024,6,23,20,56.00026
2024,6,23,21,58.268233333333335
2024,6,23,22,48.857130000000005
2024,6,23,23,44.24005666666667
2024,6,23,24,38.42112666666667
2024,6,24,1,38.71368
2024,6,24,2,39.06580666666667
2024,6,24,3,33.586796666666665
2024,6,24,4,33.44036
2024,6,24,5,33.349226666666674
2024,6,24,6,39.82109666666667
2024,6,24,7,35.269173333333335
2024,6,24,8,28.33756
2024,6,24,9,26.420996666666667
2024,6,24,10,26.293566666666667
2024,6,24,11,27.146073333333334
2024,6,24,12,27.665406666666662
2024,6,24,13,27.796153333333333
2024,6,24,14,28.406636666666667
2024,6,24,15,29.09408666666667
2024,6,24,16,35.040636666666664
2024,6,24,17,36.89331333333333
2024,6,24,18,46.64106666666667
2024,6,24,19,57.44475666666667
2024,6,24,20,68.10722
2024,6,24,21,63.74779666666666
2024,6,24,22,54.58562333333333
2024,6,24,23,43.34274333333334
2024,6,24,24,39.62067666666667
2024,6,25,1,41.22616
2024,6,25,2,40.74680666666666
2024,6,25,3,38.911123333333336
2024,6,25,4,39.00252666666667
2024,6,25,5,40.437963333333336
2024,6,25,6,43.90302666666667
2024,6,25,7,47.25451
2024,6,25,8,33.346560000000004
2024,6,25,9,32.0482
2024,6,25,10,32.2407
2024,6,25,11,32.179849999999995
2024,6,25,12,32.86798666666667
2024,6,25,13,32.86468333333334
2024,6,25,14,34.256123333333335
2024,6,25,15,34.261066666666665
2024,6,25,16,40.17791
2024,6,25,17,43.208850000000005
2024,6,25,18,50.66524666666667
2024,6,25,19,59.381400000000006
2024,6,25,20,74.48285333333332
2024,6,25,21,72.5448
2024,6,25,22,66.42035666666668
2024,6,25,23,49.561456666666665
2024,6,25,24,41.24326
2024,6,26,1,40.605133333333335
2024,6,26,2,43.28861333333333
2024,6,26,3,41.13554
2024,6,26,4,38.523590000000006
2024,6,26,5,38.842
2024,6,26,6,43.40521666666666
2024,6,26,7,40.18624333333333
2024,6,26,8,30.01324
2024,6,26,9,26.91893333333333
2024,6,26,10,24.72516333333333
2024,6,26,11,25.42431
2024,6,26,12,26.0528
2024,6,26,13,27.57551
2024,6,26,14,27.59458
2024,6,26,15,29.562780000000004
2024,6,26,16,33.54328
2024,6,26,17,35.97539666666666
2024,6,26,18,39.931266666666666
2024,6,26,19,50.4688
2024,6,26,20,62.34063333333334
2024,6,26,21,64.45313
2024,6,26,22,53.31694666666667
2024,6,26,23,48.50213666666667
2024,6,26,24,40.952106666666666
2024,6,27,1,39.91885333333334
2024,6,27,2,37.83142
2024,6,27,3,36.64378
2024,6,27,4,34.890926666666665
2024,6,27,5,36.70971333333333
2024,6,27,6,40.214756666666666
2024,6,27,7,35.59229
2024,6,27,8,24.616443333333333
2024,6,27,9,22.814896666666662
2024,6,27,10,20.565176666666662
2024,6,27,11,20.88446
2024,6,27,12,21.56376333333333
2024,6,27,13,22.01965
2024,6,27,14,22.89364
2024,6,27,15,25.98847
2024,6,27,16,27.337256666666665
2024,6,27,17,28.185996666666664
2024,6,27,18,35.697046666666665
2024,6,27,19,43.63154
2024,6,27,20,58.89594333333333
2024,6,27,21,63.209300000000006
2024,6,27,22,52.45837
2024,6,27,23,43.71591333333333
2024,6,27,24,38.55903333333333
2024,6,28,1,36.60309
2024,6,28,2,35.69366333333334
2024,6,28,3,35.038986666666666
2024,6,28,4,34.26556
2024,6,28,5,36.598333333333336
2024,6,28,6,40.03088666666667
2024,6,28,7,34.86724
2024,6,28,8,22.127016666666663
2024,6,28,9,21.40324666666667
2024,6,28,10,20.41615333333333
2024,6,28,11,20.51606
2024,6,28,12,20.21063
2024,6,28,13,19.70375
2024,6,28,14,20.36981
2024,6,28,15,22.70471333333333
2024,6,28,16,25.687766666666665
2024,6,28,17,31.33720333333333
2024,6,28,18,34.5088
2024,6,28,19,46.689633333333326
2024,6,28,20,57.986340000000006
2024,6,28,21,59.931753333333326
2024,6,28,22,57.49834666666667
2024,6,28,23,49.323910000000005
2024,6,28,24,45.769803333333336
2024,6,29,1,39.98907
2024,6,29,2,37.69363
2024,6,29,3,38.34379333333333
2024,6,29,4,37.00728333333333
2024,6,29,5,37.39109333333334
2024,6,29,6,38.23307
2024,6,29,7,31.91077
2024,6,29,8,17.251546666666666
2024,6,29,9,15.58792
2024,6,29,10,15.467043333333336
2024,6,29,11,15.392866666666668
2024,6,29,12,15.34863
2024,6,29,13,16.202003333333334
2024,6,29,14,17.07244
2024,6,29,15,19.828916666666668
2024,6,29,16,24.57687
2024,6,29,17,30.664716666666667
2024,6,29,18,35.12154666666667
2024,6,29,19,42.88829666666667
2024,6,29,20,61.01969666666667
2024,6,29,21,60.84187
2024,6,29,22,54.1538
2024,6,29,23,43.30866
2024,6,29,24,41.51024
2024,7,1,1,37.41930333333333
2024,7,1,2,35.08463666666667
2024,7,1,3,34.55341333333333
2024,7,1,4,34.51914333333334
2024,7,1,5,34.829926666666665
2024,7,1,6,38.468403333333335
2024,7,1,7,34.395540000000004
2024,7,1,8,26.955046666666664
2024,7,1,9,23.041696666666667
2024,7,1,10,25.089726666666667
2024,7,1,11,25.96867
2024,7,1,12,26.024936666666665
2024,7,1,13,26.467423333333333
2024,7,1,14,26.87172666666667
2024,7,1,15,31.06806333333333
2024,7,1,16,34.046173333333336
2024,7,1,17,37.08496333333333
2024,7,1,18,38.14533
2024,7,1,19,52.36598
2024,7,1,20,71.82332333333333
2024,7,1,21,70.95432
2024,7,1,22,58.28740666666666
2024,7,1,23,45.853633333333335
2024,7,1,24,41.61895333333334
2024,7,2,1,40.52706
2024,7,2,2,38.68861
2024,7,2,3,37.83966
2024,7,2,4,37.93698333333333
2024,7,2,5,38.423323333333336
2024,7,2,6,41.842043333333336
2024,7,2,7,41.10432
2024,7,2,8,30.845756666666663
2024,7,2,9,29.52454
2024,7,2,10,28.44527
2024,7,2,11,26.63175
2024,7,2,12,26.944503333333333
2024,7,2,13,26.302176666666668
2024,7,2,14,27.51426333333333
2024,7,2,15,28.47384
2024,7,2,16,36.16348666666666
2024,7,2,17,39.05529666666666
2024,7,2,18,47.52204
2024,7,2,19,55.12854000000001
2024,7,2,20,86.03254666666668
2024,7,2,21,74.86896
2024,7,2,22,60.13561666666666
2024,7,2,23,52.424933333333335
2024,7,2,24,45.988596666666666
2024,7,3,1,41.98405333333333
2024,7,3,2,38.10259333333334
2024,7,3,3,35.962226666666666
2024,7,3,4,35.51194666666667
2024,7,3,5,35.57873
2024,7,3,6,39.51447
2024,7,3,7,39.84141333333333
2024,7,3,8,31.942216666666667
2024,7,3,9,31.738623333333333
2024,7,3,10,30.15854
2024,7,3,11,31.60481
2024,7,3,12,30.42387
2024,7,3,13,26.83738333333333
2024,7,3,14,29.946700000000003
2024,7,3,15,26.998436666666667
2024,7,3,16,28.80258333333333
2024,7,3,17,41.30104666666667
2024,7,3,18,48.03396
2024,7,3,19,60.12617333333333
2024,7,3,20,113.67006
2024,7,3,21,79.99249666666667
2024,7,3,22,60.22896
2024,7,3,23,46.40694333333334
2024,7,3,24,40.25161666666667
2024,7,4,1,43.82557666666667
2024,7,4,2,36.93230333333333
2024,7,4,3,38.521006666666665
2024,7,4,4,38.204773333333335
2024,7,4,5,36.13451
2024,7,4,6,38.27824333333333
2024,7,4,7,32.36075333333333
2024,7,4,8,25.467696666666665
2024,7,4,9,24.003743333333333
2024,7,4,10,24.468276666666668
2024,7,4,11,24.35484
2024,7,4,12,25.34405333333333
2024,7,4,13,27.20262
2024,7,4,14,29.61103333333333
2024,7,4,15,30.602590000000003
2024,7,4,16,29.198923333333337
2024,7,4,17,36.03697
2024,7,4,18,44.97878333333333
2024,7,4,19,49.99608666666666
2024,7,4,20,71.59983333333334
2024,7,4,21,64.09718666666667
2024,7,4,22,59.514536666666665
2024,7,4,23,50.4082
2024,7,4,24,41.72865333333333
2024,7,5,1,38.36453666666667
2024,7,5,2,35.91516
2024,7,5,3,35.47877333333333
2024,7,5,4,35.49945
2024,7,5,5,35.545476666666666
2024,7,5,6,35.68769666666667
2024,7,5,7,39.371136666666665
2024,7,5,8,32.41769333333333
2024,7,5,9,31.29819333333333
2024,7,5,10,31.627856666666663
2024,7,5,11,33.71329666666667
2024,7,5,12,34.238553333333336
2024,7,5,13,35.08849333333333
2024,7,5,14,38.290243333333336
2024,7,5,15,43.004333333333335
2024,7,5,16,44.05658333333334
2024,7,5,17,46.88009
2024,7,5,18,57.30563
2024,7,5,19,91.53824666666668
2024,7,5,20,164.73074333333332
2024,7,5,21,136.63625
2024,7,5,22,79.52485333333334
2024,7,5,23,61.763223333333336
2024,7,5,24,51.33279666666667
2024,7,6,1,40.35159333333333
2024,7,6,2,38.18257333333333
2024,7,6,3,37.21384666666666
2024,7,6,4,38.16021
2024,7,6,5,37.95454
2024,7,6,6,37.78166333333333
2024,7,6,7,36.36568
2024,7,6,8,25.726033333333334
2024,7,6,9,23.67474
2024,7,6,10,24.54713
2024,7,6,11,25.53831
2024,7,6,12,26.03901
2024,7,6,13,28.049706666666665
2024,7,6,14,30.852856666666668
2024,7,6,15,33.65917666666667
2024,7,6,16,30.56822
2024,7,6,17,45.49763
2024,7,6,18,50.49994
2024,7,6,19,67.92636
2024,7,6,20,94.61883
2024,7,6,21,80.87520666666667
2024,7,6,22,61.4093
2024,7,6,23,51.29717
2024,7,6,24,40.98293666666667
2024,7,7,1,36.855156666666666
2024,7,7,2,36.79230666666667
2024,7,7,3,36.537036666666665
2024,7,7,4,34.876043333333335
2024,7,7,5,35.180836666666664
2024,7,7,6,34.89829666666667
2024,7,7,7,32.1358
2024,7,7,8,20.828216666666663
2024,7,7,9,16.70844
2024,7,7,10,17.008526666666665
2024,7,7,11,19.38093333333333
2024,7,7,12,20.16626
2024,7,7,13,21.830426666666668
2024,7,7,14,23.357856666666667
2024,7,7,15,27.005126666666666
2024,7,7,16,30.05032333333333
2024,7,7,17,34.99189333333333
2024,7,7,18,41.95438
2024,7,7,19,52.65414666666667
2024,7,7,20,63.55559
2024,7,7,21,61.77471666666667
2024,7,7,22,51.84697333333333
2024,7,7,23,42.221246666666666
2024,7,7,24,38.02344333333334
2024,7,8,1,35.763313333333336
2024,7,8,2,34.82393666666667
2024,7,8,3,33.43328333333333
2024,7,8,4,33.04091666666667
2024,7,8,5,33.05265
2024,7,8,6,34.466946666666665
2024,7,8,7,37.344343333333335
2024,7,8,8,31.71429333333333
2024,7,8,9,30.983496666666667
2024,7,8,10,31.016006666666662
2024,7,8,11,31.010783333333336
2024,7,8,12,32.02265666666667
2024,7,8,13,32.77897333333333
2024,7,8,14,36.299953333333335
2024,7,8,15,37.73554666666666
2024,7,8,16,50.01890666666666
2024,7,8,17,52.22702
2024,7,8,18,58.240296666666666
2024,7,8,19,75.45196
2024,7,8,20,139.33698333333334
2024,7,8,21,118.74169333333332
2024,7,8,22,72.59719
2024,7,8,23,54.69810666666666
2024,7,8,24,46.64642
2024,7,9,1,38.26496333333333
2024,7,9,2,37.33211666666667
2024,7,9,3,36.998086666666666
2024,7,9,4,36.67614
2024,7,9,5,38.78589
2024,7,9,6,41.595643333333335
2024,7,9,7,43.54610666666667
2024,7,9,8,33.21714
2024,7,9,9,32.16304
2024,7,9,10,31.25932666666667
2024,7,9,11,31.29238
2024,7,9,12,31.676066666666667
2024,7,9,13,33.11535333333333
2024,7,9,14,35.95853333333333
2024,7,9,15,42.288696666666674
2024,7,9,16,49.86828
2024,7,9,17,53.28694333333333
2024,7,9,18,65.19991
2024,7,9,19,98.29759
2024,7,9,20,205.45162
2024,7,9,21,151.68584333333334
2024,7,9,22,88.08260666666666
2024,7,9,23,58.71277
2024,7,9,24,49.92569666666666
2024,7,10,1,45.95519333333333
2024,7,10,2,43.01449
2024,7,10,3,41.50142333333333
2024,7,10,4,41.22272333333333
2024,7,10,5,41.469953333333336
2024,7,10,6,44.03013000000001
2024,7,10,7,40.74057333333334
2024,7,10,8,36.88399
2024,7,10,9,36.58061
2024,7,10,10,36.21204333333333
2024,7,10,11,35.89961
2024,7,10,12,36.62675
2024,7,10,13,38.13695666666667
2024,7,10,14,40.92299
2024,7,10,15,50.87207
2024,7,10,16,59.63648
2024,7,10,17,65.66337666666666
2024,7,10,18,84.23403
2024,7,10,19,201.75487666666663
2024,7,10,20,383.2976233333334
2024,7,10,21,221.3694333333333
2024,7,10,22,106.17400333333336
2024,7,10,23,71.11560666666666
2024,7,10,24,60.98039666666667
2024,7,11,1,55.313633333333335
2024,7,11,2,47.07627
2024,7,11,3,45.04880666666667
2024,7,11,4,44.92873333333333
2024,7,11,5,45.09692
2024,7,11,6,46.43185666666667
2024,7,11,7,47.14087333333333
2024,7,11,8,35.846583333333335
2024,7,11,9,33.61215
2024,7,11,10,36.88211
2024,7,11,11,34.690873333333336
2024,7,11,12,33.30173666666667
2024,7,11,13,35.92124333333333
2024,7,11,14,39.59397333333333
2024,7,11,15,43.93926
2024,7,11,16,45.17558333333333
2024,7,11,17,52.10752
2024,7,11,18,71.94977333333334
2024,7,11,19,233.73147666666668
2024,7,11,20,541.6986666666667
2024,7,11,21,234.85096666666664
2024,7,11,22,106.04751666666668
2024,7,11,23,65.85513
2024,7,11,24,60.18802
2024,7,12,1,44.75201666666667
2024,7,12,2,41.46317
2024,7,12,3,39.947120000000005
2024,7,12,4,39.57459333333333
2024,7,12,5,39.95861666666666
2024,7,12,6,41.16444333333333
2024,7,12,7,41.61614333333333
2024,7,12,8,39.30835
2024,7,12,9,38.37305
2024,7,12,10,36.65334333333333
2024,7,12,11,37.21651
2024,7,12,12,38.86454
2024,7,12,13,40.29398666666666
2024,7,12,14,43.30991666666667
2024,7,12,15,51.294606666666674
2024,7,12,16,54.10747
2024,7,12,17,54.32693666666668
2024,7,12,18,57.16301333333333
2024,7,12,19,108.39728
2024,7,12,20,217.82856666666663
2024,7,12,21,104.43295
2024,7,12,22,75.93286666666667
2024,7,12,23,61.73727
2024,7,12,24,55.65424
2024,7,13,1,42.83832666666667
2024,7,13,2,41.46376333333333
2024,7,13,3,38.94446333333334
2024,7,13,4,39.53409666666666
2024,7,13,5,39.93852
2024,7,13,6,39.63447666666666
2024,7,13,7,36.311036666666666
2024,7,13,8,30.73945333333333
2024,7,13,9,29.95075
2024,7,13,10,29.07290666666667
2024,7,13,11,28.89988333333333
2024,7,13,12,29.270893333333333
2024,7,13,13,30.436940000000003
2024,7,13,14,31.88492666666667
2024,7,13,15,35.051253333333335
2024,7,13,16,35.26917
2024,7,13,17,38.68923333333333
2024,7,13,18,49.66878333333333
2024,7,13,19,53.60422
2024,7,13,20,74.73602333333334
2024,7,13,21,59.13619333333333
2024,7,13,22,53.69514999999999
2024,7,13,23,47.651586666666674
2024,7,13,24,41.20786666666667
2024,7,14,1,41.51786666666667
2024,7,14,2,40.06767
2024,7,14,3,36.73663333333334
2024,7,14,4,36.167746666666666
2024,7,14,5,37.96428
2024,7,14,6,38.117
2024,7,14,7,34.53361
2024,7,14,8,28.30732
2024,7,14,9,25.49819666666667
2024,7,14,10,24.55507
2024,7,14,11,25.113596666666663
2024,7,14,12,25.45649
2024,7,14,13,24.95628333333333
2024,7,14,14,25.87613
2024,7,14,15,30.632506666666668
2024,7,14,16,31.45705666666667
2024,7,14,17,31.94070666666667
2024,7,14,18,34.13079333333334
2024,7,14,19,48.19813
2024,7,14,20,64.48251
2024,7,14,21,56.20643666666666
2024,7,14,22,47.55823333333333
2024,7,14,23,42.68182
2024,7,14,24,38.79655666666667
2024,7,15,1,34.32707333333334
2024,7,15,2,34.31125
2024,7,15,3,33.53729333333333
2024,7,15,4,33.27097666666666
2024,7,15,5,33.41690333333333
2024,7,15,6,38.85289333333333
2024,7,15,7,36.58476666666667
2024,7,15,8,31.80260333333333
2024,7,15,9,30.70406
2024,7,15,10,29.31062
2024,7,15,11,29.71888333333333
2024,7,15,12,29.448956666666664
2024,7,15,13,30.47868
2024,7,15,14,30.83466333333333
2024,7,15,15,33.00661
2024,7,15,16,36.28064
2024,7,15,17,37.08097
2024,7,15,18,41.62323666666666
2024,7,15,19,49.1632
2024,7,15,20,71.147
2024,7,15,21,58.52459
2024,7,15,22,50.07614
2024,7,15,23,42.94612
2024,7,15,24,39.09203333333333
2024,7,16,1,40.43570333333333
2024,7,16,2,38.04594
2024,7,16,3,37.69725666666667
2024,7,16,4,37.68655666666667
2024,7,16,5,39.154583333333335
2024,7,16,6,41.84594
2024,7,16,7,41.50396666666666
2024,7,16,8,33.68308666666667
2024,7,16,9,31.472026666666665
2024,7,16,10,30.43984
2024,7,16,11,30.93746
2024,7,16,12,31.51824666666667
2024,7,16,13,31.889286666666663
2024,7,16,14,33.47495333333333
2024,7,16,15,35.87976333333334
2024,7,16,16,37.15176666666667
2024,7,16,17,38.430236666666666
2024,7,16,18,44.12830333333333
2024,7,16,19,54.68898333333333
2024,7,16,20,73.42471
2024,7,16,21,63.42556666666667
2024,7,16,22,55.51417
2024,7,16,23,50.71141333333333
2024,7,16,24,42.685316666666665
2024,7,17,1,38.86986666666667
2024,7,17,2,37.67137
2024,7,17,3,34.75330666666667
2024,7,17,4,34.80674333333334
2024,7,17,5,35.86756
2024,7,17,6,40.66846
2024,7,17,7,39.31374
2024,7,17,8,31.618023333333337
2024,7,17,9,29.509626666666662
2024,7,17,10,28.62467333333333
2024,7,17,11,27.95286333333333
2024,7,17,12,28.72206
2024,7,17,13,28.96442
2024,7,17,14,30.153806666666668
2024,7,17,15,34.35998
2024,7,17,16,35.9537
2024,7,17,17,40.46627333333333
2024,7,17,18,46.871273333333335
2024,7,17,19,53.01372666666666
2024,7,17,20,69.83666666666666
2024,7,17,21,61.25877333333333
2024,7,17,22,51.76559666666666
2024,7,17,23,44.72347333333334
2024,7,17,24,41.01161
2024,7,18,1,42.29814
2024,7,18,2,40.77495
2024,7,18,3,37.67932666666667
2024,7,18,4,36.18846666666667
2024,7,18,5,37.65545
2024,7,18,6,42.02073333333333
2024,7,18,7,40.83620333333334
2024,7,18,8,36.424643333333336
2024,7,18,9,32.84653333333333
2024,7,18,10,31.179323333333333
2024,7,18,11,31.15862
2024,7,18,12,32.987966666666665
2024,7,18,13,32.85157
2024,7,18,14,34.685003333333334
2024,7,18,15,39.47929
2024,7,18,16,41.48373333333333
2024,7,18,17,43.33693333333333
2024,7,18,18,51.31950666666666
2024,7,18,19,64.16816333333334
2024,7,18,20,87.03996333333333
2024,7,18,21,69.39146666666666
2024,7,18,22,60.643040000000006
2024,7,18,23,47.077153333333335
2024,7,18,24,45.13915333333333
2024,7,19,1,42.08032666666666
2024,7,19,2,40.80613333333333
2024,7,19,3,40.39701
2024,7,19,4,40.09574666666666
2024,7,19,5,40.19025666666667
2024,7,19,6,42.551233333333336
2024,7,19,7,40.763533333333335
2024,7,19,8,37.08206333333333
2024,7,19,9,32.203313333333334
2024,7,19,10,32.98046
2024,7,19,11,32.79340333333334
2024,7,19,12,32.86871333333333
2024,7,19,13,33.99590333333333
2024,7,19,14,37.61317666666667
2024,7,19,15,41.60263333333333
2024,7,19,16,48.46124666666666
2024,7,19,17,53.14558
2024,7,19,18,63.49987000000001
2024,7,19,19,74.72200666666667
2024,7,19,20,137.36838666666668
2024,7,19,21,83.37516333333333
2024,7,19,22,65.44022666666666
2024,7,19,23,63.523300000000006
2024,7,19,24,52.999496666666666
2024,7,20,1,46.97656
2024,7,20,2,45.27885333333333
2024,7,20,3,41.57517333333333
2024,7,20,4,43.14912999999999
2024,7,20,5,41.66120333333333
2024,7,20,6,41.68002333333333
2024,7,20,7,39.94698333333333
2024,7,20,8,31.609079999999995
2024,7,20,9,28.36121
2024,7,20,10,27.086996666666664
2024,7,20,11,27.8433
2024,7,20,12,29.943276666666662
2024,7,20,13,31.72232
2024,7,20,14,33.195843333333336
2024,7,20,15,37.00115333333333
2024,7,20,16,43.28319
2024,7,20,17,46.262463333333336
2024,7,20,18,55.791023333333335
2024,7,20,19,63.48334333333333
2024,7,20,20,97.95191333333334
2024,7,20,21,72.16096666666667
2024,7,20,22,61.41918999999999
2024,7,20,23,56.88753
2024,7,20,24,47.92149
2024,7,21,1,52.92071666666666
2024,7,21,2,43.97665333333333
2024,7,21,3,41.07417333333333
2024,7,21,4,42.53618
2024,7,21,5,41.149476666666665
2024,7,21,6,43.56647666666667
2024,7,21,7,39.684673333333336
2024,7,21,8,30.170136666666664
2024,7,21,9,27.29517333333333
2024,7,21,10,24.81034333333333
2024,7,21,11,25.478753333333334
2024,7,21,12,26.95778
2024,7,21,13,28.16444
2024,7,21,14,29.51465
2024,7,21,15,35.0374
2024,7,21,16,37.24046333333333
2024,7,21,17,38.67590333333333
2024,7,21,18,46.28245999999999
2024,7,21,19,58.01844666666667
2024,7,21,20,78.42693
2024,7,21,21,65.20419
2024,7,21,22,58.78307333333333
2024,7,21,23,50.12748333333334
2024,7,21,24,44.22459666666666
2024,7,22,1,41.76395
2024,7,22,2,41.23574333333333
2024,7,22,3,38.81017
2024,7,22,4,38.30189333333333
2024,7,22,5,38.78791666666667
2024,7,22,6,43.16661666666667
2024,7,22,7,40.057696666666665
2024,7,22,8,35.72305
2024,7,22,9,32.363683333333334
2024,7,22,10,30.68091
2024,7,22,11,31.58286
2024,7,22,12,33.34172
2024,7,22,13,34.27151
2024,7,22,14,36.87526333333333
2024,7,22,15,38.493680000000005
2024,7,22,16,43.31208333333333
2024,7,22,17,54.19287
2024,7,22,18,53.51877666666667
2024,7,22,19,71.47793
2024,7,22,20,143.82160333333334
2024,7,22,21,77.01279666666666
2024,7,22,22,62.25307333333333
2024,7,22,23,57.51348333333333
2024,7,22,24,52.48764333333333
2024,7,23,1,47.43081
2024,7,23,2,45.10222000000001
2024,7,23,3,44.57116
2024,7,23,4,44.22239
2024,7,23,5,44.35228666666666
2024,7,23,6,44.767476666666674
2024,7,23,7,50.65380666666667
2024,7,23,8,41.00592666666666
2024,7,23,9,37.30015666666666
2024,7,23,10,36.78989666666666
2024,7,23,11,37.55627333333333
2024,7,23,12,38.77969333333333
2024,7,23,13,41.35731333333333
2024,7,23,14,45.53039666666666
2024,7,23,15,54.143386666666665
2024,7,23,16,57.7226
2024,7,23,17,60.80348333333333
2024,7,23,18,70.30860666666666
2024,7,23,19,121.04100666666666
2024,7,23,20,279.42071000000004
2024,7,23,21,127.88715
2024,7,23,22,81.04155333333334
2024,7,23,23,66.07944
2024,7,23,24,57.05068333333333
2024,7,24,1,52.78832666666667
2024,7,24,2,47.41638666666666
2024,7,24,3,43.78286333333333
2024,7,24,4,43.17364
2024,7,24,5,43.24152333333333
2024,7,24,6,46.84489666666667
2024,7,24,7,48.20886
2024,7,24,8,39.99554666666666
2024,7,24,9,36.42119666666667
2024,7,24,10,35.91627666666667
2024,7,24,11,36.65957
2024,7,24,12,37.34156
2024,7,24,13,39.57119666666667
2024,7,24,14,44.76051666666666
2024,7,24,15,54.58388
2024,7,24,16,57.18264
2024,7,24,17,57.02993666666666
2024,7,24,18,60.49061666666666
2024,7,24,19,88.16410333333333
2024,7,24,20,208.38554666666667
2024,7,24,21,97.63023666666668
2024,7,24,22,71.09388333333334
2024,7,24,23,61.54301666666667
2024,7,24,24,53.13152
2024,7,25,1,51.25136333333333
2024,7,25,2,46.36519333333333
2024,7,25,3,43.13915666666667
2024,7,25,4,42.58867333333333
2024,7,25,5,42.41388333333333
2024,7,25,6,44.476236666666665
2024,7,25,7,47.57615333333334
2024,7,25,8,39.85107
2024,7,25,9,36.811506666666666
2024,7,25,10,35.35441666666667
2024,7,25,11,34.65471
2024,7,25,12,36.13666333333333
2024,7,25,13,37.75822
2024,7,25,14,41.53168
2024,7,25,15,49.88055666666667
2024,7,25,16,48.13458666666667
2024,7,25,17,54.08031
2024,7,25,18,57.518393333333336
2024,7,25,19,97.07344333333332
2024,7,25,20,210.3868733333333
2024,7,25,21,125.58193
2024,7,25,22,74.76514333333334
2024,7,25,23,60.58750333333333
2024,7,25,24,55.50879666666666
2024,7,26,1,55.93404666666667
2024,7,26,2,48.35819
2024,7,26,3,44.69352
2024,7,26,4,43.52578333333333
2024,7,26,5,43.5831
2024,7,26,6,48.00897
2024,7,26,7,49.32489
2024,7,26,8,38.18795
2024,7,26,9,34.83165
2024,7,26,10,32.59376666666667
2024,7,26,11,32.543836666666664
2024,7,26,12,32.88529333333333
2024,7,26,13,34.158183333333334
2024,7,26,14,36.19491666666666
2024,7,26,15,39.7095
2024,7,26,16,40.24111666666666
2024,7,26,17,43.56895666666667
2024,7,26,18,50.76468333333333
2024,7,26,19,62.66932
2024,7,26,20,120.71965
2024,7,26,21,72.43317666666667
2024,7,26,22,61.41629333333333
2024,7,26,23,50.12837
2024,7,26,24,46.81284333333334
2024,7,27,1,42.51439333333334
2024,7,27,2,40.42878666666667
2024,7,27,3,38.78911333333333
2024,7,27,4,39.38147333333333
2024,7,27,5,40.047403333333335
2024,7,27,6,41.55395
2024,7,27,7,40.250076666666665
2024,7,27,8,31.011276666666664
2024,7,27,9,21.15212
2024,7,27,10,18.77509333333333
2024,7,27,11,18.12428
2024,7,27,12,18.507583333333333
2024,7,27,13,18.333583333333333
2024,7,27,14,19.54532
2024,7,27,15,22.16673
2024,7,27,16,28.59528
2024,7,27,17,29.47858666666667
2024,7,27,18,37.41516333333333
2024,7,27,19,49.14639
2024,7,27,20,62.027746666666665
2024,7,27,21,60.74542666666667
2024,7,27,22,51.44655666666667
2024,7,27,23,49.23539333333333
2024,7,27,24,42.86425666666667
2024,7,28,1,38.99068666666667
2024,7,28,2,39.18223
2024,7,28,3,38.76348
2024,7,28,4,35.86858
2024,7,28,5,37.61529333333333
2024,7,28,6,38.13035
2024,7,28,7,34.91397333333333
2024,7,28,8,25.101866666666663
2024,7,28,9,12.874196666666668
2024,7,28,10,11.35295
2024,7,28,11,8.914566666666666
2024,7,28,12,9.56022
2024,7,28,13,10.634253333333334
2024,7,28,14,11.93094
2024,7,28,15,13.322803333333333
2024,7,28,16,18.60365
2024,7,28,17,26.395463333333332
2024,7,28,18,34.53386333333333
2024,7,28,19,46.55992666666666
2024,7,28,20,58.71981333333334
2024,7,28,21,56.48097666666666
2024,7,28,22,48.12304333333333
2024,7,28,23,45.342123333333326
2024,7,28,24,37.85861
2024,7,29,1,35.64945666666667
2024,7,29,2,35.917966666666665
2024,7,29,3,35.168706666666665
2024,7,29,4,35.02919
2024,7,29,5,36.33099333333333
2024,7,29,6,41.41135333333333
2024,7,29,7,41.33995333333333
2024,7,29,8,32.606593333333336
2024,7,29,9,24.438906666666668
2024,7,29,10,22.972853333333333
2024,7,29,11,21.877476666666663
2024,7,29,12,22.68697
2024,7,29,13,23.022153333333332
2024,7,29,14,23.472156666666667
2024,7,29,15,25.85399666666667
2024,7,29,16,30.11001
2024,7,29,17,31.588800000000003
2024,7,29,18,38.784333333333336
2024,7,29,19,47.68418333333333
2024,7,29,20,62.85428666666667
2024,7,29,21,57.61865
2024,7,29,22,46.59905
2024,7,29,23,46.00497666666666
2024,7,29,24,39.974736666666665
2024,7,30,1,37.97771
2024,7,30,2,35.52216333333333
2024,7,30,3,33.00960666666667
2024,7,30,4,33.04297666666667
2024,7,30,5,34.46507666666667
2024,7,30,6,34.954303333333336
2024,7,30,7,35.16354333333333
2024,7,30,8,26.51839
2024,7,30,9,17.976666666666667
2024,7,30,10,15.147870000000005
2024,7,30,11,15.85677
2024,7,30,12,16.238743333333336
2024,7,30,13,17.617076666666666
2024,7,30,14,19.53363
2024,7,30,15,23.662796666666665
2024,7,30,16,27.926976666666665
2024,7,30,17,28.43997
2024,7,30,18,32.237010000000005
2024,7,30,19,46.53026333333333
2024,7,30,20,58.1157
2024,7,30,21,53.02597333333333
2024,7,30,22,48.24791333333334
2024,7,30,23,45.0743
2024,7,30,24,38.124696666666665
2024,8,1,1,43.82358333333334
2024,8,1,2,45.461333333333336
2024,8,1,3,42.64689666666666
2024,8,1,4,42.05261333333333
2024,8,1,5,42.55769333333333
2024,8,1,6,43.29506333333333
2024,8,1,7,48.81971000000001
2024,8,1,8,41.15940333333334
2024,8,1,9,37.84892
2024,8,1,10,34.307723333333335
2024,8,1,11,35.86159
2024,8,1,12,37.300646666666665
2024,8,1,13,38.42745666666666
2024,8,1,14,40.18147
2024,8,1,15,45.80505
2024,8,1,16,56.44492666666667
2024,8,1,17,60.52279000000001
2024,8,1,18,70.67079333333334
2024,8,1,19,101.07943333333333
2024,8,1,20,168.52942
2024,8,1,21,92.36676666666666
2024,8,1,22,74.69080000000001
2024,8,1,23,59.740903333333335
2024,8,1,24,54.10369666666667
2024,8,2,1,57.40868666666668
2024,8,2,2,56.11203
2024,8,2,3,47.46041333333333
2024,8,2,4,46.77950666666667
2024,8,2,5,47.13314666666667
2024,8,2,6,54.85749666666667
2024,8,2,7,55.95281666666667
2024,8,2,8,44.21386
2024,8,2,9,42.37575666666667
2024,8,2,10,40.71383333333333
2024,8,2,11,39.53360333333333
2024,8,2,12,41.609766666666665
2024,8,2,13,41.78863333333334
2024,8,2,14,45.177083333333336
2024,8,2,15,52.24235333333333
2024,8,2,16,60.74048333333334
2024,8,2,17,67.25827
2024,8,2,18,80.21493333333333
2024,8,2,19,128.36907
2024,8,2,20,215.49252666666663
2024,8,2,21,117.09712
2024,8,2,22,79.24736333333334
2024,8,2,23,63.20212
2024,8,2,24,57.855520000000006
2024,8,3,1,56.917370000000005
2024,8,3,2,56.39139333333333
2024,8,3,3,50.48150999999999
2024,8,3,4,44.94556666666667
2024,8,3,5,45.750773333333335
2024,8,3,6,45.5864
2024,8,3,7,44.798226666666665
2024,8,3,8,37.26174333333333
2024,8,3,9,32.68785666666667
2024,8,3,10,31.426686666666665
2024,8,3,11,32.93365666666667
2024,8,3,12,33.69426333333333
2024,8,3,13,36.19163666666666
2024,8,3,14,39.47376
2024,8,3,15,41.71713
2024,8,3,16,51.31867666666667
2024,8,3,17,58.06057666666666
2024,8,3,18,64.59623
2024,8,3,19,113.01923
2024,8,3,20,229.21904666666669
2024,8,3,21,94.94474333333334
2024,8,3,22,69.18118666666668
2024,8,3,23,58.97258
2024,8,3,24,54.19973666666667
2024,8,4,1,46.15451
2024,8,4,2,43.942056666666666
2024,8,4,3,41.39202333333333
2024,8,4,4,39.60213
2024,8,4,5,39.62775333333334
2024,8,4,6,41.599516666666666
2024,8,4,7,38.53250666666667
2024,8,4,8,33.4813
2024,8,4,9,29.18316
2024,8,4,10,27.473596666666666
2024,8,4,11,29.70651
2024,8,4,12,32.19981666666667
2024,8,4,13,35.093286666666664
2024,8,4,14,39.30623
2024,8,4,15,42.45928666666666
2024,8,4,16,46.36957
2024,8,4,17,52.057633333333335
2024,8,4,18,64.0292
2024,8,4,19,92.15708666666669
2024,8,4,20,175.0848
2024,8,4,21,87.11774666666668
2024,8,4,22,65.05458333333333
2024,8,4,23,55.91137333333334
2024,8,4,24,49.52370666666667
2024,8,5,1,50.997036666666666
2024,8,5,2,45.49661
2024,8,5,3,43.16468
2024,8,5,4,42.82103
2024,8,5,5,43.16087666666667
2024,8,5,6,47.39597666666666
2024,8,5,7,51.66803333333333
2024,8,5,8,42.36438666666667
2024,8,5,9,39.60261
2024,8,5,10,37.20139666666666
2024,8,5,11,38.673006666666666
2024,8,5,12,40.09593
2024,8,5,13,43.283620000000006
2024,8,5,14,50.841993333333335
2024,8,5,15,58.15735333333333
2024,8,5,16,63.72498333333333
2024,8,5,17,76.67465
2024,8,5,18,97.89616333333332
2024,8,5,19,177.3214866666667
2024,8,5,20,294.17547
2024,8,5,21,123.59192333333333
2024,8,5,22,85.12058
2024,8,5,23,59.07996333333333
2024,8,5,24,53.60059
2024,8,6,1,43.82874333333333
2024,8,6,2,41.39193333333333
2024,8,6,3,40.64397333333333
2024,8,6,4,40.61706
2024,8,6,5,40.987406666666665
2024,8,6,6,44.76047
2024,8,6,7,45.42242333333333
2024,8,6,8,40.119796666666666
2024,8,6,9,38.01242333333334
2024,8,6,10,36.92027
2024,8,6,11,38.12414666666667
2024,8,6,12,38.3336
2024,8,6,13,38.60668666666667
2024,8,6,14,41.162506666666665
2024,8,6,15,45.16165333333333
2024,8,6,16,55.904386666666674
2024,8,6,17,66.05279999999999
2024,8,6,18,85.45897333333333
2024,8,6,19,164.81984333333332
2024,8,6,20,308.82297666666665
2024,8,6,21,129.45242666666667
2024,8,6,22,81.46489666666668
2024,8,6,23,60.54734
2024,8,6,24,49.583916666666674
2024,8,7,1,41.597730000000006
2024,8,7,2,40.14734666666667
2024,8,7,3,39.81704
2024,8,7,4,39.56501666666667
2024,8,7,5,39.66295333333333
2024,8,7,6,40.45767666666666
2024,8,7,7,43.45032666666666
2024,8,7,8,38.386473333333335
2024,8,7,9,33.91803
2024,8,7,10,33.203489999999995
2024,8,7,11,33.34423
2024,8,7,12,33.57797333333333
2024,8,7,13,34.17592666666667
2024,8,7,14,37.543416666666666
2024,8,7,15,39.347613333333335
2024,8,7,16,43.27368333333334
2024,8,7,17,45.49563666666666
2024,8,7,18,53.03401
2024,8,7,19,65.68739000000001
2024,8,7,20,111.19902666666668
2024,8,7,21,69.96772666666666
2024,8,7,22,58.44165666666667
2024,8,7,23,49.91796
2024,8,7,24,43.35509
2024,8,8,1,40.6346
2024,8,8,2,38.77533666666667
2024,8,8,3,35.76002666666667
2024,8,8,4,33.92942333333334
2024,8,8,5,35.42722333333334
2024,8,8,6,38.02211666666667
2024,8,8,7,38.38554666666666
2024,8,8,8,33.73641666666666
2024,8,8,9,28.687036666666668
2024,8,8,10,27.43911333333333
2024,8,8,11,26.63688
2024,8,8,12,28.12505
2024,8,8,13,28.57147
2024,8,8,14,30.449123333333333
2024,8,8,15,33.05925333333334
2024,8,8,16,35.317193333333336
2024,8,8,17,40.350966666666665
2024,8,8,18,50.86162333333333
2024,8,8,19,56.9297
2024,8,8,20,68.54496666666667
2024,8,8,21,58.92314
2024,8,8,22,55.23232333333333
2024,8,8,23,52.66867
2024,8,8,24,41.8852
2024,8,9,1,35.46986666666667
2024,8,9,2,33.236093333333336
2024,8,9,3,32.846376666666664
2024,8,9,4,32.58604
2024,8,9,5,32.769486666666666
2024,8,9,6,35.69170666666667
2024,8,9,7,36.12536
2024,8,9,8,30.56445666666667
2024,8,9,9,28.402426666666667
2024,8,9,10,27.24771
2024,8,9,11,27.04641
2024,8,9,12,27.32265
2024,8,9,13,27.91522
2024,8,9,14,29.37794
2024,8,9,15,32.20039333333333
2024,8,9,16,34.91745666666667
2024,8,9,17,37.35778666666667
2024,8,9,18,44.41755666666666
2024,8,9,19,53.45410666666667
2024,8,9,20,67.23768666666668
2024,8,9,21,55.36654000000001
2024,8,9,22,49.397796666666665
2024,8,9,23,47.821266666666666
2024,8,9,24,42.577686666666665
2024,8,10,1,36.636253333333336
2024,8,10,2,36.35252666666667
2024,8,10,3,34.855603333333335
2024,8,10,4,35.622656666666664
2024,8,10,5,35.33435333333333
2024,8,10,6,35.11323333333333
2024,8,10,7,32.421396666666666
2024,8,10,8,27.48109666666667
2024,8,10,9,21.075416666666666
2024,8,10,10,22.20314
2024,8,10,11,22.810393333333334
2024,8,10,12,25.11309333333333
2024,8,10,13,26.805516666666666
2024,8,10,14,27.41477
2024,8,10,15,29.71419
2024,8,10,16,33.764626666666665
2024,8,10,17,31.905553333333334
2024,8,10,18,37.73523
2024,8,10,19,44.36122
2024,8,10,20,56.57362666666666
2024,8,10,21,50.11236333333333
2024,8,10,22,43.949036666666665
2024,8,10,23,44.27174666666667
2024,8,10,24,39.90911333333333
2024,8,11,1,34.54940666666667
2024,8,11,2,34.1066
2024,8,11,3,33.897976666666665
2024,8,11,4,33.697743333333335
2024,8,11,5,33.38445333333333
2024,8,11,6,33.24467333333333
2024,8,11,7,32.07861333333333
2024,8,11,8,22.259936666666665
2024,8,11,9,15.640679999999998
2024,8,11,10,17.901646666666668
2024,8,11,11,18.00537
2024,8,11,12,18.78587333333333
2024,8,11,13,19.448116666666667
2024,8,11,14,21.0445
2024,8,11,15,24.57516
2024,8,11,16,28.374213333333334
2024,8,11,17,29.669103333333336
2024,8,11,18,36.60995
2024,8,11,19,43.00418333333334
2024,8,11,20,55.00706666666667
2024,8,11,21,47.90955666666667
2024,8,11,22,43.77419
2024,8,11,23,42.9534
2024,8,11,24,38.778396666666666
2024,8,12,1,33.795943333333334
2024,8,12,2,32.63282
2024,8,12,3,32.290956666666666
2024,8,12,4,32.22383333333334
2024,8,12,5,33.21006
2024,8,12,6,37.33541333333333
2024,8,12,7,37.49937666666667
2024,8,12,8,32.54945
2024,8,12,9,25.15736
2024,8,12,10,22.805053333333333
2024,8,12,11,23.194086666666667
2024,8,12,12,23.755569999999995
2024,8,12,13,24.88438333333333
2024,8,12,14,25.82387
2024,8,12,15,28.3198
2024,8,12,16,30.44676
2024,8,12,17,30.601066666666668
2024,8,12,18,39.87008
2024,8,12,19,46.857866666666666
2024,8,12,20,56.91818666666666
2024,8,12,21,50.34450666666667
2024,8,12,22,46.54586333333333
2024,8,12,23,44.279263333333326
2024,8,12,24,37.93505
2024,8,13,1,33.39589
2024,8,13,2,31.755433333333333
2024,8,13,3,31.38267
2024,8,13,4,31.51766
2024,8,13,5,32.02417333333333
2024,8,13,6,33.30621333333333
2024,8,13,7,36.62792
2024,8,13,8,27.823696666666667
2024,8,13,9,18.35012333333333
2024,8,13,10,17.661640000000002
2024,8,13,11,16.55563
2024,8,13,12,16.55744
2024,8,13,13,16.890303333333332
2024,8,13,14,19.8469
2024,8,13,15,22.846656666666664
2024,8,13,16,27.680263333333333
2024,8,13,17,28.254876666666664
2024,8,13,18,34.526543333333336
2024,8,13,19,45.82307
2024,8,13,20,55.07215
2024,8,13,21,49.32303666666667
2024,8,13,22,45.30740333333333
2024,8,13,23,42.63312333333334
2024,8,13,24,38.16800333333333
2024,8,14,1,36.19447333333333
2024,8,14,2,33.324083333333334
2024,8,14,3,30.82048333333333
2024,8,14,4,30.75051666666667
2024,8,14,5,30.922776666666664
2024,8,14,6,36.86974
2024,8,14,7,39.58422333333333
2024,8,14,8,30.39963333333333
2024,8,14,9,19.783853333333333
2024,8,14,10,18.644
2024,8,14,11,18.64722666666667
2024,8,14,12,19.38058
2024,8,14,13,19.825196666666667
2024,8,14,14,22.06309
2024,8,14,15,22.688886666666665
2024,8,14,16,28.97853333333333
2024,8,14,17,30.97501
2024,8,14,18,38.08320666666666
2024,8,14,19,48.672176666666665
2024,8,14,20,52.88729333333333
2024,8,14,21,48.32055333333333
2024,8,14,22,41.56698333333333
2024,8,14,23,39.32211333333333
2024,8,14,24,37.56059
2024,8,15,1,35.22976
2024,8,15,2,34.12348
2024,8,15,3,31.548763333333337
2024,8,15,4,31.128676666666667
2024,8,15,5,30.869106666666667
2024,8,15,6,34.929849999999995
2024,8,15,7,35.24242666666667
2024,8,15,8,27.36663
2024,8,15,9,16.802606666666666
2024,8,15,10,14.331166666666666
2024,8,15,11,16.157833333333333
2024,8,15,12,18.825006666666667
2024,8,15,13,19.76654333333333
2024,8,15,14,21.193863333333333
2024,8,15,15,22.921966666666663
2024,8,15,16,29.599266666666665
2024,8,15,17,30.135816666666667
2024,8,15,18,37.19288333333333
2024,8,15,19,49.18879
2024,8,15,20,57.926883333333336
2024,8,15,21,50.51342666666667
2024,8,15,22,44.47976333333333
2024,8,15,23,40.44677
2024,8,15,24,37.67858
2024,8,16,1,35.16407
2024,8,16,2,32.618703333333336
2024,8,16,3,31.90957333333333
2024,8,16,4,31.64202
2024,8,16,5,31.62392333333333
2024,8,16,6,35.05219
2024,8,16,7,37.44268
2024,8,16,8,30.056093333333333
2024,8,16,9,19.81516
2024,8,16,10,17.208113333333333
2024,8,16,11,19.055696666666663
2024,8,16,12,21.85991
2024,8,16,13,22.17836
2024,8,16,14,26.66811333333333
2024,8,16,15,29.55153
2024,8,16,16,33.17418333333333
2024,8,16,17,35.96821
2024,8,16,18,45.679543333333335
2024,8,16,19,53.20902666666667
2024,8,16,20,60.19528666666667
2024,8,16,21,53.67361666666667
2024,8,16,22,47.83860000000001
2024,8,16,23,46.75945
2024,8,16,24,42.33599333333333
2024,8,17,1,39.45021666666667
2024,8,17,2,38.04871333333333
2024,8,17,3,36.075253333333336
2024,8,17,4,36.85751
2024,8,17,5,35.85452
2024,8,17,6,36.14138
2024,8,17,7,35.19182
2024,8,17,8,27.78225
2024,8,17,9,17.957916666666666
2024,8,17,10,16.393046666666667
2024,8,17,11,15.961906666666666
2024,8,17,12,15.419366666666669
2024,8,17,13,16.405373333333333
2024,8,17,14,17.721406666666667
2024,8,17,15,19.793366666666667
2024,8,17,16,23.85992
2024,8,17,17,25.09882333333333
2024,8,17,18,34.208306666666665
2024,8,17,19,42.079323333333335
2024,8,17,20,49.98166
2024,8,17,21,44.14708666666667
2024,8,17,22,41.38895333333333
2024,8,17,23,39.71234666666667
2024,8,17,24,37.860616666666665
2024,8,18,1,35.03431333333333
2024,8,18,2,34.50093666666667
2024,8,18,3,30.491933333333336
2024,8,18,4,30.24058666666667
2024,8,18,5,32.558393333333335
2024,8,18,6,34.409753333333335
2024,8,18,7,34.663336666666666
2024,8,18,8,25.62211333333333
2024,8,18,9,16.385316666666665
2024,8,18,10,15.37796
2024,8,18,11,14.307906666666668
2024,8,18,12,15.748246666666669
2024,8,18,13,17.465863333333335
2024,8,18,14,17.949389999999998
2024,8,18,15,20.51494
2024,8,18,16,25.285833333333333
2024,8,18,17,27.0134
2024,8,18,18,34.60093333333334
2024,8,18,19,45.7813
2024,8,18,20,54.42714333333333
2024,8,18,21,48.765926666666665
2024,8,18,22,46.23158
2024,8,18,23,41.01651
2024,8,18,24,36.34724333333333
2024,8,19,1,36.65354666666666
2024,8,19,2,33.39517333333333
2024,8,19,3,33.058726666666665
2024,8,19,4,32.81073333333333
2024,8,19,5,33.084736666666664
2024,8,19,6,38.3199
2024,8,19,7,39.35198
2024,8,19,8,30.976226666666665
2024,8,19,9,23.51037333333333
2024,8,19,10,22.38721333333333
2024,8,19,11,22.67838
2024,8,19,12,24.453893333333337
2024,8,19,13,26.01545333333333
2024,8,19,14,27.11490333333333
2024,8,19,15,29.225183333333334
2024,8,19,16,33.189910000000005
2024,8,19,17,34.54985333333333
2024,8,19,18,39.28841666666667
2024,8,19,19,50.01704
2024,8,19,20,64.77466
2024,8,19,21,55.86814666666667
2024,8,19,22,43.35927333333333
2024,8,19,23,43.87061666666667
2024,8,19,24,37.60221333333333
2024,8,20,1,35.703203333333335
2024,8,20,2,33.17455666666667
2024,8,20,3,32.83837666666667
2024,8,20,4,32.39250666666667
2024,8,20,5,32.351236666666665
2024,8,20,6,33.35402
2024,8,20,7,36.98862666666667
2024,8,20,8,29.86935
2024,8,20,9,23.05823
2024,8,20,10,22.61876666666667
2024,8,20,11,21.530203333333333
2024,8,20,12,24.123783333333336
2024,8,20,13,24.704706666666667
2024,8,20,14,26.16871
2024,8,20,15,29.378626666666666
2024,8,20,16,32.641016666666665
2024,8,20,17,33.42593333333333
2024,8,20,18,37.35419
2024,8,20,19,48.01013333333333
2024,8,20,20,69.39352666666666
2024,8,20,21,51.168866666666666
2024,8,20,22,42.72944666666666
2024,8,20,23,38.589756666666666
2024,8,20,24,35.50768333333333
2024,8,21,1,34.32377666666667
2024,8,21,2,31.828876666666662
2024,8,21,3,31.917600000000004
2024,8,21,4,30.58547333333333
2024,8,21,5,30.4823
2024,8,21,6,35.4498
2024,8,21,7,35.554669999999994
2024,8,21,8,29.41123
2024,8,21,9,22.932773333333333
2024,8,21,10,21.86129
2024,8,21,11,20.99600333333333
2024,8,21,12,22.65589333333333
2024,8,21,13,24.02762
2024,8,21,14,25.432676666666666
2024,8,21,15,28.08355333333333
2024,8,21,16,30.227606666666663
2024,8,21,17,33.02273
2024,8,21,18,36.30123666666667
2024,8,21,19,47.32862666666667
2024,8,21,20,58.81215666666666
2024,8,21,21,48.19551333333334
2024,8,21,22,40.255246666666665
2024,8,21,23,39.87308333333333
2024,8,21,24,37.097100000000005
2024,8,22,1,36.69582666666667
2024,8,22,2,36.24261666666667
2024,8,22,3,35.549306666666666
2024,8,22,4,35.27695666666667
2024,8,22,5,35.49870333333333
2024,8,22,6,37.64611
2024,8,22,7,35.887683333333335
2024,8,22,8,30.22310333333333
2024,8,22,9,22.10737333333333
2024,8,22,10,19.801046666666668
2024,8,22,11,17.974763333333332
2024,8,22,12,18.210146666666667
2024,8,22,13,19.31459333333333
2024,8,22,14,20.518196666666668
2024,8,22,15,22.47263666666667
2024,8,22,16,23.83724666666667
2024,8,22,17,25.76545333333333
2024,8,22,18,32.128056666666666
2024,8,22,19,39.84224666666667
2024,8,22,20,49.68567
2024,8,22,21,46.77042666666667
2024,8,22,22,40.36424
2024,8,22,23,40.06290666666667
2024,8,22,24,38.183256666666665
2024,8,23,1,32.30532
2024,8,23,2,31.758106666666663
2024,8,23,3,30.65409333333333
2024,8,23,4,29.424026666666663
2024,8,23,5,29.344306666666668
2024,8,23,6,32.889473333333335
2024,8,23,7,33.754169999999995
2024,8,23,8,26.745716666666667
2024,8,23,9,14.021326666666669
2024,8,23,10,12.206976666666668
2024,8,23,11,11.578643333333332
2024,8,23,12,10.841256666666666
2024,8,23,13,10.362996666666666
2024,8,23,14,11.536126666666666
2024,8,23,15,11.904486666666664
2024,8,23,16,15.754726666666668
2024,8,23,17,20.48745666666667
2024,8,23,18,27.076956666666664
2024,8,23,19,35.69366333333333
2024,8,23,20,37.63662
2024,8,23,21,36.2314
2024,8,23,22,35.58408333333333
2024,8,23,23,35.059803333333335
2024,8,23,24,35.17039
2024,8,24,1,29.621303333333334
2024,8,24,2,29.968566666666664
2024,8,24,3,28.401453333333333
2024,8,24,4,27.68162666666667
2024,8,24,5,29.038083333333333
2024,8,24,6,28.810716666666668
2024,8,24,7,27.45497333333333
2024,8,24,8,8.223840000000001
2024,8,24,9,-1.6963233333333336
2024,8,24,10,-3.6714133333333336
2024,8,24,11,-4.264386666666667
2024,8,24,12,-5.577093333333333
2024,8,24,13,-5.372033333333333
2024,8,24,14,-5.2556
2024,8,24,15,-4.821296666666666
2024,8,24,16,-3.7568433333333338
2024,8,24,17,-1.7909033333333333
2024,8,24,18,14.825876666666668
2024,8,24,19,27.82181333333333
2024,8,24,20,31.307356666666664
2024,8,24,21,30.621256666666667
2024,8,24,22,29.26533
2024,8,24,23,28.4182
2024,8,24,24,27.99290666666667
2024,8,25,1,25.351693333333333
2024,8,25,2,25.40014333333333
2024,8,25,3,25.20565666666667
2024,8,25,4,25.065696666666668
2024,8,25,5,25.120783333333332
2024,8,25,6,24.79968
2024,8,25,7,25.23457
2024,8,25,8,7.681903333333333
2024,8,25,9,-1.5311400000000004
2024,8,25,10,-3.8063366666666663
2024,8,25,11,-3.6186866666666666
2024,8,25,12,-2.55555
2024,8,25,13,-2.077023333333333
2024,8,25,14,-1.4743833333333336
2024,8,25,15,0.6318866666666665
2024,8,25,16,7.367606666666666
2024,8,25,17,18.03526
2024,8,25,18,27.24133
2024,8,25,19,36.78593
2024,8,25,20,40.06608
2024,8,25,21,36.71190666666667
2024,8,25,22,35.59706666666667
2024,8,25,23,35.21575
2024,8,25,24,33.82434666666666
2024,8,26,1,33.70695666666666
2024,8,26,2,33.23405
2024,8,26,3,33.48398
2024,8,26,4,31.671726666666668
2024,8,26,5,34.61839666666666
2024,8,26,6,35.84587
2024,8,26,7,35.82265666666667
2024,8,26,8,27.134446666666665
2024,8,26,9,14.37324
2024,8,26,10,12.53299
2024,8,26,11,11.481626666666664
2024,8,26,12,13.029326666666668
2024,8,26,13,13.59922
2024,8,26,14,14.621903333333334
2024,8,26,15,16.89246
2024,8,26,16,25.393733333333333
2024,8,26,17,29.08421333333333
2024,8,26,18,40.08513333333334
2024,8,26,19,51.00078333333334
2024,8,26,20,63.07155
2024,8,26,21,45.87505333333333
2024,8,26,22,39.83605333333333
2024,8,26,23,38.42902333333333
2024,8,26,24,34.265390000000004
2024,8,27,1,30.283193333333333
2024,8,27,2,31.19479666666666
2024,8,27,3,30.73472
2024,8,27,4,31.21966
2024,8,27,5,31.86707
2024,8,27,6,33.15309333333334
2024,8,27,7,34.21619333333334
2024,8,27,8,25.62428
2024,8,27,9,17.99341
2024,8,27,10,16.25418
2024,8,27,11,15.204796666666669
2024,8,27,12,15.724303333333332
2024,8,27,13,16.354110000000002
2024,8,27,14,17.022856666666666
2024,8,27,15,21.51483333333333
2024,8,27,16,28.34393
2024,8,27,17,32.885753333333334
2024,8,27,18,41.85650666666667
2024,8,27,19,56.05029666666667
2024,8,27,20,70.63081
2024,8,27,21,49.44998666666667
2024,8,27,22,42.924283333333335
2024,8,27,23,38.55809333333333
2024,8,27,24,33.37958
2024,8,28,1,34.11032333333333
2024,8,28,2,32.68430333333333
2024,8,28,3,31.566016666666663
2024,8,28,4,30.530083333333334
2024,8,28,5,30.30579
2024,8,28,6,31.974743333333333
2024,8,28,7,35.10783333333333
2024,8,28,8,29.27829
2024,8,28,9,20.30681333333333
2024,8,28,10,18.034056666666668
2024,8,28,11,15.66515
2024,8,28,12,15.309936666666667
2024,8,28,13,16.90334
2024,8,28,14,18.3358
2024,8,28,15,21.419376666666665
2024,8,28,16,28.6651
2024,8,28,17,31.378263333333337
2024,8,28,18,39.36097
2024,8,28,19,52.03100666666666
2024,8,28,20,54.49438333333333
2024,8,28,21,45.5237
2024,8,28,22,41.01655333333333
2024,8,28,23,37.03785666666666
2024,8,28,24,34.01210666666666
2024,8,29,1,35.37686333333333
2024,8,29,2,33.239293333333336
2024,8,29,3,32.688856666666666
2024,8,29,4,31.53989
2024,8,29,5,32.87940666666666
2024,8,29,6,35.38506666666667
2024,8,29,7,35.5323
2024,8,29,8,29.561490000000003
2024,8,29,9,18.01388
2024,8,29,10,13.928693333333332
2024,8,29,11,11.221476666666668
2024,8,29,12,10.498233333333332
2024,8,29,13,11.15667
2024,8,29,14,12.47815
2024,8,29,15,14.534386666666668
2024,8,29,16,22.87993
2024,8,29,17,28.30861
2024,8,29,18,37.85776666666667
2024,8,29,19,49.96389
2024,8,29,20,51.41990666666667
2024,8,29,21,42.76660999999999
2024,8,29,22,38.18590666666666
2024,8,29,23,37.33875666666666
2024,8,29,24,36.49159333333333
2024,8,30,1,29.180516666666666
2024,8,30,2,30.19026333333333
2024,8,30,3,29.707906666666663
2024,8,30,4,29.27152333333333
2024,8,30,5,30.267643333333336
2024,8,30,6,32.91446
2024,8,30,7,36.27064
2024,8,30,8,30.212006666666667
2024,8,30,9,19.44651
2024,8,30,10,15.611426666666668
2024,8,30,11,13.353076666666666
2024,8,30,12,13.3052
2024,8,30,13,13.720823333333334
2024,8,30,14,14.718263333333333
2024,8,30,15,15.293846666666669
2024,8,30,16,23.273386666666667
2024,8,30,17,27.743623333333336
2024,8,30,18,36.46754
2024,8,30,19,47.39674
2024,8,30,20,47.978550000000006
2024,8,30,21,40.11601666666667
2024,8,30,22,37.15379
2024,8,30,23,34.594123333333336
2024,8,30,24,33.17231666666667
2024,9,1,1,35.687556666666666
2024,9,1,2,34.81286333333333
2024,9,1,3,34.669653333333336
2024,9,1,4,34.64058333333333
2024,9,1,5,33.63101666666667
2024,9,1,6,34.15876666666667
2024,9,1,7,34.191406666666666
2024,9,1,8,27.67705
2024,9,1,9,13.85328
2024,9,1,10,13.132886666666666
2024,9,1,11,9.464076666666667
2024,9,1,12,10.481233333333334
2024,9,1,13,10.44657
2024,9,1,14,10.52186
2024,9,1,15,11.630726666666668
2024,9,1,16,16.84114333333333
2024,9,1,17,26.421456666666668
2024,9,1,18,35.76220333333333
2024,9,1,19,48.38599333333334
2024,9,1,20,49.495466666666665
2024,9,1,21,43.98605333333333
2024,9,1,22,40.49243666666667
2024,9,1,23,38.68099333333333
2024,9,1,24,34.53877333333333
2024,9,2,1,33.50447666666667
2024,9,2,2,33.343446666666665
2024,9,2,3,33.09317
2024,9,2,4,32.38708666666667
2024,9,2,5,32.53833666666666
2024,9,2,6,32.228
2024,9,2,7,31.96303
2024,9,2,8,28.060456666666667
2024,9,2,9,16.74457
2024,9,2,10,16.41026
2024,9,2,11,10.975740000000002
2024,9,2,12,12.455023333333337
2024,9,2,13,11.812346666666668
2024,9,2,14,13.141526666666666
2024,9,2,15,16.481143333333332
2024,9,2,16,25.27576
2024,9,2,17,25.49824666666667
2024,9,2,18,35.75307
2024,9,2,19,48.35166999999999
2024,9,2,20,53.93282333333334
2024,9,2,21,46.47223666666667
2024,9,2,22,38.857866666666666
2024,9,2,23,38.05472
2024,9,2,24,34.03210333333333
2024,9,3,1,31.58618333333333
2024,9,3,2,31.50725333333333
2024,9,3,3,31.49389333333333
2024,9,3,4,31.48140666666667
2024,9,3,5,31.58648666666667
2024,9,3,6,37.11515333333333
2024,9,3,7,37.91779
2024,9,3,8,34.25789666666666
2024,9,3,9,26.21906333333333
2024,9,3,10,24.683706666666662
2024,9,3,11,22.69160666666667
2024,9,3,12,23.44979333333333
2024,9,3,13,22.01139
2024,9,3,14,26.036990000000003
2024,9,3,15,30.133906666666665
2024,9,3,16,33.72981
2024,9,3,17,39.75759333333333
2024,9,3,18,51.76623333333333
2024,9,3,19,81.13235333333334
2024,9,3,20,91.12465666666668
2024,9,3,21,55.6406
2024,9,3,22,46.47983666666666
2024,9,3,23,41.4214
2024,9,3,24,37.971673333333335
2024,9,4,1,38.35628
2024,9,4,2,37.45900666666667
2024,9,4,3,36.69878333333333
2024,9,4,4,36.35084
2024,9,4,5,36.461126666666665
2024,9,4,6,38.09351333333333
2024,9,4,7,46.90954666666667
2024,9,4,8,35.60264
2024,9,4,9,31.64904333333333
2024,9,4,10,29.183926666666665
2024,9,4,11,28.51251333333333
2024,9,4,12,31.414013333333333
2024,9,4,13,32.67971333333333
2024,9,4,14,35.16804
2024,9,4,15,37.64474333333333
2024,9,4,16,44.9007
2024,9,4,17,53.31256666666667
2024,9,4,18,74.54841333333333
2024,9,4,19,213.55888666666667
2024,9,4,20,261.04103000000003
2024,9,4,21,99.25128
2024,9,4,22,62.90446666666666
2024,9,4,23,52.13202666666666
2024,9,4,24,44.44670666666667
2024,9,5,1,41.55158
2024,9,5,2,41.07035
2024,9,5,3,40.73466333333334
2024,9,5,4,40.71664333333333
2024,9,5,5,40.53143333333333
2024,9,5,6,42.124903333333336
2024,9,5,7,53.08296666666666
2024,9,5,8,44.879713333333335
2024,9,5,9,35.617960000000004
2024,9,5,10,34.03221666666666
2024,9,5,11,34.282806666666666
2024,9,5,12,35.70189333333333
2024,9,5,13,35.50744
2024,9,5,14,42.879736666666666
2024,9,5,15,47.88749333333334
2024,9,5,16,59.33303
2024,9,5,17,78.97710333333333
2024,9,5,18,185.86638333333332
2024,9,5,19,424.55553333333336
2024,9,5,20,521.3090000000001
2024,9,5,21,188.13062666666667
2024,9,5,22,87.98231666666668
2024,9,5,23,58.24129
2024,9,5,24,52.10513666666666
2024,9,6,1,48.03337
2024,9,6,2,41.33721333333333
2024,9,6,3,38.66575666666667
2024,9,6,4,38.30050666666667
2024,9,6,5,38.52883
2024,9,6,6,42.92992
2024,9,6,7,46.288716666666666
2024,9,6,8,38.89946333333334
2024,9,6,9,32.711980000000004
2024,9,6,10,32.033296666666665
2024,9,6,11,30.83984666666667
2024,9,6,12,33.71643666666667
2024,9,6,13,32.770046666666666
2024,9,6,14,36.26004666666667
2024,9,6,15,41.49129666666667
2024,9,6,16,54.275380000000006
2024,9,6,17,60.21936333333334
2024,9,6,18,90.19479
2024,9,6,19,184.0821933333333
2024,9,6,20,175.66677666666666
2024,9,6,21,83.9987
2024,9,6,22,60.66361
2024,9,6,23,49.53624333333334
2024,9,6,24,47.26804666666666
2024,9,7,1,50.34893
2024,9,7,2,45.560456666666674
2024,9,7,3,40.46613333333334
2024,9,7,4,37.81100333333333
2024,9,7,5,38.35305666666667
2024,9,7,6,38.90514666666667
2024,9,7,7,38.62811
2024,9,7,8,36.298813333333335
2024,9,7,9,30.73839666666667
2024,9,7,10,27.468206666666664
2024,9,7,11,27.02317333333333
2024,9,7,12,28.70631
2024,9,7,13,29.01715666666667
2024,9,7,14,31.086726666666664
2024,9,7,15,32.16969666666667
2024,9,7,16,37.71062
2024,9,7,17,42.67982
2024,9,7,18,50.00902666666667
2024,9,7,19,81.11726666666667
2024,9,7,20,78.17039333333334
2024,9,7,21,55.87338
2024,9,7,22,50.32044
2024,9,7,23,44.47716666666667
2024,9,7,24,40.28659666666667
2024,9,8,1,46.52546666666667
2024,9,8,2,39.34907333333333
2024,9,8,3,39.43228666666666
2024,9,8,4,38.0975
2024,9,8,5,36.79693
2024,9,8,6,36.858846666666665
2024,9,8,7,36.4998
2024,9,8,8,32.17560666666667
2024,9,8,9,27.762743333333333
2024,9,8,10,26.566023333333334
2024,9,8,11,26.71354
2024,9,8,12,27.42894
2024,9,8,13,28.71748333333333
2024,9,8,14,30.02815
2024,9,8,15,31.05577333333333
2024,9,8,16,37.78005
2024,9,8,17,40.293236666666665
2024,9,8,18,42.63695333333333
2024,9,8,19,67.26953333333334
2024,9,8,20,64.48270000000001
2024,9,8,21,53.19122
2024,9,8,22,48.574533333333335
2024,9,8,23,43.955886666666665
2024,9,8,24,41.50951333333333
2024,9,9,1,37.392140000000005
2024,9,9,2,38.59536666666667
2024,9,9,3,34.78538666666667
2024,9,9,4,34.39069666666666
2024,9,9,5,34.52211
2024,9,9,6,38.45192333333333
2024,9,9,7,40.91693333333333
2024,9,9,8,36.37292
2024,9,9,9,31.41996
2024,9,9,10,30.82846
2024,9,9,11,28.457976666666667
2024,9,9,12,29.0718
2024,9,9,13,28.38290333333333
2024,9,9,14,29.821866666666665
2024,9,9,15,35.80907666666666
2024,9,9,16,40.14624666666666
2024,9,9,17,43.81640333333333
2024,9,9,18,52.61628666666667
2024,9,9,19,80.01063333333333
2024,9,9,20,78.44282333333332
2024,9,9,21,56.63247666666666
2024,9,9,22,46.54469
2024,9,9,23,42.83209
2024,9,9,24,39.26240666666666
2024,9,10,1,35.035603333333334
2024,9,10,2,34.70729333333333
2024,9,10,3,34.28628
2024,9,10,4,33.915283333333335
2024,9,10,5,34.26086
2024,9,10,6,37.57636
2024,9,10,7,39.59761
2024,9,10,8,34.21199333333333
2024,9,10,9,27.45644
2024,9,10,10,24.81226333333333
2024,9,10,11,23.62533
2024,9,10,12,23.662206666666663
2024,9,10,13,24.80178
2024,9,10,14,26.40273333333333
2024,9,10,15,28.355076666666665
2024,9,10,16,31.12117333333333
2024,9,10,17,32.55858666666666
2024,9,10,18,38.72201
2024,9,10,19,54.98592666666667
2024,9,10,20,55.12425333333332
2024,9,10,21,44.43834
2024,9,10,22,42.63997666666666
2024,9,10,23,39.01385
2024,9,10,24,36.998866666666665
2024,9,11,1,32.91921
2024,9,11,2,32.56776333333334
2024,9,11,3,32.57883
2024,9,11,4,32.04495333333333
2024,9,11,5,32.91361333333333
2024,9,11,6,34.551610000000004
2024,9,11,7,34.60165666666666
2024,9,11,8,29.406023333333334
2024,9,11,9,11.653006666666665
2024,9,11,10,8.666186666666666
2024,9,11,11,7.417663333333333
2024,9,11,12,6.27568
2024,9,11,13,6.27402
2024,9,11,14,8.505913333333334
2024,9,11,15,9.44096
2024,9,11,16,12.884783333333331
2024,9,11,17,19.36541
2024,9,11,18,31.742410000000003
2024,9,11,19,40.381373333333336
2024,9,11,20,43.86037666666667
2024,9,11,21,37.70664333333334
2024,9,11,22,36.290193333333335
2024,9,11,23,36.36536666666667
2024,9,11,24,35.11430333333333
2024,9,12,1,32.63874666666667
2024,9,12,2,32.411613333333335
2024,9,12,3,31.265316666666667
2024,9,12,4,32.036006666666665
2024,9,12,5,32.373
2024,9,12,6,31.991200000000003
2024,9,12,7,32.24403
2024,9,12,8,28.125786666666663
2024,9,12,9,5.830953333333333
2024,9,12,10,4.0116000000000005
2024,9,12,11,1.6427300000000005
2024,9,12,12,1.9062033333333328
2024,9,12,13,2.97495
2024,9,12,14,5.749453333333334
2024,9,12,15,5.74745
2024,9,12,16,9.195236666666666
2024,9,12,17,13.280023333333334
2024,9,12,18,29.22736
2024,9,12,19,37.78145
2024,9,12,20,42.36233333333333
2024,9,12,21,37.55026
2024,9,12,22,35.81253
2024,9,12,23,35.61427666666666
2024,9,12,24,32.609003333333334
2024,9,13,1,30.86434333333333
2024,9,13,2,30.66350333333333
2024,9,13,3,30.128733333333333
2024,9,13,4,30.291773333333328
2024,9,13,5,30.54613
2024,9,13,6,34.94448666666667
2024,9,13,7,38.15998666666667
2024,9,13,8,31.524856666666665
2024,9,13,9,16.10799666666667
2024,9,13,10,14.14352
2024,9,13,11,13.204053333333334
2024,9,13,12,12.96467
2024,9,13,13,12.558666666666667
2024,9,13,14,13.114816666666664
2024,9,13,15,14.444743333333337
2024,9,13,16,18.81723
2024,9,13,17,24.44944666666667
2024,9,13,18,37.71567666666667
2024,9,13,19,40.622083333333336
2024,9,13,20,41.70891666666666
2024,9,13,21,39.66745
2024,9,13,22,37.357506666666666
2024,9,13,23,36.84979333333334
2024,9,13,24,36.44945333333333
2024,9,14,1,30.08039666666667
2024,9,14,2,31.518106666666668
2024,9,14,3,30.921333333333337
2024,9,14,4,30.536196666666665
2024,9,14,5,32.091186666666665
2024,9,14,6,32.21688666666667
2024,9,14,7,34.01609666666667
2024,9,14,8,27.693503333333336
2024,9,14,9,9.59205
2024,9,14,10,6.94213
2024,9,14,11,5.917656666666666
2024,9,14,12,4.42092
2024,9,14,13,4.189633333333334
2024,9,14,14,5.097936666666667
2024,9,14,15,6.83201
2024,9,14,16,10.74266
2024,9,14,17,18.04274
2024,9,14,18,34.51123333333333
2024,9,14,19,40.64263333333333
2024,9,14,20,39.76747
2024,9,14,21,37.77657666666666
2024,9,14,22,35.83936333333333
2024,9,14,23,34.74454333333333
2024,9,14,24,34.125616666666666
2024,9,15,1,31.86733
2024,9,15,2,32.17304333333333
2024,9,15,3,32.14194666666666
2024,9,15,4,31.68157666666667
2024,9,15,5,32.12372333333334
2024,9,15,6,32.11551
2024,9,15,7,32.176233333333336
2024,9,15,8,24.10612
2024,9,15,9,3.413170000000001
2024,9,15,10,1.46098
2024,9,15,11,1.3382133333333333
2024,9,15,12,0.4260933333333335
2024,9,15,13,0.4360400000000002
2024,9,15,14,0.3932266666666664
2024,9,15,15,-0.3053233333333332
2024,9,15,16,1.0207133333333331
2024,9,15,17,5.2119333333333335
2024,9,15,18,28.112593333333336
2024,9,15,19,36.238056666666665
2024,9,15,20,38.48527666666666
2024,9,15,21,36.45787333333333
2024,9,15,22,33.52638666666667
2024,9,15,23,32.83184
2024,9,15,24,32.284663333333334
2024,9,16,1,30.057166666666664
2024,9,16,2,30.2002
2024,9,16,3,29.254446666666663
2024,9,16,4,29.136566666666667
2024,9,16,5,31.09725333333333
2024,9,16,6,36.90309
2024,9,16,7,38.251196666666665
2024,9,16,8,33.253523333333334
2024,9,16,9,12.985003333333331
2024,9,16,10,10.910916666666663
2024,9,16,11,8.786353333333333
2024,9,16,12,7.946323333333333
2024,9,16,13,7.264526666666668
2024,9,16,14,7.566906666666667
2024,9,16,15,6.508993333333334
2024,9,16,16,6.765936666666668
2024,9,16,17,10.30132
2024,9,16,18,27.66872333333333
2024,9,16,19,34.938876666666665
2024,9,16,20,35.18228666666667
2024,9,16,21,34.57578
2024,9,16,22,33.887213333333335
2024,9,16,23,33.64891
2024,9,16,24,32.721606666666666
2024,9,17,1,31.13051
2024,9,17,2,30.389696666666666
2024,9,17,3,29.768846666666665
2024,9,17,4,29.40899333333333
2024,9,17,5,30.427163333333336
2024,9,17,6,31.240313333333333
2024,9,17,7,34.19637
2024,9,17,8,30.376076666666663
2024,9,17,9,5.794846666666667
2024,9,17,10,1.754686666666667
2024,9,17,11,0.2387399999999999
2024,9,17,12,-1.01536
2024,9,17,13,-2.709146666666667
2024,9,17,14,-2.733186666666667
2024,9,17,15,-2.486906666666667
2024,9,17,16,-0.57165
2024,9,17,17,4.358546666666666
2024,9,17,18,24.16117333333333
2024,9,17,19,34.73397666666667
2024,9,17,20,36.31762666666666
2024,9,17,21,34.85482666666667
2024,9,17,22,34.116076666666665
2024,9,17,23,34.05822
2024,9,17,24,33.047306666666664
2024,9,18,1,35.82647666666667
2024,9,18,2,33.83025666666666
2024,9,18,3,32.81964333333334
2024,9,18,4,32.8143
2024,9,18,5,32.880856666666666
2024,9,18,6,38.46867666666667
2024,9,18,7,40.71472333333333
2024,9,18,8,35.67769666666667
2024,9,18,9,19.342053333333336
2024,9,18,10,10.713763333333333
2024,9,18,11,9.505233333333337
2024,9,18,12,8.139576666666667
2024,9,18,13,8.240733333333333
2024,9,18,14,9.22527
2024,9,18,15,10.771803333333333
2024,9,18,16,12.9099
2024,9,18,17,21.744550000000004
2024,9,18,18,36.11245
2024,9,18,19,40.51936666666666
2024,9,18,20,40.65051666666667
2024,9,18,21,39.43515
2024,9,18,22,38.16626
2024,9,18,23,37.89544
2024,9,18,24,37.164343333333335
2024,9,19,1,38.14263666666667
2024,9,19,2,37.82975
2024,9,19,3,35.736246666666666
2024,9,19,4,34.59278
2024,9,19,5,37.75061
2024,9,19,6,38.91642
2024,9,19,7,40.112973333333336
2024,9,19,8,34.8741
2024,9,19,9,20.732153333333333
2024,9,19,10,11.546916666666666
2024,9,19,11,10.479586666666668
2024,9,19,12,9.531226666666669
2024,9,19,13,8.15967
2024,9,19,14,6.48327
2024,9,19,15,7.547353333333333
2024,9,19,16,11.45914
2024,9,19,17,17.931556666666665
2024,9,19,18,38.21570666666667
2024,9,19,19,40.09655
2024,9,19,20,39.17700666666666
2024,9,19,21,38.49427666666667
2024,9,19,22,38.19564333333333
2024,9,19,23,37.17012666666667
2024,9,19,24,36.00139
2024,9,20,1,36.9047
2024,9,20,2,35.293013333333334
2024,9,20,3,33.18245666666667
2024,9,20,4,33.029353333333326
2024,9,20,5,33.43904333333333
2024,9,20,6,39.08293666666666
2024,9,20,7,40.833796666666665
2024,9,20,8,37.04329666666666
2024,9,20,9,18.71158
2024,9,20,10,13.748553333333334
2024,9,20,11,13.384586666666666
2024,9,20,12,12.757643333333334
2024,9,20,13,11.10783
2024,9,20,14,12.21441
2024,9,20,15,13.427203333333331
2024,9,20,16,15.289946666666664
2024,9,20,17,24.36716333333333
2024,9,20,18,37.986626666666666
2024,9,20,19,39.837696666666666
2024,9,20,20,39.73492333333333
2024,9,20,21,38.53330666666667
2024,9,20,22,38.05558333333334
2024,9,20,23,37.64139666666667
2024,9,20,24,35.73025666666667
2024,9,21,1,35.9643
2024,9,21,2,36.35015666666666
2024,9,21,3,34.20318
2024,9,21,4,32.81244
2024,9,21,5,33.73414333333333
2024,9,21,6,34.182790000000004
2024,9,21,7,36.4136
2024,9,21,8,27.493666666666662
2024,9,21,9,8.435963333333333
2024,9,21,10,5.16801
2024,9,21,11,4.089706666666666
2024,9,21,12,3.2764666666666664
2024,9,21,13,3.110763333333333
2024,9,21,14,4.103533333333334
2024,9,21,15,5.987373333333334
2024,9,21,16,7.493263333333334
2024,9,21,17,16.55450666666667
2024,9,21,18,34.632423333333335
2024,9,21,19,41.2977
2024,9,21,20,41.5208
2024,9,21,21,39.590473333333335
2024,9,21,22,40.04138
2024,9,21,23,39.46314666666667
2024,9,21,24,38.45319
2024,9,22,1,43.823033333333335
2024,9,22,2,43.53822
2024,9,22,3,42.694073333333336
2024,9,22,4,37.77578666666667
2024,9,22,5,40.54317666666667
2024,9,22,6,39.35348666666667
2024,9,22,7,39.93754333333333
2024,9,22,8,30.398306666666667
2024,9,22,9,10.643343333333334
2024,9,22,10,8.566113333333332
2024,9,22,11,7.999456666666666
2024,9,22,12,8.387666666666666
2024,9,22,13,9.27649
2024,9,22,14,9.657623333333332
2024,9,22,15,11.998693333333334
2024,9,22,16,18.47386333333333
2024,9,22,17,29.66354
2024,9,22,18,45.44111333333333
2024,9,22,19,58.37223333333333
2024,9,22,20,55.33783333333333
2024,9,22,21,44.25941
2024,9,22,22,43.22480333333333
2024,9,22,23,40.82039666666667
2024,9,22,24,36.444766666666666
2024,9,23,1,36.36284666666666
2024,9,23,2,35.494476666666664
2024,9,23,3,35.19647
2024,9,23,4,34.77239
2024,9,23,5,35.36276
2024,9,23,6,41.763313333333336
2024,9,23,7,41.82309333333333
2024,9,23,8,36.25373
2024,9,23,9,22.624276666666663
2024,9,23,10,18.95243333333333
2024,9,23,11,19.113636666666668
2024,9,23,12,19.63251333333333
2024,9,23,13,21.150076666666667
2024,9,23,14,23.07838666666667
2024,9,23,15,23.85860333333333
2024,9,23,16,30.48698
2024,9,23,17,36.00593
2024,9,23,18,52.89035333333334
2024,9,23,19,70.79822
2024,9,23,20,64.80352666666667
2024,9,23,21,49.85425
2024,9,23,22,48.28552333333334
2024,9,23,23,47.11573666666666
2024,9,23,24,40.05937333333333
2024,9,24,1,36.62028
2024,9,24,2,36.54593
2024,9,24,3,35.24400666666667
2024,9,24,4,35.02893
2024,9,24,5,34.97491333333333
2024,9,24,6,38.56393333333333
2024,9,24,7,42.71337333333333
2024,9,24,8,36.82605333333333
2024,9,24,9,21.960796666666667
2024,9,24,10,20.31775333333333
2024,9,24,11,19.277506666666667
2024,9,24,12,19.933516666666662
2024,9,24,13,21.12356
2024,9,24,14,21.22961
2024,9,24,15,24.143563333333333
2024,9,24,16,31.014086666666667
2024,9,24,17,37.006373333333336
2024,9,24,18,50.01031333333333
2024,9,24,19,71.76706666666666
2024,9,24,20,57.61870666666667
2024,9,24,21,46.80894333333333
2024,9,24,22,44.789476666666665
2024,9,24,23,43.84587666666667
2024,9,24,24,43.335013333333336
2024,9,25,1,39.26601
2024,9,25,2,39.23279333333333
2024,9,25,3,37.962246666666665
2024,9,25,4,37.48488
2024,9,25,5,37.39250333333333
2024,9,25,6,41.75183666666667
2024,9,25,7,42.57693666666667
2024,9,25,8,36.24185666666667
2024,9,25,9,21.356256666666667
2024,9,25,10,17.14216
2024,9,25,11,16.88271
2024,9,25,12,16.176106666666666
2024,9,25,13,16.21595
2024,9,25,14,16.555436666666665
2024,9,25,15,17.677413333333334
2024,9,25,16,21.87548666666667
2024,9,25,17,30.014976666666666
2024,9,25,18,43.14775333333333
2024,9,25,19,51.660716666666666
2024,9,25,20,46.95958
2024,9,25,21,43.98650333333333
2024,9,25,22,42.38456333333333
2024,9,25,23,41.64022
2024,9,25,24,38.6548
2024,9,26,1,40.84955
2024,9,26,2,38.11083333333334
2024,9,26,3,37.93492666666666
2024,9,26,4,37.69592333333333
2024,9,26,5,38.79736
2024,9,26,6,44.429316666666665
2024,9,26,7,44.63420333333334
2024,9,26,8,38.67940333333333
2024,9,26,9,22.440933333333334
2024,9,26,10,18.356
2024,9,26,11,17.76103
2024,9,26,12,18.000623333333333
2024,9,26,13,17.987753333333334
2024,9,26,14,18.23654
2024,9,26,15,20.79243
2024,9,26,16,24.6006
2024,9,26,17,33.804653333333334
2024,9,26,18,44.85609333333334
2024,9,26,19,59.33859
2024,9,26,20,50.30784666666667
2024,9,26,21,45.65613666666667
2024,9,26,22,44.74162333333334
2024,9,26,23,44.75205333333333
2024,9,26,24,43.847100000000005
2024,9,27,1,36.00624666666667
2024,9,27,2,35.72226
2024,9,27,3,35.92973
2024,9,27,4,35.958553333333334
2024,9,27,5,36.103026666666665
2024,9,27,6,40.61314
2024,9,27,7,42.93336
2024,9,27,8,39.870333333333335
2024,9,27,9,23.51889333333333
2024,9,27,10,21.91813
2024,9,27,11,19.869956666666667
2024,9,27,12,20.06776
2024,9,27,13,20.900270000000003
2024,9,27,14,21.114236666666667
2024,9,27,15,22.15932
2024,9,27,16,30.58386
2024,9,27,17,37.10530333333333
2024,9,27,18,49.745583333333336
2024,9,27,19,62.03028666666666
2024,9,27,20,54.36504333333334
2024,9,27,21,48.87427
2024,9,27,22,47.40748666666667
2024,9,27,23,44.4641
2024,9,27,24,41.46634
2024,9,28,1,41.89268666666667
2024,9,28,2,40.97450666666666
2024,9,28,3,40.51236333333333
2024,9,28,4,39.90074
2024,9,28,5,37.25714333333333
2024,9,28,6,40.39642
2024,9,28,7,40.40493333333333
2024,9,28,8,33.766423333333336
2024,9,28,9,18.022693333333333
2024,9,28,10,14.35309
2024,9,28,11,14.992876666666666
2024,9,28,12,14.798273333333334
2024,9,28,13,15.873576666666668
2024,9,28,14,16.652183333333333
2024,9,28,15,17.60146
2024,9,28,16,24.404686666666667
2024,9,28,17,34.118946666666666
2024,9,28,18,42.84118333333333
2024,9,28,19,55.41966
2024,9,28,20,49.95664666666666
2024,9,28,21,42.4518
2024,9,28,22,42.081943333333335
2024,9,28,23,40.967036666666665
2024,9,28,24,38.36263666666667
2024,9,29,1,36.68228333333334
2024,9,29,2,36.40863333333333
2024,9,29,3,36.31018
2024,9,29,4,36.03311333333334
2024,9,29,5,35.52010333333333
2024,9,29,6,36.57368
2024,9,29,7,38.30943333333334
2024,9,29,8,31.091996666666663
2024,9,29,9,10.370476666666669
2024,9,29,10,7.443096666666666
2024,9,29,11,6.9781933333333335
2024,9,29,12,6.975169999999999
2024,9,29,13,8.288773333333333
2024,9,29,14,9.089093333333333
2024,9,29,15,10.439453333333336
2024,9,29,16,17.99244
2024,9,29,17,32.41927333333334
2024,9,29,18,44.27880666666667
2024,9,29,19,54.16639333333333
2024,9,29,20,51.96099666666667
2024,9,29,21,44.028780000000005
2024,9,29,22,43.35287
2024,9,29,23,42.75499
2024,9,29,24,42.22826
2024,10,1,1,48.29466666666667
2024,10,1,2,46.95384333333334
2024,10,1,3,45.65452
2024,10,1,4,45.74875
2024,10,1,5,45.73676
2024,10,1,6,47.15346666666667
2024,10,1,7,55.43642
2024,10,1,8,53.46994
2024,10,1,9,36.828273333333335
2024,10,1,10,28.194746666666664
2024,10,1,11,27.400256666666667
2024,10,1,12,29.211146666666664
2024,10,1,13,30.593076666666665
2024,10,1,14,34.01170333333334
2024,10,1,15,35.64294
2024,10,1,16,48.92335333333333
2024,10,1,17,59.068483333333326
2024,10,1,18,85.89371
2024,10,1,19,144.05511333333334
2024,10,1,20,81.45295666666667
2024,10,1,21,67.06423333333333
2024,10,1,22,60.30463
2024,10,1,23,56.57058333333333
2024,10,1,24,49.67497666666666
2024,10,2,1,46.64861666666667
2024,10,2,2,45.30094333333333
2024,10,2,3,44.58139333333333
2024,10,2,4,44.05158666666667
2024,10,2,5,45.41321333333334
2024,10,2,6,47.08322999999999
2024,10,2,7,53.11042
2024,10,2,8,53.59062
2024,10,2,9,39.71667
2024,10,2,10,32.37036666666666
2024,10,2,11,28.858843333333336
2024,10,2,12,27.889536666666668
2024,10,2,13,35.8081
2024,10,2,14,37.35436333333333
2024,10,2,15,41.16316666666666
2024,10,2,16,52.97798333333333
2024,10,2,17,60.16758333333333
2024,10,2,18,109.22748
2024,10,2,19,167.64027000000002
2024,10,2,20,83.37357333333334
2024,10,2,21,69.72703333333334
2024,10,2,22,63.94656
2024,10,2,23,58.02936333333333
2024,10,2,24,51.17908333333333
2024,10,3,1,46.81977666666666
2024,10,3,2,44.03709
2024,10,3,3,43.67736666666667
2024,10,3,4,43.51962
2024,10,3,5,43.5547
2024,10,3,6,44.29891
2024,10,3,7,50.97993666666667
2024,10,3,8,50.64290666666667
2024,10,3,9,40.41105666666667
2024,10,3,10,34.081316666666666
2024,10,3,11,33.96563666666667
2024,10,3,12,35.14754666666667
2024,10,3,13,36.90051333333333
2024,10,3,14,38.26079333333333
2024,10,3,15,36.89345333333333
2024,10,3,16,46.804586666666665
2024,10,3,17,55.35996333333333
2024,10,3,18,78.15444333333333
2024,10,3,19,115.15518666666668
2024,10,3,20,78.07172666666666
2024,10,3,21,65.33930666666667
2024,10,3,22,63.16491666666667
2024,10,3,23,52.330713333333335
2024,10,3,24,50.51107
2024,10,4,1,47.956590000000006
2024,10,4,2,46.277440000000006
2024,10,4,3,46.050023333333336
2024,10,4,4,46.29620666666667
2024,10,4,5,46.27053
2024,10,4,6,47.81231666666667
2024,10,4,7,54.95580666666667
2024,10,4,8,50.31863666666667
2024,10,4,9,35.68830666666667
2024,10,4,10,32.67019666666666
2024,10,4,11,30.46059
2024,10,4,12,33.500553333333336
2024,10,4,13,33.89096333333333
2024,10,4,14,34.41795333333334
2024,10,4,15,34.94266666666667
2024,10,4,16,46.65742333333333
2024,10,4,17,56.04965333333333
2024,10,4,18,69.77446333333334
2024,10,4,19,92.00146666666669
2024,10,4,20,72.56148333333333
2024,10,4,21,65.01526333333334
2024,10,4,22,62.17326333333333
2024,10,4,23,56.57327
2024,10,4,24,53.46264666666667
2024,10,5,1,51.26203
2024,10,5,2,50.41246
2024,10,5,3,48.86348
2024,10,5,4,47.77134
2024,10,5,5,47.18799333333334
2024,10,5,6,47.73771333333334
2024,10,5,7,49.11642666666666
2024,10,5,8,47.770383333333335
2024,10,5,9,35.78992333333333
2024,10,5,10,30.26234666666667
2024,10,5,11,30.99682333333333
2024,10,5,12,28.884376666666668
2024,10,5,13,31.25102333333333
2024,10,5,14,32.93982333333333
2024,10,5,15,37.67783666666667
2024,10,5,16,45.539116666666665
2024,10,5,17,54.82294999999999
2024,10,5,18,84.61756666666666
2024,10,5,19,120.04725666666668
2024,10,5,20,83.80685333333334
2024,10,5,21,67.84259333333334
2024,10,5,22,64.26969333333334
2024,10,5,23,60.52423666666667
2024,10,5,24,54.251396666666665
2024,10,6,1,52.19130666666666
2024,10,6,2,49.49102666666666
2024,10,6,3,48.75503666666666
2024,10,6,4,48.77955
2024,10,6,5,48.30683
2024,10,6,6,48.02702333333334
2024,10,6,7,48.55007666666666
2024,10,6,8,47.09903333333333
2024,10,6,9,33.18714666666667
2024,10,6,10,29.177923333333336
2024,10,6,11,30.04755
2024,10,6,12,30.849500000000003
2024,10,6,13,32.35332
2024,10,6,14,35.75581666666667
2024,10,6,15,41.824090000000005
2024,10,6,16,48.07230333333333
2024,10,6,17,64.76006666666667
2024,10,6,18,82.91320666666667
2024,10,6,19,140.22572333333335
2024,10,6,20,85.56838666666665
2024,10,6,21,74.64929333333333
2024,10,6,22,71.60214666666667
2024,10,6,23,66.88219666666667
2024,10,6,24,57.11805
2024,10,7,1,51.30762000000001
2024,10,7,2,47.99319
2024,10,7,3,47.98911
2024,10,7,4,47.96075666666667
2024,10,7,5,47.99220666666667
2024,10,7,6,49.56459
2024,10,7,7,63.38772666666667
2024,10,7,8,61.62053333333333
2024,10,7,9,47.75504
2024,10,7,10,43.12882
2024,10,7,11,43.07925333333333
2024,10,7,12,42.962066666666665
2024,10,7,13,43.54645
2024,10,7,14,44.468873333333335
2024,10,7,15,46.74335
2024,10,7,16,58.93121
2024,10,7,17,71.15656333333334
2024,10,7,18,125.32637333333334
2024,10,7,19,174.11845333333335
2024,10,7,20,98.94898333333332
2024,10,7,21,78.94430999999999
2024,10,7,22,72.76337000000001
2024,10,7,23,54.37142
2024,10,7,24,48.93609666666666
2024,10,8,1,48.63876666666667
2024,10,8,2,46.62314
2024,10,8,3,46.03926666666666
2024,10,8,4,45.31293
2024,10,8,5,45.34982666666667
2024,10,8,6,46.874
2024,10,8,7,56.1885
2024,10,8,8,54.8556
2024,10,8,9,43.76981666666666
2024,10,8,10,37.48593
2024,10,8,11,32.927816666666665
2024,10,8,12,35.62003666666667
2024,10,8,13,36.35636333333333
2024,10,8,14,37.78326666666667
2024,10,8,15,39.62688666666667
2024,10,8,16,46.701330000000006
2024,10,8,17,61.099336666666666
2024,10,8,18,79.24706666666667
2024,10,8,19,114.10553333333333
2024,10,8,20,77.11199
2024,10,8,21,67.09024333333333
2024,10,8,22,62.98013666666666
2024,10,8,23,51.10914
2024,10,8,24,46.30113333333333
2024,10,9,1,52.74302666666667
2024,10,9,2,49.31948333333333
2024,10,9,3,48.56771333333333
2024,10,9,4,47.99465666666666
2024,10,9,5,48.44901333333333
2024,10,9,6,53.07205666666667
2024,10,9,7,59.65428
2024,10,9,8,55.02525333333333
2024,10,9,9,41.35321666666667
2024,10,9,10,34.30695666666667
2024,10,9,11,32.58956
2024,10,9,12,33.24824666666667
2024,10,9,13,33.31618666666667
2024,10,9,14,35.29895666666667
2024,10,9,15,36.23896
2024,10,9,16,45.243893333333325
2024,10,9,17,56.82569
2024,10,9,18,81.79735666666666
2024,10,9,19,110.09373333333332
2024,10,9,20,77.12790333333334
2024,10,9,21,68.17385666666667
2024,10,9,22,67.22198666666667
2024,10,9,23,63.74586
2024,10,9,24,56.73511333333334
2024,10,10,1,47.97984
2024,10,10,2,47.10344333333333
2024,10,10,3,46.41285333333334
2024,10,10,4,46.45819333333333
2024,10,10,5,47.045973333333336
2024,10,10,6,51.1944
2024,10,10,7,59.07344666666668
2024,10,10,8,57.28292
2024,10,10,9,42.26076
2024,10,10,10,36.25210666666667
2024,10,10,11,35.13353
2024,10,10,12,33.79594
2024,10,10,13,35.23451
2024,10,10,14,36.66496333333333
2024,10,10,15,38.82672
2024,10,10,16,48.96255333333334
2024,10,10,17,58.719150000000006
2024,10,10,18,79.17434666666666
2024,10,10,19,84.36313333333334
2024,10,10,20,69.46700333333332
2024,10,10,21,65.16786666666667
2024,10,10,22,63.27181
2024,10,10,23,55.90991333333333
2024,10,10,24,49.57309333333333
2024,10,11,1,45.513216666666665
2024,10,11,2,44.018730000000005
2024,10,11,3,43.48106333333334
2024,10,11,4,43.45628666666667
2024,10,11,5,44.21916333333333
2024,10,11,6,47.39877666666666
2024,10,11,7,53.24818
2024,10,11,8,52.14689666666667
2024,10,11,9,41.86016333333333
2024,10,11,10,37.20746
2024,10,11,11,37.88959333333333
2024,10,11,12,38.14048666666667
2024,10,11,13,33.161993333333335
2024,10,11,14,32.45641333333334
2024,10,11,15,33.73557666666667
2024,10,11,16,38.1561
2024,10,11,17,45.06537
2024,10,11,18,59.09757333333334
2024,10,11,19,61.14867
2024,10,11,20,56.00618333333333
2024,10,11,21,54.362523333333336
2024,10,11,22,53.719953333333336
2024,10,11,23,50.30750666666666
2024,10,11,24,46.27052666666666
2024,10,12,1,45.052960000000006
2024,10,12,2,44.73011666666667
2024,10,12,3,44.09670333333333
2024,10,12,4,41.00700666666666
2024,10,12,5,42.65186
2024,10,12,6,43.29923666666667
2024,10,12,7,45.66277666666667
2024,10,12,8,38.33726333333333
2024,10,12,9,21.415836666666667
2024,10,12,10,12.823473333333332
2024,10,12,11,11.859373333333332
2024,10,12,12,11.907156666666666
2024,10,12,13,11.734136666666666
2024,10,12,14,11.55573
2024,10,12,15,11.488626666666669
2024,10,12,16,14.2626
2024,10,12,17,28.439580000000003
2024,10,12,18,46.03337
2024,10,12,19,51.96822333333333
2024,10,12,20,49.75052333333334
2024,10,12,21,47.28221
2024,10,12,22,45.90554333333333
2024,10,12,23,44.42216
2024,10,12,24,41.17712
2024,10,13,1,40.854996666666665
2024,10,13,2,40.08533
2024,10,13,3,39.98294
2024,10,13,4,39.075496666666666
2024,10,13,5,39.91816
2024,10,13,6,40.16677666666666
2024,10,13,7,41.37360666666667
2024,10,13,8,35.46068333333333
2024,10,13,9,13.01922
2024,10,13,10,10.203113333333333
2024,10,13,11,8.158593333333334
2024,10,13,12,8.263543333333333
2024,10,13,13,8.078056666666667
2024,10,13,14,9.31496
2024,10,13,15,10.297223333333337
2024,10,13,16,11.615146666666666
2024,10,13,17,27.975706666666667
2024,10,13,18,50.176503333333336
2024,10,13,19,54.080976666666665
2024,10,13,20,51.55973
2024,10,13,21,48.61808666666667
2024,10,13,22,45.23361666666667
2024,10,13,23,44.151896666666666
2024,10,13,24,42.93865
2024,10,14,1,40.79697333333333
2024,10,14,2,39.09378666666667
2024,10,14,3,39.15929
2024,10,14,4,39.28993
2024,10,14,5,40.59062666666667
2024,10,14,6,45.32602
2024,10,14,7,46.52991333333333
2024,10,14,8,47.82716333333334
2024,10,14,9,28.86296333333333
2024,10,14,10,18.681373333333333
2024,10,14,11,18.03067
2024,10,14,12,17.342343333333332
2024,10,14,13,16.882976666666668
2024,10,14,14,16.057553333333335
2024,10,14,15,16.078673333333334
2024,10,14,16,15.371503333333337
2024,10,14,17,28.45158
2024,10,14,18,54.15294666666667
2024,10,14,19,57.62184333333334
2024,10,14,20,54.66001666666667
2024,10,14,21,49.45480666666666
2024,10,14,22,46.838946666666665
2024,10,14,23,46.0516
2024,10,14,24,44.55696666666666
2024,10,15,1,45.22794
2024,10,15,2,44.80826666666667
2024,10,15,3,44.80441
2024,10,15,4,44.52668
2024,10,15,5,44.94685666666667
2024,10,15,6,45.56104333333334
2024,10,15,7,53.15459666666666
2024,10,15,8,52.90031
2024,10,15,9,32.72117
2024,10,15,10,22.90421333333333
2024,10,15,11,21.193456666666663
2024,10,15,12,19.95614
2024,10,15,13,20.073533333333334
2024,10,15,14,20.405896666666667
2024,10,15,15,21.22922
2024,10,15,16,23.190103333333337
2024,10,15,17,37.00243
2024,10,15,18,56.04927666666666
2024,10,15,19,59.33886999999999
2024,10,15,20,55.202313333333336
2024,10,15,21,51.60619666666667
2024,10,15,22,49.174193333333335
2024,10,15,23,46.061416666666666
2024,10,15,24,45.11978
2024,10,16,1,45.194523333333336
2024,10,16,2,43.02138
2024,10,16,3,41.18868333333333
2024,10,16,4,41.26360666666667
2024,10,16,5,41.22735333333333
2024,10,16,6,44.8542
2024,10,16,7,49.59023333333334
2024,10,16,8,49.7503
2024,10,16,9,35.047493333333335
2024,10,16,10,27.66184
2024,10,16,11,26.88744
2024,10,16,12,25.9468
2024,10,16,13,25.472176666666662
2024,10,16,14,25.43353666666667
2024,10,16,15,25.26178
2024,10,16,16,28.062223333333336
2024,10,16,17,36.233626666666666
2024,10,16,18,49.80271666666667
2024,10,16,19,50.30438333333333
2024,10,16,20,48.78666333333333
2024,10,16,21,47.79535666666666
2024,10,16,22,46.29902333333334
2024,10,16,23,44.41529666666667
2024,10,16,24,41.77514333333333
2024,10,17,1,45.02747
2024,10,17,2,39.08369666666667
2024,10,17,3,39.01307
2024,10,17,4,39.078316666666666
2024,10,17,5,39.32055
2024,10,17,6,42.70896666666667
2024,10,17,7,49.06376666666667
2024,10,17,8,47.695616666666666
2024,10,17,9,31.25400666666667
2024,10,17,10,19.756766666666667
2024,10,17,11,17.108686666666667
2024,10,17,12,15.458756666666666
2024,10,17,13,15.016303333333331
2024,10,17,14,14.332086666666669
2024,10,17,15,15.196606666666668
2024,10,17,16,16.749676666666666
2024,10,17,17,22.4974
2024,10,17,18,49.49498
2024,10,17,19,55.00976
2024,10,17,20,51.27365
2024,10,17,21,49.94993
2024,10,17,22,48.86862333333334
2024,10,17,23,47.90342
2024,10,17,24,44.98906
2024,10,18,1,40.81423
2024,10,18,2,37.81174666666666
2024,10,18,3,36.94021333333333
2024,10,18,4,37.18555333333333
2024,10,18,5,38.05842333333334
2024,10,18,6,45.03815666666667
2024,10,18,7,46.84962333333333
2024,10,18,8,45.32651333333334
2024,10,18,9,29.88391
2024,10,18,10,18.325433333333333
2024,10,18,11,16.250883333333334
2024,10,18,12,15.474013333333334
2024,10,18,13,15.511996666666668
2024,10,18,14,15.582466666666669
2024,10,18,15,15.63627
2024,10,18,16,16.23454
2024,10,18,17,24.16519
2024,10,18,18,46.07408
2024,10,18,19,46.26643333333333
2024,10,18,20,45.44789333333333
2024,10,18,21,46.06529666666666
2024,10,18,22,45.34888333333333
2024,10,18,23,44.87780333333333
2024,10,18,24,44.32565666666667
2024,10,19,1,38.016756666666666
2024,10,19,2,36.56186333333333
2024,10,19,3,35.76615
2024,10,19,4,35.983223333333335
2024,10,19,5,37.94404
2024,10,19,6,38.72123666666667
2024,10,19,7,40.913430000000005
2024,10,19,8,39.06988666666667
2024,10,19,9,13.094816666666668
2024,10,19,10,7.719426666666666
2024,10,19,11,6.591956666666667
2024,10,19,12,5.531013333333333
2024,10,19,13,3.762803333333333
2024,10,19,14,2.8520333333333334
2024,10,19,15,4.19427
2024,10,19,16,6.578096666666667
2024,10,19,17,16.728313333333336
2024,10,19,18,43.62211666666667
2024,10,19,19,45.07347666666666
2024,10,19,20,44.851643333333335
2024,10,19,21,44.31814333333333
2024,10,19,22,43.90714
2024,10,19,23,43.41940666666667
2024,10,19,24,42.242626666666666
2024,10,20,1,37.78807
2024,10,20,2,37.53249333333333
2024,10,20,3,36.34822
2024,10,20,4,35.68946666666667
2024,10,20,5,37.58605
2024,10,20,6,37.81344333333333
2024,10,20,7,37.90348333333333
2024,10,20,8,36.22657333333333
2024,10,20,9,15.22988
2024,10,20,10,8.826209999999998
2024,10,20,11,7.2114633333333344
2024,10,20,12,5.780303333333333
2024,10,20,13,6.329066666666666
2024,10,20,14,5.926810000000001
2024,10,20,15,6.205133333333333
2024,10,20,16,10.456636666666666
2024,10,20,17,29.072793333333333
2024,10,20,18,44.85073333333333
2024,10,20,19,46.03604666666666
2024,10,20,20,45.26959
2024,10,20,21,44.47673
2024,10,20,22,43.97750666666667
2024,10,20,23,37.99212
2024,10,20,24,37.62849333333333
2024,10,21,1,32.615986666666664
2024,10,21,2,32.67194333333333
2024,10,21,3,32.64476333333334
2024,10,21,4,32.37468666666667
2024,10,21,5,32.63894333333334
2024,10,21,6,37.78993
2024,10,21,7,39.89865
2024,10,21,8,41.53510666666667
2024,10,21,9,24.179973333333333
2024,10,21,10,17.03388
2024,10,21,11,14.31319
2024,10,21,12,13.951506666666669
2024,10,21,13,13.20138
2024,10,21,14,11.675793333333331
2024,10,21,15,10.38455
2024,10,21,16,14.560520000000002
2024,10,21,17,26.645056666666665
2024,10,21,18,43.65460333333333
2024,10,21,19,42.157383333333335
2024,10,21,20,44.10706666666667
2024,10,21,21,43.62571666666667
2024,10,21,22,42.82017333333334
2024,10,21,23,42.04370666666667
2024,10,21,24,39.57145666666667
2024,10,22,1,38.16504333333333
2024,10,22,2,35.00125
2024,10,22,3,34.480333333333334
2024,10,22,4,34.40594333333333
2024,10,22,5,34.63867666666667
2024,10,22,6,37.43302
2024,10,22,7,42.60664
2024,10,22,8,42.55465333333333
2024,10,22,9,22.47394333333333
2024,10,22,10,15.90641
2024,10,22,11,14.457323333333331
2024,10,22,12,14.090526666666667
2024,10,22,13,14.31893
2024,10,22,14,14.46138
2024,10,22,15,15.07239
2024,10,22,16,17.87168
2024,10,22,17,32.36439666666667
2024,10,22,18,47.586106666666666
2024,10,22,19,54.29508666666667
2024,10,22,20,47.33447666666666
2024,10,22,21,45.05439666666666
2024,10,22,22,45.16630666666666
2024,10,22,23,44.06666666666666
2024,10,22,24,37.34733333333333
2024,10,23,1,37.29319
2024,10,23,2,39.29349333333333
2024,10,23,3,35.79166333333333
2024,10,23,4,35.98085
2024,10,23,5,35.81098333333333
2024,10,23,6,40.59174333333333
2024,10,23,7,43.64852333333334
2024,10,23,8,43.28766666666667
2024,10,23,9,28.538056666666662
2024,10,23,10,18.403176666666667
2024,10,23,11,16.876236666666667
2024,10,23,12,15.24499
2024,10,23,13,15.871893333333333
2024,10,23,14,15.553146666666663
2024,10,23,15,16.173616666666664
2024,10,23,16,20.396336666666667
2024,10,23,17,31.50142333333333
2024,10,23,18,48.58005666666667
2024,10,23,19,51.422583333333336
2024,10,23,20,44.03777666666667
2024,10,23,21,41.01624
2024,10,23,22,40.03775
2024,10,23,23,36.30658333333333
2024,10,23,24,35.31026666666667
2024,10,24,1,36.83954
2024,10,24,2,35.437090000000005
2024,10,24,3,34.62178666666667
2024,10,24,4,34.45986
2024,10,24,5,35.54528
2024,10,24,6,39.6964
2024,10,24,7,44.75279333333333
2024,10,24,8,49.19460333333333
2024,10,24,9,28.147843333333338
2024,10,24,10,14.555033333333332
2024,10,24,11,15.69621
2024,10,24,12,14.91756
2024,10,24,13,15.134376666666666
2024,10,24,14,11.789263333333333
2024,10,24,15,15.934986666666669
2024,10,24,16,19.235926666666668
2024,10,24,17,33.28355
2024,10,24,18,53.23898666666667
2024,10,24,19,57.654770000000006
2024,10,24,20,52.94950666666667
2024,10,24,21,51.43871666666666
2024,10,24,22,49.056293333333336
2024,10,24,23,42.912200000000006
2024,10,24,24,40.780366666666666
2024,10,25,1,47.89676333333333
2024,10,25,2,45.38592
2024,10,25,3,42.98719666666667
2024,10,25,4,42.30649
2024,10,25,5,44.632576666666665
2024,10,25,6,47.06426
2024,10,25,7,49.94567333333333
2024,10,25,8,51.06446666666667
2024,10,25,9,30.96433
2024,10,25,10,21.74903
2024,10,25,11,19.905026666666668
2024,10,25,12,20.07934
2024,10,25,13,20.169946666666664
2024,10,25,14,22.55947
2024,10,25,15,22.960453333333334
2024,10,25,16,30.11556
2024,10,25,17,38.18202
2024,10,25,18,53.676053333333336
2024,10,25,19,54.75374333333334
2024,10,25,20,49.699713333333335
2024,10,25,21,49.33054333333333
2024,10,25,22,48.35145333333333
2024,10,25,23,44.88715333333334
2024,10,25,24,42.97794
2024,10,26,1,43.26105
2024,10,26,2,41.47905666666667
2024,10,26,3,41.08569
2024,10,26,4,40.50085666666667
2024,10,26,5,40.443646666666666
2024,10,26,6,41.26889
2024,10,26,7,43.41699333333333
2024,10,26,8,43.031016666666666
2024,10,26,9,33.19793333333333
2024,10,26,10,20.33306333333333
2024,10,26,11,19.176213333333333
2024,10,26,12,17.961273333333335
2024,10,26,13,18.456793333333334
2024,10,26,14,19.1497
2024,10,26,15,20.38082333333333
2024,10,26,16,32.63285
2024,10,26,17,43.57562333333333
2024,10,26,18,53.10060000000001
2024,10,26,19,53.23500333333334
2024,10,26,20,50.32944666666666
2024,10,26,21,50.211643333333335
2024,10,26,22,49.43575666666667
2024,10,26,23,47.99102
2024,10,26,24,43.31764999999999
2024,10,27,1,40.632443333333335
2024,10,27,2,39.41394333333333
2024,10,27,3,39.60230333333333
2024,10,27,4,38.34548
2024,10,27,5,38.38072666666667
2024,10,27,6,38.54304
2024,10,27,7,38.73108333333334
2024,10,27,8,38.0429
2024,10,27,9,27.15204
2024,10,27,10,21.71045666666667
2024,10,27,11,18.60196333333333
2024,10,27,12,17.081970000000002
2024,10,27,13,16.45724
2024,10,27,14,16.32922
2024,10,27,15,17.861819999999998
2024,10,27,16,22.47713
2024,10,27,17,36.86677
2024,10,27,18,41.70143
2024,10,27,19,42.53696
2024,10,27,20,41.15247
2024,10,27,21,40.476886666666665
2024,10,27,22,39.82015666666667
2024,10,27,23,36.53939333333333
2024,10,27,24,33.74685333333333
2024,10,28,1,33.31089666666667
2024,10,28,2,32.24912333333334
2024,10,28,3,32.16419333333334
2024,10,28,4,32.08256
2024,10,28,5,32.323100000000004
2024,10,28,6,37.00425666666667
2024,10,28,7,41.28029
2024,10,28,8,41.20804333333333
2024,10,28,9,29.164440000000003
2024,10,28,10,17.525173333333335
2024,10,28,11,13.959223333333332
2024,10,28,12,11.772533333333334
2024,10,28,13,11.515533333333332
2024,10,28,14,11.194526666666668
2024,10,28,15,10.908796666666667
2024,10,28,16,13.216693333333332
2024,10,28,17,23.83095
2024,10,28,18,41.67639333333333
2024,10,28,19,43.99368333333334
2024,10,28,20,42.623446666666666
2024,10,28,21,41.95898666666667
2024,10,28,22,40.96886666666666
2024,10,28,23,38.14778999999999
2024,10,28,24,37.57161333333334
2024,10,29,1,41.72238
2024,10,29,2,41.03297333333333
2024,10,29,3,40.95846
2024,10,29,4,41.45254666666667
2024,10,29,5,41.60812666666666
2024,10,29,6,45.93761
2024,10,29,7,52.57986
2024,10,29,8,48.63041333333333
2024,10,29,9,28.99454666666667
2024,10,29,10,15.7222
2024,10,29,11,13.718936666666666
2024,10,29,12,12.059466666666667
2024,10,29,13,11.009209999999998
2024,10,29,14,9.44501
2024,10,29,15,10.336573333333334
2024,10,29,16,13.917833333333332
2024,10,29,17,24.17226
2024,10,29,18,47.58231666666666
2024,10,29,19,48.32523666666666
2024,10,29,20,48.77209333333334
2024,10,29,21,48.216730000000005
2024,10,29,22,47.99881
2024,10,29,23,47.46642666666667
2024,10,29,24,46.573910000000005
2024,10,30,1,58.49215
2024,10,30,2,53.27881
2024,10,30,3,51.89570333333334
2024,10,30,4,52.013560000000005
2024,10,30,5,52.45388666666667
2024,10,30,6,59.00104
2024,10,30,7,58.87618333333333
2024,10,30,8,59.34751
2024,10,30,9,44.38664666666667
2024,10,30,10,31.57146333333333
2024,10,30,11,26.651576666666667
2024,10,30,12,24.348243333333333
2024,10,30,13,25.637673333333336
2024,10,30,14,24.2345
2024,10,30,15,23.30062
2024,10,30,16,25.65335
2024,10,30,17,41.46451666666667
2024,10,30,18,53.16687
2024,10,30,19,55.695166666666665
2024,10,30,20,56.22244333333333
2024,10,30,21,54.80275666666666
2024,10,30,22,55.33271666666667
2024,10,30,23,53.74031
2024,10,30,24,52.187376666666665
2024,11,1,1,41.01263666666667
2024,11,1,2,40.39083
2024,11,1,3,39.20656
2024,11,1,4,39.83040333333333
2024,11,1,5,42.60297333333333
2024,11,1,6,48.67684333333333
2024,11,1,7,51.92418
2024,11,1,8,51.88946000000001
2024,11,1,9,35.83682
2024,11,1,10,21.79731
2024,11,1,11,20.338716666666667
2024,11,1,12,19.068653333333334
2024,11,1,13,17.992336666666667
2024,11,1,14,17.357363333333332
2024,11,1,15,16.20743666666667
2024,11,1,16,17.27008
2024,11,1,17,33.38968
2024,11,1,18,47.03915
2024,11,1,19,46.602403333333335
2024,11,1,20,44.36383
2024,11,1,21,43.99253
2024,11,1,22,43.88154
2024,11,1,23,43.755950000000006
2024,11,1,24,42.42489
2024,11,2,1,34.715743333333336
2024,11,2,2,34.19556333333333
2024,11,2,3,32.28555
2024,11,2,4,31.39660333333333
2024,11,2,5,32.682896666666664
2024,11,2,6,34.47556
2024,11,2,7,34.26477333333333
2024,11,2,8,31.97909333333333
2024,11,2,9,27.12849333333333
2024,11,2,10,18.79761333333333
2024,11,2,11,14.799816666666668
2024,11,2,12,11.16397
2024,11,2,13,7.552003333333332
2024,11,2,14,5.626523333333334
2024,11,2,15,5.317873333333332
2024,11,2,16,5.202976666666667
2024,11,2,17,14.958406666666669
2024,11,2,18,35.021013333333336
2024,11,2,19,35.26118333333333
2024,11,2,20,35.36822333333333
2024,11,2,21,35.29513333333333
2024,11,2,22,34.49724
2024,11,2,23,33.30404333333333
2024,11,2,24,32.699353333333335
2024,11,3,1,33.057096666666666
2024,11,3,2,32.27679666666666
2024,11,3,3,32.21545666666667
2024,11,3,4,31.54285
2024,11,3,5,30.84226
2024,11,3,6,31.17459
2024,11,3,7,29.671903333333333
2024,11,3,8,10.47963
2024,11,3,9,-0.8165766666666666
2024,11,3,10,-3.583296666666667
2024,11,3,11,-4.021046666666667
2024,11,3,12,-4.47553
2024,11,3,13,-3.96105
2024,11,3,14,-3.8324833333333337
2024,11,3,15,-3.0936
2024,11,3,16,6.43475
2024,11,3,17,34.014586666666666
2024,11,3,18,34.54516666666667
2024,11,3,19,34.548766666666666
2024,11,3,20,34.80423
2024,11,3,21,35.12307333333333
2024,11,3,22,34.69030333333333
2024,11,3,23,34.67028
2024,11,3,24,32.23815666666667
2024,11,3,25,32.320276666666665
2024,11,4,1,39.35226
2024,11,4,2,38.11535333333333
2024,11,4,3,35.44806333333333
2024,11,4,4,35.6393
2024,11,4,5,38.58618333333333
2024,11,4,6,44.02430999999999
2024,11,4,7,42.62121
2024,11,4,8,28.60822333333333
2024,11,4,9,18.108046666666667
2024,11,4,10,18.76830333333333
2024,11,4,11,17.298323333333332
2024,11,4,12,16.433106666666664
2024,11,4,13,15.389273333333334
2024,11,4,14,15.340693333333334
2024,11,4,15,18.100473333333333
2024,11,4,16,30.325526666666665
2024,11,4,17,45.97021333333333
2024,11,4,18,51.85906
2024,11,4,19,46.199823333333335
2024,11,4,20,45.63124333333334
2024,11,4,21,45.40385333333333
2024,11,4,22,44.65535666666667
2024,11,4,23,44.282446666666665
2024,11,4,24,41.47747
2024,11,5,1,37.51569333333333
2024,11,5,2,35.45327666666667
2024,11,5,3,34.92411666666667
2024,11,5,4,34.77999333333333
2024,11,5,5,36.33209333333333
2024,11,5,6,42.09668333333334
2024,11,5,7,42.42377666666667
2024,11,5,8,31.696436666666667
2024,11,5,9,18.35693333333333
2024,11,5,10,15.368336666666666
2024,11,5,11,14.84414
2024,11,5,12,13.303223333333332
2024,11,5,13,12.093413333333332
2024,11,5,14,10.34459
2024,11,5,15,14.145303333333333
2024,11,5,16,35.43591333333333
2024,11,5,17,42.78146666666667
2024,11,5,18,47.25445666666667
2024,11,5,19,41.54509333333333
2024,11,5,20,41.23058666666667
2024,11,5,21,40.50555666666667
2024,11,5,22,40.05681666666666
2024,11,5,23,38.27835
2024,11,5,24,36.02718333333333
2024,11,6,1,38.12839666666667
2024,11,6,2,38.031396666666666
2024,11,6,3,37.71053
2024,11,6,4,37.89885666666667
2024,11,6,5,38.85595666666666
2024,11,6,6,44.26016333333333
2024,11,6,7,45.2694
2024,11,6,8,33.82781333333333
2024,11,6,9,13.74986
2024,11,6,10,10.892706666666667
2024,11,6,11,9.268533333333332
2024,11,6,12,8.854683333333334
2024,11,6,13,7.837726666666668
2024,11,6,14,7.480616666666666
2024,11,6,15,9.862033333333333
2024,11,6,16,31.95178
2024,11,6,17,46.41422666666667
2024,11,6,18,50.281416666666665
2024,11,6,19,46.55754
2024,11,6,20,45.966303333333336
2024,11,6,21,45.74936666666667
2024,11,6,22,45.93697666666666
2024,11,6,23,44.86897333333334
2024,11,6,24,43.99572333333333
2024,11,7,1,43.1753
2024,11,7,2,42.76673
2024,11,7,3,42.81829666666667
2024,11,7,4,44.10873333333333
2024,11,7,5,50.46421
2024,11,7,6,51.36371333333333
2024,11,7,7,49.60340666666667
2024,11,7,8,35.75232333333333
2024,11,7,9,18.084686666666663
2024,11,7,10,16.16992
2024,11,7,11,15.479173333333334
2024,11,7,12,14.995976666666666
2024,11,7,13,14.728513333333334
2024,11,7,14,13.785923333333336
2024,11,7,15,15.533690000000002
2024,11,7,16,38.54476666666667
2024,11,7,17,55.42364666666666
2024,11,7,18,56.29354333333333
2024,11,7,19,55.839486666666666
2024,11,7,20,55.53484
2024,11,7,21,55.30276666666666
2024,11,7,22,55.59047999999999
2024,11,7,23,55.92328
2024,11,7,24,55.12456333333333
2024,11,8,1,45.98970333333333
2024,11,8,2,47.929273333333335
2024,11,8,3,45.77554
2024,11,8,4,45.85897
2024,11,8,5,49.78103333333333
2024,11,8,6,54.71931000000001
2024,11,8,7,54.795723333333335
2024,11,8,8,36.346853333333335
2024,11,8,9,18.31551333333333
2024,11,8,10,16.01805333333333
2024,11,8,11,15.117663333333333
2024,11,8,12,13.974290000000002
2024,11,8,13,11.268953333333334
2024,11,8,14,10.274283333333331
2024,11,8,15,14.1873
2024,11,8,16,34.24718333333333
2024,11,8,17,49.62292
2024,11,8,18,50.62435333333334
2024,11,8,19,49.02880666666667
2024,11,8,20,49.047246666666666
2024,11,8,21,48.78336333333333
2024,11,8,22,48.73254333333333
2024,11,8,23,48.43737000000001
2024,11,8,24,47.47404666666667
2024,11,9,1,46.75720333333334
2024,11,9,2,45.44341
2024,11,9,3,44.868613333333336
2024,11,9,4,40.87302
2024,11,9,5,45.26806
2024,11,9,6,45.42151333333334
2024,11,9,7,45.21597666666667
2024,11,9,8,30.42051333333333
2024,11,9,9,9.481146666666666
2024,11,9,10,7.644649999999999
2024,11,9,11,7.16929
2024,11,9,12,7.024226666666666
2024,11,9,13,6.792896666666667
2024,11,9,14,6.51848
2024,11,9,15,7.979349999999999
2024,11,9,16,30.772406666666665
2024,11,9,17,47.738216666666666
2024,11,9,18,47.69704
2024,11,9,19,46.91085666666667
2024,11,9,20,46.99955
2024,11,9,21,46.872653333333325
2024,11,9,22,46.69360666666666
2024,11,9,23,46.04985
2024,11,9,24,45.021530000000006
2024,11,10,1,36.90804666666667
2024,11,10,2,36.61226333333334
2024,11,10,3,35.400083333333335
2024,11,10,4,35.41099333333333
2024,11,10,5,35.36562
2024,11,10,6,37.98366333333333
2024,11,10,7,38.06146333333333
2024,11,10,8,25.191280000000003
2024,11,10,9,8.645166666666666
2024,11,10,10,8.199486666666667
2024,11,10,11,7.154396666666667
2024,11,10,12,6.787963333333333
2024,11,10,13,6.302669999999999
2024,11,10,14,5.841986666666666
2024,11,10,15,7.223933333333334
2024,11,10,16,33.11743666666667
2024,11,10,17,47.91574
2024,11,10,18,47.98940666666667
2024,11,10,19,47.68578
2024,11,10,20,47.44735
2024,11,10,21,46.72176666666667
2024,11,10,22,46.719433333333335
2024,11,10,23,45.88152333333333
2024,11,10,24,37.633743333333335
2024,11,11,1,38.443443333333335
2024,11,11,2,36.9631
2024,11,11,3,34.944880000000005
2024,11,11,4,31.866623333333337
2024,11,11,5,35.752676666666666
2024,11,11,6,39.30078
2024,11,11,7,39.67829
2024,11,11,8,29.57853666666667
2024,11,11,9,14.28848
2024,11,11,10,12.29883
2024,11,11,11,12.121696666666669
2024,11,11,12,12.028416666666669
2024,11,11,13,11.87846
2024,11,11,14,11.60461
2024,11,11,15,12.771163333333332
2024,11,11,16,33.85759
2024,11,11,17,40.35916666666667
2024,11,11,18,40.35040333333333
2024,11,11,19,39.90833666666666
2024,11,11,20,39.353723333333335
2024,11,11,21,39.45435666666666
2024,11,11,22,39.00004333333333
2024,11,11,23,36.84687333333333
2024,11,11,24,34.71358333333333
2024,11,12,1,33.69008
2024,11,12,2,33.04070333333333
2024,11,12,3,32.68899666666667
2024,11,12,4,32.96029
2024,11,12,5,35.90145666666667
2024,11,12,6,41.90338666666667
2024,11,12,7,43.56631
2024,11,12,8,33.68828666666666
2024,11,12,9,14.657413333333333
2024,11,12,10,12.05891
2024,11,12,11,11.679346666666667
2024,11,12,12,10.898723333333333
2024,11,12,13,10.269623333333334
2024,11,12,14,9.142506666666666
2024,11,12,15,10.645413333333334
2024,11,12,16,31.121806666666668
2024,11,12,17,47.88788666666667
2024,11,12,18,51.32051333333334
2024,11,12,19,48.03634333333333
2024,11,12,20,47.92213666666667
2024,11,12,21,47.80562666666666
2024,11,12,22,47.48068333333333
2024,11,12,23,46.84462666666667
2024,11,12,24,44.10795666666667
2024,11,13,1,43.45750666666667
2024,11,13,2,41.98754666666667
2024,11,13,3,42.50949
2024,11,13,4,41.46448333333333
2024,11,13,5,43.74474333333333
2024,11,13,6,50.13412666666667
2024,11,13,7,51.56290666666666
2024,11,13,8,39.57402666666667
2024,11,13,9,20.64126
2024,11,13,10,19.787346666666668
2024,11,13,11,17.450613333333333
2024,11,13,12,17.47477
2024,11,13,13,18.62687333333333
2024,11,13,14,17.958403333333333
2024,11,13,15,20.176573333333334
2024,11,13,16,43.288
2024,11,13,17,56.90266
2024,11,13,18,57.49276
2024,11,13,19,55.48971666666667
2024,11,13,20,55.47502666666667
2024,11,13,21,55.54101
2024,11,13,22,55.25347333333334
2024,11,13,23,52.13549666666668
2024,11,13,24,45.58143333333334
2024,11,14,1,42.02160666666666
2024,11,14,2,41.67841000000001
2024,11,14,3,41.95439
2024,11,14,4,42.09015
2024,11,14,5,47.270923333333336
2024,11,14,6,50.64347333333333
2024,11,14,7,50.68966666666668
2024,11,14,8,36.014383333333335
2024,11,14,9,18.155763333333333
2024,11,14,10,16.428866666666668
2024,11,14,11,14.760123333333333
2024,11,14,12,14.00341
2024,11,14,13,13.68959
2024,11,14,14,12.63802
2024,11,14,15,14.308696666666668
2024,11,14,16,35.62817666666667
2024,11,14,17,49.57258
2024,11,14,18,49.06924
2024,11,14,19,47.85897
2024,11,14,20,47.23290333333333
2024,11,14,21,46.75355
2024,11,14,22,46.56695
2024,11,14,23,46.14044333333334
2024,11,14,24,42.671056666666665
2024,11,15,1,40.57655333333333
2024,11,15,2,40.02328333333333
2024,11,15,3,40.0022
2024,11,15,4,39.981123333333336
2024,11,15,5,41.04485666666667
2024,11,15,6,47.49563666666666
2024,11,15,7,49.59942333333333
2024,11,15,8,37.72510666666667
2024,11,15,9,20.875106666666667
2024,11,15,10,14.665926666666666
2024,11,15,11,12.451023333333334
2024,11,15,12,11.374383333333334
2024,11,15,13,11.146516666666663
2024,11,15,14,10.7749
2024,11,15,15,11.99306
2024,11,15,16,30.61532
2024,11,15,17,50.14712666666667
2024,11,15,18,50.50513333333333
2024,11,15,19,48.82779666666667
2024,11,15,20,48.36426
2024,11,15,21,47.73542
2024,11,15,22,47.05429
2024,11,15,23,46.31622
2024,11,15,24,45.56364333333334
2024,11,16,1,37.92436333333333
2024,11,16,2,37.796753333333335
2024,11,16,3,37.46296
2024,11,16,4,38.02884666666667
2024,11,16,5,39.65474666666666
2024,11,16,6,44.77697666666666
2024,11,16,7,45.03672
2024,11,16,8,30.47261
2024,11,16,9,13.136543333333334
2024,11,16,10,11.384626666666668
2024,11,16,11,9.917043333333334
2024,11,16,12,8.96912
2024,11,16,13,7.961216666666666
2024,11,16,14,4.766653333333332
2024,11,16,15,7.146223333333334
2024,11,16,16,28.09989
2024,11,16,17,51.75736333333333
2024,11,16,18,52.13153666666667
2024,11,16,19,51.3397
2024,11,16,20,50.97847333333333
2024,11,16,21,50.88008
2024,11,16,22,51.19223
2024,11,16,23,50.77133666666666
2024,11,16,24,50.13462333333333
2024,11,17,1,44.65664666666667
2024,11,17,2,44.29247
2024,11,17,3,43.372440000000005
2024,11,17,4,42.44340333333333
2024,11,17,5,44.30502333333334
2024,11,17,6,44.33426333333333
2024,11,17,7,43.74041
2024,11,17,8,29.45140333333333
2024,11,17,9,9.013373333333334
2024,11,17,10,7.683346666666666
2024,11,17,11,7.328716666666666
2024,11,17,12,6.8579566666666665
2024,11,17,13,5.95264
2024,11,17,14,6.82499
2024,11,17,15,7.857733333333333
2024,11,17,16,29.376896666666667
2024,11,17,17,45.39112333333333
2024,11,17,18,47.36773
2024,11,17,19,45.47441
2024,11,17,20,45.06134
2024,11,17,21,44.6918
2024,11,17,22,44.25736666666666
2024,11,17,23,40.93482666666667
2024,11,17,24,37.88863
2024,11,18,1,33.58011333333334
2024,11,18,2,33.01201666666667
2024,11,18,3,31.87809
2024,11,18,4,32.21883666666667
2024,11,18,5,35.475300000000004
2024,11,18,6,41.70594
2024,11,18,7,42.92889
2024,11,18,8,33.71774
2024,11,18,9,9.247343333333331
2024,11,18,10,7.568626666666666
2024,11,18,11,6.758800000000001
2024,11,18,12,5.077696666666666
2024,11,18,13,4.399493333333335
2024,11,18,14,3.4381966666666663
2024,11,18,15,5.38916
2024,11,18,16,20.3708
2024,11,18,17,44.114830000000005
2024,11,18,18,44.81601666666666
2024,11,18,19,44.738850000000006
2024,11,18,20,44.00364
2024,11,18,21,43.860906666666665
2024,11,18,22,44.60805333333334
2024,11,18,23,42.97544666666666
2024,11,18,24,41.23628333333333
2024,11,19,1,50.58377
2024,11,19,2,50.11855
2024,11,19,3,50.15442333333333
2024,11,19,4,49.95249333333334
2024,11,19,5,51.76101333333333
2024,11,19,6,60.15524666666667
2024,11,19,7,66.94696666666665
2024,11,19,8,51.50521
2024,11,19,9,27.757336666666664
2024,11,19,10,20.00779
2024,11,19,11,18.775826666666667
2024,11,19,12,16.801276666666666
2024,11,19,13,14.27542333333333
2024,11,19,14,13.809203333333334
2024,11,19,15,17.213986666666667
2024,11,19,16,44.97257333333334
2024,11,19,17,64.34134666666667
2024,11,19,18,63.867066666666666
2024,11,19,19,62.75064666666666
2024,11,19,20,61.650553333333335
2024,11,19,21,62.54642333333334
2024,11,19,22,62.30802666666667
2024,11,19,23,60.38578
2024,11,19,24,57.05002666666667
2024,11,20,1,47.86399333333333
2024,11,20,2,47.40453
2024,11,20,3,46.72045666666667
2024,11,20,4,46.79762
2024,11,20,5,49.01754
2024,11,20,6,53.86552333333333
2024,11,20,7,57.60551666666667
2024,11,20,8,44.67727
2024,11,20,9,24.6151
2024,11,20,10,17.41165666666667
2024,11,20,11,15.492493333333334
2024,11,20,12,14.73799333333333
2024,11,20,13,13.168233333333331
2024,11,20,14,12.539393333333336
2024,11,20,15,15.320536666666664
2024,11,20,16,43.83473666666666
2024,11,20,17,57.76996666666667
2024,11,20,18,57.52017
2024,11,20,19,56.75748333333333
2024,11,20,20,56.32381
2024,11,20,21,56.46774
2024,11,20,22,55.69894333333334
2024,11,20,23,51.642203333333335
2024,11,20,24,47.71181666666666
2024,11,21,1,51.78355333333334
2024,11,21,2,50.717780000000005
2024,11,21,3,50.23861333333334
2024,11,21,4,50.14056
2024,11,21,5,50.48086333333333
2024,11,21,6,54.97661
2024,11,21,7,59.45273
2024,11,21,8,45.61972
2024,11,21,9,25.30886
2024,11,21,10,18.23160333333333
2024,11,21,11,16.778583333333334
2024,11,21,12,16.437443333333334
2024,11,21,13,15.70607
2024,11,21,14,16.18544
2024,11,21,15,17.768653333333333
2024,11,21,16,48.23419333333334
2024,11,21,17,68.61932666666667
2024,11,21,18,66.90309666666667
2024,11,21,19,63.86242666666666
2024,11,21,20,63.40811
2024,11,21,21,62.495196666666665
2024,11,21,22,61.78400666666667
2024,11,21,23,56.04489
2024,11,21,24,50.21834666666666
2024,11,22,1,49.62304333333333
2024,11,22,2,49.16213666666667
2024,11,22,3,49.03819666666666
2024,11,22,4,48.92243
2024,11,22,5,49.58522333333334
2024,11,22,6,56.45209666666667
2024,11,22,7,60.43215666666666
2024,11,22,8,50.36209666666667
2024,11,22,9,25.85097333333333
2024,11,22,10,24.322186666666667
2024,11,22,11,22.53877333333333
2024,11,22,12,20.83637333333333
2024,11,22,13,21.52232
2024,11,22,14,20.572153333333333
2024,11,22,15,24.915223333333333
2024,11,22,16,51.93284
2024,11,22,17,62.48259
2024,11,22,18,64.90109666666666
2024,11,22,19,60.86187666666667
2024,11,22,20,60.19139666666666
2024,11,22,21,59.63889
2024,11,22,22,58.16764
2024,11,22,23,53.781560000000006
2024,11,22,24,50.56655666666666
2024,11,23,1,44.46034333333333
2024,11,23,2,43.648426666666666
2024,11,23,3,42.43561
2024,11,23,4,42.216836666666666
2024,11,23,5,42.522936666666666
2024,11,23,6,45.61997
2024,11,23,7,48.80721333333333
2024,11,23,8,41.98210666666667
2024,11,23,9,26.86312
2024,11,23,10,26.30723
2024,11,23,11,25.24615
2024,11,23,12,20.37505333333333
2024,11,23,13,18.656456666666667
2024,11,23,14,18.960293333333336
2024,11,23,15,21.463490000000004
2024,11,23,16,41.93083666666666
2024,11,23,17,49.26800333333333
2024,11,23,18,50.88003333333333
2024,11,23,19,49.25656
2024,11,23,20,48.33512
2024,11,23,21,47.96646666666667
2024,11,23,22,47.839133333333336
2024,11,23,23,46.744163333333326
2024,11,23,24,45.71043
2024,11,24,1,45.93796666666666
2024,11,24,2,44.58988
2024,11,24,3,40.58372333333333
2024,11,24,4,39.61374666666666
2024,11,24,5,40.67360333333334
2024,11,24,6,46.44010333333333
2024,11,24,7,46.20523
2024,11,24,8,34.75675666666667
2024,11,24,9,20.140046666666667
2024,11,24,10,17.134636666666665
2024,11,24,11,16.464043333333333
2024,11,24,12,16.502903333333332
2024,11,24,13,14.742993333333333
2024,11,24,14,15.346106666666666
2024,11,24,15,16.863393333333335
2024,11,24,16,41.53074333333333
2024,11,24,17,56.01763666666667
2024,11,24,18,57.97275666666667
2024,11,24,19,57.53204333333333
2024,11,24,20,55.8536
2024,11,24,21,55.62588333333334
2024,11,24,22,55.24028666666667
2024,11,24,23,53.44308
2024,11,24,24,49.746136666666665
2024,11,25,1,46.837606666666666
2024,11,25,2,46.73959
2024,11,25,3,46.20587666666666
2024,11,25,4,46.68697
2024,11,25,5,47.24274666666667
2024,11,25,6,52.952200000000005
2024,11,25,7,56.53746
2024,11,25,8,53.37900666666667
2024,11,25,9,46.64647
2024,11,25,10,45.80515666666667
2024,11,25,11,44.355176666666665
2024,11,25,12,44.37506666666667
2024,11,25,13,45.32965333333334
2024,11,25,14,44.46619333333334
2024,11,25,15,47.08886
2024,11,25,16,64.3485
2024,11,25,17,69.18520666666666
2024,11,25,18,69.30671
2024,11,25,19,67.80079666666667
2024,11,25,20,67.28437333333333
2024,11,25,21,66.85628666666666
2024,11,25,22,65.31357
2024,11,25,23,58.593363333333336
2024,11,25,24,52.46961
2024,11,26,1,48.01249666666666
2024,11,26,2,45.33535666666666
2024,11,26,3,44.87063333333333
2024,11,26,4,45.21094
2024,11,26,5,45.47905333333333
2024,11,26,6,51.05114666666666
2024,11,26,7,54.42975666666666
2024,11,26,8,52.65408333333334
2024,11,26,9,48.0394
2024,11,26,10,47.16451333333333
2024,11,26,11,45.28525
2024,11,26,12,42.91486
2024,11,26,13,41.72915666666667
2024,11,26,14,42.91639333333333
2024,11,26,15,45.37121
2024,11,26,16,53.95593333333334
2024,11,26,17,56.02119666666667
2024,11,26,18,56.03539
2024,11,26,19,52.63845666666666
2024,11,26,20,54.77673000000001
2024,11,26,21,54.29627666666666
2024,11,26,22,52.67493
2024,11,26,23,48.74149666666667
2024,11,26,24,44.96435666666667
2024,11,27,1,44.432273333333335
2024,11,27,2,42.89526333333333
2024,11,27,3,42.51573
2024,11,27,4,42.49933333333333
2024,11,27,5,43.01841666666667
2024,11,27,6,47.20337
2024,11,27,7,52.10167333333334
2024,11,27,8,52.29596
2024,11,27,9,47.98155666666667
2024,11,27,10,40.728280000000005
2024,11,27,11,36.76914333333333
2024,11,27,12,33.65267333333333
2024,11,27,13,32.86798666666667
2024,11,27,14,33.12158
2024,11,27,15,34.82127666666667
2024,11,27,16,48.61868333333333
2024,11,27,17,56.34264666666667
2024,11,27,18,60.97687666666667
2024,11,27,19,59.54179333333334
2024,11,27,20,57.36653666666666
2024,11,27,21,57.04337
2024,11,27,22,57.10264333333333
2024,11,27,23,56.74689333333333
2024,11,27,24,55.40887333333333
2024,11,28,1,46.82740666666667
2024,11,28,2,47.59154
2024,11,28,3,45.81212666666666
2024,11,28,4,45.919293333333336
2024,11,28,5,46.48382
2024,11,28,6,48.76091333333333
2024,11,28,7,49.07941666666667
2024,11,28,8,44.211306666666665
2024,11,28,9,27.637786666666667
2024,11,28,10,22.458386666666662
2024,11,28,11,21.163836666666665
2024,11,28,12,19.763406666666665
2024,11,28,13,13.93454
2024,11,28,14,15.215133333333334
2024,11,28,15,21.24372
2024,11,28,16,43.57237666666666
2024,11,28,17,51.77309666666667
2024,11,28,18,52.4267
2024,11,28,19,51.47988333333333
2024,11,28,20,51.19905666666667
2024,11,28,21,51.04588666666666
2024,11,28,22,51.342553333333335
2024,11,28,23,50.69081
2024,11,28,24,49.80607
2024,11,29,1,46.42238
2024,11,29,2,44.47284333333334
2024,11,29,3,44.01590333333333
2024,11,29,4,44.168643333333335
2024,11,29,5,45.61522
2024,11,29,6,47.178246666666666
2024,11,29,7,47.58222666666666
2024,11,29,8,46.505073333333335
2024,11,29,9,40.10865333333333
2024,11,29,10,36.42807666666666
2024,11,29,11,34.53223333333333
2024,11,29,12,32.39250333333334
2024,11,29,13,30.928416666666664
2024,11,29,14,34.27153
2024,11,29,15,36.38788
2024,11,29,16,50.91759
2024,11,29,17,52.17974333333333
2024,11,29,18,54.05508666666666
2024,11,29,19,52.933506666666666
2024,11,29,20,52.74577333333334
2024,11,29,21,52.33312333333333
2024,11,29,22,51.92018
2024,11,29,23,50.963366666666666
2024,11,30,24,55.48056666666667
2024,12,1,1,60.64734666666666
2024,12,1,2,59.83471333333333
2024,12,1,3,55.65998666666667
2024,12,1,4,54.385443333333335
2024,12,1,5,55.18945
2024,12,1,6,56.34028333333333
2024,12,1,7,56.64412333333333
2024,12,1,8,46.47087333333334
2024,12,1,9,32.31219
2024,12,1,10,29.146283333333333
2024,12,1,11,27.05388333333333
2024,12,1,12,26.338336666666667
2024,12,1,13,25.80593
2024,12,1,14,25.74701333333333
2024,12,1,15,28.59601
2024,12,1,16,51.694
2024,12,1,17,61.857130000000005
2024,12,1,18,62.57895
2024,12,1,19,61.98950666666667
2024,12,1,20,61.05237333333333
2024,12,1,21,60.71802
2024,12,1,22,61.16985333333333
2024,12,1,23,59.44958
2024,12,1,24,58.38754
2024,12,2,1,61.63968333333333
2024,12,2,2,56.375836666666665
2024,12,2,3,56.19578666666666
2024,12,2,4,55.84355
2024,12,2,5,57.95441666666667
2024,12,2,6,67.92224
2024,12,2,7,69.12504
2024,12,2,8,64.97415
2024,12,2,9,42.70326333333333
2024,12,2,10,35.46861
2024,12,2,11,33.42626333333333
2024,12,2,12,32.316923333333335
2024,12,2,13,31.72151666666667
2024,12,2,14,32.75203666666667
2024,12,2,15,36.59330666666667
2024,12,2,16,55.318216666666665
2024,12,2,17,65.45449666666667
2024,12,2,18,68.67102666666666
2024,12,2,19,65.62846333333333
2024,12,2,20,65.28913333333334
2024,12,2,21,65.41589
2024,12,2,22,65.10027333333333
2024,12,2,23,63.930933333333336
2024,12,2,24,61.22205
2024,12,3,1,49.85247
2024,12,3,2,47.17298
2024,12,3,3,46.48876666666666
2024,12,3,4,46.55382666666667
2024,12,3,5,47.30503
2024,12,3,6,55.93204333333333
2024,12,3,7,62.31546333333333
2024,12,3,8,57.237496666666665
2024,12,3,9,43.74111333333334
2024,12,3,10,39.79054666666666
2024,12,3,11,38.53848666666666
2024,12,3,12,37.81691666666666
2024,12,3,13,35.42747333333333
2024,12,3,14,35.18951666666667
2024,12,3,15,38.14550333333333
2024,12,3,16,50.65846333333334
2024,12,3,17,62.10434
2024,12,3,18,63.22984333333333
2024,12,3,19,62.63691333333333
2024,12,3,20,61.621903333333336
2024,12,3,21,61.256933333333336
2024,12,3,22,60.085303333333336
2024,12,3,23,56.46014333333333
2024,12,3,24,52.96948
2024,12,4,1,46.26505333333333
2024,12,4,2,45.14429333333334
2024,12,4,3,44.331246666666665
2024,12,4,4,44.40491
2024,12,4,5,45.30041666666667
2024,12,4,6,52.1734
2024,12,4,7,56.24018
2024,12,4,8,52.81439
2024,12,4,9,40.62404
2024,12,4,10,32.33080333333333
2024,12,4,11,30.815046666666664
2024,12,4,12,29.320676666666667
2024,12,4,13,27.50339
2024,12,4,14,25.21849333333333
2024,12,4,15,30.525926666666667
2024,12,4,16,48.30844
2024,12,4,17,58.17969
2024,12,4,18,59.88181333333333
2024,12,4,19,57.59244666666667
2024,12,4,20,57.01583
2024,12,4,21,56.349013333333325
2024,12,4,22,56.6118
2024,12,4,23,54.95775666666666
2024,12,4,24,52.804116666666665
2024,12,5,1,49.374046666666665
2024,12,5,2,45.64927
2024,12,5,3,44.42097
2024,12,5,4,44.38489666666667
2024,12,5,5,47.99996333333333
2024,12,5,6,51.75472
2024,12,5,7,54.19241333333334
2024,12,5,8,51.11857
2024,12,5,9,36.32795333333333
2024,12,5,10,31.48626
2024,12,5,11,29.61919333333333
2024,12,5,12,28.36296
2024,12,5,13,25.53989
2024,12,5,14,25.414393333333333
2024,12,5,15,28.912940000000003
2024,12,5,16,47.53228333333334
2024,12,5,17,56.47493666666667
2024,12,5,18,56.81523000000001
2024,12,5,19,55.47484666666666
2024,12,5,20,54.91578333333333
2024,12,5,21,54.8988
2024,12,5,22,54.79752
2024,12,5,23,53.08865
2024,12,5,24,51.71512333333333
2024,12,6,1,48.96989666666667
2024,12,6,2,45.43766
2024,12,6,3,44.90081
2024,12,6,4,44.71447333333333
2024,12,6,5,45.75292666666667
2024,12,6,6,54.82785666666666
2024,12,6,7,56.935316666666665
2024,12,6,8,51.00139
2024,12,6,9,33.021620000000006
2024,12,6,10,26.92085666666667
2024,12,6,11,26.63439
2024,12,6,12,25.804086666666667
2024,12,6,13,23.991276666666664
2024,12,6,14,24.12815666666667
2024,12,6,15,25.775896666666664
2024,12,6,16,48.157786666666674
2024,12,6,17,57.85252333333333
2024,12,6,18,58.96930666666666
2024,12,6,19,57.53131333333334
2024,12,6,20,56.816543333333335
2024,12,6,21,56.42014666666668
2024,12,6,22,56.07254333333333
2024,12,6,23,55.74313
2024,12,6,24,53.72837666666666
2024,12,7,1,46.97687333333334
2024,12,7,2,46.40689
2024,12,7,3,44.153016666666666
2024,12,7,4,43.93964666666667
2024,12,7,5,44.20433666666667
2024,12,7,6,47.513823333333335
2024,12,7,7,47.63815
2024,12,7,8,44.22651333333334
2024,12,7,9,23.332363333333333
2024,12,7,10,20.76729333333333
2024,12,7,11,19.53640333333333
2024,12,7,12,18.40564
2024,12,7,13,16.56047666666667
2024,12,7,14,15.886703333333337
2024,12,7,15,19.82439666666667
2024,12,7,16,42.11738333333333
2024,12,7,17,49.52032
2024,12,7,18,51.29286999999999
2024,12,7,19,49.36438333333333
2024,12,7,20,48.99079
2024,12,7,21,48.44418
2024,12,7,22,47.58813333333333
2024,12,7,23,47.23168333333333
2024,12,7,24,46.91848333333333
2024,12,8,1,44.20248333333333
2024,12,8,2,43.54477
2024,12,8,3,42.74265333333333
2024,12,8,4,40.89277666666667
2024,12,8,5,40.467036666666665
2024,12,8,6,42.500773333333335
2024,12,8,7,42.6985
2024,12,8,8,34.18379
2024,12,8,9,25.51606666666667
2024,12,8,10,24.673600000000004
2024,12,8,11,23.76868
2024,12,8,12,21.385693333333336
2024,12,8,13,22.346186666666664
2024,12,8,14,23.12079
2024,12,8,15,26.29682
2024,12,8,16,41.72666666666667
2024,12,8,17,47.60749666666666
2024,12,8,18,47.72661
2024,12,8,19,47.445753333333336
2024,12,8,20,47.36190666666667
2024,12,8,21,47.36135
2024,12,8,22,47.568936666666666
2024,12,8,23,46.346426666666666
2024,12,8,24,45.65736999999999
2024,12,9,1,40.54312333333333
2024,12,9,2,40.66390333333334
2024,12,9,3,40.63205333333334
2024,12,9,4,40.67003
2024,12,9,5,42.10467333333333
2024,12,9,6,48.27154
2024,12,9,7,52.414966666666665
2024,12,9,8,49.59148666666667
2024,12,9,9,32.45509333333333
2024,12,9,10,28.48237
2024,12,9,11,26.378556666666668
2024,12,9,12,25.272896666666668
2024,12,9,13,24.72128333333333
2024,12,9,14,23.20412333333333
2024,12,9,15,25.55278333333333
2024,12,9,16,46.06384333333333
2024,12,9,17,56.20760666666666
2024,12,9,18,56.61594
2024,12,9,19,55.395253333333336
2024,12,9,20,55.458956666666666
2024,12,9,21,55.378553333333336
2024,12,9,22,55.345796666666665
2024,12,9,23,54.04652333333333
2024,12,9,24,51.41376333333333
2024,12,10,1,44.44501
2024,12,10,2,44.78113999999999
2024,12,10,3,44.27469666666667
2024,12,10,4,44.24923
2024,12,10,5,46.94119666666666
2024,12,10,6,52.96438666666666
2024,12,10,7,53.42351333333334
2024,12,10,8,52.30896333333334
2024,12,10,9,37.38374666666667
2024,12,10,10,27.676796666666664
2024,12,10,11,24.806676666666664
2024,12,10,12,23.68791333333333
2024,12,10,13,22.78103
2024,12,10,14,22.39428333333333
2024,12,10,15,24.619976666666663
2024,12,10,16,45.56751666666667
2024,12,10,17,60.05229
2024,12,10,18,62.94276666666667
2024,12,10,19,60.65049333333334
2024,12,10,20,60.31659333333334
2024,12,10,21,60.006843333333336
2024,12,10,22,59.72335999999999
2024,12,10,23,57.742693333333335
2024,12,10,24,55.78503333333333
2024,12,11,1,49.17183666666667
2024,12,11,2,48.70644333333333
2024,12,11,3,48.308906666666665
2024,12,11,4,48.715183333333336
2024,12,11,5,50.67798666666667
2024,12,11,6,59.31053
2024,12,11,7,61.10223666666667
2024,12,11,8,56.13912
2024,12,11,9,46.147596666666665
2024,12,11,10,43.27980333333333
2024,12,11,11,40.71210666666666
2024,12,11,12,38.60798666666667
2024,12,11,13,36.75629
2024,12,11,14,36.295766666666665
2024,12,11,15,38.79952333333333
2024,12,11,16,51.24722666666667
2024,12,11,17,61.58463333333333
2024,12,11,18,62.16449
2024,12,11,19,61.55128333333334
2024,12,11,20,60.81919666666667
2024,12,11,21,60.93193333333334
2024,12,11,22,60.24374
2024,12,11,23,57.48700666666667
2024,12,11,24,53.45855333333333
2024,12,12,1,49.8322
2024,12,12,2,47.91121666666667
2024,12,12,3,47.905116666666665
2024,12,12,4,47.5094
2024,12,12,5,48.10266333333334
2024,12,12,6,56.68603333333333
2024,12,12,7,59.845940000000006
2024,12,12,8,57.83785
2024,12,12,9,50.80861000000001
2024,12,12,10,48.20583333333334
2024,12,12,11,46.440133333333335
2024,12,12,12,40.64785333333334
2024,12,12,13,32.628
2024,12,12,14,29.389133333333334
2024,12,12,15,32.91394
2024,12,12,16,46.44546666666667
2024,12,12,17,54.82792
2024,12,12,18,55.01427
2024,12,12,19,54.91599
2024,12,12,20,54.10081333333333
2024,12,12,21,53.37079
2024,12,12,22,52.61147666666667
2024,12,12,23,50.1065
2024,12,12,24,46.44476666666667
2024,12,13,1,42.65577666666667
2024,12,13,2,42.33046
2024,12,13,3,42.19662
2024,12,13,4,42.17780333333334
2024,12,13,5,42.99698
2024,12,13,6,49.88408666666667
2024,12,13,7,52.73775666666666
2024,12,13,8,51.11461666666667
2024,12,13,9,38.5905
2024,12,13,10,31.101916666666668
2024,12,13,11,30.25658333333333
2024,12,13,12,29.514776666666663
2024,12,13,13,25.63791333333333
2024,12,13,14,25.44446333333333
2024,12,13,15,30.7863
2024,12,13,16,44.477003333333336
2024,12,13,17,54.75009333333333
2024,12,13,18,55.11862666666667
2024,12,13,19,54.11132333333333
2024,12,13,20,53.90021333333333
2024,12,13,21,53.31116333333333
2024,12,13,22,52.84643333333333
2024,12,13,23,51.54441
2024,12,13,24,50.93170333333333
2024,12,14,1,48.310856666666666
2024,12,14,2,45.72882333333333
2024,12,14,3,43.465543333333336
2024,12,14,4,43.04114333333333
2024,12,14,5,44.95564666666667
2024,12,14,6,49.368590000000005
2024,12,14,7,49.79243
2024,12,14,8,48.98304
2024,12,14,9,40.819093333333335
2024,12,14,10,36.57129
2024,12,14,11,36.29382
2024,12,14,12,35.180816666666665
2024,12,14,13,29.60784666666667
2024,12,14,14,26.224640000000004
2024,12,14,15,29.222626666666667
2024,12,14,16,40.93343
2024,12,14,17,48.239650000000005
2024,12,14,18,48.70837333333333
2024,12,14,19,48.321176666666666
2024,12,14,20,47.90542
2024,12,14,21,47.30762666666667
2024,12,14,22,47.22072666666667
2024,12,14,23,46.58868
2024,12,14,24,43.57074
2024,12,15,1,37.95264333333333
2024,12,15,2,37.15925333333333
2024,12,15,3,36.766403333333336
2024,12,15,4,36.36004666666667
2024,12,15,5,37.41674
2024,12,15,6,38.02939
2024,12,15,7,40.28035666666667
2024,12,15,8,40.98053333333333
2024,12,15,9,19.26811333333333
2024,12,15,10,14.313716666666666
2024,12,15,11,12.921206666666668
2024,12,15,12,12.122626666666669
2024,12,15,13,9.047186666666668
2024,12,15,14,10.894423333333334
2024,12,15,15,15.352296666666666
2024,12,15,16,31.38887
2024,12,15,17,50.89643
2024,12,15,18,52.06164
2024,12,15,19,51.89245666666667
2024,12,15,20,51.68822666666667
2024,12,15,21,51.80812666666666
2024,12,15,22,51.49690333333333
2024,12,15,23,50.40132
2024,12,15,24,49.28928333333334
2024,12,16,1,47.434783333333336
2024,12,16,2,46.826683333333335
2024,12,16,3,47.20596666666666
2024,12,16,4,47.30438333333333
2024,12,16,5,48.24879666666666
2024,12,16,6,56.58847666666667
2024,12,16,7,58.97071333333333
2024,12,16,8,57.14692
2024,12,16,9,48.20844333333333
2024,12,16,10,43.09838666666667
2024,12,16,11,42.66539666666667
2024,12,16,12,41.63456
2024,12,16,13,38.97141666666666
2024,12,16,14,36.59368333333333
2024,12,16,15,41.391043333333336
2024,12,16,16,47.544876666666674
2024,12,16,17,57.09529
2024,12,16,18,57.994843333333336
2024,12,16,19,57.062520000000006
2024,12,16,20,55.35931
2024,12,16,21,54.956853333333335
2024,12,16,22,54.58574000000001
2024,12,16,23,51.24681666666667
2024,12,16,24,45.952306666666665
2024,12,17,1,43.04570666666666
2024,12,17,2,42.06762
2024,12,17,3,41.61375
2024,12,17,4,41.70881333333333
2024,12,17,5,42.04164333333333
2024,12,17,6,49.85450333333333
2024,12,17,7,53.77278
2024,12,17,8,51.91635
2024,12,17,9,43.70108
2024,12,17,10,39.40203
2024,12,17,11,36.38071
2024,12,17,12,34.44023333333333
2024,12,17,13,27.18662666666667
2024,12,17,14,23.16237333333333
2024,12,17,15,28.23777
2024,12,17,16,39.58701333333334
2024,12,17,17,54.17664333333333
2024,12,17,18,53.806556666666665
2024,12,17,19,53.1704
2024,12,17,20,52.10444
2024,12,17,21,52.50230666666666
2024,12,17,22,52.39983
2024,12,17,23,50.89859333333334
2024,12,17,24,49.13004333333333
2024,12,18,1,49.176386666666666
2024,12,18,2,43.76222666666666
2024,12,18,3,43.66992333333334
2024,12,18,4,43.56028
2024,12,18,5,45.28669666666667
2024,12,18,6,50.95590333333333
2024,12,18,7,54.17524333333333
2024,12,18,8,51.468066666666665
2024,12,18,9,39.117963333333336
2024,12,18,10,35.24439666666667
2024,12,18,11,34.00469666666667
2024,12,18,12,31.95547666666667
2024,12,18,13,29.18952333333333
2024,12,18,14,26.024006666666665
2024,12,18,15,30.289653333333334
2024,12,18,16,45.88160333333334
2024,12,18,17,50.42768
2024,12,18,18,51.48599333333334
2024,12,18,19,51.11537666666666
2024,12,18,20,50.359860000000005
2024,12,18,21,50.672493333333335
2024,12,18,22,49.807903333333336
2024,12,18,23,49.16084666666666
2024,12,18,24,48.647713333333336
2024,12,19,1,42.51745
2024,12,19,2,42.34119333333334
2024,12,19,3,42.323213333333335
2024,12,19,4,42.34765333333333
2024,12,19,5,42.75734
2024,12,19,6,49.851616666666665
2024,12,19,7,53.46671666666666
2024,12,19,8,51.93427
2024,12,19,9,44.25509333333334
2024,12,19,10,43.38748666666667
2024,12,19,11,40.01598
2024,12,19,12,38.18043666666667
2024,12,19,13,37.06592
2024,12,19,14,36.665553333333335
2024,12,19,15,39.77894
2024,12,19,16,49.24706
2024,12,19,17,54.81697666666667
2024,12,19,18,56.23004666666666
2024,12,19,19,54.848216666666666
2024,12,19,20,54.38551
2024,12,19,21,54.56733333333333
2024,12,19,22,53.79530666666667
2024,12,19,23,52.530863333333336
2024,12,19,24,49.05126666666666
2024,12,20,1,45.85280333333333
2024,12,20,2,44.26889666666667
2024,12,20,3,41.55582666666667
2024,12,20,4,41.69842666666667
2024,12,20,5,46.72957333333333
2024,12,20,6,49.28957
2024,12,20,7,50.788540000000005
2024,12,20,8,51.341993333333335
2024,12,20,9,38.32687333333333
2024,12,20,10,33.951213333333335
2024,12,20,11,33.01484
2024,12,20,12,31.66309
2024,12,20,13,31.39748
2024,12,20,14,30.808346666666665
2024,12,20,15,33.157333333333334
2024,12,20,16,40.52951333333333
2024,12,20,17,49.89713
2024,12,20,18,50.62219666666667
2024,12,20,19,48.92339666666667
2024,12,20,20,48.467713333333336
2024,12,20,21,48.17914666666667
2024,12,20,22,47.92812666666666
2024,12,20,23,47.116263333333336
2024,12,20,24,44.98605
2024,12,21,1,42.79189
2024,12,21,2,42.72201999999999
2024,12,21,3,40.7078
2024,12,21,4,39.99956
2024,12,21,5,42.743496666666665
2024,12,21,6,43.89318
2024,12,21,7,43.80907666666667
2024,12,21,8,42.88738333333333
2024,12,21,9,32.82849
2024,12,21,10,29.14790333333333
2024,12,21,11,28.614500000000003
2024,12,21,12,28.71088333333333
2024,12,21,13,27.377143333333333
2024,12,21,14,26.85122
2024,12,21,15,30.65835333333333
2024,12,21,16,37.53462666666667
2024,12,21,17,46.164773333333336
2024,12,21,18,46.465826666666665
2024,12,21,19,46.10762
2024,12,21,20,45.50944666666667
2024,12,21,21,45.30188999999999
2024,12,21,22,45.22437
2024,12,21,23,45.15378333333334
2024,12,21,24,44.21442666666667
2024,12,22,1,37.7026
2024,12,22,2,37.50291333333333
2024,12,22,3,37.16476
2024,12,22,4,35.72658666666667
2024,12,22,5,37.458643333333335
2024,12,22,6,37.862676666666665
2024,12,22,7,39.007176666666666
2024,12,22,8,37.55701333333334
2024,12,22,9,33.233736666666665
2024,12,22,10,29.053753333333333
2024,12,22,11,27.71172333333333
2024,12,22,12,26.225023333333336
2024,12,22,13,23.87668
2024,12,22,14,24.98742
2024,12,22,15,29.339403333333333
2024,12,22,16,38.41859333333333
2024,12,22,17,45.5839
2024,12,22,18,46.21595333333333
2024,12,22,19,45.81449
2024,12,22,20,45.194163333333336
2024,12,22,21,45.06435
2024,12,22,22,44.60117333333333
2024,12,22,23,41.008626666666665
2024,12,22,24,39.02433
2024,12,23,1,36.995673333333336
2024,12,23,2,37.00691333333333
2024,12,23,3,37.07314
2024,12,23,4,38.196023333333336
2024,12,23,5,41.03741
2024,12,23,6,43.830976666666665
2024,12,23,7,49.042656666666666
2024,12,23,8,46.70934
2024,12,23,9,37.804143333333336
2024,12,23,10,35.1663
2024,12,23,11,34.89875333333333
2024,12,23,12,34.52825
2024,12,23,13,33.91360666666667
2024,12,23,14,33.84553666666667
2024,12,23,15,36.09209666666667
2024,12,23,16,39.96024
2024,12,23,17,50.45244
2024,12,23,18,51.11806666666666
2024,12,23,19,50.56524
2024,12,23,20,50.3846
2024,12,23,21,50.19016333333334
2024,12,23,22,49.10073
2024,12,23,23,48.85427666666666
2024,12,23,24,47.69005000000001
2024,12,24,1,42.65436
2024,12,24,2,42.08784333333333
2024,12,24,3,39.59438666666667
2024,12,24,4,39.16592333333333
2024,12,24,5,42.27599
2024,12,24,6,45.97480333333334
2024,12,24,7,46.18445333333333
2024,12,24,8,46.13630333333333
2024,12,24,9,39.54149
2024,12,24,10,38.26901
2024,12,24,11,36.99837
2024,12,24,12,34.44615
2024,12,24,13,31.94707333333333
2024,12,24,14,30.779576666666667
2024,12,24,15,31.02543
2024,12,24,16,33.685633333333335
2024,12,24,17,43.59648333333333
2024,12,24,18,43.83799
2024,12,24,19,43.35296333333333
2024,12,24,20,43.098353333333336
2024,12,24,21,43.30647333333334
2024,12,24,22,42.97357
2024,12,24,23,42.63388333333334
2024,12,24,24,42.03529
2024,12,25,1,36.583666666666666
2024,12,25,2,35.631523333333334
2024,12,25,3,33.85281666666666
2024,12,25,4,34.099169999999994
2024,12,25,5,36.24015
2024,12,25,6,38.66687
2024,12,25,7,41.23196333333333
2024,12,25,8,37.375343333333326
2024,12,25,9,23.652463333333333
2024,12,25,10,19.717740000000003
2024,12,25,11,19.045866666666665
2024,12,25,12,17.765176666666665
2024,12,25,13,15.721443333333331
2024,12,25,14,15.926996666666668
2024,12,25,15,19.13927
2024,12,25,16,30.749626666666668
2024,12,25,17,42.4594
2024,12,25,18,42.92258666666667
2024,12,25,19,42.483003333333336
2024,12,25,20,41.38439333333333
2024,12,25,21,41.751623333333335
2024,12,25,22,42.317173333333336
2024,12,25,23,42.1912
2024,12,25,24,41.30457333333333
2024,12,26,1,39.86784
2024,12,26,2,37.01542
2024,12,26,3,35.59301333333334
2024,12,26,4,35.48350333333333
2024,12,26,5,36.95591
2024,12,26,6,40.95925333333333
2024,12,26,7,41.75604666666667
2024,12,26,8,41.841460000000005
2024,12,26,9,39.54251666666667
2024,12,26,10,33.79938
2024,12,26,11,33.02119666666667
2024,12,26,12,31.58816333333333
2024,12,26,13,29.632763333333333
2024,12,26,14,25.30214
2024,12,26,15,28.871906666666664
2024,12,26,16,34.82025333333333
2024,12,26,17,46.22693666666667
2024,12,26,18,46.59223666666667
2024,12,26,19,46.23484
2024,12,26,20,46.32856999999999
2024,12,26,21,46.02803
2024,12,26,22,45.75451
2024,12,26,23,44.38681666666667
2024,12,26,24,41.16118333333333
2024,12,27,1,33.348663333333334
2024,12,27,2,31.32063666666667
2024,12,27,3,31.75859
2024,12,27,4,31.43939333333333
2024,12,27,5,33.152953333333336
2024,12,27,6,35.95695
2024,12,27,7,35.916693333333335
2024,12,27,8,35.7314
2024,12,27,9,32.74677
2024,12,27,10,30.018526666666663
2024,12,27,11,29.48883
2024,12,27,12,28.89202333333333
2024,12,27,13,28.564756666666668
2024,12,27,14,26.73409
2024,12,27,15,28.73038333333333
2024,12,27,16,29.9443
2024,12,27,17,39.39191
2024,12,27,18,39.125166666666665
2024,12,27,19,39.161303333333336
2024,12,27,20,39.53609666666667
2024,12,27,21,39.52659666666667
2024,12,27,22,39.23397333333333
2024,12,27,23,38.57391333333334
2024,12,27,24,36.23407666666667
2024,12,28,1,32.17147666666667
2024,12,28,2,32.28761
2024,12,28,3,31.349296666666664
2024,12,28,4,30.242293333333333
2024,12,28,5,33.630633333333336
2024,12,28,6,34.287636666666664
2024,12,28,7,34.39586
2024,12,28,8,32.06771333333334
2024,12,28,9,25.00421
2024,12,28,10,24.214196666666663
2024,12,28,11,24.51377
2024,12,28,12,24.51715
2024,12,28,13,23.070576666666668
2024,12,28,14,21.532196666666664
2024,12,28,15,24.23454333333333
2024,12,28,16,27.53786
2024,12,28,17,37.06476333333333
2024,12,28,18,38.09658
2024,12,28,19,37.22024
2024,12,28,20,37.25405666666666
2024,12,28,21,36.91838
2024,12,28,22,36.877453333333335
2024,12,28,23,36.50279333333334
2024,12,28,24,36.58815666666667
2024,12,29,1,33.14019666666667
2024,12,29,2,30.832933333333333
2024,12,29,3,31.33203
2024,12,29,4,31.9032
2024,12,29,5,33.11022
2024,12,29,6,35.019600000000004
2024,12,29,7,34.52524
2024,12,29,8,31.77209333333333
2024,12,29,9,18.94276333333333
2024,12,29,10,13.813103333333332
2024,12,29,11,13.340906666666667
2024,12,29,12,12.917123333333334
2024,12,29,13,10.854086666666667
2024,12,29,14,9.542066666666663
2024,12,29,15,11.870493333333334
2024,12,29,16,19.535363333333333
2024,12,29,17,36.08434
2024,12,29,18,36.54134
2024,12,29,19,36.41825
2024,12,29,20,36.153983333333336
2024,12,29,21,36.15997
2024,12,29,22,35.769103333333334
2024,12,29,23,34.89944666666667
2024,12,29,24,33.80569333333333
2024,12,30,1,30.12363
2024,12,30,2,28.955066666666667
2024,12,30,3,28.633043333333333
2024,12,30,4,28.96654333333333
2024,12,30,5,31.241216666666663
2024,12,30,6,35.19257666666667
2024,12,30,7,37.60552333333333
2024,12,30,8,36.01369666666667
2024,12,30,9,27.905600000000003
2024,12,30,10,26.89209
2024,12,30,11,24.17505333333333
2024,12,30,12,24.024086666666665
2024,12,30,13,22.98792333333333
2024,12,30,14,22.45281333333333
2024,12,30,15,23.57273333333333
2024,12,30,16,32.54138666666667
2024,12,30,17,43.00914333333333
2024,12,30,18,43.77698333333333
2024,12,30,19,43.99447
2024,12,30,20,43.37487333333333
2024,12,30,21,43.32837666666666
2024,12,30,22,41.719946666666665
2024,12,30,23,41.697006666666674
2024,12,31,24,50.19394
2025,1,1,1,41.57376333333334
2025,1,1,2,41.62128333333333
2025,1,1,3,41.352003333333336
2025,1,1,4,40.92417666666666
2025,1,1,5,41.62747666666667
2025,1,1,6,41.66912333333334
2025,1,1,7,41.957143333333335
2025,1,1,8,38.335566666666665
2025,1,1,9,27.642786666666662
2025,1,1,10,24.81161333333333
2025,1,1,11,24.218346666666665
2025,1,1,12,23.37924
2025,1,1,13,21.292573333333333
2025,1,1,14,20.668436666666665
2025,1,1,15,23.16567
2025,1,1,16,31.32829333333333
2025,1,1,17,45.11922666666667
2025,1,1,18,45.685513333333326
2025,1,1,19,45.30491333333333
2025,1,1,20,45.10323333333333
2025,1,1,21,45.12715333333333
2025,1,1,22,44.87231
2025,1,1,23,44.92441666666667
2025,1,1,24,43.47138666666667
2025,1,2,1,42.12809000000001
2025,1,2,2,41.15936333333333
2025,1,2,3,40.225973333333336
2025,1,2,4,40.09793666666667
2025,1,2,5,42.42601666666666
2025,1,2,6,46.65053
2025,1,2,7,52.19056333333333
2025,1,2,8,48.72116666666667
2025,1,2,9,34.47523
2025,1,2,10,29.49851
2025,1,2,11,28.731393333333333
2025,1,2,12,29.230496666666667
2025,1,2,13,27.480566666666665
2025,1,2,14,26.178216666666668
2025,1,2,15,27.63473
2025,1,2,16,34.17342
2025,1,2,17,46.62807333333333
2025,1,2,18,47.15873
2025,1,2,19,46.87242333333333
2025,1,2,20,46.312090000000005
2025,1,2,21,46.23424
2025,1,2,22,45.44747
2025,1,2,23,45.218880000000006
2025,1,2,24,43.18135333333333
2025,1,3,1,44.96449333333334
2025,1,3,2,42.47521
2025,1,3,3,42.2927
2025,1,3,4,42.34847666666667
2025,1,3,5,43.8883
2025,1,3,6,47.61227333333333
2025,1,3,7,50.67080000000001
2025,1,3,8,52.09868
2025,1,3,9,46.26583
2025,1,3,10,43.87289333333334
2025,1,3,11,39.71306
2025,1,3,12,39.28303666666667
2025,1,3,13,36.43997333333333
2025,1,3,14,36.00207666666667
2025,1,3,15,36.64500666666667
2025,1,3,16,41.93102666666667
2025,1,3,17,46.59628333333333
2025,1,3,18,46.76721
2025,1,3,19,44.13827666666666
2025,1,3,20,43.23323
2025,1,3,21,42.20262
2025,1,3,22,41.29069333333333
2025,1,3,23,39.56355
2025,1,3,24,38.1708
2025,1,4,1,38.76261
2025,1,4,2,38.891776666666665
2025,1,4,3,38.36156666666667
2025,1,4,4,37.09168333333333
2025,1,4,5,39.066246666666665
2025,1,4,6,39.40835333333333
2025,1,4,7,40.17184
2025,1,4,8,39.71505666666666
2025,1,4,9,20.233410000000003
2025,1,4,10,15.26431
2025,1,4,11,13.026916666666668
2025,1,4,12,12.447303333333332
2025,1,4,13,10.955443333333331
2025,1,4,14,10.567936666666666
2025,1,4,15,13.77273
2025,1,4,16,25.836033333333333
2025,1,4,17,41.99794333333333
2025,1,4,18,45.85511333333333
2025,1,4,19,45.21253333333333
2025,1,4,20,45.17268666666666
2025,1,4,21,44.99038
2025,1,4,22,44.96146333333333
2025,1,4,23,44.38576
2025,1,4,24,43.60982333333334
2025,1,5,1,42.07832
2025,1,5,2,41.83024
2025,1,5,3,41.122706666666666
2025,1,5,4,40.56739
2025,1,5,5,42.059266666666666
2025,1,5,6,42.107310000000005
2025,1,5,7,43.38330333333332
2025,1,5,8,40.86032
2025,1,5,9,22.975106666666665
2025,1,5,10,14.17845
2025,1,5,11,12.621003333333332
2025,1,5,12,12.512883333333336
2025,1,5,13,9.167663333333332
2025,1,5,14,6.722239999999999
2025,1,5,15,12.495773333333332
2025,1,5,16,24.163306666666667
2025,1,5,17,45.129286666666665
2025,1,5,18,46.83355
2025,1,5,19,46.74464666666666
2025,1,5,20,46.73310333333333
2025,1,5,21,46.56349666666667
2025,1,5,22,46.26434666666666
2025,1,5,23,45.79288333333333
2025,1,5,24,44.67121333333333
2025,1,6,1,43.57108333333333
2025,1,6,2,43.31048333333333
2025,1,6,3,43.02907666666667
2025,1,6,4,41.90045333333333
2025,1,6,5,44.48992333333333
2025,1,6,6,47.66319666666666
2025,1,6,7,49.44839666666667
2025,1,6,8,50.54108333333334
2025,1,6,9,35.78270333333333
2025,1,6,10,26.19748
2025,1,6,11,23.21672
2025,1,6,12,22.16569
2025,1,6,13,20.30670333333333
2025,1,6,14,17.037936666666667
2025,1,6,15,17.13583
2025,1,6,16,27.9162
2025,1,6,17,44.90504000000001
2025,1,6,18,46.21409333333333
2025,1,6,19,46.16768
2025,1,6,20,45.873783333333336
2025,1,6,21,45.688073333333335
2025,1,6,22,45.90517666666667
2025,1,6,23,44.02444666666667
2025,1,6,24,39.74595333333334
2025,1,7,1,47.68965333333333
2025,1,7,2,48.40647333333334
2025,1,7,3,47.31005
2025,1,7,4,47.44928333333333
2025,1,7,5,48.92810333333333
2025,1,7,6,54.31214333333333
2025,1,7,7,56.97731
2025,1,7,8,55.968493333333335
2025,1,7,9,38.10796
2025,1,7,10,30.454626666666663
2025,1,7,11,25.326273333333333
2025,1,7,12,23.040886666666665
2025,1,7,13,19.88316333333333
2025,1,7,14,16.417783333333333
2025,1,7,15,17.30561
2025,1,7,16,27.553626666666663
2025,1,7,17,49.90331333333334
2025,1,7,18,51.09910666666667
2025,1,7,19,53.04913
2025,1,7,20,52.04000333333334
2025,1,7,21,51.71089333333333
2025,1,7,22,51.49225666666666
2025,1,7,23,51.032046666666666
2025,1,7,24,50.366780000000006
2025,1,8,1,43.430943333333325
2025,1,8,2,42.66224666666667
2025,1,8,3,42.28943666666667
2025,1,8,4,42.30825333333333
2025,1,8,5,43.47653333333333
2025,1,8,6,48.33036666666667
2025,1,8,7,52.55221666666667
2025,1,8,8,53.09794
2025,1,8,9,40.56401333333333
2025,1,8,10,30.769236666666668
2025,1,8,11,26.720076666666667
2025,1,8,12,25.28329666666666
2025,1,8,13,23.28082333333333
2025,1,8,14,20.027923333333334
2025,1,8,15,22.981596666666665
2025,1,8,16,36.18046
2025,1,8,17,50.09487333333334
2025,1,8,18,53.334786666666666
2025,1,8,19,52.92511
2025,1,8,20,52.44511333333333
2025,1,8,21,51.40269666666666
2025,1,8,22,51.03809666666667
2025,1,8,23,49.60768
2025,1,8,24,45.92689333333333
2025,1,9,1,47.10107
2025,1,9,2,45.94369
2025,1,9,3,45.50880333333333
2025,1,9,4,45.605230000000006
2025,1,9,5,46.88168666666667
2025,1,9,6,50.27849
2025,1,9,7,57.89330666666666
2025,1,9,8,56.52361
2025,1,9,9,39.91127333333333
2025,1,9,10,26.315556666666662
2025,1,9,11,24.311903333333333
2025,1,9,12,23.71953
2025,1,9,13,21.07196666666667
2025,1,9,14,19.49798333333333
2025,1,9,15,21.338173333333334
2025,1,9,16,34.627266666666664
2025,1,9,17,48.75385333333333
2025,1,9,18,49.87355666666667
2025,1,9,19,48.97776666666667
2025,1,9,20,49.540956666666666
2025,1,9,21,49.39158666666666
2025,1,9,22,48.48213333333333
2025,1,9,23,48.01931666666667
2025,1,9,24,47.65939
2025,1,10,1,42.55445
2025,1,10,2,42.22568666666667
2025,1,10,3,42.46465
2025,1,10,4,42.693803333333335
2025,1,10,5,42.87397333333333
2025,1,10,6,44.89700333333334
2025,1,10,7,49.07743
2025,1,10,8,46.10243
2025,1,10,9,30.14600333333333
2025,1,10,10,19.33376
2025,1,10,11,17.810566666666666
2025,1,10,12,16.573426666666666
2025,1,10,13,15.526826666666665
2025,1,10,14,13.818306666666668
2025,1,10,15,15.08392
2025,1,10,16,23.191060000000004
2025,1,10,17,41.457753333333336
2025,1,10,18,44.58652333333333
2025,1,10,19,43.639190000000006
2025,1,10,20,41.925563333333336
2025,1,10,21,41.80968
2025,1,10,22,41.53573
2025,1,10,23,41.27488333333333
2025,1,10,24,40.27447333333333
2025,1,11,1,40.081383333333335
2025,1,11,2,39.07606666666666
2025,1,11,3,40.00657
2025,1,11,4,39.52559333333333
2025,1,11,5,39.91068666666666
2025,1,11,6,40.102403333333335
2025,1,11,7,42.21551
2025,1,11,8,40.14779
2025,1,11,9,11.88941
2025,1,11,10,2.808623333333333
2025,1,11,11,1.9984166666666667
2025,1,11,12,2.0782666666666665
2025,1,11,13,0.4482766666666666
2025,1,11,14,-0.5343566666666667
2025,1,11,15,0.9258433333333332
2025,1,11,16,10.3358
2025,1,11,17,42.75401
2025,1,11,18,47.41609
2025,1,11,19,47.44817666666668
2025,1,11,20,47.07233666666667
2025,1,11,21,47.20521
2025,1,11,22,47.00432666666666
2025,1,11,23,47.23198666666667
2025,1,11,24,46.42171
2025,1,12,1,52.04925666666667
2025,1,12,2,49.755433333333336
2025,1,12,3,49.638356666666674
2025,1,12,4,49.61071666666667
2025,1,12,5,51.521653333333326
2025,1,12,6,52.34787
2025,1,12,7,52.59559
2025,1,12,8,49.402903333333335
2025,1,12,9,21.363143333333337
2025,1,12,10,7.681796666666667
2025,1,12,11,6.34101
2025,1,12,12,4.335146666666668
2025,1,12,13,2.711053333333333
2025,1,12,14,1.9030700000000005
2025,1,12,15,5.065103333333333
2025,1,12,16,21.80296
2025,1,12,17,53.49084
2025,1,12,18,55.92636666666667
2025,1,12,19,55.600856666666665
2025,1,12,20,54.92325
2025,1,12,21,54.69376666666667
2025,1,12,22,54.47444
2025,1,12,23,54.1266
2025,1,12,24,52.05282
2025,1,13,1,54.21556
2025,1,13,2,51.75116333333333
2025,1,13,3,51.07306333333333
2025,1,13,4,50.3791
2025,1,13,5,51.68199333333333
2025,1,13,6,56.479396666666666
2025,1,13,7,57.20455666666667
2025,1,13,8,53.47780333333333
2025,1,13,9,41.00812
2025,1,13,10,23.773623333333333
2025,1,13,11,17.12313333333333
2025,1,13,12,12.649716666666668
2025,1,13,13,6.597543333333333
2025,1,13,14,5.9401633333333335
2025,1,13,15,11.907213333333331
2025,1,13,16,29.413933333333333
2025,1,13,17,53.000843333333336
2025,1,13,18,58.85968
2025,1,13,19,59.20815666666667
2025,1,13,20,58.95027
2025,1,13,21,58.265456666666665
2025,1,13,22,58.50571333333334
2025,1,13,23,56.81044333333333
2025,1,13,24,53.094856666666665
2025,1,14,1,62.09044666666667
2025,1,14,2,58.49370666666667
2025,1,14,3,56.78421
2025,1,14,4,56.82928999999999
2025,1,14,5,58.159933333333335
2025,1,14,6,62.82434666666666
2025,1,14,7,69.62051333333334
2025,1,14,8,67.76787666666667
2025,1,14,9,44.90312333333333
2025,1,14,10,29.10854
2025,1,14,11,21.97226333333333
2025,1,14,12,21.75333333333333
2025,1,14,13,16.99931666666667
2025,1,14,14,11.694433333333334
2025,1,14,15,14.937626666666668
2025,1,14,16,36.119463333333336
2025,1,14,17,61.911946666666665
2025,1,14,18,66.96068666666666
2025,1,14,19,65.37218333333333
2025,1,14,20,64.99594333333333
2025,1,14,21,64.59122666666666
2025,1,14,22,63.66249666666667
2025,1,14,23,62.58904666666666
2025,1,14,24,60.69726333333333
2025,1,15,1,56.34148
2025,1,15,2,53.33354666666667
2025,1,15,3,52.957546666666666
2025,1,15,4,52.79984
2025,1,15,5,55.11406
2025,1,15,6,58.579213333333335
2025,1,15,7,67.19443
2025,1,15,8,65.82005
2025,1,15,9,43.62606666666667
2025,1,15,10,25.176713333333332
2025,1,15,11,19.078086666666668
2025,1,15,12,16.144560000000002
2025,1,15,13,12.726963333333336
2025,1,15,14,9.114953333333332
2025,1,15,15,12.0492
2025,1,15,16,32.65868666666667
2025,1,15,17,60.87145333333333
2025,1,15,18,66.54267666666667
2025,1,15,19,65.26149
2025,1,15,20,63.882336666666674
2025,1,15,21,63.82789333333333
2025,1,15,22,63.08257333333333
2025,1,15,23,58.068286666666665
2025,1,15,24,57.00643
2025,1,16,1,50.74579
2025,1,16,2,50.26530333333333
2025,1,16,3,50.31589333333333
2025,1,16,4,50.332
2025,1,16,5,53.07044
2025,1,16,6,57.64154
2025,1,16,7,63.73385333333332
2025,1,16,8,62.52603
2025,1,16,9,41.29611
2025,1,16,10,22.876293333333333
2025,1,16,11,18.46584
2025,1,16,12,16.833470000000002
2025,1,16,13,13.39114
2025,1,16,14,11.439593333333333
2025,1,16,15,13.083876666666669
2025,1,16,16,31.045006666666666
2025,1,16,17,55.9667
2025,1,16,18,59.78614666666667
2025,1,16,19,59.73485333333334
2025,1,16,20,58.5606
2025,1,16,21,56.08886999999999
2025,1,16,22,55.57491
2025,1,16,23,53.83997
2025,1,16,24,51.28205333333333
2025,1,17,1,49.35328333333333
2025,1,17,2,48.474963333333335
2025,1,17,3,47.10866666666666
2025,1,17,4,47.086000000000006
2025,1,17,5,48.23499
2025,1,17,6,52.54843333333333
2025,1,17,7,55.72026333333333
2025,1,17,8,55.46048666666667
2025,1,17,9,32.81872666666667
2025,1,17,10,14.065483333333336
2025,1,17,11,10.863713333333331
2025,1,17,12,9.527696666666667
2025,1,17,13,7.743819999999999
2025,1,17,14,3.668183333333334
2025,1,17,15,4.223846666666666
2025,1,17,16,13.613180000000002
2025,1,17,17,51.497953333333335
2025,1,17,18,56.20653333333333
2025,1,17,19,54.83642666666666
2025,1,17,20,54.32175333333333
2025,1,17,21,55.04748333333333
2025,1,17,22,54.45451666666667
2025,1,17,23,53.50402666666667
2025,1,17,24,51.76082
2025,1,18,1,70.97511666666666
2025,1,18,2,70.88992333333333
2025,1,18,3,66.82551333333333
2025,1,18,4,67.81604333333333
2025,1,18,5,71.09807666666667
2025,1,18,6,75.27667333333333
2025,1,18,7,78.57663666666667
2025,1,18,8,69.99827666666665
2025,1,18,9,44.420613333333336
2025,1,18,10,24.92444
2025,1,18,11,21.06206333333333
2025,1,18,12,18.910253333333333
2025,1,18,13,14.716386666666669
2025,1,18,14,7.376959999999999
2025,1,18,15,9.17728
2025,1,18,16,28.520396666666667
2025,1,18,17,71.0604
2025,1,18,18,76.87305333333333
2025,1,18,19,76.42113666666667
2025,1,18,20,75.97669666666667
2025,1,18,21,75.92139666666667
2025,1,18,22,75.32589666666667
2025,1,18,23,75.37438666666667
2025,1,18,24,75.10418
2025,1,19,1,68.81159000000001
2025,1,19,2,68.0436
2025,1,19,3,67.41179666666666
2025,1,19,4,66.83272
2025,1,19,5,67.35351666666666
2025,1,19,6,68.09982000000001
2025,1,19,7,70.07668333333334
2025,1,19,8,64.99924
2025,1,19,9,39.83771
2025,1,19,10,16.813366666666667
2025,1,19,11,13.090983333333332
2025,1,19,12,11.702703333333332
2025,1,19,13,8.69447
2025,1,19,14,2.97548
2025,1,19,15,6.8873533333333326
2025,1,19,16,16.86254
2025,1,19,17,59.215316666666666
2025,1,19,18,69.30022333333334
2025,1,19,19,68.86433333333333
2025,1,19,20,68.08972
2025,1,19,21,68.27062333333333
2025,1,19,22,67.68996
2025,1,19,23,65.59832666666667
2025,1,19,24,63.48392666666666
2025,1,20,1,65.71474
2025,1,20,2,65.45743
2025,1,20,3,65.84565333333335
2025,1,20,4,67.14289666666667
2025,1,20,5,69.33342
2025,1,20,6,75.41358666666666
2025,1,20,7,82.51247333333333
2025,1,20,8,79.69676666666668
2025,1,20,9,49.41389999999999
2025,1,20,10,33.99105666666667
2025,1,20,11,27.006676666666664
2025,1,20,12,24.43256666666667
2025,1,20,13,15.62868
2025,1,20,14,6.656816666666667
2025,1,20,15,14.664423333333334
2025,1,20,16,29.53215
2025,1,20,17,69.01330666666667
2025,1,20,18,75.60666333333334
2025,1,20,19,75.44121
2025,1,20,20,74.17777666666666
2025,1,20,21,73.52857666666667
2025,1,20,22,73.26364
2025,1,20,23,72.77529333333332
2025,1,20,24,69.79644666666667
2025,1,21,1,76.99322666666666
2025,1,21,2,75.20537666666667
2025,1,21,3,74.33204666666667
2025,1,21,4,74.56704666666667
2025,1,21,5,74.50395666666667
2025,1,21,6,86.14440666666667
2025,1,21,7,91.10706
2025,1,21,8,83.96019666666666
2025,1,21,9,57.59061666666667
2025,1,21,10,38.79055333333333
2025,1,21,11,32.472213333333336
2025,1,21,12,34.021413333333335
2025,1,21,13,29.564236666666663
2025,1,21,14,24.307803333333336
2025,1,21,15,29.487726666666664
2025,1,21,16,45.56
2025,1,21,17,76.61104666666667
2025,1,21,18,82.03424333333334
2025,1,21,19,78.67254000000001
2025,1,21,20,77.93199666666666
2025,1,21,21,77.99911333333334
2025,1,21,22,77.69703
2025,1,21,23,77.11376333333334
2025,1,21,24,75.59843666666667
2025,1,22,1,57.38750666666667
2025,1,22,2,56.48523666666667
2025,1,22,3,55.45099666666666
2025,1,22,4,55.42877333333333
2025,1,22,5,58.90091
2025,1,22,6,61.98820666666666
2025,1,22,7,71.14076333333334
2025,1,22,8,65.32081333333333
2025,1,22,9,43.11857666666666
2025,1,22,10,31.47928
2025,1,22,11,25.624033333333333
2025,1,22,12,24.28887333333333
2025,1,22,13,21.08156
2025,1,22,14,17.29408666666667
2025,1,22,15,17.571763333333333
2025,1,22,16,34.13933666666667
2025,1,22,17,56.27775333333333
2025,1,22,18,58.84043666666667
2025,1,22,19,60.41682666666667
2025,1,22,20,57.65355666666667
2025,1,22,21,57.18147666666667
2025,1,22,22,57.35364333333333
2025,1,22,23,56.27507
2025,1,22,24,55.353836666666666
2025,1,23,1,58.253346666666665
2025,1,23,2,56.31303333333333
2025,1,23,3,55.82817666666667
2025,1,23,4,55.82603
2025,1,23,5,55.722393333333336
2025,1,23,6,61.39215
2025,1,23,7,67.23496
2025,1,23,8,62.42092
2025,1,23,9,42.437356666666666
2025,1,23,10,27.04315
2025,1,23,11,23.055940000000003
2025,1,23,12,19.47688666666667
2025,1,23,13,16.004696666666668
2025,1,23,14,10.7914
2025,1,23,15,14.596846666666666
2025,1,23,16,30.80326
2025,1,23,17,54.924283333333335
2025,1,23,18,61.46834333333334
2025,1,23,19,61.60133999999999
2025,1,23,20,60.81485
2025,1,23,21,58.49380666666667
2025,1,23,22,57.81141333333333
2025,1,23,23,56.58529333333333
2025,1,23,24,55.31345666666667
2025,1,24,1,50.15741333333333
2025,1,24,2,49.35976
2025,1,24,3,49.28501333333333
2025,1,24,4,49.42994333333333
2025,1,24,5,50.64778
2025,1,24,6,57.978903333333335
2025,1,24,7,63.462183333333336
2025,1,24,8,58.88158333333333
2025,1,24,9,39.27449333333333
2025,1,24,10,26.82951
2025,1,24,11,23.38245333333333
2025,1,24,12,21.46119
2025,1,24,13,16.76996
2025,1,24,14,14.98722
2025,1,24,15,18.76415666666667
2025,1,24,16,34.86656333333334
2025,1,24,17,53.02225000000001
2025,1,24,18,58.05678666666668
2025,1,24,19,56.497726666666665
2025,1,24,20,56.09921333333333
2025,1,24,21,55.94116333333333
2025,1,24,22,56.04330333333333
2025,1,24,23,54.77087333333333
2025,1,24,24,52.310750000000006
2025,1,25,1,43.23755666666667
2025,1,25,2,46.16967666666667
2025,1,25,3,45.53325333333333
2025,1,25,4,44.36907666666667
2025,1,25,5,45.20302333333333
2025,1,25,6,45.74711
2025,1,25,7,50.47573333333333
2025,1,25,8,51.42200666666667
2025,1,25,9,44.041920000000005
2025,1,25,10,35.12121333333334
2025,1,25,11,29.51799
2025,1,25,12,25.070383333333336
2025,1,25,13,19.43090666666667
2025,1,25,14,16.817886666666666
2025,1,25,15,20.822116666666663
2025,1,25,16,32.80634
2025,1,25,17,48.185390000000005
2025,1,25,18,54.422336666666666
2025,1,25,19,54.45091
2025,1,25,20,53.11629333333334
2025,1,25,21,53.1553
2025,1,25,22,52.86902666666666
2025,1,25,23,53.08480333333333
2025,1,25,24,49.75840333333333
2025,1,26,1,52.75798
2025,1,26,2,52.12000333333333
2025,1,26,3,50.09211333333334
2025,1,26,4,48.85080333333334
2025,1,26,5,50.737406666666665
2025,1,26,6,52.51457666666666
2025,1,26,7,54.293866666666666
2025,1,26,8,51.52266
2025,1,26,9,43.54318
2025,1,26,10,40.23887
2025,1,26,11,35.99653333333333
2025,1,26,12,33.60616
2025,1,26,13,30.578276666666667
2025,1,26,14,29.107016666666667
2025,1,26,15,33.993566666666666
2025,1,26,16,45.24657333333334
2025,1,26,17,56.94209333333333
2025,1,26,18,62.30948333333333
2025,1,26,19,61.22945666666666
2025,1,26,20,60.89046666666667
2025,1,26,21,60.92512666666666
2025,1,26,22,60.88062666666667
2025,1,26,23,55.68649666666666
2025,1,26,24,50.546706666666665
2025,1,27,1,54.26096
2025,1,27,2,53.91713666666666
2025,1,27,3,53.57547333333333
2025,1,27,4,53.77827
2025,1,27,5,58.54866666666667
2025,1,27,6,64.50875666666667
2025,1,27,7,65.86629
2025,1,27,8,69.82770333333333
2025,1,27,9,58.27636
2025,1,27,10,47.07388
2025,1,27,11,42.17907
2025,1,27,12,39.07111333333333
2025,1,27,13,36.32858
2025,1,27,14,31.68322
2025,1,27,15,34.58108333333333
2025,1,27,16,43.00975666666667
2025,1,27,17,59.21945333333333
2025,1,27,18,63.13930666666667
2025,1,27,19,65.77982666666666
2025,1,27,20,65.36255
2025,1,27,21,65.33533
2025,1,27,22,64.57650333333333
2025,1,27,23,64.67222
2025,1,27,24,63.40489666666667
2025,1,28,1,59.098216666666666
2025,1,28,2,57.838840000000005
2025,1,28,3,57.539523333333335
2025,1,28,4,57.67680333333334
2025,1,28,5,64.81587
2025,1,28,6,70.77928333333334
2025,1,28,7,75.96289
2025,1,28,8,73.6544
2025,1,28,9,47.59536666666667
2025,1,28,10,36.50508666666666
2025,1,28,11,29.0011
2025,1,28,12,24.865346666666667
2025,1,28,13,22.39529333333333
2025,1,28,14,18.553686666666668
2025,1,28,15,20.73605
2025,1,28,16,33.78975666666667
2025,1,28,17,52.56405
2025,1,28,18,63.20016999999999
2025,1,28,19,63.55159
2025,1,28,20,61.71539666666666
2025,1,28,21,62.09567333333333
2025,1,28,22,61.37890333333333
2025,1,28,23,60.08616000000001
2025,1,28,24,54.33435
2025,1,29,1,48.0993
2025,1,29,2,46.869106666666674
2025,1,29,3,47.27220666666667
2025,1,29,4,47.90038333333334
2025,1,29,5,51.85188333333334
2025,1,29,6,60.17905
2025,1,29,7,63.71599
2025,1,29,8,63.48632333333334
2025,1,29,9,42.00017666666667
2025,1,29,10,27.095056666666665
2025,1,29,11,20.27874
2025,1,29,12,19.10902
2025,1,29,13,13.030363333333334
2025,1,29,14,9.746543333333332
2025,1,29,15,10.284656666666669
2025,1,29,16,21.845636666666667
2025,1,29,17,45.63861
2025,1,29,18,58.62651666666667
2025,1,29,19,58.54877333333334
2025,1,29,20,55.81991666666666
2025,1,29,21,56.36542
2025,1,29,22,55.37911666666667
2025,1,29,23,53.194363333333335
2025,1,29,24,48.51297666666667
2025,1,30,1,42.01211
2025,1,30,2,41.01418
2025,1,30,3,40.84260333333334
2025,1,30,4,40.85684
2025,1,30,5,42.86256
2025,1,30,6,49.09432666666667
2025,1,30,7,59.16072666666667
2025,1,30,8,58.27838666666667
2025,1,30,9,34.95646333333333
2025,1,30,10,20.36288
2025,1,30,11,13.59905
2025,1,30,12,11.819450000000002
2025,1,30,13,6.59951
2025,1,30,14,4.367656666666666
2025,1,30,15,6.241693333333333
2025,1,30,16,19.517793333333334
2025,1,30,17,46.43095
2025,1,30,18,59.49053666666666
2025,1,30,19,58.65625333333333
2025,1,30,20,56.44149000000001
2025,1,30,21,56.47644
2025,1,30,22,56.19841666666667
2025,1,30,23,54.50195
2025,1,31,24,43.54105333333333
2025,2,1,1,40.96994333333333
2025,2,1,2,40.23896666666667
2025,2,1,3,39.55991333333333
2025,2,1,4,39.07624666666666
2025,2,1,5,38.21635666666666
2025,2,1,6,39.356503333333336
2025,2,1,7,46.073640000000005
2025,2,1,8,42.65955
2025,2,1,9,31.74742
2025,2,1,10,26.64333333333333
2025,2,1,11,22.01820333333333
2025,2,1,12,16.36431333333333
2025,2,1,13,13.814076666666663
2025,2,1,14,12.13356
2025,2,1,15,14.2278
2025,2,1,16,24.249313333333333
2025,2,1,17,40.09327
2025,2,1,18,51.95086666666666
2025,2,1,19,46.11985333333333
2025,2,1,20,46.01258333333333
2025,2,1,21,45.61897333333334
2025,2,1,22,45.38169666666667
2025,2,1,23,43.06895333333333
2025,2,1,24,40.15025
2025,2,2,1,43.165416666666665
2025,2,2,2,42.675983333333335
2025,2,2,3,42.52467666666666
2025,2,2,4,41.00049333333333
2025,2,2,5,40.424506666666666
2025,2,2,6,42.36613666666667
2025,2,2,7,45.17225666666667
2025,2,2,8,42.99212
2025,2,2,9,20.41351
2025,2,2,10,8.767416666666666
2025,2,2,11,6.837589999999999
2025,2,2,12,6.238403333333334
2025,2,2,13,6.18362
2025,2,2,14,5.0801066666666665
2025,2,2,15,6.133843333333334
2025,2,2,16,11.141543333333331
2025,2,2,17,41.31823333333333
2025,2,2,18,51.7665
2025,2,2,19,49.12712666666667
2025,2,2,20,48.17495333333333
2025,2,2,21,48.031326666666665
2025,2,2,22,47.51685
2025,2,2,23,45.76444
2025,2,2,24,44.93642666666667
2025,2,3,1,40.836643333333335
2025,2,3,2,40.45901
2025,2,3,3,40.51434333333333
2025,2,3,4,40.529720000000005
2025,2,3,5,40.19163
2025,2,3,6,43.79932333333333
2025,2,3,7,58.15407
2025,2,3,8,55.46729666666667
2025,2,3,9,44.00851666666667
2025,2,3,10,32.15837
2025,2,3,11,29.533596666666664
2025,2,3,12,28.460016666666665
2025,2,3,13,29.304093333333338
2025,2,3,14,29.943636666666663
2025,2,3,15,28.717736666666667
2025,2,3,16,35.88808
2025,2,3,17,55.09241333333333
2025,2,3,18,59.65283
2025,2,3,19,58.17262
2025,2,3,20,56.58031
2025,2,3,21,55.24586666666666
2025,2,3,22,52.80419333333333
2025,2,3,23,45.527656666666665
2025,2,3,24,44.71072333333333
2025,2,4,1,53.89246333333333
2025,2,4,2,48.99313
2025,2,4,3,46.49145333333333
2025,2,4,4,45.66325666666666
2025,2,4,5,46.767860000000006
2025,2,4,6,53.981613333333335
2025,2,4,7,60.91573666666667
2025,2,4,8,56.08762
2025,2,4,9,39.63483
2025,2,4,10,28.41472333333333
2025,2,4,11,22.541686666666667
2025,2,4,12,21.521496666666664
2025,2,4,13,20.837146666666666
2025,2,4,14,19.874826666666667
2025,2,4,15,20.533806666666667
2025,2,4,16,29.434986666666664
2025,2,4,17,58.90990333333334
2025,2,4,18,62.82530333333333
2025,2,4,19,61.72198
2025,2,4,20,60.73522666666667
2025,2,4,21,59.763823333333335
2025,2,4,22,56.37023333333334
2025,2,4,23,54.95725
2025,2,4,24,50.48388666666667
2025,2,5,1,42.34804666666667
2025,2,5,2,39.91672333333333
2025,2,5,3,39.85827
2025,2,5,4,39.93672
2025,2,5,5,41.11210666666667
2025,2,5,6,50.49866
2025,2,5,7,58.25896666666667
2025,2,5,8,56.90739333333333
2025,2,5,9,35.061123333333335
2025,2,5,10,26.756406666666667
2025,2,5,11,21.55665666666667
2025,2,5,12,15.976176666666667
2025,2,5,13,13.848326666666669
2025,2,5,14,8.44689
2025,2,5,15,7.585253333333333
2025,2,5,16,16.34392
2025,2,5,17,45.73759666666666
2025,2,5,18,59.44825666666666
2025,2,5,19,60.30982333333333
2025,2,5,20,58.75753
2025,2,5,21,58.7553
2025,2,5,22,57.038806666666666
2025,2,5,23,53.22742333333334
2025,2,5,24,49.18691333333334
2025,2,6,1,43.2412
2025,2,6,2,41.59165333333333
2025,2,6,3,41.34885333333333
2025,2,6,4,41.43628
2025,2,6,5,43.26109333333333
2025,2,6,6,49.677903333333326
2025,2,6,7,60.30788
2025,2,6,8,54.859170000000006
2025,2,6,9,33.25171
2025,2,6,10,21.28904
2025,2,6,11,16.088413333333335
2025,2,6,12,14.796673333333333
2025,2,6,13,14.107459999999998
2025,2,6,14,12.620496666666666
2025,2,6,15,15.72747
2025,2,6,16,24.90496333333333
2025,2,6,17,54.44503
2025,2,6,18,59.677436666666665
2025,2,6,19,58.14944333333333
2025,2,6,20,56.987856666666666
2025,2,6,21,54.695600000000006
2025,2,6,22,53.62003000000001
2025,2,6,23,46.45484666666667
2025,2,6,24,43.454820000000005
2025,2,7,1,40.77613
2025,2,7,2,40.71928333333333
2025,2,7,3,40.48036
2025,2,7,4,40.5827
2025,2,7,5,44.56085333333333
2025,2,7,6,47.981973333333336
2025,2,7,7,53.74319333333333
2025,2,7,8,51.21412
2025,2,7,9,31.51478333333333
2025,2,7,10,17.94236
2025,2,7,11,10.437913333333332
2025,2,7,12,5.916026666666667
2025,2,7,13,1.8895133333333332
2025,2,7,14,-0.28516
2025,2,7,15,1.01909
2025,2,7,16,9.219203333333336
2025,2,7,17,38.24223666666666
2025,2,7,18,50.47236
2025,2,7,19,52.37013666666667
2025,2,7,20,48.94874000000001
2025,2,7,21,47.01615
2025,2,7,22,45.75167
2025,2,7,23,45.03835333333333
2025,2,7,24,41.27605333333333
2025,2,8,1,40.21155666666667
2025,2,8,2,40.11756
2025,2,8,3,39.08022333333333
2025,2,8,4,38.81505666666666
2025,2,8,5,40.16057333333333
2025,2,8,6,40.28337666666667
2025,2,8,7,47.39632
2025,2,8,8,36.33253
2025,2,8,9,11.43682
2025,2,8,10,-1.6014100000000002
2025,2,8,11,-6.995893333333334
2025,2,8,12,-9.975936666666668
2025,2,8,13,-13.081903333333337
2025,2,8,14,-13.844686666666666
2025,2,8,15,-12.85775
2025,2,8,16,-5.812163333333333
2025,2,8,17,31.72053
2025,2,8,18,48.35025666666667
2025,2,8,19,53.99202
2025,2,8,20,49.68253000000001
2025,2,8,21,48.241443333333336
2025,2,8,22,47.67207
2025,2,8,23,47.32962
2025,2,8,24,46.38319333333334
2025,2,9,1,47.55226666666667
2025,2,9,2,46.55786666666666
2025,2,9,3,43.310873333333326
2025,2,9,4,42.46098666666666
2025,2,9,5,47.35184
2025,2,9,6,51.538736666666665
2025,2,9,7,53.45892
2025,2,9,8,45.61362
2025,2,9,9,18.302936666666664
2025,2,9,10,4.173076666666667
2025,2,9,11,-0.6445599999999997
2025,2,9,12,-4.97034
2025,2,9,13,-6.71058
2025,2,9,14,-6.209786666666666
2025,2,9,15,-4.599546666666667
2025,2,9,16,4.609086666666667
2025,2,9,17,44.07084666666666
2025,2,9,18,56.74281666666667
2025,2,9,19,59.88371333333333
2025,2,9,20,56.37436333333333
2025,2,9,21,55.95444333333334
2025,2,9,22,55.62901
2025,2,9,23,54.35576
2025,2,9,24,51.5039
2025,2,10,1,50.964576666666666
2025,2,10,2,50.18360333333334
2025,2,10,3,49.07222
2025,2,10,4,49.26926666666666
2025,2,10,5,55.08671666666667
2025,2,10,6,60.00592333333333
2025,2,10,7,67.94119333333333
2025,2,10,8,59.451166666666666
2025,2,10,9,25.05059
2025,2,10,10,10.45659
2025,2,10,11,6.473263333333335
2025,2,10,12,3.226033333333333
2025,2,10,13,0.3691466666666674
2025,2,10,14,0.4512633333333333
2025,2,10,15,1.275136666666666
2025,2,10,16,8.936686666666668
2025,2,10,17,40.42076
2025,2,10,18,57.84826
2025,2,10,19,58.44676666666667
2025,2,10,20,55.76080666666667
2025,2,10,21,55.69098333333333
2025,2,10,22,54.41766333333334
2025,2,10,23,51.269733333333335
2025,2,10,24,47.30719666666667
2025,2,11,1,45.70813333333333
2025,2,11,2,45.20253
2025,2,11,3,44.685323333333336
2025,2,11,4,44.83968333333333
2025,2,11,5,48.50615333333334
2025,2,11,6,55.53496666666666
2025,2,11,7,64.59629
2025,2,11,8,56.27006
2025,2,11,9,17.881506666666667
2025,2,11,10,6.744936666666667
2025,2,11,11,2.5885200000000004
2025,2,11,12,0.6348099999999999
2025,2,11,13,-3.045286666666667
2025,2,11,14,-3.584296666666667
2025,2,11,15,-3.3972600000000006
2025,2,11,16,6.4245633333333325
2025,2,11,17,38.48176
2025,2,11,18,57.77397333333334
2025,2,11,19,59.232686666666666
2025,2,11,20,56.214576666666666
2025,2,11,21,56.07843666666667
2025,2,11,22,54.41209
2025,2,11,23,50.67204
2025,2,11,24,46.73430333333334
2025,2,12,1,46.74012666666667
2025,2,12,2,45.89357666666667
2025,2,12,3,45.81450333333333
2025,2,12,4,46.04768333333333
2025,2,12,5,47.46789
2025,2,12,6,54.56816333333333
2025,2,12,7,62.56477
2025,2,12,8,63.61701
2025,2,12,9,53.78021666666666
2025,2,12,10,48.10142
2025,2,12,11,44.41860666666667
2025,2,12,12,42.31841
2025,2,12,13,40.12965
2025,2,12,14,41.23477333333333
2025,2,12,15,43.62887666666666
2025,2,12,16,46.23632666666666
2025,2,12,17,65.62626
2025,2,12,18,68.02785999999999
2025,2,12,19,68.29136
2025,2,12,20,65.84496333333334
2025,2,12,21,65.18983666666666
2025,2,12,22,62.41476666666667
2025,2,12,23,57.3549
2025,2,12,24,50.5052
2025,2,13,1,43.99357333333333
2025,2,13,2,43.70052
2025,2,13,3,42.18159333333333
2025,2,13,4,43.31904
2025,2,13,5,43.68862333333333
2025,2,13,6,45.77619666666666
2025,2,13,7,57.63914333333333
2025,2,13,8,64.01177666666666
2025,2,13,9,56.9658
2025,2,13,10,52.06949666666666
2025,2,13,11,46.80989
2025,2,13,12,45.479976666666666
2025,2,13,13,43.95477666666667
2025,2,13,14,41.95554666666667
2025,2,13,15,42.757560000000005
2025,2,13,16,45.86751999999999
2025,2,13,17,55.59019000000001
2025,2,13,18,61.64667333333333
2025,2,13,19,61.318213333333325
2025,2,13,20,57.52464
2025,2,13,21,54.318196666666665
2025,2,13,22,51.16785333333333
2025,2,13,23,47.50859333333333
2025,2,13,24,46.58172
2025,2,14,1,43.381040000000006
2025,2,14,2,41.59447
2025,2,14,3,40.88687
2025,2,14,4,40.81786
2025,2,14,5,42.05930333333333
2025,2,14,6,45.73057333333333
2025,2,14,7,58.05883
2025,2,14,8,51.95923666666667
2025,2,14,9,35.99429
2025,2,14,10,22.55509333333333
2025,2,14,11,15.71848
2025,2,14,12,8.94622
2025,2,14,13,5.479633333333333
2025,2,14,14,3.38376
2025,2,14,15,4.125373333333333
2025,2,14,16,13.672453333333335
2025,2,14,17,42.019936666666666
2025,2,14,18,53.418110000000006
2025,2,14,19,52.82509
2025,2,14,20,52.11192333333333
2025,2,14,21,50.55647
2025,2,14,22,50.03621333333333
2025,2,14,23,49.844033333333336
2025,2,14,24,43.52757666666667
2025,2,15,1,44.75036666666667
2025,2,15,2,44.47847
2025,2,15,3,44.10678333333333
2025,2,15,4,44.73051666666667
2025,2,15,5,45.258226666666665
2025,2,15,6,47.92127333333334
2025,2,15,7,57.11237
2025,2,15,8,43.95090666666667
2025,2,15,9,17.924653333333335
2025,2,15,10,7.047493333333333
2025,2,15,11,1.9149866666666664
2025,2,15,12,-1.62402
2025,2,15,13,-5.84045
2025,2,15,14,-6.754103333333333
2025,2,15,15,-2.490943333333333
2025,2,15,16,7.371670000000001
2025,2,15,17,48.98908666666667
2025,2,15,18,58.74348666666666
2025,2,15,19,58.68022666666667
2025,2,15,20,57.88879
2025,2,15,21,57.45099
2025,2,15,22,56.3724
2025,2,15,23,53.47507333333333
2025,2,15,24,50.31571666666667
2025,2,16,1,50.52963
2025,2,16,2,50.42243
2025,2,16,3,49.69262333333333
2025,2,16,4,48.63701666666666
2025,2,16,5,48.25371333333334
2025,2,16,6,50.04001
2025,2,16,7,52.48917
2025,2,16,8,45.06675333333334
2025,2,16,9,22.60179
2025,2,16,10,6.9256866666666665
2025,2,16,11,2.966883333333334
2025,2,16,12,-1.3295733333333333
2025,2,16,13,-2.37861
2025,2,16,14,-2.1827
2025,2,16,15,-2.268453333333333
2025,2,16,16,5.230016666666667
2025,2,16,17,44.22532666666666
2025,2,16,18,55.74884666666667
2025,2,16,19,58.23317333333333
2025,2,16,20,53.75003333333333
2025,2,16,21,52.56185666666666
2025,2,16,22,50.99001333333333
2025,2,16,23,46.15636000000001
2025,2,16,24,45.25308
2025,2,17,1,39.48714666666667
2025,2,17,2,40.23914333333334
2025,2,17,3,39.34958666666666
2025,2,17,4,39.560696666666665
2025,2,17,5,45.05677
2025,2,17,6,45.38566666666666
2025,2,17,7,54.191406666666666
2025,2,17,8,45.39020666666666
2025,2,17,9,18.61663666666667
2025,2,17,10,5.736186666666666
2025,2,17,11,1.9914899999999995
2025,2,17,12,-2.51139
2025,2,17,13,-5.77704
2025,2,17,14,-7.022483333333334
2025,2,17,15,-6.32626
2025,2,17,16,-0.1843799999999996
2025,2,17,17,37.15463333333333
2025,2,17,18,54.79216333333333
2025,2,17,19,56.45953333333333
2025,2,17,20,54.95422
2025,2,17,21,53.27610666666666
2025,2,17,22,51.80074666666667
2025,2,17,23,46.901266666666665
2025,2,17,24,44.925070000000005
2025,2,18,1,41.890906666666666
2025,2,18,2,42.18966
2025,2,18,3,41.572
2025,2,18,4,42.10899666666666
2025,2,18,5,47.69710333333333
2025,2,18,6,48.76521666666667
2025,2,18,7,62.97354666666666
2025,2,18,8,53.995826666666666
2025,2,18,9,24.583160000000003
2025,2,18,10,12.387913333333332
2025,2,18,11,7.99803
2025,2,18,12,6.728536666666666
2025,2,18,13,4.539316666666667
2025,2,18,14,2.6542500000000007
2025,2,18,15,4.422176666666668
2025,2,18,16,8.817503333333333
2025,2,18,17,48.61435333333333
2025,2,18,18,64.68513
2025,2,18,19,66.77629666666667
2025,2,18,20,63.94843666666667
2025,2,18,21,61.83520333333333
2025,2,18,22,60.51831666666666
2025,2,18,23,58.026986666666666
2025,2,18,24,50.27260999999999
2025,2,19,1,49.32573333333334
2025,2,19,2,46.249523333333336
2025,2,19,3,45.365656666666666
2025,2,19,4,45.53806666666667
2025,2,19,5,50.97027
2025,2,19,6,53.26753
2025,2,19,7,64.88691666666666
2025,2,19,8,58.48197666666667
2025,2,19,9,29.52276333333333
2025,2,19,10,12.784596666666667
2025,2,19,11,9.296543333333332
2025,2,19,12,8.106456666666668
2025,2,19,13,6.46722
2025,2,19,14,4.935833333333332
2025,2,19,15,3.859203333333332
2025,2,19,16,7.404976666666667
2025,2,19,17,41.38149
2025,2,19,18,58.45777333333333
2025,2,19,19,59.63970666666666
2025,2,19,20,54.60094333333333
2025,2,19,21,53.37938
2025,2,19,22,52.34800666666666
2025,2,19,23,46.0531
2025,2,19,24,43.95867333333333
2025,2,20,1,45.193423333333335
2025,2,20,2,42.15004666666667
2025,2,20,3,42.08313
2025,2,20,4,42.202783333333336
2025,2,20,5,45.40654333333333
2025,2,20,6,52.41741666666667
2025,2,20,7,62.60659
2025,2,20,8,54.92524333333333
2025,2,20,9,28.81709333333333
2025,2,20,10,9.360203333333333
2025,2,20,11,4.4492666666666665
2025,2,20,12,-0.08417
2025,2,20,13,-1.75943
2025,2,20,14,-2.850896666666667
2025,2,20,15,-1.9370333333333327
2025,2,20,16,0.65037
2025,2,20,17,43.38151333333334
2025,2,20,18,67.19659333333334
2025,2,20,19,68.28731
2025,2,20,20,63.06856666666667
2025,2,20,21,62.88990666666667
2025,2,20,22,62.62454666666667
2025,2,20,23,56.15996666666666
2025,2,20,24,54.55262333333334
2025,2,21,1,47.79148
2025,2,21,2,44.87255
2025,2,21,3,44.39838666666666
2025,2,21,4,44.75917999999999
2025,2,21,5,45.69653333333333
2025,2,21,6,52.942056666666666
2025,2,21,7,63.54233
2025,2,21,8,46.617313333333335
2025,2,21,9,14.670686666666668
2025,2,21,10,5.964136666666666
2025,2,21,11,3.126453333333333
2025,2,21,12,0.4794666666666671
2025,2,21,13,-0.4110500000000001
2025,2,21,14,-1.4126433333333328
2025,2,21,15,-0.3816266666666674
2025,2,21,16,2.6251600000000006
2025,2,21,17,41.588656666666665
2025,2,21,18,56.42968666666667
2025,2,21,19,58.53581666666667
2025,2,21,20,55.49103
2025,2,21,21,54.03565666666666
2025,2,21,22,54.30118333333333
2025,2,21,23,53.75054333333333
2025,2,21,24,50.05753000000001
2025,2,22,1,45.05202333333333
2025,2,22,2,44.62793
2025,2,22,3,42.74959333333334
2025,2,22,4,43.39797333333333
2025,2,22,5,45.91764
2025,2,22,6,46.64254333333333
2025,2,22,7,50.41522666666666
2025,2,22,8,35.449286666666666
2025,2,22,9,5.68894
2025,2,22,10,-4.628856666666667
2025,2,22,11,-7.316680000000001
2025,2,22,12,-10.17758
2025,2,22,13,-12.27389
2025,2,22,14,-12.031646666666669
2025,2,22,15,-12.318433333333331
2025,2,22,16,-5.603159999999999
2025,2,22,17,21.24351
2025,2,22,18,51.77116333333333
2025,2,22,19,52.56473333333333
2025,2,22,20,49.61353
2025,2,22,21,47.68145333333333
2025,2,22,22,47.96587666666667
2025,2,22,23,47.96599666666666
2025,2,22,24,43.60427000000001
2025,2,23,1,35.97036666666667
2025,2,23,2,35.88825
2025,2,23,3,35.88272666666666
2025,2,23,4,35.92796333333333
2025,2,23,5,38.193266666666666
2025,2,23,6,41.85429666666667
2025,2,23,7,40.91639333333333
2025,2,23,8,24.432926666666663
2025,2,23,9,-0.7636733333333344
2025,2,23,10,-10.117376666666669
2025,2,23,11,-13.058493333333333
2025,2,23,12,-15.14266
2025,2,23,13,-18.638763333333333
2025,2,23,14,-20.157926666666665
2025,2,23,15,-19.40380333333333
2025,2,23,16,-11.74817
2025,2,23,17,8.439946666666666
2025,2,23,18,40.57830333333333
2025,2,23,19,41.41593
2025,2,23,20,40.041320000000006
2025,2,23,21,39.997346666666665
2025,2,23,22,40.00548666666666
2025,2,23,23,38.82525
2025,2,23,24,36.99313
2025,2,24,1,40.04339
2025,2,24,2,40.84918666666667
2025,2,24,3,40.638313333333336
2025,2,24,4,43.730916666666666
2025,2,24,5,46.522063333333335
2025,2,24,6,46.69005666666666
2025,2,24,7,51.03157333333333
2025,2,24,8,36.64571333333333
2025,2,24,9,9.23694
2025,2,24,10,2.242060000000001
2025,2,24,11,-2.3224966666666678
2025,2,24,12,-4.6696333333333335
2025,2,24,13,-8.119263333333333
2025,2,24,14,-9.241496666666666
2025,2,24,15,-8.115953333333334
2025,2,24,16,-2.9834700000000005
2025,2,24,17,16.924416666666666
2025,2,24,18,45.11307666666666
2025,2,24,19,47.86744333333333
2025,2,24,20,44.64178666666667
2025,2,24,21,42.69851333333333
2025,2,24,22,41.95409333333333
2025,2,24,23,38.64238
2025,2,24,24,35.24508
2025,2,25,1,30.45826
2025,2,25,2,30.33913
2025,2,25,3,30.61573
2025,2,25,4,30.677143333333333
2025,2,25,5,33.36485
2025,2,25,6,41.30823333333333
2025,2,25,7,47.77259333333333
2025,2,25,8,30.704130000000003
2025,2,25,9,3.686993333333333
2025,2,25,10,-5.577283333333333
2025,2,25,11,-10.829956666666666
2025,2,25,12,-10.225423333333334
2025,2,25,13,-12.950756666666669
2025,2,25,14,-16.33655333333333
2025,2,25,15,-16.207673333333332
2025,2,25,16,-8.838516666666667
2025,2,25,17,10.001146666666669
2025,2,25,18,43.18496666666667
2025,2,25,19,43.167683333333336
2025,2,25,20,42.19040666666667
2025,2,25,21,41.984206666666665
2025,2,25,22,41.780793333333335
2025,2,25,23,41.59252666666666
2025,2,25,24,40.220153333333336
2025,2,26,1,41.46012
2025,2,26,2,41.43953333333334
2025,2,26,3,41.20857
2025,2,26,4,41.797673333333336
2025,2,26,5,45.99656333333333
2025,2,26,6,49.858990000000006
2025,2,26,7,54.33855666666667
2025,2,26,8,39.08200333333334
2025,2,26,9,6.528559999999999
2025,2,26,10,2.041233333333334
2025,2,26,11,-1.4966566666666663
2025,2,26,12,-2.7404200000000003
2025,2,26,13,-6.971663333333335
2025,2,26,14,-6.93344
2025,2,26,15,-5.764666666666667
2025,2,26,16,1.4574233333333335
2025,2,26,17,31.212736666666668
2025,2,26,18,53.47995666666666
2025,2,26,19,57.12204
2025,2,26,20,52.48958666666667
2025,2,26,21,49.93689333333333
2025,2,26,22,48.98110333333333
2025,2,26,23,47.61765
2025,2,26,24,46.36026999999999
2025,2,27,1,44.19333
2025,2,27,2,43.88617666666666
2025,2,27,3,43.74066333333334
2025,2,27,4,43.79108
2025,2,27,5,45.530820000000006
2025,2,27,6,51.05201
2025,2,27,7,56.62314333333333
2025,2,27,8,40.59511333333334
2025,2,27,9,9.766113333333331
2025,2,27,10,4.6184
2025,2,27,11,1.2819633333333336
2025,2,27,12,-0.4804766666666668
2025,2,27,13,-2.635173333333333
2025,2,27,14,-2.7652499999999995
2025,2,27,15,-1.4833
2025,2,27,16,5.5931
2025,2,27,17,36.53103333333333
2025,2,27,18,54.20910333333333
2025,2,27,19,59.2469
2025,2,27,20,53.42878666666667
2025,2,27,21,53.20049666666667
2025,2,27,22,53.16107
2025,2,27,23,47.78348333333333
2025,2,28,24,42.84121666666667
2025,3,1,1,46.61349666666666
2025,3,1,2,45.32931666666667
2025,3,1,3,43.196826666666674
2025,3,1,4,39.17662333333333
2025,3,1,5,37.82488333333333
2025,3,1,6,45.10056666666667
2025,3,1,7,47.157630000000005
2025,3,1,8,31.23415333333333
2025,3,1,9,7.88655
2025,3,1,10,-2.648486666666667
2025,3,1,11,-6.961616666666667
2025,3,1,12,-7.951793333333332
2025,3,1,13,-11.548943333333334
2025,3,1,14,-12.178
2025,3,1,15,-12.56235
2025,3,1,16,-7.187873333333333
2025,3,1,17,19.56716666666667
2025,3,1,18,43.87209666666666
2025,3,1,19,45.458223333333336
2025,3,1,20,43.09926333333333
2025,3,1,21,42.217306666666666
2025,3,1,22,42.77140666666666
2025,3,1,23,41.49062
2025,3,1,24,40.67123333333333
2025,3,2,1,39.09701
2025,3,2,2,38.8463
2025,3,2,3,38.88910666666666
2025,3,2,4,36.67509666666667
2025,3,2,5,37.00204
2025,3,2,6,44.248873333333336
2025,3,2,7,44.76591333333334
2025,3,2,8,28.39494333333333
2025,3,2,9,7.765746666666666
2025,3,2,10,2.42896
2025,3,2,11,-1.147263333333333
2025,3,2,12,-2.7454466666666666
2025,3,2,13,-5.385763333333333
2025,3,2,14,-6.4893600000000005
2025,3,2,15,-4.84286
2025,3,2,16,1.3406833333333334
2025,3,2,17,29.61747
2025,3,2,18,46.60135333333333
2025,3,2,19,48.53264
2025,3,2,20,46.78038333333333
2025,3,2,21,46.16315333333333
2025,3,2,22,46.1236
2025,3,2,23,44.90899666666667
2025,3,2,24,42.26773333333333
2025,3,3,1,35.76707
2025,3,3,2,35.608156666666666
2025,3,3,3,35.74323666666667
2025,3,3,4,35.74602333333333
2025,3,3,5,36.89959
2025,3,3,6,41.50705666666667
2025,3,3,7,50.019416666666665
2025,3,3,8,40.16057
2025,3,3,9,15.84631
2025,3,3,10,6.244193333333333
2025,3,3,11,2.3050266666666666
2025,3,3,12,0.5505433333333336
2025,3,3,13,-2.218406666666666
2025,3,3,14,-3.5728733333333333
2025,3,3,15,-1.077406666666666
2025,3,3,16,4.086099999999999
2025,3,3,17,28.855446666666666
2025,3,3,18,48.54714333333334
2025,3,3,19,49.46129666666667
2025,3,3,20,48.05541
2025,3,3,21,48.1264
2025,3,3,22,48.15678333333333
2025,3,3,23,46.81046
2025,3,3,24,44.51157333333333
2025,3,4,1,42.97012
2025,3,4,2,42.99616
2025,3,4,3,42.05164333333334
2025,3,4,4,43.38824
2025,3,4,5,44.71694666666667
2025,3,4,6,54.25384333333333
2025,3,4,7,60.064056666666666
2025,3,4,8,42.72660333333334
2025,3,4,9,13.07336
2025,3,4,10,7.248546666666667
2025,3,4,11,4.4764133333333325
2025,3,4,12,2.5876366666666666
2025,3,4,13,-0.0203966666666666
2025,3,4,14,-0.9223566666666668
2025,3,4,15,-0.0811200000000003
2025,3,4,16,3.630560000000001
2025,3,4,17,30.78075
2025,3,4,18,54.6003
2025,3,4,19,55.50911
2025,3,4,20,54.62995333333333
2025,3,4,21,54.61583666666667
2025,3,4,22,54.19833333333333
2025,3,4,23,51.28037666666666
2025,3,4,24,48.645923333333336
2025,3,5,1,56.68588666666667
2025,3,5,2,54.06399666666667
2025,3,5,3,54.54675
2025,3,5,4,56.238
2025,3,5,5,61.78491333333333
2025,3,5,6,69.06923
2025,3,5,7,69.13023333333334
2025,3,5,8,64.52607
2025,3,5,9,51.82310666666667
2025,3,5,10,47.519956666666666
2025,3,5,11,46.81749
2025,3,5,12,45.7416
2025,3,5,13,41.90419666666667
2025,3,5,14,42.07937
2025,3,5,15,42.361880000000006
2025,3,5,16,46.81847666666667
2025,3,5,17,60.53724333333333
2025,3,5,18,61.6514
2025,3,5,19,63.02243333333333
2025,3,5,20,61.19179666666667
2025,3,5,21,60.60789333333333
2025,3,5,22,59.963503333333335
2025,3,5,23,54.05863333333334
2025,3,5,24,51.461353333333335
2025,3,6,1,51.09518666666667
2025,3,6,2,47.18230333333333
2025,3,6,3,46.61842666666666
2025,3,6,4,46.66478666666666
2025,3,6,5,51.34281666666667
2025,3,6,6,59.543216666666666
2025,3,6,7,61.94188666666667
2025,3,6,8,45.09468999999999
2025,3,6,9,26.551466666666663
2025,3,6,10,16.676506666666665
2025,3,6,11,12.86763
2025,3,6,12,10.375716666666667
2025,3,6,13,5.96685
2025,3,6,14,5.4653133333333335
2025,3,6,15,8.196813333333333
2025,3,6,16,17.68354
2025,3,6,17,39.31741333333333
2025,3,6,18,63.267136666666666
2025,3,6,19,66.31897
2025,3,6,20,63.68152
2025,3,6,21,62.96949333333333
2025,3,6,22,62.35022666666666
2025,3,6,23,56.60509
2025,3,6,24,52.66733
2025,3,7,1,43.79551666666666
2025,3,7,2,43.96820333333333
2025,3,7,3,43.12354
2025,3,7,4,43.58265666666667
2025,3,7,5,46.68177333333333
2025,3,7,6,52.766333333333336
2025,3,7,7,60.603616666666674
2025,3,7,8,41.08015
2025,3,7,9,10.545203333333337
2025,3,7,10,1.7215666666666667
2025,3,7,11,-3.2118300000000004
2025,3,7,12,-6.72082
2025,3,7,13,-9.389833333333334
2025,3,7,14,-10.978646666666668
2025,3,7,15,-10.482576666666668
2025,3,7,16,-6.795303333333333
2025,3,7,17,18.188503333333333
2025,3,7,18,55.10271
2025,3,7,19,56.957240000000006
2025,3,7,20,56.29825333333333
2025,3,7,21,56.02059
2025,3,7,22,55.46358666666666
2025,3,7,23,54.979420000000005
2025,3,7,24,54.39315
2025,3,8,1,54.825903333333336
2025,3,8,2,53.43311666666667
2025,3,8,3,51.21801666666666
2025,3,8,4,50.29636
2025,3,8,5,54.66312666666666
2025,3,8,6,54.09411
2025,3,8,7,58.54293666666666
2025,3,8,8,29.241153333333333
2025,3,8,9,-3.771463333333333
2025,3,8,10,-11.94465
2025,3,8,11,-16.1037
2025,3,8,12,-19.081606666666666
2025,3,8,13,-20.36195
2025,3,8,14,-20.62305333333333
2025,3,8,15,-19.22788333333333
2025,3,8,16,-13.791876666666669
2025,3,8,17,9.59164
2025,3,8,18,54.86555666666666
2025,3,8,19,57.960793333333335
2025,3,8,20,57.02051
2025,3,8,21,56.24728666666667
2025,3,8,22,55.83863333333333
2025,3,8,23,54.76312
2025,3,8,24,53.27317666666666
2025,3,9,1,54.49336333333334
2025,3,9,2,54.165346666666665
2025,3,9,4,48.84479666666667
2025,3,9,5,50.34087666666667
2025,3,9,6,52.75183666666667
2025,3,9,7,59.224590000000006
2025,3,9,8,55.45024
2025,3,9,9,1.67889
2025,3,9,10,-12.192793333333332
2025,3,9,11,-16.26415
2025,3,9,12,-21.42793333333333
2025,3,9,13,-20.930696666666663
2025,3,9,14,-20.79274666666667
2025,3,9,15,-20.84126333333333
2025,3,9,16,-20.36297666666667
2025,3,9,17,-16.40317333333333
2025,3,9,18,0.1068433333333333
2025,3,9,19,45.87361333333333
2025,3,9,20,55.76039666666666
2025,3,9,21,56.53872333333334
2025,3,9,22,54.78211
2025,3,9,23,54.56725
2025,3,9,24,54.09592666666666
2025,3,10,1,51.62799
2025,3,10,2,47.53884
2025,3,10,3,50.39961333333334
2025,3,10,4,50.87603333333334
2025,3,10,5,53.11397
2025,3,10,6,60.8949
2025,3,10,7,71.73636333333333
2025,3,10,8,68.69086666666666
2025,3,10,9,37.74916666666667
2025,3,10,10,8.705476666666668
2025,3,10,11,2.1150900000000004
2025,3,10,12,0.3147766666666663
2025,3,10,13,-3.09775
2025,3,10,14,-3.596793333333333
2025,3,10,15,-4.1248233333333335
2025,3,10,16,-0.8677799999999998
2025,3,10,17,1.6825966666666667
2025,3,10,18,36.16629
2025,3,10,19,57.75219333333333
2025,3,10,20,62.10887333333333
2025,3,10,21,59.30419333333333
2025,3,10,22,56.78555666666667
2025,3,10,23,56.39490000000001
2025,3,10,24,51.66175666666667
2025,3,11,1,60.15282333333334
2025,3,11,2,54.35423333333333
2025,3,11,3,53.82139
2025,3,11,4,52.89203
2025,3,11,5,54.50919
2025,3,11,6,63.73217
2025,3,11,7,68.56553666666667
2025,3,11,8,71.70230333333333
2025,3,11,9,54.57114666666666
2025,3,11,10,44.62944
2025,3,11,11,37.14444
2025,3,11,12,32.62681333333334
2025,3,11,13,27.69193333333333
2025,3,11,14,26.78173
2025,3,11,15,25.51334333333333
2025,3,11,16,32.54293333333333
2025,3,11,17,36.41386666666667
2025,3,11,18,51.59521333333333
2025,3,11,19,63.90895666666666
2025,3,11,20,66.20747999999999
2025,3,11,21,67.53948000000001
2025,3,11,22,64.87178999999999
2025,3,11,23,63.79709
2025,3,11,24,56.90769333333333
2025,3,12,1,50.93346666666667
2025,3,12,2,48.482670000000006
2025,3,12,3,47.72770666666667
2025,3,12,4,47.74514333333334
2025,3,12,5,48.18184333333334
2025,3,12,6,53.540713333333336
2025,3,12,7,64.60876
2025,3,12,8,63.58662
2025,3,12,9,48.38775
2025,3,12,10,33.533253333333334
2025,3,12,11,28.388523333333332
2025,3,12,12,25.349316666666667
2025,3,12,13,21.502566666666667
2025,3,12,14,21.03936
2025,3,12,15,21.97602
2025,3,12,16,25.040143333333333
2025,3,12,17,32.625283333333336
2025,3,12,18,50.078563333333335
2025,3,12,19,57.73589333333333
2025,3,12,20,61.34368666666666
2025,3,12,21,59.62558666666666
2025,3,12,22,57.55146
2025,3,12,23,54.66973333333333
2025,3,12,24,52.82865666666667
2025,3,13,1,46.99339333333333
2025,3,13,2,43.96445666666667
2025,3,13,3,42.77108333333333
2025,3,13,4,42.77027333333333
2025,3,13,5,43.27908666666667
2025,3,13,6,49.842306666666666
2025,3,13,7,60.860283333333335
2025,3,13,8,61.72393333333334
2025,3,13,9,51.43188333333333
2025,3,13,10,42.60447
2025,3,13,11,29.50518
2025,3,13,12,21.371493333333333
2025,3,13,13,11.473506666666667
2025,3,13,14,8.544936666666667
2025,3,13,15,1.799646666666667
2025,3,13,16,1.5504466666666668
2025,3,13,17,4.39997
2025,3,13,18,31.964533333333332
2025,3,13,19,53.10556666666667
2025,3,13,20,56.82653
2025,3,13,21,56.61567
2025,3,13,22,55.77248333333333
2025,3,13,23,51.90086333333333
2025,3,13,24,47.93669
2025,3,14,1,51.53182666666667
2025,3,14,2,48.78100666666666
2025,3,14,3,47.549890000000005
2025,3,14,4,47.58836333333333
2025,3,14,5,48.09602666666667
2025,3,14,6,59.104216666666666
2025,3,14,7,67.28420333333334
2025,3,14,8,71.56698333333334
2025,3,14,9,67.38910333333332
2025,3,14,10,53.27471
2025,3,14,11,47.122076666666665
2025,3,14,12,43.39584666666667
2025,3,14,13,39.07731333333333
2025,3,14,14,35.10427333333333
2025,3,14,15,31.10294
2025,3,14,16,31.55320333333333
2025,3,14,17,35.70948
2025,3,14,18,41.25505
2025,3,14,19,55.89112333333333
2025,3,14,20,59.86916
2025,3,14,21,57.93888333333334
2025,3,14,22,55.93197666666666
2025,3,14,23,50.25515333333334
2025,3,14,24,48.69019666666666
2025,3,15,1,44.54975666666667
2025,3,15,2,42.31827333333333
2025,3,15,3,38.71765333333334
2025,3,15,4,37.50968
2025,3,15,5,38.56627
2025,3,15,6,43.87208
2025,3,15,7,51.25697333333333
2025,3,15,8,43.07599666666667
2025,3,15,9,6.333963333333334
2025,3,15,10,-8.031519999999999
2025,3,15,11,-21.0394
2025,3,15,12,-28.376166666666663
2025,3,15,13,-29.74995
2025,3,15,14,-32.58685
2025,3,15,15,-31.64512
2025,3,15,16,-30.114566666666665
2025,3,15,17,-22.157886666666663
2025,3,15,18,2.04165
2025,3,15,19,40.56057
2025,3,15,20,48.91828666666667
2025,3,15,21,49.24752
2025,3,15,22,48.48458333333334
2025,3,15,23,47.862
2025,3,15,24,46.56786666666667
2025,3,16,1,47.54016333333334
2025,3,16,2,46.49491666666666
2025,3,16,3,43.73125666666667
2025,3,16,4,44.76811333333333
2025,3,16,5,43.39268333333333
2025,3,16,6,47.61659333333333
2025,3,16,7,51.83475666666666
2025,3,16,8,47.24822
2025,3,16,9,10.250716666666666
2025,3,16,10,-4.094133333333335
2025,3,16,11,-11.05244
2025,3,16,12,-13.904873333333333
2025,3,16,13,-17.516993333333332
2025,3,16,14,-19.67890333333333
2025,3,16,15,-18.676216666666665
2025,3,16,16,-15.797163333333335
2025,3,16,17,-4.138473333333333
2025,3,16,18,24.10846
2025,3,16,19,46.64238333333333
2025,3,16,20,48.38907
2025,3,16,21,47.76288666666667
2025,3,16,22,46.255533333333325
2025,3,16,23,46.00531
2025,3,16,24,40.34067666666667
2025,3,17,1,54.71163333333333
2025,3,17,2,46.07067666666666
2025,3,17,3,45.75685000000001
2025,3,17,4,45.81466666666666
2025,3,17,5,47.123
2025,3,17,6,59.13618333333333
2025,3,17,7,64.06601333333333
2025,3,17,8,64.1348
2025,3,17,9,45.56893
2025,3,17,10,22.089723333333332
2025,3,17,11,17.84794
2025,3,17,12,10.64542
2025,3,17,13,7.976059999999999
2025,3,17,14,3.504373333333333
2025,3,17,15,0.6426666666666669
2025,3,17,16,2.12905
2025,3,17,17,3.98887
2025,3,17,18,25.09106333333333
2025,3,17,19,45.727293333333336
2025,3,17,20,50.08288666666667
2025,3,17,21,50.19675
2025,3,17,22,47.226506666666666
2025,3,17,23,45.54190666666667
2025,3,17,24,43.501736666666666
2025,3,18,1,40.13990666666667
2025,3,18,2,41.95674333333333
2025,3,18,3,39.44783
2025,3,18,4,39.8801
2025,3,18,5,43.51844666666667
2025,3,18,6,48.82333333333333
2025,3,18,7,60.95556666666666
2025,3,18,8,56.95525666666666
2025,3,18,9,20.421406666666662
2025,3,18,10,-1.649693333333334
2025,3,18,11,-11.764006666666669
2025,3,18,12,-14.386763333333333
2025,3,18,13,-17.142076666666668
2025,3,18,14,-21.077863333333333
2025,3,18,15,-21.35779666666667
2025,3,18,16,-18.456496666666663
2025,3,18,17,-15.003006666666664
2025,3,18,18,3.862299999999999
2025,3,18,19,44.33558
2025,3,18,20,54.70323
2025,3,18,21,50.94082333333333
2025,3,18,22,49.30818
2025,3,18,23,47.96094333333334
2025,3,18,24,46.6224
2025,3,19,1,44.30346666666667
2025,3,19,2,43.92614
2025,3,19,3,44.23318333333333
2025,3,19,4,45.71132666666667
2025,3,19,5,49.761276666666674
2025,3,19,6,59.68792666666667
2025,3,19,7,71.74732666666667
2025,3,19,8,61.817103333333336
2025,3,19,9,23.68217333333333
2025,3,19,10,3.8009
2025,3,19,11,-3.49962
2025,3,19,12,-6.244126666666666
2025,3,19,13,-10.568473333333332
2025,3,19,14,-11.793970000000002
2025,3,19,15,-13.912150000000002
2025,3,19,16,-11.494166666666668
2025,3,19,17,-6.965090000000001
2025,3,19,18,17.12797
2025,3,19,19,57.54618333333334
2025,3,19,20,60.51665666666667
2025,3,19,21,59.22749666666667
2025,3,19,22,57.25203
2025,3,19,23,55.212896666666666
2025,3,19,24,52.48883666666666
2025,3,20,1,46.25209
2025,3,20,2,42.417143333333335
2025,3,20,3,40.37037
2025,3,20,4,40.33719
2025,3,20,5,42.75647
2025,3,20,6,52.40330333333333
2025,3,20,7,62.47352333333333
2025,3,20,8,56.66161
2025,3,20,9,27.84040333333333
2025,3,20,10,4.922859999999999
2025,3,20,11,-7.683113333333334
2025,3,20,12,-14.161263333333332
2025,3,20,13,-18.03096
2025,3,20,14,-21.443133333333336
2025,3,20,15,-23.51682333333333
2025,3,20,16,-20.230356666666665
2025,3,20,17,-18.424163333333333
2025,3,20,18,1.0366333333333335
2025,3,20,19,45.30597666666667
2025,3,20,20,50.91455666666667
2025,3,20,21,48.49383333333333
2025,3,20,22,45.19121666666666
2025,3,20,23,43.82810333333333
2025,3,20,24,43.21660333333333
2025,3,21,1,33.99460666666667
2025,3,21,2,33.66216333333333
2025,3,21,3,33.66549
2025,3,21,4,33.54537
2025,3,21,5,35.16116666666667
2025,3,21,6,43.04579
2025,3,21,7,60.56811666666667
2025,3,21,8,58.8899
2025,3,21,9,30.21807
2025,3,21,10,5.822446666666667
2025,3,21,11,-4.690409999999999
2025,3,21,12,-12.920880000000002
2025,3,21,13,-15.740023333333331
2025,3,21,14,-17.996219999999997
2025,3,21,15,-19.774876666666668
2025,3,21,16,-19.242206666666664
2025,3,21,17,-14.210770000000002
2025,3,21,18,1.0047233333333334
2025,3,21,19,40.61756
2025,3,21,20,43.30568333333334
2025,3,21,21,41.910653333333336
2025,3,21,22,40.36716
2025,3,21,23,38.36391
2025,3,21,24,37.7179
2025,3,22,1,33.11815333333333
2025,3,22,2,32.20207
2025,3,22,3,30.72683333333333
2025,3,22,4,35.12837666666667
2025,3,22,5,35.64769333333333
2025,3,22,6,36.56986666666666
2025,3,22,7,43.584583333333335
2025,3,22,8,42.12332666666666
2025,3,22,9,13.002906666666666
2025,3,22,10,-7.7616
2025,3,22,11,-18.96981
2025,3,22,12,-27.088826666666662
2025,3,22,13,-31.09914
2025,3,22,14,-32.39368666666667
2025,3,22,15,-33.93859
2025,3,22,16,-30.762370000000004
2025,3,22,17,-25.024666666666672
2025,3,22,18,-3.71994
2025,3,22,19,34.893100000000004
2025,3,22,20,38.44858
2025,3,22,21,36.46219
2025,3,22,22,35.760690000000004
2025,3,22,23,34.73517666666667
2025,3,22,24,33.86994
2025,3,23,1,34.83059666666667
2025,3,23,2,34.94888
2025,3,23,3,34.89898
2025,3,23,4,35.061856666666664
2025,3,23,5,37.50097333333333
2025,3,23,6,38.87654666666666
2025,3,23,7,46.067303333333335
2025,3,23,8,35.431423333333335
2025,3,23,9,-0.15925
2025,3,23,10,-13.88271
2025,3,23,11,-30.948536666666666
2025,3,23,12,-32.14847
2025,3,23,13,-33.91767333333333
2025,3,23,14,-35.334363333333336
2025,3,23,15,-36.184313333333336
2025,3,23,16,-32.189213333333335
2025,3,23,17,-29.239980000000003
2025,3,23,18,-4.864073333333333
2025,3,23,19,45.87964
2025,3,23,20,51.01602333333333
2025,3,23,21,48.85577333333333
2025,3,23,22,47.83835
2025,3,23,23,47.02371
2025,3,23,24,46.20663
2025,3,24,1,37.53363333333333
2025,3,24,2,37.33961666666666
2025,3,24,3,36.91567
2025,3,24,4,36.96909333333334
2025,3,24,5,37.51573666666667
2025,3,24,6,46.24459
2025,3,24,7,54.63240666666667
2025,3,24,8,49.69616666666667
2025,3,24,9,18.41727333333333
2025,3,24,10,0.8247099999999999
2025,3,24,11,-5.043279999999999
2025,3,24,12,-8.302713333333333
2025,3,24,13,-11.35049
2025,3,24,14,-10.347136666666666
2025,3,24,15,-8.696273333333332
2025,3,24,16,-5.05714
2025,3,24,17,-0.6450699999999997
2025,3,24,18,25.13243
2025,3,24,19,52.29787666666667
2025,3,24,20,61.40430666666666
2025,3,24,21,55.636383333333335
2025,3,24,22,50.47087333333334
2025,3,24,23,49.04835333333333
2025,3,24,24,41.33226333333334
2025,3,25,1,40.95881
2025,3,25,2,39.9025
2025,3,25,3,37.00752
2025,3,25,4,34.963233333333335
2025,3,25,5,35.28842
2025,3,25,6,44.78679666666667
2025,3,25,7,51.59898333333334
2025,3,25,8,43.33703333333333
2025,3,25,9,17.65532
2025,3,25,10,1.4820333333333335
2025,3,25,11,-1.9984333333333333
2025,3,25,12,-4.169473333333333
2025,3,25,13,-5.564793333333333
2025,3,25,14,-3.75402
2025,3,25,15,-2.1106633333333336
2025,3,25,16,0.0457966666666669
2025,3,25,17,9.693813333333331
2025,3,25,18,34.880383333333334
2025,3,25,19,53.52995000000001
2025,3,25,20,59.10695666666667
2025,3,25,21,50.71926666666667
2025,3,25,22,44.85452
2025,3,25,23,39.92248
2025,3,25,24,37.89661666666667
2025,3,26,1,30.4136
2025,3,26,2,30.330186666666663
2025,3,26,3,30.223353333333336
2025,3,26,4,30.140936666666665
2025,3,26,5,30.629013333333333
2025,3,26,6,35.14975333333333
2025,3,26,7,44.72210666666666
2025,3,26,8,41.421596666666666
2025,3,26,9,19.07962333333333
2025,3,26,10,-1.35071
2025,3,26,11,-6.227463333333333
2025,3,26,12,-9.41634
2025,3,26,13,-10.75222
2025,3,26,14,-11.59002
2025,3,26,15,-11.823280000000002
2025,3,26,16,-10.174806666666669
2025,3,26,17,-6.055583333333334
2025,3,26,18,2.307423333333333
2025,3,26,19,30.84105
2025,3,26,20,34.70412666666667
2025,3,26,21,33.28652
2025,3,26,22,32.00948
2025,3,26,23,29.63987
2025,3,26,24,28.366086666666664
2025,3,27,1,21.215056666666666
2025,3,27,2,20.254536666666667
2025,3,27,3,20.055556666666664
2025,3,27,4,19.919556666666665
2025,3,27,5,20.15366
2025,3,27,6,23.59851
2025,3,27,7,34.615190000000005
2025,3,27,8,29.88663333333333
2025,3,27,9,14.885716666666667
2025,3,27,10,-1.4798266666666666
2025,3,27,11,-8.04032
2025,3,27,12,-11.949726666666669
2025,3,27,13,-14.094410000000002
2025,3,27,14,-16.15304
2025,3,27,15,-15.52794
2025,3,27,16,-15.43016
2025,3,27,17,-12.938856666666666
2025,3,27,18,-0.1216533333333331
2025,3,27,19,22.86209333333333
2025,3,27,20,26.424546666666668
2025,3,27,21,25.757276666666662
2025,3,27,22,24.71528
2025,3,27,23,23.958266666666663
2025,3,27,24,22.679113333333333
2025,3,28,1,16.16983
2025,3,28,2,14.722553333333332
2025,3,28,3,14.02231
2025,3,28,4,13.904926666666666
2025,3,28,5,14.280816666666666
2025,3,28,6,18.03053
2025,3,28,7,26.388306666666665
2025,3,28,8,24.84543
2025,3,28,9,17.481656666666666
2025,3,28,10,0.6391433333333333
2025,3,28,11,-4.76969
2025,3,28,12,-11.949329999999998
2025,3,28,13,-16.243286666666666
2025,3,28,14,-17.61124333333333
2025,3,28,15,-19.70958
2025,3,28,16,-18.42847
2025,3,28,17,-16.372843333333332
2025,3,28,18,-2.426206666666667
2025,3,28,19,17.578443333333336
2025,3,28,20,21.007646666666663
2025,3,28,21,21.16546333333333
2025,3,28,22,20.034123333333334
2025,3,28,23,19.025540000000003
2025,3,28,24,17.43098
2025,3,29,1,16.97086333333333
2025,3,29,2,14.944823333333332
2025,3,29,3,13.310456666666669
2025,3,29,4,13.256573333333334
2025,3,29,5,13.252686666666667
2025,3,29,6,13.448013333333334
2025,3,29,7,19.206333333333333
2025,3,29,8,10.883803333333333
2025,3,29,9,-6.949009999999999
2025,3,29,10,-18.67675
2025,3,29,11,-30.198970000000003
2025,3,29,12,-34.427150000000005
2025,3,29,13,-36.73100333333333
2025,3,29,14,-38.98213666666667
2025,3,29,15,-39.01813
2025,3,29,16,-36.06956666666667
2025,3,29,17,-30.108016666666668
2025,3,29,18,-12.757913333333336
2025,3,29,19,17.00319
2025,3,29,20,18.024086666666665
2025,3,29,21,18.6505
2025,3,29,22,19.17774
2025,3,29,23,18.796496666666663
2025,3,29,24,18.606620000000003
2025,3,30,1,25.20969333333333
2025,3,30,2,24.59103
2025,3,30,3,23.86239666666667
2025,3,30,4,21.380646666666667
2025,3,30,5,20.70707333333333
2025,3,30,6,21.24971333333333
2025,3,30,7,24.416283333333336
2025,3,30,8,17.190916666666666
2025,3,30,9,5.3710733333333325
2025,3,30,10,-5.971066666666666
2025,3,30,11,-12.527553333333335
2025,3,30,12,-14.8546
2025,3,30,13,-18.445076666666665
2025,3,30,14,-21.613826666666665
2025,3,30,15,-22.360236666666665
2025,3,30,16,-20.84795
2025,3,30,17,-17.774559999999997
2025,3,30,18,-4.203183333333333
2025,3,30,19,20.81236
2025,3,30,20,24.435233333333333
2025,3,30,21,24.602506666666667
2025,3,30,22,22.36172333333333
2025,3,30,23,21.525116666666666
2025,3,30,24,20.733986666666667
2025,4,1,1,24.48678666666667
2025,4,1,2,24.0005
2025,4,1,3,24.33636333333333
2025,4,1,4,25.020253333333333
2025,4,1,5,25.254933333333337
2025,4,1,6,28.24019333333333
2025,4,1,7,34.69491
2025,4,1,8,30.357196666666667
2025,4,1,9,12.660903333333332
2025,4,1,10,0.2046966666666669
2025,4,1,11,-4.40394
2025,4,1,12,-7.105439999999999
2025,4,1,13,-5.848983333333334
2025,4,1,14,-7.114886666666666
2025,4,1,15,-7.51837
2025,4,1,16,-8.260463333333332
2025,4,1,17,-4.937256666666667
2025,4,1,18,2.720473333333333
2025,4,1,19,24.02949666666667
2025,4,1,20,25.86709
2025,4,1,21,27.15194333333333
2025,4,1,22,26.051113333333333
2025,4,1,23,25.30541
2025,4,1,24,24.671693333333334
2025,4,2,1,35.43838333333333
2025,4,2,2,35.65528
2025,4,2,3,33.28661
2025,4,2,4,33.11639666666667
2025,4,2,5,32.91609666666667
2025,4,2,6,36.40759
2025,4,2,7,40.16305333333333
2025,4,2,8,35.8175
2025,4,2,9,13.860713333333337
2025,4,2,10,-0.6934833333333333
2025,4,2,11,-9.47931
2025,4,2,12,-10.89502
2025,4,2,13,-12.181656666666669
2025,4,2,14,-13.602346666666667
2025,4,2,15,-16.14826
2025,4,2,16,-14.210426666666669
2025,4,2,17,-10.27125
2025,4,2,18,1.71957
2025,4,2,19,35.72455333333334
2025,4,2,20,38.38263
2025,4,2,21,39.26223666666667
2025,4,2,22,38.106323333333336
2025,4,2,23,37.09367666666667
2025,4,2,24,36.38343
2025,4,3,1,33.57821666666666
2025,4,3,2,31.737016666666666
2025,4,3,3,31.76595333333333
2025,4,3,4,31.65424
2025,4,3,5,32.396773333333336
2025,4,3,6,34.487246666666664
2025,4,3,7,48.37107666666666
2025,4,3,8,35.84393666666667
2025,4,3,9,7.632266666666667
2025,4,3,10,-3.1214833333333334
2025,4,3,11,-7.065253333333334
2025,4,3,12,-7.79394
2025,4,3,13,-8.601033333333334
2025,4,3,14,-8.955416666666666
2025,4,3,15,-8.492123333333334
2025,4,3,16,-9.56956
2025,4,3,17,-6.887796666666667
2025,4,3,18,6.14411
2025,4,3,19,36.14422
2025,4,3,20,40.505833333333335
2025,4,3,21,41.361403333333335
2025,4,3,22,40.37066
2025,4,3,23,36.39814333333334
2025,4,3,24,35.7937
2025,4,4,1,40.08880333333334
2025,4,4,2,38.98142333333333
2025,4,4,3,39.11987666666666
2025,4,4,4,38.512683333333335
2025,4,4,5,39.00893666666666
2025,4,4,6,44.76611666666667
2025,4,4,7,57.68237666666667
2025,4,4,8,47.19132666666667
2025,4,4,9,9.285793333333332
2025,4,4,10,-4.142316666666667
2025,4,4,11,-8.545923333333333
2025,4,4,12,-9.366413333333334
2025,4,4,13,-10.244256666666669
2025,4,4,14,-10.044623333333334
2025,4,4,15,-10.030213333333334
2025,4,4,16,-10.130483333333332
2025,4,4,17,-8.865623333333334
2025,4,4,18,0.0400533333333334
2025,4,4,19,41.22240666666666
2025,4,4,20,43.31676333333333
2025,4,4,21,42.80134999999999
2025,4,4,22,42.11075
2025,4,4,23,41.53596666666667
2025,4,4,24,40.83999333333333
2025,4,5,1,46.35819333333333
2025,4,5,2,42.47428666666666
2025,4,5,3,42.39066333333333
2025,4,5,4,40.56437666666667
2025,4,5,5,40.73271333333333
2025,4,5,6,41.11482
2025,4,5,7,49.305643333333336
2025,4,5,8,33.335613333333335
2025,4,5,9,-2.1318666666666664
2025,4,5,10,-11.392053333333331
2025,4,5,11,-20.60214
2025,4,5,12,-19.008236666666665
2025,4,5,13,-22.26473
2025,4,5,14,-23.44612
2025,4,5,15,-23.34181333333333
2025,4,5,16,-19.55117
2025,4,5,17,-19.94297333333333
2025,4,5,18,-5.1922500000000005
2025,4,5,19,38.86232
2025,4,5,20,41.465453333333336
2025,4,5,21,41.1627
2025,4,5,22,40.70058333333333
2025,4,5,23,39.71605
2025,4,5,24,39.49042333333333
2025,4,6,1,35.50826333333333
2025,4,6,2,35.50342333333334
2025,4,6,3,35.628636666666665
2025,4,6,4,36.64532
2025,4,6,5,36.06626666666667
2025,4,6,6,37.86388
2025,4,6,7,44.25114666666667
2025,4,6,8,28.417556666666663
2025,4,6,9,-8.09107
2025,4,6,10,-12.61024
2025,4,6,11,-18.35134
2025,4,6,12,-18.634896666666663
2025,4,6,13,-18.62156
2025,4,6,14,-18.570856666666668
2025,4,6,15,-19.283553333333334
2025,4,6,16,-18.050416666666667
2025,4,6,17,-16.780173333333334
2025,4,6,18,-2.60448
2025,4,6,19,37.39926666666667
2025,4,6,20,43.42012
2025,4,6,21,41.88824
2025,4,6,22,39.29398
2025,4,6,23,37.396143333333335
2025,4,6,24,35.99105
2025,4,7,1,30.193376666666666
2025,4,7,2,30.13612333333333
2025,4,7,3,30.119926666666668
2025,4,7,4,30.06388
2025,4,7,5,32.558366666666664
2025,4,7,6,34.000123333333335
2025,4,7,7,44.697426666666665
2025,4,7,8,36.037236666666665
2025,4,7,9,4.215046666666667
2025,4,7,10,-1.501153333333334
2025,4,7,11,-4.0702533333333335
2025,4,7,12,-4.5692433333333335
2025,4,7,13,-6.641213333333333
2025,4,7,14,-8.29381
2025,4,7,15,-9.45252
2025,4,7,16,-9.26418
2025,4,7,17,-5.941763333333333
2025,4,7,18,4.51131
2025,4,7,19,34.399613333333335
2025,4,7,20,44.85939
2025,4,7,21,38.97976666666667
2025,4,7,22,34.75621666666667
2025,4,7,23,33.86021
2025,4,7,24,32.39962333333333
2025,4,8,1,34.2646
2025,4,8,2,33.47609
2025,4,8,3,33.32300333333333
2025,4,8,4,32.99014
2025,4,8,5,33.477963333333335
2025,4,8,6,36.74207
2025,4,8,7,43.43337
2025,4,8,8,32.540213333333334
2025,4,8,9,1.7995933333333338
2025,4,8,10,-6.48549
2025,4,8,11,-10.457373333333331
2025,4,8,12,-13.26777
2025,4,8,13,-13.162526666666666
2025,4,8,14,-14.05733
2025,4,8,15,-14.23583
2025,4,8,16,-13.8965
2025,4,8,17,-12.441539999999998
2025,4,8,18,-0.7016333333333334
2025,4,8,19,36.09225
2025,4,8,20,44.42562333333333
2025,4,8,21,39.51988
2025,4,8,22,36.36477
2025,4,8,23,35.52243333333333
2025,4,8,24,34.82524
2025,4,9,1,34.10080333333334
2025,4,9,2,32.907426666666666
2025,4,9,3,32.39147666666667
2025,4,9,4,32.910153333333334
2025,4,9,5,32.89163
2025,4,9,6,39.16879
2025,4,9,7,49.494393333333335
2025,4,9,8,32.43222666666667
2025,4,9,9,0.1083433333333327
2025,4,9,10,-3.7804033333333336
2025,4,9,11,-8.062653333333333
2025,4,9,12,-10.17573
2025,4,9,13,-9.50265
2025,4,9,14,-9.672666666666666
2025,4,9,15,-9.874
2025,4,9,16,-8.943826666666666
2025,4,9,17,-5.68048
2025,4,9,18,13.349773333333331
2025,4,9,19,45.85187333333334
2025,4,9,20,51.96488
2025,4,9,21,47.30425333333333
2025,4,9,22,46.87936666666667
2025,4,9,23,44.46449333333334
2025,4,9,24,41.36246666666667
2025,4,10,1,40.02748333333333
2025,4,10,2,39.47198
2025,4,10,3,35.834300000000006
2025,4,10,4,34.18296
2025,4,10,5,36.058796666666666
2025,4,10,6,40.02172
2025,4,10,7,48.01189333333334
2025,4,10,8,31.783743333333334
2025,4,10,9,2.6214133333333334
2025,4,10,10,-2.2960966666666667
2025,4,10,11,-4.34199
2025,4,10,12,-4.616376666666667
2025,4,10,13,-4.732333333333333
2025,4,10,14,-4.39835
2025,4,10,15,-4.482476666666667
2025,4,10,16,-2.0418133333333333
2025,4,10,17,1.6412766666666665
2025,4,10,18,20.205646666666667
2025,4,10,19,40.489943333333336
2025,4,10,20,44.56635666666667
2025,4,10,21,42.93585333333333
2025,4,10,22,41.11004
2025,4,10,23,40.22117
2025,4,10,24,37.27987
2025,4,11,1,28.637006666666668
2025,4,11,2,28.872343333333333
2025,4,11,3,27.94275
2025,4,11,4,27.94099
2025,4,11,5,28.52144
2025,4,11,6,33.59157
2025,4,11,7,47.11945
2025,4,11,8,27.70986333333333
2025,4,11,9,5.17468
2025,4,11,10,-0.8232466666666666
2025,4,11,11,-2.726946666666666
2025,4,11,12,-2.8083266666666664
2025,4,11,13,-2.4284233333333334
2025,4,11,14,-2.56019
2025,4,11,15,-2.3178066666666663
2025,4,11,16,-1.72208
2025,4,11,17,0.6650666666666667
2025,4,11,18,14.650506666666669
2025,4,11,19,37.58960666666667
2025,4,11,20,40.44265000000001
2025,4,11,21,38.66303
2025,4,11,22,36.98592666666666
2025,4,11,23,35.47365666666667
2025,4,11,24,34.57331333333334
2025,4,12,1,28.84199333333333
2025,4,12,2,26.91533
2025,4,12,3,23.64243
2025,4,12,4,22.69120333333333
2025,4,12,5,23.15877
2025,4,12,6,23.29593
2025,4,12,7,25.43906
2025,4,12,8,10.08932
2025,4,12,9,-5.758950000000001
2025,4,12,10,-11.497026666666663
2025,4,12,11,-11.809963333333334
2025,4,12,12,-12.690933333333334
2025,4,12,13,-12.80774
2025,4,12,14,-17.570953333333332
2025,4,12,15,-11.657526666666667
2025,4,12,16,-10.649076666666666
2025,4,12,17,-9.432066666666666
2025,4,12,18,-1.660966666666667
2025,4,12,19,33.271440000000005
2025,4,12,20,35.793299999999995
2025,4,12,21,35.94126
2025,4,12,22,35.94615666666667
2025,4,12,23,34.43163
2025,4,12,24,34.12113333333334
2025,4,13,1,36.484116666666665
2025,4,13,2,34.84272000000001
2025,4,13,3,30.140236666666667
2025,4,13,4,29.689196666666664
2025,4,13,5,29.49029333333333
2025,4,13,6,33.92239333333333
2025,4,13,7,35.841730000000005
2025,4,13,8,13.005566666666668
2025,4,13,9,-3.8954866666666663
2025,4,13,10,-9.655253333333333
2025,4,13,11,-10.744013333333331
2025,4,13,12,-10.54725
2025,4,13,13,-10.654773333333331
2025,4,13,14,-11.161953333333337
2025,4,13,15,-10.466686666666666
2025,4,13,16,-10.469806666666669
2025,4,13,17,-7.483776666666666
2025,4,13,18,2.5938733333333333
2025,4,13,19,40.33081333333333
2025,4,13,20,43.59749666666667
2025,4,13,21,43.801260000000006
2025,4,13,22,40.451413333333335
2025,4,13,23,39.89962666666667
2025,4,13,24,38.81324
2025,4,14,1,39.58729333333333
2025,4,14,2,38.34783333333333
2025,4,14,3,38.32315
2025,4,14,4,38.2216
2025,4,14,5,38.46570666666667
2025,4,14,6,45.92447333333333
2025,4,14,7,52.63164666666666
2025,4,14,8,37.920543333333335
2025,4,14,9,16.538173333333333
2025,4,14,10,11.984806666666666
2025,4,14,11,8.227383333333334
2025,4,14,12,6.569933333333334
2025,4,14,13,6.64543
2025,4,14,14,5.620139999999999
2025,4,14,15,8.348863333333332
2025,4,14,16,10.36977
2025,4,14,17,16.21032
2025,4,14,18,32.39647333333333
2025,4,14,19,45.796153333333336
2025,4,14,20,53.79104
2025,4,14,21,48.081673333333335
2025,4,14,22,44.120043333333335
2025,4,14,23,42.07548333333333
2025,4,14,24,40.32902333333333
2025,4,15,1,36.44307666666666
2025,4,15,2,35.063703333333336
2025,4,15,3,34.96461
2025,4,15,4,34.61039666666667
2025,4,15,5,35.03897
2025,4,15,6,39.75629333333333
2025,4,15,7,47.44505
2025,4,15,8,35.38205666666667
2025,4,15,9,13.89091
2025,4,15,10,8.48237
2025,4,15,11,6.766120000000001
2025,4,15,12,5.515756666666667
2025,4,15,13,4.9151
2025,4,15,14,5.263726666666667
2025,4,15,15,5.43247
2025,4,15,16,5.785056666666667
2025,4,15,17,7.80902
2025,4,15,18,22.79612
2025,4,15,19,41.58894333333333
2025,4,15,20,44.75928666666667
2025,4,15,21,41.72093
2025,4,15,22,40.369
2025,4,15,23,38.68924666666667
2025,4,15,24,37.56181
2025,4,16,1,31.979223333333334
2025,4,16,2,32.8811
2025,4,16,3,32.36837
2025,4,16,4,31.815013333333336
2025,4,16,5,32.22599
2025,4,16,6,33.73997333333333
2025,4,16,7,40.42445333333333
2025,4,16,8,26.19426
2025,4,16,9,12.950813333333334
2025,4,16,10,8.08302
2025,4,16,11,3.04311
2025,4,16,12,0.2564966666666667
2025,4,16,13,-1.2620033333333334
2025,4,16,14,-3.4736733333333336
2025,4,16,15,-4.506953333333333
2025,4,16,16,-3.915016666666667
2025,4,16,17,0.0624033333333334
2025,4,16,18,7.54606
2025,4,16,19,33.890993333333334
2025,4,16,20,36.00848
2025,4,16,21,35.343340000000005
2025,4,16,22,34.74329
2025,4,16,23,33.27081333333333
2025,4,16,24,32.197293333333334
2025,4,17,1,27.97345333333333
2025,4,17,2,28.25384
2025,4,17,3,28.174566666666664
2025,4,17,4,28.327043333333336
2025,4,17,5,28.642196666666667
2025,4,17,6,32.55183
2025,4,17,7,37.57730333333333
2025,4,17,8,31.06658333333333
2025,4,17,9,14.778343333333334
2025,4,17,10,8.984353333333333
2025,4,17,11,5.310433333333333
2025,4,17,12,2.3154166666666662
2025,4,17,13,-0.2827166666666665
2025,4,17,14,-0.7949566666666668
2025,4,17,15,-1.6105633333333331
2025,4,17,16,-0.5753499999999999
2025,4,17,17,0.6785133333333335
2025,4,17,18,5.422503333333334
2025,4,17,19,30.23212
2025,4,17,20,35.006413333333334
2025,4,17,21,34.40725
2025,4,17,22,34.078669999999995
2025,4,17,23,31.03943333333333
2025,4,17,24,29.791373333333336
2025,4,18,1,30.89831
2025,4,18,2,29.09503666666667
2025,4,18,3,28.047126666666667
2025,4,18,4,27.637916666666666
2025,4,18,5,27.629093333333334
2025,4,18,6,31.85634333333333
2025,4,18,7,37.06307
2025,4,18,8,25.653930000000003
2025,4,18,9,10.143963333333334
2025,4,18,10,2.804983333333334
2025,4,18,11,-3.5024300000000004
2025,4,18,12,-5.709666666666666
2025,4,18,13,-7.048526666666667
2025,4,18,14,-7.762266666666666
2025,4,18,15,-8.063146666666666
2025,4,18,16,-7.314186666666667
2025,4,18,17,-7.529329999999999
2025,4,18,18,-3.434423333333333
2025,4,18,19,29.70438333333333
2025,4,18,20,34.33220666666667
2025,4,18,21,34.84468666666667
2025,4,18,22,34.45600666666667
2025,4,18,23,33.37910333333333
2025,4,18,24,33.10800666666667
2025,4,19,1,32.87779333333333
2025,4,19,2,32.02497666666667
2025,4,19,3,30.144103333333334
2025,4,19,4,30.284056666666668
2025,4,19,5,31.95602333333333
2025,4,19,6,33.55153333333333
2025,4,19,7,36.48424666666667
2025,4,19,8,11.775903333333334
2025,4,19,9,-5.1228533333333335
2025,4,19,10,-10.847653333333334
2025,4,19,11,-16.385326666666668
2025,4,19,12,-21.938
2025,4,19,13,-22.718056666666666
2025,4,19,14,-24.341416666666664
2025,4,19,15,-23.495816666666663
2025,4,19,16,-22.41132333333333
2025,4,19,17,-18.929376666666663
2025,4,19,18,-4.277463333333333
2025,4,19,19,19.055386666666667
2025,4,19,20,30.651243333333337
2025,4,19,21,30.62417333333333
2025,4,19,22,30.42859
2025,4,19,23,29.58779333333333
2025,4,19,24,28.15997
2025,4,20,1,30.98737
2025,4,20,2,29.77986333333333
2025,4,20,3,29.061356666666665
2025,4,20,4,28.63145
2025,4,20,5,29.158876666666668
2025,4,20,6,31.90299333333333
2025,4,20,7,32.383676666666666
2025,4,20,8,8.733623333333332
2025,4,20,9,-6.594103333333333
2025,4,20,10,-13.789803333333332
2025,4,20,11,-19.15618
2025,4,20,12,-23.432336666666668
2025,4,20,13,-23.685533333333336
2025,4,20,14,-24.555476666666664
2025,4,20,15,-24.44267333333333
2025,4,20,16,-23.22778333333333
2025,4,20,17,-19.70035
2025,4,20,18,-4.336426666666667
2025,4,20,19,28.638283333333334
2025,4,20,20,37.32679
2025,4,20,21,40.06875333333333
2025,4,20,22,33.78633
2025,4,20,23,31.81769333333333
2025,4,20,24,30.947196666666667
2025,4,21,1,29.055686666666663
2025,4,21,2,29.35704
2025,4,21,3,29.18565666666667
2025,4,21,4,29.195063333333334
2025,4,21,5,29.81845
2025,4,21,6,35.60831
2025,4,21,7,43.24896666666666
2025,4,21,8,27.668533333333333
2025,4,21,9,1.2784166666666663
2025,4,21,10,-3.93865
2025,4,21,11,-4.6368
2025,4,21,12,-5.759720000000001
2025,4,21,13,-5.962436666666666
2025,4,21,14,-6.27565
2025,4,21,15,-6.3455200000000005
2025,4,21,16,-6.241879999999999
2025,4,21,17,-4.056056666666667
2025,4,21,18,7.920956666666666
2025,4,21,19,37.21097
2025,4,21,20,47.95690333333334
2025,4,21,21,45.44148333333334
2025,4,21,22,40.57107333333334
2025,4,21,23,37.436013333333335
2025,4,21,24,36.27585666666667
2025,4,22,1,45.02769
2025,4,22,2,38.55973666666667
2025,4,22,3,38.23186666666667
2025,4,22,4,38.04546333333334
2025,4,22,5,38.73344333333333
2025,4,22,6,45.39117666666667
2025,4,22,7,48.29302333333334
2025,4,22,8,24.18104
2025,4,22,9,6.686716666666666
2025,4,22,10,-1.1487366666666663
2025,4,22,11,-4.60676
2025,4,22,12,-4.160773333333334
2025,4,22,13,-4.310813333333333
2025,4,22,14,-4.855276666666667
2025,4,22,15,-4.35007
2025,4,22,16,-3.933533333333333
2025,4,22,17,-1.8875066666666669
2025,4,22,18,9.067783333333333
2025,4,22,19,42.75439333333333
2025,4,22,20,49.30872
2025,4,22,21,46.17783333333333
2025,4,22,22,43.75319
2025,4,22,23,42.21237333333333
2025,4,22,24,40.96102
2025,4,23,1,43.63123
2025,4,23,2,42.08700666666667
2025,4,23,3,39.58271333333334
2025,4,23,4,39.26928333333333
2025,4,23,5,39.93947666666667
2025,4,23,6,45.48768333333334
2025,4,23,7,49.64304333333333
2025,4,23,8,26.608443333333337
2025,4,23,9,3.47182
2025,4,23,10,-2.6218566666666665
2025,4,23,11,-5.970156666666667
2025,4,23,12,-8.066363333333333
2025,4,23,13,-8.21192
2025,4,23,14,-8.76784
2025,4,23,15,-8.80624
2025,4,23,16,-7.48903
2025,4,23,17,-6.345413333333333
2025,4,23,18,1.7121100000000002
2025,4,23,19,41.30886666666667
2025,4,23,20,48.145203333333335
2025,4,23,21,48.32794666666667
2025,4,23,22,43.71445
2025,4,23,23,41.60948
2025,4,23,24,40.95810333333333
2025,4,24,1,38.35717
2025,4,24,2,37.76494666666667
2025,4,24,3,35.16697333333333
2025,4,24,4,35.08236333333333
2025,4,24,5,35.668726666666664
2025,4,24,6,40.85116
2025,4,24,7,45.75494333333333
2025,4,24,8,29.90755
2025,4,24,9,9.103596666666666
2025,4,24,10,2.355983333333334
2025,4,24,11,-1.86215
2025,4,24,12,-2.6579
2025,4,24,13,-3.1506899999999995
2025,4,24,14,-3.14687
2025,4,24,15,-2.74173
2025,4,24,16,-1.28263
2025,4,24,17,3.9110366666666665
2025,4,24,18,14.923613333333334
2025,4,24,19,42.1532
2025,4,24,20,44.94163
2025,4,24,21,44.83022666666667
2025,4,24,22,43.163356666666665
2025,4,24,23,41.097926666666666
2025,4,24,24,40.03876666666667
2025,4,25,1,36.26918666666666
2025,4,25,2,36.88588666666666
2025,4,25,3,34.27184333333333
2025,4,25,4,34.08132333333334
2025,4,25,5,34.14507
2025,4,25,6,37.09769
2025,4,25,7,42.26495666666667
2025,4,25,8,29.57901666666667
2025,4,25,9,11.589813333333334
2025,4,25,10,5.195533333333334
2025,4,25,11,-0.2899133333333332
2025,4,25,12,-1.6191666666666666
2025,4,25,13,-2.73776
2025,4,25,14,-3.7253966666666662
2025,4,25,15,-3.91041
2025,4,25,16,-3.135133333333333
2025,4,25,17,1.0697233333333334
2025,4,25,18,5.36325
2025,4,25,19,39.00064666666666
2025,4,25,20,41.80097333333333
2025,4,25,21,41.86040333333333
2025,4,25,22,40.57198666666667
2025,4,25,23,39.30157666666667
2025,4,25,24,38.50419333333333
2025,4,26,1,37.6663
2025,4,26,2,38.63351
2025,4,26,3,33.51905
2025,4,26,4,33.268746666666665
2025,4,26,5,33.373340000000006
2025,4,26,6,34.955263333333335
2025,4,26,7,40.75360333333333
2025,4,26,8,27.47946
2025,4,26,9,19.49383
2025,4,26,10,17.719306666666668
2025,4,26,11,16.197783333333334
2025,4,26,12,9.50444
2025,4,26,13,4.998103333333333
2025,4,26,14,3.9407
2025,4,26,15,2.96051
2025,4,26,16,7.051306666666666
2025,4,26,17,14.90602
2025,4,26,18,22.00692
2025,4,26,19,36.79118
2025,4,26,20,39.60249666666667
2025,4,26,21,39.4965
2025,4,26,22,38.539343333333335
2025,4,26,23,38.01333
2025,4,26,24,37.17168
2025,4,27,1,33.33077333333333
2025,4,27,2,33.19383666666666
2025,4,27,3,32.71356333333333
2025,4,27,4,32.945346666666666
2025,4,27,5,32.1989
2025,4,27,6,33.43842333333333
2025,4,27,7,31.055496666666667
2025,4,27,8,19.99625333333333
2025,4,27,9,11.694513333333331
2025,4,27,10,7.194243333333333
2025,4,27,11,6.947793333333333
2025,4,27,12,0.5017966666666668
2025,4,27,13,-3.597100000000001
2025,4,27,14,-4.113620000000001
2025,4,27,15,-4.78829
2025,4,27,16,-1.8616733333333333
2025,4,27,17,4.096756666666668
2025,4,27,18,10.86085
2025,4,27,19,29.99120333333333
2025,4,27,20,38.05857666666667
2025,4,27,21,40.70215
2025,4,27,22,37.32582333333334
2025,4,27,23,34.411343333333335
2025,4,27,24,34.09775
2025,4,28,1,30.279943333333332
2025,4,28,2,30.31586333333333
2025,4,28,3,30.36109666666667
2025,4,28,4,30.37308333333333
2025,4,28,5,34.88229333333334
2025,4,28,6,37.34619
2025,4,28,7,39.86182
2025,4,28,8,28.41508
2025,4,28,9,11.497066666666669
2025,4,28,10,4.133096666666667
2025,4,28,11,-0.9962233333333336
2025,4,28,12,-3.564023333333333
2025,4,28,13,-4.697026666666667
2025,4,28,14,-5.200253333333333
2025,4,28,15,-6.920216666666666
2025,4,28,16,-5.664296666666666
2025,4,28,17,-4.2754666666666665
2025,4,28,18,1.3407733333333332
2025,4,28,19,33.34264
2025,4,28,20,44.18732333333333
2025,4,28,21,42.48258333333334
2025,4,28,22,40.488636666666665
2025,4,28,23,39.41970333333333
2025,4,28,24,38.79909333333333
2025,4,29,1,42.3884
2025,4,29,2,40.0993
2025,4,29,3,38.15884333333333
2025,4,29,4,38.276923333333336
2025,4,29,5,40.999026666666666
2025,4,29,6,45.29018
2025,4,29,7,48.10154666666667
2025,4,29,8,24.88323
2025,4,29,9,8.092243333333334
2025,4,29,10,-0.12548
2025,4,29,11,-3.293263333333333
2025,4,29,12,-6.102363333333334
2025,4,29,13,-7.243079999999999
2025,4,29,14,-6.64752
2025,4,29,15,-6.21819
2025,4,29,16,-4.658506666666667
2025,4,29,17,-0.9389366666666668
2025,4,29,18,9.983093333333333
2025,4,29,19,37.15188333333333
2025,4,29,20,43.11511333333333
2025,4,29,21,43.245180000000005
2025,4,29,22,38.50829
2025,4,29,23,36.55517666666666
2025,4,29,24,35.552150000000005
2025,5,1,1,37.42642666666666
2025,5,1,2,32.987230000000004
2025,5,1,3,32.667413333333336
2025,5,1,4,32.75437
2025,5,1,5,33.11583666666667
2025,5,1,6,38.78427666666666
2025,5,1,7,39.71434666666666
2025,5,1,8,29.521330000000003
2025,5,1,9,12.47874
2025,5,1,10,7.077053333333335
2025,5,1,11,6.427700000000001
2025,5,1,12,6.26383
2025,5,1,13,5.750913333333333
2025,5,1,14,5.84612
2025,5,1,15,5.83562
2025,5,1,16,6.61151
2025,5,1,17,10.271656666666669
2025,5,1,18,24.388266666666667
2025,5,1,19,39.97233333333333
2025,5,1,20,44.71223333333333
2025,5,1,21,44.49355666666667
2025,5,1,22,41.28916
2025,5,1,23,39.170433333333335
2025,5,1,24,37.85154
2025,5,2,1,36.85679
2025,5,2,2,35.787636666666664
2025,5,2,3,32.46679
2025,5,2,4,32.07326
2025,5,2,5,32.071933333333334
2025,5,2,6,37.95512333333333
2025,5,2,7,39.07077666666667
2025,5,2,8,25.45951
2025,5,2,9,9.983960000000002
2025,5,2,10,3.7386866666666663
2025,5,2,11,0.3997833333333334
2025,5,2,12,0.2224966666666667
2025,5,2,13,-1.25854
2025,5,2,14,-1.8592566666666668
2025,5,2,15,-1.1857433333333334
2025,5,2,16,0.2928666666666666
2025,5,2,17,1.0798933333333334
2025,5,2,18,11.42058
2025,5,2,19,35.91802333333333
2025,5,2,20,38.78575333333333
2025,5,2,21,40.20274333333334
2025,5,2,22,37.52799666666667
2025,5,2,23,35.70928333333333
2025,5,2,24,34.60175666666667
2025,5,3,1,31.90346333333333
2025,5,3,2,32.386873333333334
2025,5,3,3,32.44356666666667
2025,5,3,4,31.170686666666665
2025,5,3,5,31.951476666666668
2025,5,3,6,34.389156666666665
2025,5,3,7,32.293483333333334
2025,5,3,8,21.75083
2025,5,3,9,11.026543333333334
2025,5,3,10,5.02568
2025,5,3,11,1.8603633333333327
2025,5,3,12,-2.4059833333333334
2025,5,3,13,-3.230863333333333
2025,5,3,14,-6.66322
2025,5,3,15,-6.77828
2025,5,3,16,-3.72578
2025,5,3,17,-0.9740133333333332
2025,5,3,18,8.900646666666667
2025,5,3,19,31.589046666666665
2025,5,3,20,36.70486
2025,5,3,21,37.15783
2025,5,3,22,35.27827666666666
2025,5,3,23,33.91405666666667
2025,5,3,24,32.65071
2025,5,4,1,30.350026666666665
2025,5,4,2,30.271676666666668
2025,5,4,3,29.880476666666667
2025,5,4,4,29.46965666666667
2025,5,4,5,29.31238
2025,5,4,6,30.570606666666663
2025,5,4,7,27.02013333333333
2025,5,4,8,15.061103333333334
2025,5,4,9,2.971343333333333
2025,5,4,10,-2.5273366666666663
2025,5,4,11,-6.453983333333333
2025,5,4,12,-6.8004500000000005
2025,5,4,13,-6.857756666666667
2025,5,4,14,-6.8250866666666665
2025,5,4,15,-6.895583333333334
2025,5,4,16,-6.511313333333334
2025,5,4,17,-1.0050233333333332
2025,5,4,18,10.576686666666667
2025,5,4,19,29.70783666666667
2025,5,4,20,35.91510333333333
2025,5,4,21,38.61852666666667
2025,5,4,22,35.68131
2025,5,4,23,34.773356666666665
2025,5,4,24,34.573566666666665
2025,5,5,1,33.45237
2025,5,5,2,33.06559666666667
2025,5,5,3,32.86817333333334
2025,5,5,4,32.642239999999994
2025,5,5,5,32.52668666666667
2025,5,5,6,39.16804333333334
2025,5,5,7,40.10038333333333
2025,5,5,8,37.86246666666667
2025,5,5,9,24.068246666666667
2025,5,5,10,16.15679666666667
2025,5,5,11,14.786846666666667
2025,5,5,12,14.45081
2025,5,5,13,13.679056666666668
2025,5,5,14,14.12466
2025,5,5,15,13.791
2025,5,5,16,15.693403333333334
2025,5,5,17,14.589043333333334
2025,5,5,18,26.64444333333333
2025,5,5,19,39.32959666666667
2025,5,5,20,43.79189333333333
2025,5,5,21,44.29752666666667
2025,5,5,22,42.42442333333333
2025,5,5,23,39.658006666666665
2025,5,5,24,38.62537
2025,5,6,1,40.49051
2025,5,6,2,38.09766333333334
2025,5,6,3,37.84511333333333
2025,5,6,4,37.750393333333335
2025,5,6,5,38.73249333333333
2025,5,6,6,45.44574
2025,5,6,7,44.441246666666665
2025,5,6,8,36.63525
2025,5,6,9,16.633163333333332
2025,5,6,10,7.456673333333334
2025,5,6,11,6.537536666666667
2025,5,6,12,6.730786666666667
2025,5,6,13,6.37537
2025,5,6,14,5.997826666666666
2025,5,6,15,6.323673333333333
2025,5,6,16,6.796433333333333
2025,5,6,17,7.783083333333334
2025,5,6,18,16.75182
2025,5,6,19,38.71116
2025,5,6,20,44.84651333333333
2025,5,6,21,46.176606666666665
2025,5,6,22,43.57683
2025,5,6,23,41.94280666666667
2025,5,6,24,41.10415
2025,5,7,1,41.33607666666666
2025,5,7,2,39.84465
2025,5,7,3,38.85570666666666
2025,5,7,4,38.829186666666665
2025,5,7,5,39.657826666666665
2025,5,7,6,44.55260666666667
2025,5,7,7,46.21277666666666
2025,5,7,8,37.99912666666666
2025,5,7,9,18.20079
2025,5,7,10,10.482266666666668
2025,5,7,11,7.258653333333334
2025,5,7,12,7.075013333333334
2025,5,7,13,6.415676666666667
2025,5,7,14,6.229843333333332
2025,5,7,15,5.960513333333334
2025,5,7,16,7.637923333333333
2025,5,7,17,8.601756666666667
2025,5,7,18,18.791406666666667
2025,5,7,19,39.98312666666666
2025,5,7,20,47.17854333333333
2025,5,7,21,49.776923333333336
2025,5,7,22,44.53915666666666
2025,5,7,23,40.71887666666667
2025,5,7,24,40.234280000000005
2025,5,8,1,41.92343333333333
2025,5,8,2,41.08667666666667
2025,5,8,3,40.37052
2025,5,8,4,40.34833
2025,5,8,5,40.903106666666666
2025,5,8,6,48.09037
2025,5,8,7,49.54373999999999
2025,5,8,8,30.431036666666667
2025,5,8,9,18.59911
2025,5,8,10,11.144896666666668
2025,5,8,11,11.620126666666666
2025,5,8,12,11.904036666666665
2025,5,8,13,10.82422
2025,5,8,14,11.247369999999998
2025,5,8,15,12.71735
2025,5,8,16,14.20906
2025,5,8,17,16.95813
2025,5,8,18,32.448926666666665
2025,5,8,19,51.42354
2025,5,8,20,63.23894666666666
2025,5,8,21,61.34677333333334
2025,5,8,22,52.56945
2025,5,8,23,48.792746666666666
2025,5,8,24,45.62933999999999
2025,5,9,1,57.18389
2025,5,9,2,52.88485666666667
2025,5,9,3,48.371183333333335
2025,5,9,4,46.93394333333333
2025,5,9,5,50.47152666666667
2025,5,9,6,54.71991666666667
2025,5,9,7,51.264970000000005
2025,5,9,8,28.13506333333333
2025,5,9,9,15.948953333333334
2025,5,9,10,14.6499
2025,5,9,11,15.971416666666668
2025,5,9,12,15.905373333333332
2025,5,9,13,15.388103333333332
2025,5,9,14,16.414183333333334
2025,5,9,15,16.645386666666667
2025,5,9,16,19.13666333333333
2025,5,9,17,28.90988
2025,5,9,18,42.83389
2025,5,9,19,63.75517333333334
2025,5,9,20,77.75900666666666
2025,5,9,21,69.04816666666666
2025,5,9,22,64.51580333333334
2025,5,9,23,60.749253333333336
2025,5,9,24,59.31837333333333
2025,5,10,1,50.180200000000006
2025,5,10,2,49.52263
2025,5,10,3,47.71679666666666
2025,5,10,4,45.85738666666666
2025,5,10,5,47.48529333333334
2025,5,10,6,49.45102333333333
2025,5,10,7,47.99366
2025,5,10,8,23.450253333333336
2025,5,10,9,15.144683333333331
2025,5,10,10,14.36558
2025,5,10,11,14.363456666666666
2025,5,10,12,15.578353333333334
2025,5,10,13,16.30394
2025,5,10,14,16.590410000000002
2025,5,10,15,17.098246666666668
2025,5,10,16,18.40726
2025,5,10,17,26.02967
2025,5,10,18,41.58841
2025,5,10,19,57.59082
2025,5,10,20,75.24774666666667
2025,5,10,21,68.30039333333333
2025,5,10,22,62.14988333333334
2025,5,10,23,55.68767
2025,5,10,24,50.022326666666665
2025,5,11,1,43.192193333333336
2025,5,11,2,40.72866
2025,5,11,3,39.089133333333336
2025,5,11,4,39.69821666666667
2025,5,11,5,38.18348666666667
2025,5,11,6,40.22983
2025,5,11,7,36.50700666666666
2025,5,11,8,16.426816666666667
2025,5,11,9,2.75428
2025,5,11,10,1.9130366666666667
2025,5,11,11,1.97522
2025,5,11,12,2.0757833333333333
2025,5,11,13,1.89937
2025,5,11,14,1.79496
2025,5,11,15,2.066463333333333
2025,5,11,16,4.341146666666667
2025,5,11,17,5.384953333333333
2025,5,11,18,21.25040333333333
2025,5,11,19,40.79728333333333
2025,5,11,20,54.64219
2025,5,11,21,55.74602000000001
2025,5,11,22,50.07907666666667
2025,5,11,23,42.28368666666666
2025,5,11,24,40.85678333333333
2025,5,12,1,41.94195333333334
2025,5,12,2,39.45235333333333
2025,5,12,3,36.69112666666667
2025,5,12,4,36.4437
2025,5,12,5,38.77034666666666
2025,5,12,6,42.50305
2025,5,12,7,43.54869
2025,5,12,8,28.59312333333333
2025,5,12,9,16.8281
2025,5,12,10,14.737033333333336
2025,5,12,11,12.598763333333332
2025,5,12,12,12.422573333333334
2025,5,12,13,12.498036666666666
2025,5,12,14,11.164243333333332
2025,5,12,15,12.510976666666666
2025,5,12,16,13.378913333333337
2025,5,12,17,13.7154
2025,5,12,18,25.46721666666667
2025,5,12,19,43.18561666666667
2025,5,12,20,47.943393333333326
2025,5,12,21,45.92418
2025,5,12,22,41.908993333333335
2025,5,12,23,44.23515
2025,5,12,24,43.59789
2025,5,13,1,31.94597333333333
2025,5,13,2,31.80315333333333
2025,5,13,3,33.52377
2025,5,13,4,32.49418
2025,5,13,5,35.33591666666667
2025,5,13,6,38.14985
2025,5,13,7,39.29585666666667
2025,5,13,8,23.903933333333335
2025,5,13,9,9.454933333333337
2025,5,13,10,6.8932633333333335
2025,5,13,11,2.9882600000000004
2025,5,13,12,1.3036933333333331
2025,5,13,13,-1.8943533333333331
2025,5,13,14,-0.9073466666666664
2025,5,13,15,-2.206
2025,5,13,16,-1.1320466666666664
2025,5,13,17,0.4351833333333335
2025,5,13,18,7.488566666666666
2025,5,13,19,27.505066666666664
2025,5,13,20,39.56495
2025,5,13,21,41.55881333333333
2025,5,13,22,38.09404666666666
2025,5,13,23,34.91937
2025,5,13,24,34.37116666666667
2025,5,14,1,31.35973333333333
2025,5,14,2,30.609146666666664
2025,5,14,3,27.84387666666667
2025,5,14,4,26.65343
2025,5,14,5,28.00784333333333
2025,5,14,6,32.29774333333334
2025,5,14,7,33.26283333333333
2025,5,14,8,10.34934
2025,5,14,9,0.5420366666666666
2025,5,14,10,-4.174483333333334
2025,5,14,11,-5.799943333333332
2025,5,14,12,-6.376116666666667
2025,5,14,13,-7.811673333333334
2025,5,14,14,-6.923346666666667
2025,5,14,15,-6.605573333333333
2025,5,14,16,-6.3969933333333335
2025,5,14,17,-5.50392
2025,5,14,18,0.5052566666666668
2025,5,14,19,23.164526666666664
2025,5,14,20,39.35893
2025,5,14,21,43.57135666666667
2025,5,14,22,38.49355333333333
2025,5,14,23,37.40279
2025,5,14,24,36.76901333333333
2025,5,15,1,39.833376666666666
2025,5,15,2,38.33790666666667
2025,5,15,3,36.99047
2025,5,15,4,36.97087666666667
2025,5,15,5,37.602833333333336
2025,5,15,6,43.36061333333333
2025,5,15,7,44.40765
2025,5,15,8,20.71465
2025,5,15,9,9.76952
2025,5,15,10,3.20774
2025,5,15,11,-1.3393499999999998
2025,5,15,12,0.3225033333333334
2025,5,15,13,-3.933683333333333
2025,5,15,14,0.25995
2025,5,15,15,0.4680666666666667
2025,5,15,16,-1.7302866666666663
2025,5,15,17,1.946346666666667
2025,5,15,18,8.97069
2025,5,15,19,33.26460333333333
2025,5,15,20,41.69510666666667
2025,5,15,21,43.56739
2025,5,15,22,39.43088333333333
2025,5,15,23,36.85684666666666
2025,5,15,24,35.82233
2025,5,16,1,34.654696666666666
2025,5,16,2,34.83563
2025,5,16,3,33.95365
2025,5,16,4,32.418146666666665
2025,5,16,5,34.12141666666667
2025,5,16,6,35.47176
2025,5,16,7,37.22194666666667
2025,5,16,8,24.99440333333333
2025,5,16,9,13.70599
2025,5,16,10,11.416353333333332
2025,5,16,11,7.746166666666666
2025,5,16,12,9.065993333333331
2025,5,16,13,8.522563333333332
2025,5,16,14,8.651766666666665
2025,5,16,15,10.067066666666667
2025,5,16,16,10.112863333333332
2025,5,16,17,12.380453333333335
2025,5,16,18,20.23074
2025,5,16,19,33.664453333333334
2025,5,16,20,36.77152666666667
2025,5,16,21,39.65587666666666
2025,5,16,22,37.72842333333333
2025,5,16,23,33.44039
2025,5,16,24,32.64894666666667
2025,5,17,1,30.805876666666663
2025,5,17,2,29.94083333333333
2025,5,17,3,26.82984666666667
2025,5,17,4,26.438076666666664
2025,5,17,5,25.741803333333333
2025,5,17,6,29.09603333333333
2025,5,17,7,28.874616666666668
2025,5,17,8,9.668756666666663
2025,5,17,9,9.712866666666669
2025,5,17,10,6.654889999999999
2025,5,17,11,2.1924466666666667
2025,5,17,12,-4.319030000000001
2025,5,17,13,-5.48159
2025,5,17,14,-6.35739
2025,5,17,15,-8.171750000000001
2025,5,17,16,-7.784796666666668
2025,5,17,17,-5.688316666666666
2025,5,17,18,1.0801733333333334
2025,5,17,19,16.051170000000003
2025,5,17,20,26.937953333333336
2025,5,17,21,29.97653
2025,5,17,22,29.576543333333333
2025,5,17,23,24.608526666666663
2025,5,17,24,24.265690000000003
2025,5,18,1,22.97447333333333
2025,5,18,2,23.068686666666668
2025,5,18,3,23.05132
2025,5,18,4,22.9028
2025,5,18,5,23.069523333333336
2025,5,18,6,23.256816666666666
2025,5,18,7,14.889756666666663
2025,5,18,8,-4.07312
2025,5,18,9,-12.14587
2025,5,18,10,-18.22229
2025,5,18,11,-25.358833333333333
2025,5,18,12,-25.39784333333333
2025,5,18,13,-25.545936666666663
2025,5,18,14,-25.83959333333333
2025,5,18,15,-25.01931666666667
2025,5,18,16,-25.39017
2025,5,18,17,-17.562073333333334
2025,5,18,18,-9.74553
2025,5,18,19,10.323383333333334
2025,5,18,20,26.608426666666663
2025,5,18,21,28.65019666666667
2025,5,18,22,28.714423333333333
2025,5,18,23,25.203526666666665
2025,5,18,24,25.382566666666666
2025,5,19,1,25.049153333333333
2025,5,19,2,23.55738333333333
2025,5,19,3,23.51758666666667
2025,5,19,4,23.414133333333336
2025,5,19,5,24.842356666666664
2025,5,19,6,28.258416666666665
2025,5,19,7,27.88626333333333
2025,5,19,8,5.696180000000001
2025,5,19,9,-0.8372633333333334
2025,5,19,10,-3.3606899999999995
2025,5,19,11,-4.592153333333333
2025,5,19,12,-4.864403333333334
2025,5,19,13,-5.13089
2025,5,19,14,-6.189429999999999
2025,5,19,15,-5.165346666666667
2025,5,19,16,-3.866793333333333
2025,5,19,17,-3.1114999999999995
2025,5,19,18,2.1953733333333334
2025,5,19,19,28.515320000000003
2025,5,19,20,34.15333666666667
2025,5,19,21,36.28252666666666
2025,5,19,22,33.79262
2025,5,19,23,33.63997333333333
2025,5,19,24,33.16536333333334
2025,5,20,1,28.78571666666667
2025,5,20,2,27.10503
2025,5,20,3,25.958226666666665
2025,5,20,4,25.938866666666662
2025,5,20,5,28.37307
2025,5,20,6,30.285443333333333
2025,5,20,7,27.584186666666668
2025,5,20,8,11.631166666666669
2025,5,20,9,2.407026666666667
2025,5,20,10,-1.16826
2025,5,20,11,-2.16245
2025,5,20,12,-2.2102133333333334
2025,5,20,13,-2.3018466666666666
2025,5,20,14,-1.06892
2025,5,20,15,-0.6240000000000001
2025,5,20,16,1.0458933333333331
2025,5,20,17,4.436646666666667
2025,5,20,18,15.5407
2025,5,20,19,34.50859666666667
2025,5,20,20,46.47167
2025,5,20,21,46.93739333333334
2025,5,20,22,43.35904666666666
2025,5,20,23,34.83197666666667
2025,5,20,24,33.97699666666667
2025,5,21,1,43.8613
2025,5,21,2,41.37544333333333
2025,5,21,3,38.791583333333335
2025,5,21,4,38.29215333333334
2025,5,21,5,41.02846333333333
2025,5,21,6,42.97349666666667
2025,5,21,7,37.44615666666667
2025,5,21,8,17.939743333333336
2025,5,21,9,8.528366666666667
2025,5,21,10,5.361333333333334
2025,5,21,11,6.8725266666666665
2025,5,21,12,6.396186666666666
2025,5,21,13,6.38458
2025,5,21,14,7.19099
2025,5,21,15,8.194423333333335
2025,5,21,16,9.680556666666666
2025,5,21,17,15.45286
2025,5,21,18,27.10674
2025,5,21,19,44.93223333333333
2025,5,21,20,57.36621666666667
2025,5,21,21,56.34120333333333
2025,5,21,22,51.42663666666667
2025,5,21,23,42.146683333333335
2025,5,21,24,39.90106
2025,5,22,1,37.16966333333333
2025,5,22,2,33.89539666666666
2025,5,22,3,33.13932
2025,5,22,4,32.58963333333333
2025,5,22,5,33.2055
2025,5,22,6,36.62182666666666
2025,5,22,7,34.37370333333333
2025,5,22,8,16.294436666666666
2025,5,22,9,2.777623333333333
2025,5,22,10,1.0555966666666663
2025,5,22,11,-0.4673666666666666
2025,5,22,12,-1.25248
2025,5,22,13,-0.294596666666667
2025,5,22,14,-0.8619633333333332
2025,5,22,15,-0.4703133333333333
2025,5,22,16,0.4045366666666664
2025,5,22,17,6.133886666666666
2025,5,22,18,22.02929
2025,5,22,19,37.80872
2025,5,22,20,44.70196666666666
2025,5,22,21,45.73468333333333
2025,5,22,22,42.38602666666667
2025,5,22,23,37.94585
2025,5,22,24,36.38097666666667
2025,5,23,1,31.377823333333332
2025,5,23,2,29.50454
2025,5,23,3,30.15917333333333
2025,5,23,4,29.41137
2025,5,23,5,30.20286
2025,5,23,6,31.35916333333334
2025,5,23,7,30.567063333333333
2025,5,23,8,14.193983333333334
2025,5,23,9,1.197713333333333
2025,5,23,10,-0.0361799999999998
2025,5,23,11,-1.2538366666666667
2025,5,23,12,-2.2838066666666665
2025,5,23,13,-3.742786666666666
2025,5,23,14,-3.585546666666667
2025,5,23,15,-2.3285966666666664
2025,5,23,16,-2.103153333333333
2025,5,23,17,-0.4931433333333335
2025,5,23,18,10.97469
2025,5,23,19,34.102133333333335
2025,5,23,20,39.163516666666666
2025,5,23,21,41.86602
2025,5,23,22,40.38859
2025,5,23,23,37.54967
2025,5,23,24,36.73329
2025,5,24,1,33.63794
2025,5,24,2,30.95727666666667
2025,5,24,3,28.15032666666667
2025,5,24,4,27.58193
2025,5,24,5,27.47652
2025,5,24,6,28.637696666666667
2025,5,24,7,23.64604
2025,5,24,8,1.13889
2025,5,24,9,-7.439573333333333
2025,5,24,10,-9.364346666666668
2025,5,24,11,-11.924563333333332
2025,5,24,12,-11.836463333333333
2025,5,24,13,-10.89521
2025,5,24,14,-11.464383333333332
2025,5,24,15,-10.326036666666669
2025,5,24,16,-8.269803333333334
2025,5,24,17,-6.5506633333333335
2025,5,24,18,-4.15594
2025,5,24,19,21.58312
2025,5,24,20,31.860806666666665
2025,5,24,21,32.66608
2025,5,24,22,31.59088333333333
2025,5,24,23,30.668603333333333
2025,5,24,24,30.39001
2025,5,25,1,34.96338666666667
2025,5,25,2,34.48101
2025,5,25,3,30.80287333333333
2025,5,25,4,29.86289333333333
2025,5,25,5,29.72957
2025,5,25,6,30.061926666666665
2025,5,25,7,20.199896666666667
2025,5,25,8,-2.22332
2025,5,25,9,-9.70085
2025,5,25,10,-11.61697
2025,5,25,11,-12.5164
2025,5,25,12,-12.50181
2025,5,25,13,-13.30494
2025,5,25,14,-13.245913333333334
2025,5,25,15,-12.814026666666669
2025,5,25,16,-11.686186666666666
2025,5,25,17,-10.48737
2025,5,25,18,-1.09427
2025,5,25,19,19.11258666666667
2025,5,25,20,28.76085
2025,5,25,21,30.1836
2025,5,25,22,28.44663
2025,5,25,23,27.79059666666667
2025,5,25,24,27.83691
2025,5,26,1,31.33588333333333
2025,5,26,2,28.620183333333333
2025,5,26,3,27.544073333333333
2025,5,26,4,26.313713333333336
2025,5,26,5,26.84304
2025,5,26,6,25.69585333333333
2025,5,26,7,18.601316666666666
2025,5,26,8,-0.4411666666666665
2025,5,26,9,-8.028773333333334
2025,5,26,10,-13.214816666666666
2025,5,26,11,-12.006583333333332
2025,5,26,12,-12.073163333333332
2025,5,26,13,-12.260486666666669
2025,5,26,14,-12.38321
2025,5,26,15,-12.363500000000002
2025,5,26,16,-10.0782
2025,5,26,17,-7.985493333333333
2025,5,26,18,-0.0518499999999999
2025,5,26,19,25.735613333333333
2025,5,26,20,34.11434666666667
2025,5,26,21,36.68681
2025,5,26,22,34.13692333333333
2025,5,26,23,33.00911333333333
2025,5,26,24,32.253303333333335
2025,5,27,1,35.47863666666667
2025,5,27,2,35.236673333333336
2025,5,27,3,33.723506666666665
2025,5,27,4,33.47774666666667
2025,5,27,5,35.27930333333334
2025,5,27,6,37.20798
2025,5,27,7,36.45581666666667
2025,5,27,8,21.158106666666665
2025,5,27,9,4.4730333333333325
2025,5,27,10,3.085970000000001
2025,5,27,11,3.031563333333333
2025,5,27,12,3.8685266666666656
2025,5,27,13,2.030623333333333
2025,5,27,14,2.444173333333333
2025,5,27,15,3.732646666666666
2025,5,27,16,5.486016666666667
2025,5,27,17,7.518843333333334
2025,5,27,18,20.402006666666665
2025,5,27,19,40.33765333333333
2025,5,27,20,50.18624
2025,5,27,21,50.70412
2025,5,27,22,45.85486333333333
2025,5,27,23,38.83452666666667
2025,5,27,24,38.02705
2025,5,28,1,42.70987666666667
2025,5,28,2,42.19601
2025,5,28,3,41.16948
2025,5,28,4,39.22702666666667
2025,5,28,5,42.082346666666666
2025,5,28,6,43.15884666666667
2025,5,28,7,45.27200666666666
2025,5,28,8,25.934583333333336
2025,5,28,9,15.007373333333334
2025,5,28,10,14.66683
2025,5,28,11,14.67265
2025,5,28,12,13.70443
2025,5,28,13,13.342476666666665
2025,5,28,14,13.60753
2025,5,28,15,15.23434
2025,5,28,16,17.17047666666667
2025,5,28,17,21.879303333333336
2025,5,28,18,30.568506666666668
2025,5,28,19,42.87821
2025,5,28,20,49.38001
2025,5,28,21,49.75929
2025,5,28,22,44.01687666666667
2025,5,28,23,36.681513333333335
2025,5,28,24,36.86341
2025,5,29,1,35.594950000000004
2025,5,29,2,35.95966666666667
2025,5,29,3,34.35298666666667
2025,5,29,4,34.30003666666667
2025,5,29,5,36.1139
2025,5,29,6,38.54599
2025,5,29,7,37.15034333333333
2025,5,29,8,24.38808333333333
2025,5,29,9,15.004903333333331
2025,5,29,10,14.928536666666668
2025,5,29,11,14.87103
2025,5,29,12,14.129106666666669
2025,5,29,13,13.442163333333331
2025,5,29,14,14.197243333333333
2025,5,29,15,14.202153333333332
2025,5,29,16,19.04268
2025,5,29,17,19.466026666666668
2025,5,29,18,31.683426666666666
2025,5,29,19,46.38714333333333
2025,5,29,20,55.881910000000005
2025,5,29,21,57.47027666666667
2025,5,29,22,51.67903999999999
2025,5,29,23,45.92264333333333
2025,5,29,24,44.5025
2025,5,30,1,46.95089
2025,5,30,2,43.62114333333333
2025,5,30,3,43.61243
2025,5,30,4,45.53158666666667
2025,5,30,5,47.64973
2025,5,30,6,51.95483
2025,5,30,7,42.23331666666667
2025,5,30,8,28.649420000000003
2025,5,30,9,20.63304
2025,5,30,10,20.591976666666667
2025,5,30,11,21.51802
2025,5,30,12,20.98027666666667
2025,5,30,13,21.15508
2025,5,30,14,20.75727
2025,5,30,15,20.37923
2025,5,30,16,25.66389666666667
2025,5,30,17,29.88346
2025,5,30,18,43.83217
2025,5,30,19,61.13034666666667
2025,5,30,20,78.72986666666667
2025,5,30,21,80.95656666666666
2025,5,30,22,67.31349
2025,5,30,23,59.51691
2025,5,30,24,55.70885666666667
2025,6,1,1,36.04199333333333
2025,6,1,2,35.78361666666667
2025,6,1,3,35.23504333333333
2025,6,1,4,35.332406666666664
2025,6,1,5,33.075536666666665
2025,6,1,6,31.76827666666667
2025,6,1,7,31.16744333333333
2025,6,1,8,24.8014
2025,6,1,9,24.03104
2025,6,1,10,23.49018333333333
2025,6,1,11,23.68165
2025,6,1,12,23.10445
2025,6,1,13,24.34645
2025,6,1,14,24.100386666666665
2025,6,1,15,24.384906666666662
2025,6,1,16,27.118143333333336
2025,6,1,17,30.97967333333333
2025,6,1,18,37.237876666666665
2025,6,1,19,43.88621666666666
2025,6,1,20,45.54365666666666
2025,6,1,21,45.44108666666667
2025,6,1,22,44.20817333333333
2025,6,1,23,42.03749666666667
2025,6,1,24,41.2023
2025,6,2,1,35.84534
2025,6,2,2,38.575046666666665
2025,6,2,3,34.995223333333335
2025,6,2,4,34.71347333333333
2025,6,2,5,38.66261666666667
2025,6,2,6,39.06803
2025,6,2,7,39.981073333333335
2025,6,2,8,20.41809333333333
2025,6,2,9,12.43044
2025,6,2,10,8.331253333333333
2025,6,2,11,9.155646666666668
2025,6,2,12,7.241786666666667
2025,6,2,13,6.029946666666667
2025,6,2,14,6.86878
2025,6,2,15,7.52438
2025,6,2,16,10.50329
2025,6,2,17,11.754893333333332
2025,6,2,18,22.64824
2025,6,2,19,38.71034
2025,6,2,20,49.30828333333333
2025,6,2,21,51.152103333333336
2025,6,2,22,44.82714000000001
2025,6,2,23,37.30442
2025,6,2,24,36.33000666666666
2025,6,3,1,38.89864333333333
2025,6,3,2,38.866036666666666
2025,6,3,3,38.10288333333333
2025,6,3,4,34.96241666666666
2025,6,3,5,38.18744333333333
2025,6,3,6,39.02378333333333
2025,6,3,7,40.838456666666666
2025,6,3,8,21.75857
2025,6,3,9,18.531756666666663
2025,6,3,10,17.17012
2025,6,3,11,16.670193333333334
2025,6,3,12,15.03331
2025,6,3,13,15.65076
2025,6,3,14,16.301286666666666
2025,6,3,15,16.32883
2025,6,3,16,17.76814333333333
2025,6,3,17,22.54937
2025,6,3,18,28.918243333333333
2025,6,3,19,41.63263333333333
2025,6,3,20,51.57901999999999
2025,6,3,21,50.57581666666667
2025,6,3,22,46.15878333333333
2025,6,3,23,40.25881
2025,6,3,24,39.75142666666667
2025,6,4,1,35.810669999999995
2025,6,4,2,36.106476666666666
2025,6,4,3,33.86311333333333
2025,6,4,4,33.21707333333333
2025,6,4,5,33.75179
2025,6,4,6,36.62991333333333
2025,6,4,7,37.30367666666667
2025,6,4,8,23.234826666666667
2025,6,4,9,17.368416666666665
2025,6,4,10,13.80998
2025,6,4,11,13.948106666666668
2025,6,4,12,13.30361
2025,6,4,13,13.392826666666666
2025,6,4,14,12.075103333333333
2025,6,4,15,12.148953333333331
2025,6,4,16,13.79256
2025,6,4,17,16.072216666666666
2025,6,4,18,21.56687666666667
2025,6,4,19,38.66599333333333
2025,6,4,20,48.97725333333333
2025,6,4,21,49.65059666666667
2025,6,4,22,44.84722666666666
2025,6,4,23,39.96194333333333
2025,6,4,24,39.09151666666667
2025,6,5,1,42.603503333333336
2025,6,5,2,40.97781
2025,6,5,3,37.639606666666666
2025,6,5,4,37.55324333333333
2025,6,5,5,42.28264
2025,6,5,6,42.87012333333333
2025,6,5,7,42.5296
2025,6,5,8,25.75388333333333
2025,6,5,9,19.377506666666665
2025,6,5,10,18.526916666666665
2025,6,5,11,18.161136666666668
2025,6,5,12,17.561436666666665
2025,6,5,13,17.98897
2025,6,5,14,17.715756666666667
2025,6,5,15,18.412713333333333
2025,6,5,16,19.273086666666668
2025,6,5,17,21.02386
2025,6,5,18,31.28852
2025,6,5,19,42.99171666666666
2025,6,5,20,51.63812333333334
2025,6,5,21,53.14323666666667
2025,6,5,22,48.90998
2025,6,5,23,43.19804
2025,6,5,24,43.064150000000005
2025,6,6,1,36.57949666666666
2025,6,6,2,36.327556666666666
2025,6,6,3,35.674823333333336
2025,6,6,4,35.331293333333335
2025,6,6,5,35.9852
2025,6,6,6,37.20318666666667
2025,6,6,7,37.87320666666667
2025,6,6,8,23.583946666666662
2025,6,6,9,18.71439666666667
2025,6,6,10,15.943163333333333
2025,6,6,11,17.281436666666668
2025,6,6,12,16.941603333333333
2025,6,6,13,16.158
2025,6,6,14,14.98045
2025,6,6,15,17.485303333333334
2025,6,6,16,17.861476666666665
2025,6,6,17,22.57921
2025,6,6,18,30.78691
2025,6,6,19,40.60764666666667
2025,6,6,20,48.51817666666667
2025,6,6,21,49.54441666666667
2025,6,6,22,44.97848333333334
2025,6,6,23,40.23106666666667
2025,6,6,24,39.718736666666665
2025,6,7,1,36.111313333333335
2025,6,7,2,35.352030000000006
2025,6,7,3,34.931090000000005
2025,6,7,4,34.86504
2025,6,7,5,36.50637
2025,6,7,6,36.476
2025,6,7,7,32.01799333333333
2025,6,7,8,9.866796666666668
2025,6,7,9,6.25562
2025,6,7,10,5.432063333333333
2025,6,7,11,5.527756666666666
2025,6,7,12,3.904393333333333
2025,6,7,13,5.08869
2025,6,7,14,4.3084766666666665
2025,6,7,15,4.4565866666666665
2025,6,7,16,6.322536666666667
2025,6,7,17,10.79954
2025,6,7,18,23.440886666666668
2025,6,7,19,39.70405333333333
2025,6,7,20,48.43735333333333
2025,6,7,21,49.54258333333333
2025,6,7,22,45.21445333333333
2025,6,7,23,39.24259333333333
2025,6,7,24,38.91586
2025,6,8,1,40.000490000000006
2025,6,8,2,39.62543333333333
2025,6,8,3,38.63305333333333
2025,6,8,4,37.52106666666666
2025,6,8,5,37.205353333333335
2025,6,8,6,37.03019333333334
2025,6,8,7,27.29737666666667
2025,6,8,8,4.124106666666667
2025,6,8,9,-0.0704833333333333
2025,6,8,10,-0.8456099999999994
2025,6,8,11,1.9657200000000004
2025,6,8,12,3.3830333333333336
2025,6,8,13,2.3854900000000003
2025,6,8,14,5.2536
2025,6,8,15,4.831226666666666
2025,6,8,16,9.660256666666667
2025,6,8,17,14.230993333333332
2025,6,8,18,28.453993333333333
2025,6,8,19,43.303083333333326
2025,6,8,20,49.61499
2025,6,8,21,48.90821666666667
2025,6,8,22,45.48773666666667
2025,6,8,23,43.032086666666665
2025,6,8,24,42.23590666666667
2025,6,9,1,39.35115666666667
2025,6,9,2,38.3291
2025,6,9,3,39.13095666666667
2025,6,9,4,38.52313333333333
2025,6,9,5,39.46397
2025,6,9,6,39.55622333333333
2025,6,9,7,38.23287666666667
2025,6,9,8,25.511726666666664
2025,6,9,9,21.622536666666665
2025,6,9,10,20.743983333333333
2025,6,9,11,20.70913
2025,6,9,12,20.01207
2025,6,9,13,19.708536666666667
2025,6,9,14,21.23137
2025,6,9,15,20.995066666666663
2025,6,9,16,22.841943333333333
2025,6,9,17,27.04349
2025,6,9,18,36.12089666666667
2025,6,9,19,48.681450000000005
2025,6,9,20,60.420723333333335
2025,6,9,21,60.94527
2025,6,9,22,52.50688333333333
2025,6,9,23,47.0725
2025,6,9,24,42.32338333333333
2025,6,10,1,36.61254333333333
2025,6,10,2,35.381773333333335
2025,6,10,3,33.84995
2025,6,10,4,33.46140333333333
2025,6,10,5,34.74459
2025,6,10,6,38.77359
2025,6,10,7,39.57120333333334
2025,6,10,8,25.640996666666663
2025,6,10,9,20.689453333333333
2025,6,10,10,20.564286666666664
2025,6,10,11,20.436986666666662
2025,6,10,12,20.37068
2025,6,10,13,19.68381666666667
2025,6,10,14,19.36346
2025,6,10,15,19.622086666666664
2025,6,10,16,23.600466666666662
2025,6,10,17,27.05178
2025,6,10,18,37.47186333333334
2025,6,10,19,47.066813333333336
2025,6,10,20,59.59415333333334
2025,6,10,21,59.84323666666666
2025,6,10,22,50.031043333333336
2025,6,10,23,42.87597
2025,6,10,24,39.50429333333333
2025,6,11,1,35.05535333333333
2025,6,11,2,36.47473
2025,6,11,3,36.28611333333333
2025,6,11,4,36.13458666666667
2025,6,11,5,37.13223666666666
2025,6,11,6,38.21774333333334
2025,6,11,7,36.62237
2025,6,11,8,18.47181
2025,6,11,9,12.5848
2025,6,11,10,11.325256666666668
2025,6,11,11,11.788173333333331
2025,6,11,12,11.334353333333334
2025,6,11,13,10.73804
2025,6,11,14,10.004973333333334
2025,6,11,15,10.155733333333332
2025,6,11,16,12.26941
2025,6,11,17,16.470603333333333
2025,6,11,18,27.544606666666667
2025,6,11,19,38.88531666666666
2025,6,11,20,52.33934666666666
2025,6,11,21,55.64661
2025,6,11,22,47.88239333333333
2025,6,11,23,38.78985333333333
2025,6,11,24,38.35477333333333
2025,6,12,1,36.72415
2025,6,12,2,35.35850666666667
2025,6,12,3,33.90983333333333
2025,6,12,4,32.24665666666667
2025,6,12,5,33.65756
2025,6,12,6,34.516423333333336
2025,6,12,7,30.90276
2025,6,12,8,13.027943333333331
2025,6,12,9,4.406743333333334
2025,6,12,10,4.44416
2025,6,12,11,4.008356666666667
2025,6,12,12,3.767533333333333
2025,6,12,13,3.27711
2025,6,12,14,4.528383333333333
2025,6,12,15,4.441490000000001
2025,6,12,16,6.568683333333333
2025,6,12,17,10.41611
2025,6,12,18,25.42823333333333
2025,6,12,19,37.47599
2025,6,12,20,47.51764666666667
2025,6,12,21,48.610256666666665
2025,6,12,22,44.13744666666667
2025,6,12,23,38.20329
2025,6,12,24,38.01662
2025,6,13,1,34.69737666666666
2025,6,13,2,34.66610666666667
2025,6,13,3,33.359433333333335
2025,6,13,4,33.2897
2025,6,13,5,34.091973333333335
2025,6,13,6,35.22417666666667
2025,6,13,7,34.07823
2025,6,13,8,12.174549999999998
2025,6,13,9,6.154053333333334
2025,6,13,10,4.985496666666666
2025,6,13,11,6.184003333333333
2025,6,13,12,6.341693333333333
2025,6,13,13,6.45827
2025,6,13,14,6.193073333333333
2025,6,13,15,6.069933333333332
2025,6,13,16,6.694590000000001
2025,6,13,17,7.48116
2025,6,13,18,18.78483333333333
2025,6,13,19,35.31989333333333
2025,6,13,20,40.78564333333333
2025,6,13,21,41.92832
2025,6,13,22,40.22475666666667
2025,6,13,23,38.78026
2025,6,13,24,38.35655333333333
2025,6,14,1,33.20975666666667
2025,6,14,2,32.62642666666667
2025,6,14,3,30.47658
2025,6,14,4,29.750876666666667
2025,6,14,5,30.06723
2025,6,14,6,29.98341333333333
2025,6,14,7,23.109896666666668
2025,6,14,8,3.675886666666667
2025,6,14,9,0.2254166666666671
2025,6,14,10,-0.1842533333333333
2025,6,14,11,-1.2789066666666666
2025,6,14,12,-1.21281
2025,6,14,13,-1.5563899999999995
2025,6,14,14,-1.2022733333333335
2025,6,14,15,-1.4470866666666666
2025,6,14,16,-0.2354966666666668
2025,6,14,17,1.3051133333333336
2025,6,14,18,16.172786666666667
2025,6,14,19,35.476236666666665
2025,6,14,20,43.12468333333334
2025,6,14,21,46.69608
2025,6,14,22,40.30636333333333
2025,6,14,23,36.34512333333333
2025,6,14,24,35.700226666666666
2025,6,15,1,34.118
2025,6,15,2,33.95070666666667
2025,6,15,3,30.600233333333332
2025,6,15,4,29.408816666666667
2025,6,15,5,30.66722333333333
2025,6,15,6,30.42667333333333
2025,6,15,7,21.11674
2025,6,15,8,3.1403133333333337
2025,6,15,9,-2.4636766666666667
2025,6,15,10,-1.835686666666667
2025,6,15,11,1.7258433333333336
2025,6,15,12,0.2780633333333335
2025,6,15,13,0.2169299999999996
2025,6,15,14,3.314303333333333
2025,6,15,15,3.520106666666667
2025,6,15,16,6.060783333333333
2025,6,15,17,13.45458
2025,6,15,18,27.69487
2025,6,15,19,38.23500666666666
2025,6,15,20,47.764453333333336
2025,6,15,21,49.84448333333333
2025,6,15,22,45.2997
2025,6,15,23,38.02982
2025,6,15,24,36.83099666666667
2025,6,16,1,34.83370333333333
2025,6,16,2,33.04934
2025,6,16,3,31.828726666666668
2025,6,16,4,30.58124666666667
2025,6,16,5,31.64497666666667
2025,6,16,6,33.231426666666664
2025,6,16,7,30.53981333333333
2025,6,16,8,16.8082
2025,6,16,9,8.039336666666665
2025,6,16,10,7.978236666666667
2025,6,16,11,9.761866666666668
2025,6,16,12,10.09566
2025,6,16,13,9.83088
2025,6,16,14,10.171876666666668
2025,6,16,15,10.438026666666666
2025,6,16,16,15.913899999999998
2025,6,16,17,19.50212
2025,6,16,18,29.69944333333333
2025,6,16,19,39.155946666666665
2025,6,16,20,49.61506
2025,6,16,21,54.2803
2025,6,16,22,47.49768333333333
2025,6,16,23,40.26324333333333
2025,6,16,24,39.694253333333336
2025,6,17,1,36.49296
2025,6,17,2,35.11327333333333
2025,6,17,3,30.53691333333333
2025,6,17,4,29.102496666666667
2025,6,17,5,30.87999333333333
2025,6,17,6,33.72392
2025,6,17,7,31.252746666666667
2025,6,17,8,15.911256666666668
2025,6,17,9,12.29869
2025,6,17,10,12.66765
2025,6,17,11,14.639740000000002
2025,6,17,12,14.982126666666666
2025,6,17,13,14.87287
2025,6,17,14,15.3015
2025,6,17,15,15.23319
2025,6,17,16,18.82220333333333
2025,6,17,17,22.79458
2025,6,17,18,30.790006666666667
2025,6,17,19,40.946783333333336
2025,6,17,20,55.114830000000005
2025,6,17,21,56.82199666666667
2025,6,17,22,46.75242
2025,6,17,23,40.137123333333335
2025,6,17,24,38.52704333333333
2025,6,18,1,39.84484333333333
2025,6,18,2,37.90967
2025,6,18,3,34.779716666666666
2025,6,18,4,34.47164
2025,6,18,5,35.41310333333333
2025,6,18,6,38.57249333333333
2025,6,18,7,32.79083
2025,6,18,8,21.313323333333333
2025,6,18,9,17.45907
2025,6,18,10,18.82557333333333
2025,6,18,11,20.035336666666662
2025,6,18,12,20.49257
2025,6,18,13,20.385756666666666
2025,6,18,14,20.558743333333336
2025,6,18,15,22.311373333333336
2025,6,18,16,25.92779
2025,6,18,17,32.15208333333333
2025,6,18,18,39.86066
2025,6,18,19,46.70565
2025,6,18,20,61.14661666666667
2025,6,18,21,58.76743
2025,6,18,22,50.02268333333333
2025,6,18,23,42.13026333333334
2025,6,18,24,39.32304333333334
2025,6,19,1,40.39620333333333
2025,6,19,2,39.87385
2025,6,19,3,36.521946666666665
2025,6,19,4,34.88592
2025,6,19,5,36.00240333333333
2025,6,19,6,38.48308333333333
2025,6,19,7,34.489736666666666
2025,6,19,8,20.89719
2025,6,19,9,18.40973333333333
2025,6,19,10,18.532146666666662
2025,6,19,11,18.849923333333333
2025,6,19,12,17.62695666666667
2025,6,19,13,18.125296666666667
2025,6,19,14,19.651556666666664
2025,6,19,15,19.017333333333333
2025,6,19,16,20.853003333333334
2025,6,19,17,24.954746666666665
2025,6,19,18,32.1585
2025,6,19,19,40.98136
2025,6,19,20,54.90579666666667
2025,6,19,21,52.81969333333333
2025,6,19,22,45.55847666666667
2025,6,19,23,39.027836666666666
2025,6,19,24,37.99645666666667
2025,6,20,1,33.39850666666667
2025,6,20,2,32.99307
2025,6,20,3,33.601760000000006
2025,6,20,4,32.737793333333336
2025,6,20,5,33.65999333333333
2025,6,20,6,34.08960666666667
2025,6,20,7,32.756706666666666
2025,6,20,8,7.334556666666667
2025,6,20,9,5.237216666666668
2025,6,20,10,3.40794
2025,6,20,11,1.90255
2025,6,20,12,-0.2465233333333329
2025,6,20,13,0.8951066666666664
2025,6,20,14,1.9514866666666664
2025,6,20,15,2.195516666666667
2025,6,20,16,3.13649
2025,6,20,17,6.878563333333333
2025,6,20,18,14.674056666666669
2025,6,20,19,32.38498
2025,6,20,20,39.76362666666667
2025,6,20,21,44.29703333333333
2025,6,20,22,40.20925
2025,6,20,23,38.23946
2025,6,20,24,38.4084
2025,6,21,1,35.39208333333334
2025,6,21,2,35.18597333333333
2025,6,21,3,32.71901333333333
2025,6,21,4,34.08599
2025,6,21,5,33.85019666666667
2025,6,21,6,31.88774
2025,6,21,7,21.38577
2025,6,21,8,-2.6234333333333333
2025,6,21,9,-10.043486666666666
2025,6,21,10,-11.88665
2025,6,21,11,-13.195263333333337
2025,6,21,12,-12.7975
2025,6,21,13,-12.32355
2025,6,21,14,-12.090789999999998
2025,6,21,15,-11.500916666666669
2025,6,21,16,-11.542113333333331
2025,6,21,17,-8.691613333333335
2025,6,21,18,-2.02107
2025,6,21,19,22.06516
2025,6,21,20,38.05282333333333
2025,6,21,21,40.03428
2025,6,21,22,39.499923333333335
2025,6,21,23,36.85158333333333
2025,6,21,24,36.70282
2025,6,22,1,41.00322666666667
2025,6,22,2,39.22898
2025,6,22,3,37.620576666666665
2025,6,22,4,36.61204333333333
2025,6,22,5,38.11273666666667
2025,6,22,6,36.16753666666667
2025,6,22,7,20.8317
2025,6,22,8,-0.9845866666666666
2025,6,22,9,-7.682536666666667
2025,6,22,10,-8.152156666666668
2025,6,22,11,-9.005003333333335
2025,6,22,12,-8.70474
2025,6,22,13,-9.336033333333331
2025,6,22,14,-8.109423333333334
2025,6,22,15,-5.885813333333334
2025,6,22,16,-2.289216666666666
2025,6,22,17,0.2878599999999996
2025,6,22,18,10.044556666666669
2025,6,22,19,33.74084666666667
2025,6,22,20,42.68888666666667
2025,6,22,21,47.24523666666666
2025,6,22,22,45.321513333333336
2025,6,22,23,39.39926
2025,6,22,24,38.77137333333334
2025,6,23,1,39.42025
2025,6,23,2,39.88717
2025,6,23,3,39.81767666666666
2025,6,23,4,39.68546333333333
2025,6,23,5,41.32025333333333
2025,6,23,6,43.733133333333335
2025,6,23,7,37.759236666666666
2025,6,23,8,19.53047
2025,6,23,9,11.763676666666669
2025,6,23,10,10.709183333333334
2025,6,23,11,10.83896
2025,6,23,12,10.60499
2025,6,23,13,10.61468
2025,6,23,14,9.629496666666666
2025,6,23,15,10.047696666666669
2025,6,23,16,11.83827
2025,6,23,17,14.555706666666666
2025,6,23,18,17.84221666666667
2025,6,23,19,37.58750333333333
2025,6,23,20,46.53483333333333
2025,6,23,21,50.21919333333333
2025,6,23,22,47.07070333333333
2025,6,23,23,42.13575
2025,6,23,24,41.453743333333335
2025,6,24,1,40.79711
2025,6,24,2,41.342423333333336
2025,6,24,3,38.95817666666667
2025,6,24,4,37.39391333333334
2025,6,24,5,38.22668
2025,6,24,6,41.58980666666667
2025,6,24,7,35.57926666666666
2025,6,24,8,21.11610333333333
2025,6,24,9,13.87924
2025,6,24,10,11.551426666666666
2025,6,24,11,13.2622
2025,6,24,12,12.815866666666668
2025,6,24,13,13.126833333333332
2025,6,24,14,13.194353333333332
2025,6,24,15,12.594073333333332
2025,6,24,16,13.104586666666668
2025,6,24,17,14.33373
2025,6,24,18,17.79224
2025,6,24,19,36.81418666666666
2025,6,24,20,44.892473333333335
2025,6,24,21,47.22296666666667
2025,6,24,22,44.65797
2025,6,24,23,39.245956666666665
2025,6,24,24,39.081156666666665
2025,6,25,1,39.848443333333336
2025,6,25,2,39.13608666666667
2025,6,25,3,36.14928666666666
2025,6,25,4,34.61611333333333
2025,6,25,5,36.12742333333333
2025,6,25,6,39.89263666666667
2025,6,25,7,37.25865666666667
2025,6,25,8,22.189226666666663
2025,6,25,9,17.342193333333334
2025,6,25,10,17.431263333333334
2025,6,25,11,18.13158333333333
2025,6,25,12,17.5699
2025,6,25,13,17.319860000000002
2025,6,25,14,18.328486666666667
2025,6,25,15,17.015703333333335
2025,6,25,16,18.220836666666667
2025,6,25,17,22.7804
2025,6,25,18,27.88567333333333
2025,6,25,19,40.42717
2025,6,25,20,52.257830000000006
2025,6,25,21,54.10057333333333
2025,6,25,22,47.52794666666667
2025,6,25,23,41.45093
2025,6,25,24,40.05537666666667
2025,6,26,1,39.57962333333333
2025,6,26,2,37.204283333333336
2025,6,26,3,35.488056666666665
2025,6,26,4,34.57474666666667
2025,6,26,5,36.94223
2025,6,26,6,40.69810666666667
2025,6,26,7,34.8552
2025,6,26,8,23.45492333333333
2025,6,26,9,20.19196
2025,6,26,10,19.084286666666667
2025,6,26,11,20.683696666666663
2025,6,26,12,20.3528
2025,6,26,13,20.408223333333336
2025,6,26,14,20.4908
2025,6,26,15,19.477173333333333
2025,6,26,16,20.15634
2025,6,26,17,22.226566666666667
2025,6,26,18,31.81562
2025,6,26,19,41.0297
2025,6,26,20,51.16566
2025,6,26,21,51.32531
2025,6,26,22,47.04544666666666
2025,6,26,23,43.48916333333333
2025,6,26,24,42.32886333333334
2025,6,27,1,43.02883333333333
2025,6,27,2,42.10559333333333
2025,6,27,3,41.57687
2025,6,27,4,40.33472
2025,6,27,5,41.56632333333334
2025,6,27,6,44.62187333333333
2025,6,27,7,37.905503333333336
2025,6,27,8,26.277696666666667
2025,6,27,9,20.703946666666667
2025,6,27,10,20.089603333333333
2025,6,27,11,21.432266666666663
2025,6,27,12,20.77162333333333
2025,6,27,13,20.63960333333333
2025,6,27,14,19.188533333333336
2025,6,27,15,18.64365666666667
2025,6,27,16,22.778613333333336
2025,6,27,17,25.516116666666665
2025,6,27,18,32.87479666666666
2025,6,27,19,44.17528333333333
2025,6,27,20,57.38701666666666
2025,6,27,21,55.77846
2025,6,27,22,49.52772333333333
2025,6,27,23,44.15759666666667
2025,6,27,24,43.7105
2025,6,28,1,44.63654333333333
2025,6,28,2,42.22651333333334
2025,6,28,3,39.57253666666667
2025,6,28,4,40.645073333333336
2025,6,28,5,40.48973333333333
2025,6,28,6,38.95943
2025,6,28,7,34.90502
2025,6,28,8,16.82247
2025,6,28,9,13.3137
2025,6,28,10,12.935326666666668
2025,6,28,11,14.381303333333332
2025,6,28,12,14.099893333333334
2025,6,28,13,13.089013333333334
2025,6,28,14,12.28858
2025,6,28,15,12.037226666666667
2025,6,28,16,16.154353333333333
2025,6,28,17,22.09501333333333
2025,6,28,18,32.51789333333333
2025,6,28,19,45.58478
2025,6,28,20,56.11984
2025,6,28,21,56.26009666666667
2025,6,28,22,48.77957333333333
2025,6,28,23,45.56066666666666
2025,6,28,24,44.64558666666667
2025,6,29,1,54.43509
2025,6,29,2,48.78246333333333
2025,6,29,3,45.74112333333333
2025,6,29,4,44.03477
2025,6,29,5,42.91853
2025,6,29,6,43.41899333333333
2025,6,29,7,34.709453333333336
2025,6,29,8,21.301126666666665
2025,6,29,9,16.911179999999998
2025,6,29,10,17.962903333333333
2025,6,29,11,19.02127666666667
2025,6,29,12,19.670820000000003
2025,6,29,13,18.48624333333333
2025,6,29,14,18.90282
2025,6,29,15,17.474683333333335
2025,6,29,16,22.820270000000004
2025,6,29,17,29.139656666666667
2025,6,29,18,38.70961333333333
2025,6,29,19,52.98435666666666
2025,6,29,20,61.42417666666668
2025,6,29,21,60.44969
2025,6,29,22,55.70902
2025,6,29,23,51.8042
2025,6,29,24,47.15067
2025,7,1,1,47.22771
2025,7,1,2,46.67389333333333
2025,7,1,3,45.55027333333334
2025,7,1,4,43.17011666666667
2025,7,1,5,45.14040666666667
2025,7,1,6,47.00321333333333
2025,7,1,7,47.73271666666667
2025,7,1,8,34.12533
2025,7,1,9,29.746956666666662
2025,7,1,10,28.381446666666665
2025,7,1,11,29.56579
2025,7,1,12,29.66515
2025,7,1,13,30.103530000000003
2025,7,1,14,30.52828333333333
2025,7,1,15,31.023916666666665
2025,7,1,16,33.30097
2025,7,1,17,38.657873333333335
2025,7,1,18,45.168380000000006
2025,7,1,19,53.04576333333333
2025,7,1,20,65.91675
2025,7,1,21,65.92258
2025,7,1,22,55.964776666666666
2025,7,1,23,49.384436666666666
2025,7,1,24,46.36149666666666
2025,7,2,1,42.390096666666665
2025,7,2,2,42.45369333333333
2025,7,2,3,40.47666666666667
2025,7,2,4,38.515546666666665
2025,7,2,5,37.78614
2025,7,2,6,43.31649
2025,7,2,7,41.68622333333334
2025,7,2,8,31.27167
2025,7,2,9,26.885033333333336
2025,7,2,10,25.35941
2025,7,2,11,26.311486666666667
2025,7,2,12,26.251443333333334
2025,7,2,13,26.25227
2025,7,2,14,26.50809
2025,7,2,15,26.987673333333333
2025,7,2,16,28.81191
2025,7,2,17,32.16738
2025,7,2,18,39.99346
2025,7,2,19,46.24104666666667
2025,7,2,20,56.79553000000001
2025,7,2,21,56.99100666666666
2025,7,2,22,49.37244999999999
2025,7,2,23,44.65014
2025,7,2,24,44.48897333333333
2025,7,3,1,40.610013333333335
2025,7,3,2,38.05169333333333
2025,7,3,3,37.36595333333333
2025,7,3,4,37.41328
2025,7,3,5,38.44981
2025,7,3,6,40.23416
2025,7,3,7,39.050936666666665
2025,7,3,8,28.928006666666665
2025,7,3,9,24.44205
2025,7,3,10,24.245066666666663
2025,7,3,11,24.42012
2025,7,3,12,23.51723
2025,7,3,13,24.5319
2025,7,3,14,24.766333333333336
2025,7,3,15,26.32988333333333
2025,7,3,16,28.55889666666667
2025,7,3,17,29.09492333333333
2025,7,3,18,37.102203333333335
2025,7,3,19,43.965653333333336
2025,7,3,20,50.32373666666666
2025,7,3,21,50.27369
2025,7,3,22,45.65663
2025,7,3,23,42.07994
2025,7,3,24,39.98370333333333
2025,7,4,1,40.919336666666666
2025,7,4,2,39.12346
2025,7,4,3,39.90054
2025,7,4,4,36.566543333333335
2025,7,4,5,36.57779666666666
2025,7,4,6,38.12764333333333
2025,7,4,7,31.46259
2025,7,4,8,14.817243333333332
2025,7,4,9,9.498336666666669
2025,7,4,10,8.71906
2025,7,4,11,9.634853333333334
2025,7,4,12,9.590543333333336
2025,7,4,13,9.789156666666669
2025,7,4,14,9.68195
2025,7,4,15,10.105566666666666
2025,7,4,16,11.078676666666668
2025,7,4,17,13.612676666666664
2025,7,4,18,26.97703
2025,7,4,19,39.19883333333333
2025,7,4,20,43.572453333333335
2025,7,4,21,45.52511666666667
2025,7,4,22,43.39276666666667
2025,7,4,23,41.20411
2025,7,4,24,40.45791
2025,7,5,1,42.42582333333333
2025,7,5,2,39.65723
2025,7,5,3,36.81292333333334
2025,7,5,4,35.31645
2025,7,5,5,35.16728666666666
2025,7,5,6,36.341256666666666
2025,7,5,7,34.530923333333334
2025,7,5,8,17.82356
2025,7,5,9,11.236466666666669
2025,7,5,10,10.324656666666668
2025,7,5,11,9.930296666666663
2025,7,5,12,10.527876666666666
2025,7,5,13,10.968453333333334
2025,7,5,14,10.817393333333332
2025,7,5,15,11.048763333333332
2025,7,5,16,16.977633333333333
2025,7,5,17,20.93463333333333
2025,7,5,18,32.031706666666665
2025,7,5,19,40.911966666666665
2025,7,5,20,47.69305666666667
2025,7,5,21,49.11032
2025,7,5,22,47.64153
2025,7,5,23,45.70433666666667
2025,7,5,24,44.322366666666674
2025,7,6,1,43.24580666666666
2025,7,6,2,42.14094666666667
2025,7,6,3,41.02740666666667
2025,7,6,4,39.88183333333333
2025,7,6,5,37.36841999999999
2025,7,6,6,37.30005333333333
2025,7,6,7,33.92304
2025,7,6,8,17.095386666666666
2025,7,6,9,14.538353333333331
2025,7,6,10,13.97562
2025,7,6,11,13.739646666666667
2025,7,6,12,14.555463333333334
2025,7,6,13,14.781439999999998
2025,7,6,14,14.957456666666667
2025,7,6,15,17.580313333333333
2025,7,6,16,24.62769666666667
2025,7,6,17,27.44071
2025,7,6,18,36.47741666666666
2025,7,6,19,47.64983333333333
2025,7,6,20,56.34074333333333
2025,7,6,21,55.73206
2025,7,6,22,51.31922666666666
2025,7,6,23,47.15674666666666
2025,7,6,24,46.331896666666665
2025,7,7,1,45.74428
2025,7,7,2,39.73827
2025,7,7,3,39.7715
2025,7,7,4,39.37599333333333
2025,7,7,5,39.86768
2025,7,7,6,45.93267666666666
2025,7,7,7,47.70434
2025,7,7,8,36.57167333333334
2025,7,7,9,34.603633333333335
2025,7,7,10,33.98861333333333
2025,7,7,11,33.54340333333334
2025,7,7,12,34.655849999999994
2025,7,7,13,34.941826666666664
2025,7,7,14,34.833886666666665
2025,7,7,15,36.49226333333333
2025,7,7,16,37.89965
2025,7,7,17,41.803493333333336
2025,7,7,18,45.22639
2025,7,7,19,56.682073333333335
2025,7,7,20,67.29470333333333
2025,7,7,21,65.94180666666666
2025,7,7,22,59.227046666666666
2025,7,7,23,52.217706666666665
2025,7,7,24,47.19165666666667
2025,7,8,1,47.69160333333334
2025,7,8,2,44.97026333333333
2025,7,8,3,44.28489666666667
2025,7,8,4,43.97465
2025,7,8,5,43.004736666666666
2025,7,8,6,44.07980666666666
2025,7,8,7,45.640653333333326
2025,7,8,8,34.57719
2025,7,8,9,31.41554
2025,7,8,10,30.95271
2025,7,8,11,31.255706666666665
2025,7,8,12,32.069453333333335
2025,7,8,13,32.25640333333333
2025,7,8,14,33.88859
2025,7,8,15,36.4405
2025,7,8,16,38.96618
2025,7,8,17,41.74350666666667
2025,7,8,18,46.66458
2025,7,8,19,54.21463333333333
2025,7,8,20,67.07055666666666
2025,7,8,21,66.15057666666667
2025,7,8,22,60.50688333333333
2025,7,8,23,50.60179
2025,7,8,24,48.83887666666666
2025,7,9,1,42.97536333333333
2025,7,9,2,45.62473
2025,7,9,3,43.25755
2025,7,9,4,42.58794666666667
2025,7,9,5,41.73170666666667
2025,7,9,6,43.43110333333334
2025,7,9,7,41.39958333333333
2025,7,9,8,36.04146
2025,7,9,9,34.567366666666665
2025,7,9,10,33.86981333333333
2025,7,9,11,31.647293333333334
2025,7,9,12,31.78695666666667
2025,7,9,13,30.35988333333333
2025,7,9,14,30.57632666666667
2025,7,9,15,32.60838666666667
2025,7,9,16,37.182323333333336
2025,7,9,17,37.75743
2025,7,9,18,43.23951666666667
2025,7,9,19,52.02677
2025,7,9,20,64.14602333333333
2025,7,9,21,66.20513333333334
2025,7,9,22,56.82518
2025,7,9,23,47.49016
2025,7,9,24,45.58113333333333
2025,7,10,1,42.48588
2025,7,10,2,39.56575333333333
2025,7,10,3,41.72745
2025,7,10,4,39.71847333333333
2025,7,10,5,39.10425666666666
2025,7,10,6,40.97856
2025,7,10,7,39.22561666666667
2025,7,10,8,31.15949
2025,7,10,9,26.518
2025,7,10,10,28.049206666666667
2025,7,10,11,29.27561
2025,7,10,12,29.14539333333333
2025,7,10,13,28.82287666666667
2025,7,10,14,29.10544
2025,7,10,15,32.229506666666666
2025,7,10,16,36.93528
2025,7,10,17,36.28176
2025,7,10,18,46.05881333333334
2025,7,10,19,53.581156666666665
2025,7,10,20,72.03681999999999
2025,7,10,21,66.43822333333333
2025,7,10,22,56.20107
2025,7,10,23,47.96562333333333
2025,7,10,24,46.92137
2025,7,11,1,45.0071
2025,7,11,2,44.50675666666667
2025,7,11,3,42.21799000000001
2025,7,11,4,42.91884666666667
2025,7,11,5,43.36260000000001
2025,7,11,6,45.284850000000006
2025,7,11,7,42.52725333333333
2025,7,11,8,30.51655
2025,7,11,9,29.02067333333333
2025,7,11,10,28.06427
2025,7,11,11,28.430486666666667
2025,7,11,12,28.924886666666666
2025,7,11,13,28.57613
2025,7,11,14,28.47227
2025,7,11,15,27.582306666666664
2025,7,11,16,35.12807333333333
2025,7,11,17,38.22861333333333
2025,7,11,18,42.06207666666666
2025,7,11,19,49.8488
2025,7,11,20,66.49875333333334
2025,7,11,21,62.63703666666667
2025,7,11,22,53.32181333333333
2025,7,11,23,47.20713000000001
2025,7,11,24,46.02472333333333
2025,7,12,1,43.98021666666667
2025,7,12,2,41.934086666666666
2025,7,12,3,41.40433333333333
2025,7,12,4,40.99903666666666
2025,7,12,5,40.41634333333334
2025,7,12,6,41.18072333333333
2025,7,12,7,37.37318333333334
2025,7,12,8,22.32462333333333
2025,7,12,9,21.07379
2025,7,12,10,20.615216666666665
2025,7,12,11,20.58673333333333
2025,7,12,12,20.80887
2025,7,12,13,20.766136666666668
2025,7,12,14,19.585296666666668
2025,7,12,15,20.40858
2025,7,12,16,24.89991
2025,7,12,17,30.320153333333334
2025,7,12,18,35.43045
2025,7,12,19,46.02671
2025,7,12,20,53.51889
2025,7,12,21,52.33720666666667
2025,7,12,22,47.650650000000006
2025,7,12,23,45.25194
2025,7,12,24,43.924373333333335
2025,7,13,1,44.76573
2025,7,13,2,44.42205333333334
2025,7,13,3,42.03451333333334
2025,7,13,4,40.83384333333333
2025,7,13,5,40.26616
2025,7,13,6,38.57774666666666
2025,7,13,7,35.60432666666667
2025,7,13,8,24.070696666666667
2025,7,13,9,21.30114333333333
2025,7,13,10,22.0528
2025,7,13,11,21.889726666666665
2025,7,13,12,22.67648
2025,7,13,13,22.900866666666666
2025,7,13,14,22.67242
2025,7,13,15,24.80321
2025,7,13,16,29.58823333333333
2025,7,13,17,34.57544666666667
2025,7,13,18,40.47959333333333
2025,7,13,19,49.46265666666667
2025,7,13,20,61.71607333333333
2025,7,13,21,59.365640000000006
2025,7,13,22,53.73384000000001
2025,7,13,23,45.18091999999999
2025,7,13,24,43.480610000000006
2025,7,14,1,45.12407666666667
2025,7,14,2,43.514116666666666
2025,7,14,3,42.28720333333333
2025,7,14,4,42.054633333333335
2025,7,14,5,40.961126666666665
2025,7,14,6,46.48864
2025,7,14,7,47.59433333333334
2025,7,14,8,32.64160666666667
2025,7,14,9,30.810093333333334
2025,7,14,10,29.342946666666663
2025,7,14,11,29.544566666666668
2025,7,14,12,29.50628333333333
2025,7,14,13,30.39928666666667
2025,7,14,14,30.77859666666667
2025,7,14,15,32.695056666666666
2025,7,14,16,36.48915
2025,7,14,17,39.28080666666667
2025,7,14,18,44.01494
2025,7,14,19,53.52023666666667
2025,7,14,20,64.29198666666666
2025,7,14,21,60.64521666666667
2025,7,14,22,55.06177666666667
2025,7,14,23,49.67980333333333
2025,7,14,24,46.362316666666665
2025,7,15,1,46.95681666666667
2025,7,15,2,44.977223333333335
2025,7,15,3,43.98678666666667
2025,7,15,4,44.08423
2025,7,15,5,42.84982
2025,7,15,6,49.18277666666666
2025,7,15,7,46.54219
2025,7,15,8,34.858956666666664
2025,7,15,9,30.77548
2025,7,15,10,29.67315333333333
2025,7,15,11,29.25267333333333
2025,7,15,12,29.172426666666667
2025,7,15,13,29.026696666666663
2025,7,15,14,28.8767
2025,7,15,15,29.07860666666667
2025,7,15,16,31.26304
2025,7,15,17,32.87803
2025,7,15,18,42.59490666666667
2025,7,15,19,48.71221
2025,7,15,20,58.75175333333333
2025,7,15,21,54.738436666666665
2025,7,15,22,52.10950333333333
2025,7,15,23,48.83157333333333
2025,7,15,24,47.66395
2025,7,16,1,45.70362
2025,7,16,2,45.19641666666666
2025,7,16,3,42.93773
2025,7,16,4,43.25897666666666
2025,7,16,5,43.24955
2025,7,16,6,46.543643333333335
2025,7,16,7,46.04427333333334
2025,7,16,8,35.524123333333335
2025,7,16,9,31.57618
2025,7,16,10,30.954843333333333
2025,7,16,11,31.257863333333333
2025,7,16,12,30.403206666666662
2025,7,16,13,30.79623666666667
2025,7,16,14,30.661420000000003
2025,7,16,15,29.620596666666668
2025,7,16,16,30.09265333333333
2025,7,16,17,33.594723333333334
2025,7,16,18,42.56970999999999
2025,7,16,19,47.55901
2025,7,16,20,54.73216
2025,7,16,21,54.47220333333333
2025,7,16,22,53.67456666666667
2025,7,16,23,47.41633
2025,7,16,24,46.00107666666667
2025,7,17,1,42.59692666666667
2025,7,17,2,43.14371666666667
2025,7,17,3,40.788176666666665
2025,7,17,4,39.617513333333335
2025,7,17,5,44.155413333333335
2025,7,17,6,45.803266666666666
2025,7,17,7,44.81512666666666
2025,7,17,8,34.769740000000006
2025,7,17,9,33.19757
2025,7,17,10,32.14491666666667
2025,7,17,11,31.71630333333333
2025,7,17,12,31.418176666666668
2025,7,17,13,31.08073333333333
2025,7,17,14,30.260736666666663
2025,7,17,15,30.973650000000003
2025,7,17,16,31.594563333333337
2025,7,17,17,33.21428
2025,7,17,18,38.52322333333333
2025,7,17,19,46.58192666666667
2025,7,17,20,52.23233666666667
2025,7,17,21,51.63798666666667
2025,7,17,22,49.07941
2025,7,17,23,46.83178333333333
2025,7,17,24,45.42105333333333
2025,7,18,1,45.62456333333333
2025,7,18,2,44.01284
2025,7,18,3,43.823170000000005
2025,7,18,4,42.70337666666666
2025,7,18,5,44.00791666666667
2025,7,18,6,44.07516999999999
2025,7,18,7,43.75967333333333
2025,7,18,8,33.773043333333334
2025,7,18,9,31.719103333333333
2025,7,18,10,30.62017
2025,7,18,11,31.45759666666667
2025,7,18,12,31.09706333333333
2025,7,18,13,30.83163
2025,7,18,14,30.80470333333333
2025,7,18,15,31.42478
2025,7,18,16,31.395200000000003
2025,7,18,17,31.79028333333333
2025,7,18,18,37.15609333333333
2025,7,18,19,45.91319000000001
2025,7,18,20,46.89028999999999
2025,7,18,21,48.32104
2025,7,18,22,47.28138333333334
2025,7,18,23,45.86732333333333
2025,7,18,24,45.95932666666667
2025,7,19,1,44.18488333333334
2025,7,19,2,41.80363
2025,7,19,3,40.44616
2025,7,19,4,38.62406333333333
2025,7,19,5,40.29071666666667
2025,7,19,6,43.144043333333336
2025,7,19,7,39.59336
2025,7,19,8,23.78233
2025,7,19,9,20.578636666666668
2025,7,19,10,19.491976666666663
2025,7,19,11,20.074556666666663
2025,7,19,12,19.904866666666667
2025,7,19,13,19.420786666666668
2025,7,19,14,19.635936666666662
2025,7,19,15,19.78777
2025,7,19,16,27.499956666666662
2025,7,19,17,30.245596666666668
2025,7,19,18,34.73145
2025,7,19,19,43.622726666666665
2025,7,19,20,46.94999333333334
2025,7,19,21,47.50293666666667
2025,7,19,22,46.37952666666666
2025,7,19,23,44.77879
2025,7,19,24,43.84520333333334
2025,7,20,1,43.28986666666666
2025,7,20,2,42.63019666666667
2025,7,20,3,41.78688333333333
2025,7,20,4,40.160853333333336
2025,7,20,5,39.97321333333333
2025,7,20,6,40.56151666666667
2025,7,20,7,37.14275
2025,7,20,8,22.78153333333333
2025,7,20,9,19.473806666666665
2025,7,20,10,19.01315333333333
2025,7,20,11,18.79843333333333
2025,7,20,12,19.53048
2025,7,20,13,19.48095333333333
2025,7,20,14,19.79895
2025,7,20,15,22.30907
2025,7,20,16,26.19558
2025,7,20,17,30.701006666666668
2025,7,20,18,34.928246666666666
2025,7,20,19,43.33963
2025,7,20,20,45.80280333333334
2025,7,20,21,46.150306666666665
2025,7,20,22,45.362413333333336
2025,7,20,23,43.57601333333333
2025,7,20,24,43.14747666666667
2025,7,21,1,42.89451
2025,7,21,2,40.96970666666667
2025,7,21,3,43.35586666666666
2025,7,21,4,44.03643
2025,7,21,5,45.10933666666667
2025,7,21,6,46.10603666666666
2025,7,21,7,45.29871333333333
2025,7,21,8,31.30763333333333
2025,7,21,9,29.36941333333333
2025,7,21,10,28.00037333333333
2025,7,21,11,27.84033
2025,7,21,12,28.36772333333333
2025,7,21,13,28.4885
2025,7,21,14,28.588103333333333
2025,7,21,15,29.11584333333333
2025,7,21,16,31.623436666666663
2025,7,21,17,29.403206666666662
2025,7,21,18,35.937356666666666
2025,7,21,19,43.575463333333325
2025,7,21,20,48.95201
2025,7,21,21,49.519713333333335
2025,7,21,22,48.21392
2025,7,21,23,44.06944333333333
2025,7,21,24,43.295950000000005
2025,7,22,1,41.86365333333333
2025,7,22,2,41.89716666666667
2025,7,22,3,40.77818
2025,7,22,4,40.19556333333333
2025,7,22,5,41.993950000000005
2025,7,22,6,42.28911
2025,7,22,7,41.62429
2025,7,22,8,28.739496666666668
2025,7,22,9,22.762673333333336
2025,7,22,10,21.669686666666667
2025,7,22,11,22.71956
2025,7,22,12,21.80825333333333
2025,7,22,13,20.925686666666667
2025,7,22,14,22.601096666666667
2025,7,22,15,23.32036
2025,7,22,16,22.3162
2025,7,22,17,23.714676666666666
2025,7,22,18,28.02348333333333
2025,7,22,19,40.92062
2025,7,22,20,45.14338
2025,7,22,21,45.27445333333333
2025,7,22,22,43.92534666666666
2025,7,22,23,42.97804666666667
2025,7,22,24,42.65443333333334
2025,7,23,1,42.67027
2025,7,23,2,41.21738333333334
2025,7,23,3,38.027346666666666
2025,7,23,4,38.41722
2025,7,23,5,41.22362666666667
2025,7,23,6,42.676793333333336
2025,7,23,7,41.11178
2025,7,23,8,26.96606333333333
2025,7,23,9,22.804236666666668
2025,7,23,10,21.52966333333333
2025,7,23,11,23.4277
2025,7,23,12,23.27423333333333
2025,7,23,13,22.874896666666668
2025,7,23,14,23.33227
2025,7,23,15,23.762016666666664
2025,7,23,16,24.22723
2025,7,23,17,24.404263333333333
2025,7,23,18,29.14984
2025,7,23,19,41.50387
2025,7,23,20,44.25929
2025,7,23,21,44.07872666666666
2025,7,23,22,43.35010666666667
2025,7,23,23,41.84287
2025,7,23,24,41.79705666666666
2025,7,24,1,42.85713666666667
2025,7,24,2,42.13978
2025,7,24,3,40.80461
2025,7,24,4,39.60176
2025,7,24,5,40.16697333333334
2025,7,24,6,41.06258333333333
2025,7,24,7,39.91026
2025,7,24,8,26.56491
2025,7,24,9,21.501900000000003
2025,7,24,10,19.567553333333333
2025,7,24,11,19.16733
2025,7,24,12,18.921296666666667
2025,7,24,13,18.848233333333333
2025,7,24,14,18.93539
2025,7,24,15,18.666206666666668
2025,7,24,16,20.145463333333332
2025,7,24,17,21.295056666666667
2025,7,24,18,25.903926666666667
2025,7,24,19,39.12724
2025,7,24,20,42.90852
2025,7,24,21,43.08716333333333
2025,7,24,22,42.38953333333333
2025,7,24,23,40.3155
2025,7,24,24,39.571846666666666
2025,7,25,1,38.84623
2025,7,25,2,37.05228333333333
2025,7,25,3,36.52023
2025,7,25,4,35.73411333333333
2025,7,25,5,36.75903
2025,7,25,6,37.356
2025,7,25,7,37.28084666666667
2025,7,25,8,22.735623333333333
2025,7,25,9,18.200586666666663
2025,7,25,10,16.463176666666666
2025,7,25,11,15.840983333333332
2025,7,25,12,16.426836666666667
2025,7,25,13,16.634866666666667
2025,7,25,14,16.842363333333335
2025,7,25,15,17.019336666666668
2025,7,25,16,17.27620333333333
2025,7,25,17,16.442293333333335
2025,7,25,18,21.60276
2025,7,25,19,36.697026666666666
2025,7,25,20,41.52198
2025,7,25,21,40.412083333333335
2025,7,25,22,39.04526
2025,7,25,23,38.31062666666667
2025,7,25,24,38.05766333333333
2025,7,26,1,37.782046666666666
2025,7,26,2,36.292116666666665
2025,7,26,3,35.66857666666667
2025,7,26,4,34.64298333333333
2025,7,26,5,35.14896666666667
2025,7,26,6,35.50627
2025,7,26,7,33.709513333333334
2025,7,26,8,11.185436666666668
2025,7,26,9,2.390633333333333
2025,7,26,10,1.1369333333333334
2025,7,26,11,1.2886933333333337
2025,7,26,12,1.3065566666666666
2025,7,26,13,1.7043499999999998
2025,7,26,14,1.2554933333333331
2025,7,26,15,1.7476633333333331
2025,7,26,16,1.91986
2025,7,26,17,3.5600766666666672
2025,7,26,18,12.01339
2025,7,26,19,35.30986333333333
2025,7,26,20,39.30848
2025,7,26,21,39.58815333333333
2025,7,26,22,37.816046666666665
2025,7,26,23,36.25158666666667
2025,7,26,24,36.280856666666665
2025,7,27,1,36.71931666666666
2025,7,27,2,36.122553333333336
2025,7,27,3,35.202173333333334
2025,7,27,4,34.21353
2025,7,27,5,34.98607666666667
2025,7,27,6,33.90212333333333
2025,7,27,7,30.544076666666665
2025,7,27,8,10.214863333333334
2025,7,27,9,3.612203333333334
2025,7,27,10,2.7135300000000004
2025,7,27,11,3.417266666666667
2025,7,27,12,3.7092766666666654
2025,7,27,13,3.66011
2025,7,27,14,4.094663333333334
2025,7,27,15,4.775053333333333
2025,7,27,16,7.872176666666667
2025,7,27,17,11.86268
2025,7,27,18,24.853016666666665
2025,7,27,19,38.42570666666666
2025,7,27,20,41.71754
2025,7,27,21,41.683616666666666
2025,7,27,22,39.74617333333333
2025,7,27,23,38.26222
2025,7,27,24,38.03866666666666
2025,7,28,1,39.11831
2025,7,28,2,37.74612
2025,7,28,3,37.01594
2025,7,28,4,37.40205666666667
2025,7,28,5,37.62023666666667
2025,7,28,6,38.95882
2025,7,28,7,46.21854
2025,7,28,8,30.76867
2025,7,28,9,25.45700666666667
2025,7,28,10,24.677623333333333
2025,7,28,11,24.680263333333333
2025,7,28,12,24.48922
2025,7,28,13,24.462136666666662
2025,7,28,14,24.50154333333333
2025,7,28,15,26.76780666666667
2025,7,28,16,29.55047
2025,7,28,17,30.57752
2025,7,28,18,36.477826666666665
2025,7,28,19,43.43653666666666
2025,7,28,20,53.51005333333333
2025,7,28,21,51.19550666666667
2025,7,28,22,48.04204333333333
2025,7,28,23,42.68448333333333
2025,7,28,24,40.76863
2025,7,29,1,41.97105666666667
2025,7,29,2,40.00051333333334
2025,7,29,3,37.56663
2025,7,29,4,37.39429333333333
2025,7,29,5,38.93614333333333
2025,7,29,6,38.834723333333336
2025,7,29,7,43.28179666666667
2025,7,29,8,29.02879
2025,7,29,9,24.191806666666665
2025,7,29,10,23.72053333333333
2025,7,29,11,24.336006666666663
2025,7,29,12,25.126653333333334
2025,7,29,13,25.08853
2025,7,29,14,25.806456666666666
2025,7,29,15,27.07129666666667
2025,7,29,16,28.693286666666665
2025,7,29,17,27.71829333333333
2025,7,29,18,34.986403333333335
2025,7,29,19,43.69932333333333
2025,7,29,20,55.22248
2025,7,29,21,53.0863
2025,7,29,22,44.86208666666667
2025,7,29,23,41.042143333333335
2025,7,29,24,40.861133333333335
2025,7,30,1,42.708866666666665
2025,7,30,2,40.41137666666666
2025,7,30,3,38.67245333333333
2025,7,30,4,38.44329666666667
2025,7,30,5,39.42013
2025,7,30,6,40.25136666666666
2025,7,30,7,42.22537333333333
2025,7,30,8,28.775166666666664
2025,7,30,9,23.67413
2025,7,30,10,22.495516666666663
2025,7,30,11,22.507656666666666
2025,7,30,12,22.73671
2025,7,30,13,23.17593
2025,7,30,14,23.285733333333337
2025,7,30,15,23.08816
2025,7,30,16,23.959316666666663
2025,7,30,17,27.99285666666667
2025,7,30,18,33.83513
2025,7,30,19,44.24675333333333
2025,7,30,20,51.66088333333334
2025,7,30,21,50.90669
2025,7,30,22,45.62569
2025,7,30,23,44.11170333333333
2025,7,30,24,42.88276666666667
2025,8,1,1,41.45540666666667
2025,8,1,2,39.63672666666667
2025,8,1,3,38.29924333333333
2025,8,1,4,37.997636666666665
2025,8,1,5,39.17305666666667
2025,8,1,6,39.68763666666666
2025,8,1,7,42.56376666666667
2025,8,1,8,27.59032
2025,8,1,9,21.705326666666668
2025,8,1,10,21.02619
2025,8,1,11,20.95553333333333
2025,8,1,12,21.576606666666667
2025,8,1,13,21.459543333333333
2025,8,1,14,21.76593
2025,8,1,15,22.379316666666668
2025,8,1,16,23.70050333333333
2025,8,1,17,24.37102
2025,8,1,18,31.98005
2025,8,1,19,41.12398
2025,8,1,20,45.21658
2025,8,1,21,44.96089333333333
2025,8,1,22,42.40313
2025,8,1,23,41.62786
2025,8,1,24,40.846
2025,8,2,1,41.18776666666667
2025,8,2,2,38.92067
2025,8,2,3,39.05796333333333
2025,8,2,4,38.01305
2025,8,2,5,38.33283333333333
2025,8,2,6,38.348000000000006
2025,8,2,7,34.59902333333333
2025,8,2,8,14.53336
2025,8,2,9,10.40428
2025,8,2,10,8.828433333333333
2025,8,2,11,9.176573333333334
2025,8,2,12,9.245553333333334
2025,8,2,13,9.49782
2025,8,2,14,10.155246666666669
2025,8,2,15,11.52045
2025,8,2,16,15.961733333333331
2025,8,2,17,18.65460333333333
2025,8,2,18,26.81616333333333
2025,8,2,19,39.16816333333333
2025,8,2,20,44.29746666666667
2025,8,2,21,45.49012
2025,8,2,22,41.08625666666666
2025,8,2,23,39.41212
2025,8,2,24,39.21348
2025,8,3,1,39.23687
2025,8,3,2,38.50901666666667
2025,8,3,3,35.81420333333333
2025,8,3,4,34.94916333333333
2025,8,3,5,34.283809999999995
2025,8,3,6,32.19476666666667
2025,8,3,7,29.16889
2025,8,3,8,12.221703333333332
2025,8,3,9,4.732413333333333
2025,8,3,10,4.809746666666666
2025,8,3,11,4.347083333333333
2025,8,3,12,5.555253333333333
2025,8,3,13,5.7263166666666665
2025,8,3,14,6.771353333333333
2025,8,3,15,9.272816666666666
2025,8,3,16,12.052873333333332
2025,8,3,17,16.195800000000002
2025,8,3,18,25.157496666666663
2025,8,3,19,38.29587333333333
2025,8,3,20,44.41196
2025,8,3,21,43.75874666666667
2025,8,3,22,41.457483333333336
2025,8,3,23,38.69092
2025,8,3,24,38.183663333333335
2025,8,4,1,35.87063333333334
2025,8,4,2,35.83651666666667
2025,8,4,3,34.26369
2025,8,4,4,34.18291
2025,8,4,5,35.96506333333333
2025,8,4,6,37.88224
2025,8,4,7,38.248423333333335
2025,8,4,8,26.069940000000003
2025,8,4,9,20.036056666666667
2025,8,4,10,19.083566666666663
2025,8,4,11,19.221536666666665
2025,8,4,12,19.101766666666663
2025,8,4,13,16.92391
2025,8,4,14,19.749023333333334
2025,8,4,15,19.82770333333333
2025,8,4,16,23.226033333333334
2025,8,4,17,26.30885
2025,8,4,18,34.42677666666666
2025,8,4,19,42.33358333333333
2025,8,4,20,40.97828666666666
2025,8,4,21,47.30946666666667
2025,8,4,22,43.06664000000001
2025,8,4,23,41.802436666666665
2025,8,4,24,41.15996666666667
2025,8,5,1,43.49569666666667
2025,8,5,2,40.72442333333333
2025,8,5,3,39.90981666666666
2025,8,5,4,38.83844666666667
2025,8,5,5,39.519936666666666
2025,8,5,6,40.59958
2025,8,5,7,41.52333
2025,8,5,8,29.525053333333336
2025,8,5,9,24.18166666666667
2025,8,5,10,23.288796666666663
2025,8,5,11,23.5572
2025,8,5,12,23.674086666666668
2025,8,5,13,23.75262
2025,8,5,14,24.426686666666665
2025,8,5,15,24.75029333333333
2025,8,5,16,29.952556666666663
2025,8,5,17,33.100253333333335
2025,8,5,18,36.71101
2025,8,5,19,45.183616666666666
2025,8,5,20,50.957483333333336
2025,8,5,21,50.38275000000001
2025,8,5,22,47.56894666666667
2025,8,5,23,45.88762
2025,8,5,24,43.015166666666666
2025,8,6,1,41.60106666666667
2025,8,6,2,41.34666666666666
2025,8,6,3,38.29862333333333
2025,8,6,4,37.26877
2025,8,6,5,40.20866333333333
2025,8,6,6,40.65781333333334
2025,8,6,7,42.3227
2025,8,6,8,32.03347333333333
2025,8,6,9,29.191186666666667
2025,8,6,10,28.45844333333333
2025,8,6,11,28.272046666666668
2025,8,6,12,29.242436666666663
2025,8,6,13,29.49054333333333
2025,8,6,14,29.88358666666667
2025,8,6,15,33.01177666666667
2025,8,6,16,37.28185333333334
2025,8,6,17,38.95667666666666
2025,8,6,18,44.297873333333335
2025,8,6,19,53.87817666666666
2025,8,6,20,65.30241
2025,8,6,21,60.429210000000005
2025,8,6,22,51.542836666666666
2025,8,6,23,44.83566666666667
2025,8,6,24,42.94669
2025,8,7,1,41.95031333333333
2025,8,7,2,39.05587333333333
2025,8,7,3,37.83506333333333
2025,8,7,4,37.554986666666665
2025,8,7,5,37.19470333333334
2025,8,7,6,37.657720000000005
2025,8,7,7,41.946686666666665
2025,8,7,8,33.78701
2025,8,7,9,30.86501
2025,8,7,10,30.739113333333336
2025,8,7,11,28.79399666666667
2025,8,7,12,30.22074
2025,8,7,13,30.07944333333333
2025,8,7,14,31.699250000000003
2025,8,7,15,35.73211333333333
2025,8,7,16,38.92714
2025,8,7,17,42.85311
2025,8,7,18,48.24428666666668
2025,8,7,19,59.36065666666667
2025,8,7,20,70.46364333333334
2025,8,7,21,60.468763333333335
2025,8,7,22,52.02226666666667
2025,8,7,23,48.82102333333333
2025,8,7,24,43.28334666666667
2025,8,8,1,41.00501
2025,8,8,2,40.44327666666667
2025,8,8,3,40.02118333333333
2025,8,8,4,39.0749
2025,8,8,5,39.54301
2025,8,8,6,40.87196
2025,8,8,7,42.03704333333334
2025,8,8,8,33.68910333333333
2025,8,8,9,31.40595666666667
2025,8,8,10,31.16822
2025,8,8,11,30.58881
2025,8,8,12,30.938423333333333
2025,8,8,13,31.42785333333333
2025,8,8,14,30.987530000000003
2025,8,8,15,32.55386
2025,8,8,16,35.25103
2025,8,8,17,38.10211666666667
2025,8,8,18,44.954636666666666
2025,8,8,19,53.527546666666666
2025,8,8,20,65.34947666666666
2025,8,8,21,57.64470333333333
2025,8,8,22,52.48156
2025,8,8,23,46.36345333333333
2025,8,8,24,42.757466666666666
2025,8,9,1,43.225143333333335
2025,8,9,2,41.97851333333333
2025,8,9,3,41.795813333333335
2025,8,9,4,41.21559333333334
2025,8,9,5,41.072766666666666
2025,8,9,6,41.447316666666666
2025,8,9,7,39.63251333333333
2025,8,9,8,27.262903333333337
2025,8,9,9,26.26695666666667
2025,8,9,10,24.89663
2025,8,9,11,24.33713
2025,8,9,12,25.228336666666667
2025,8,9,13,25.456333333333333
2025,8,9,14,24.85354
2025,8,9,15,25.54437
2025,8,9,16,29.8009
2025,8,9,17,31.306606666666664
2025,8,9,18,41.474273333333336
2025,8,9,19,45.94342333333333
2025,8,9,20,53.53135
2025,8,9,21,50.15982333333333
2025,8,9,22,44.70065666666667
2025,8,9,23,43.14572
2025,8,9,24,42.80006
2025,8,10,1,42.47925333333333
2025,8,10,2,42.16017
2025,8,10,3,35.684583333333336
2025,8,10,4,40.03812666666667
2025,8,10,5,38.958106666666666
2025,8,10,6,39.04713
2025,8,10,7,37.55724333333333
2025,8,10,8,25.27606
2025,8,10,9,23.35544333333333
2025,8,10,10,23.0774
2025,8,10,11,24.10231
2025,8,10,12,23.864203333333336
2025,8,10,13,23.030900000000003
2025,8,10,14,23.991560000000003
2025,8,10,15,23.12664
2025,8,10,16,25.743096666666663
2025,8,10,17,30.968226666666663
2025,8,10,18,42.32951666666667
2025,8,10,19,49.66869
2025,8,10,20,57.667683333333336
2025,8,10,21,54.311710000000005
2025,8,10,22,49.37938666666667
2025,8,10,23,46.051476666666666
2025,8,10,24,38.83177666666666
2025,8,11,1,39.892673333333335
2025,8,11,2,40.0569
2025,8,11,3,38.46471666666667
2025,8,11,4,37.02707333333333
2025,8,11,5,39.01372666666666
2025,8,11,6,41.6821
2025,8,11,7,41.87623
2025,8,11,8,33.21787
2025,8,11,9,28.78117
2025,8,11,10,26.735920000000004
2025,8,11,11,27.032713333333334
2025,8,11,12,27.22824
2025,8,11,13,27.90019
2025,8,11,14,27.90076
2025,8,11,15,29.988676666666667
2025,8,11,16,33.94045666666667
2025,8,11,17,36.11846
2025,8,11,18,41.88764666666667
2025,8,11,19,51.098036666666665
2025,8,11,20,64.28906666666667
2025,8,11,21,59.046286666666674
2025,8,11,22,53.4364
2025,8,11,23,46.337806666666665
2025,8,11,24,44.54276
2025,8,12,1,40.90315666666667
2025,8,12,2,40.70930333333333
2025,8,12,3,38.16215
2025,8,12,4,37.76773
2025,8,12,5,38.432523333333336
2025,8,12,6,41.282923333333336
2025,8,12,7,44.47841333333333
2025,8,12,8,34.59041
2025,8,12,9,31.71967666666667
2025,8,12,10,30.97514666666667
2025,8,12,11,30.30091
2025,8,12,12,30.437016666666665
2025,8,12,13,31.03462333333333
2025,8,12,14,31.540153333333336
2025,8,12,15,32.80520333333333
2025,8,12,16,37.77790666666667
2025,8,12,17,40.81249666666667
2025,8,12,18,43.344053333333335
2025,8,12,19,51.53714
2025,8,12,20,58.28158333333334
2025,8,12,21,52.24327666666667
2025,8,12,22,48.59186
2025,8,12,23,42.30227666666666
2025,8,12,24,42.30540666666667
2025,8,13,1,38.735526666666665
2025,8,13,2,37.313163333333335
2025,8,13,3,36.90340666666666
2025,8,13,4,36.57367666666667
2025,8,13,5,37.67583666666667
2025,8,13,6,40.74568333333334
2025,8,13,7,42.12924
2025,8,13,8,33.21179
2025,8,13,9,29.302786666666663
2025,8,13,10,27.272303333333337
2025,8,13,11,25.39508333333333
2025,8,13,12,25.494823333333333
2025,8,13,13,25.6319
2025,8,13,14,26.383233333333333
2025,8,13,15,28.792773333333333
2025,8,13,16,30.247136666666663
2025,8,13,17,29.776076666666665
2025,8,13,18,33.885803333333335
2025,8,13,19,43.42862
2025,8,13,20,49.754160000000006
2025,8,13,21,47.01037333333333
2025,8,13,22,45.185
2025,8,13,23,42.508766666666666
2025,8,13,24,40.89477333333333
2025,8,14,1,41.77023333333333
2025,8,14,2,40.01085333333333
2025,8,14,3,40.17044333333333
2025,8,14,4,39.47960666666666
2025,8,14,5,42.2617
2025,8,14,6,43.74378
2025,8,14,7,43.52649333333333
2025,8,14,8,31.903523333333336
2025,8,14,9,24.418466666666664
2025,8,14,10,23.12303
2025,8,14,11,23.47926666666667
2025,8,14,12,23.98556333333333
2025,8,14,13,24.118256666666667
2025,8,14,14,24.42445
2025,8,14,15,25.89728333333333
2025,8,14,16,28.615973333333333
2025,8,14,17,30.1609
2025,8,14,18,33.96358
2025,8,14,19,44.810210000000005
2025,8,14,20,48.576456666666665
2025,8,14,21,47.53441333333333
2025,8,14,22,45.70793333333334
2025,8,14,23,44.12699333333333
2025,8,14,24,43.51549
2025,8,15,1,40.67279666666667
2025,8,15,2,37.41171666666667
2025,8,15,3,36.35077666666667
2025,8,15,4,36.26793666666666
2025,8,15,5,37.77043666666666
2025,8,15,6,41.82118333333333
2025,8,15,7,42.28604666666666
2025,8,15,8,32.61766666666667
2025,8,15,9,25.317896666666662
2025,8,15,10,23.66692666666667
2025,8,15,11,24.397646666666663
2025,8,15,12,24.610776666666663
2025,8,15,13,24.893346666666663
2025,8,15,14,24.98901
2025,8,15,15,25.47243333333333
2025,8,15,16,26.93885333333333
2025,8,15,17,28.89648
2025,8,15,18,36.72658666666667
2025,8,15,19,41.831066666666665
2025,8,15,20,44.64944
2025,8,15,21,43.95740333333333
2025,8,15,22,42.20628333333334
2025,8,15,23,41.28010333333334
2025,8,15,24,40.754936666666666
2025,8,16,1,40.30698666666667
2025,8,16,2,40.16288333333333
2025,8,16,3,39.13662
2025,8,16,4,39.014716666666665
2025,8,16,5,39.18188666666666
2025,8,16,6,40.64049
2025,8,16,7,38.90857666666667
2025,8,16,8,26.19739
2025,8,16,9,15.449116666666669
2025,8,16,10,14.37982
2025,8,16,11,14.76041
2025,8,16,12,15.550806666666666
2025,8,16,13,15.432896666666666
2025,8,16,14,14.927566666666666
2025,8,16,15,14.953223333333334
2025,8,16,16,15.838926666666666
2025,8,16,17,16.76796
2025,8,16,18,27.460670000000004
2025,8,16,19,38.373556666666666
2025,8,16,20,39.816093333333335
2025,8,16,21,39.84598
2025,8,16,22,38.9739
2025,8,16,23,38.56157
2025,8,16,24,38.10653
2025,8,17,1,40.74441
2025,8,17,2,42.487523333333336
2025,8,17,3,40.534803333333336
2025,8,17,4,39.49614666666667
2025,8,17,5,40.39655333333334
2025,8,17,6,39.86557333333334
2025,8,17,7,37.581676666666674
2025,8,17,8,21.54122333333333
2025,8,17,9,11.3258
2025,8,17,10,10.304496666666669
2025,8,17,11,10.71188
2025,8,17,12,10.368413333333336
2025,8,17,13,10.85984
2025,8,17,14,10.54556
2025,8,17,15,11.575686666666668
2025,8,17,16,13.299443333333334
2025,8,17,17,17.154133333333334
2025,8,17,18,31.186856666666667
2025,8,17,19,43.348016666666666
2025,8,17,20,44.50749
2025,8,17,21,44.46755
2025,8,17,22,43.76425
2025,8,17,23,43.62134
2025,8,17,24,42.95361666666667
2025,8,18,1,43.19919333333333
2025,8,18,2,42.329546666666666
2025,8,18,3,41.37158
2025,8,18,4,40.43113
2025,8,18,5,40.94458333333333
2025,8,18,6,41.82173
2025,8,18,7,42.94183666666667
2025,8,18,8,31.03754333333333
2025,8,18,9,22.185623333333336
2025,8,18,10,21.069746666666667
2025,8,18,11,20.74877
2025,8,18,12,20.523576666666667
2025,8,18,13,20.963363333333334
2025,8,18,14,21.47717
2025,8,18,15,21.870353333333338
2025,8,18,16,24.340153333333333
2025,8,18,17,24.927480000000003
2025,8,18,18,35.99682333333333
2025,8,18,19,44.555083333333336
2025,8,18,20,49.95962333333333
2025,8,18,21,48.33823666666667
2025,8,18,22,44.89924666666667
2025,8,18,23,44.06778666666667
2025,8,18,24,43.63458666666667
2025,8,19,1,46.89881666666667
2025,8,19,2,43.25811333333333
2025,8,19,3,40.64281
2025,8,19,4,40.12752666666667
2025,8,19,5,40.55422333333333
2025,8,19,6,43.61219
2025,8,19,7,47.17086666666666
2025,8,19,8,36.44778333333333
2025,8,19,9,27.84545333333333
2025,8,19,10,25.92881
2025,8,19,11,25.39067
2025,8,19,12,26.45255
2025,8,19,13,26.65129333333333
2025,8,19,14,26.950346666666665
2025,8,19,15,28.48062333333333
2025,8,19,16,33.427976666666666
2025,8,19,17,32.65570333333333
2025,8,19,18,40.62625333333333
2025,8,19,19,51.56005
2025,8,19,20,57.49319
2025,8,19,21,53.18781333333334
2025,8,19,22,51.67415666666667
2025,8,19,23,49.41293
2025,8,19,24,44.15431333333333
2025,8,20,1,42.6084
2025,8,20,2,40.25491666666667
2025,8,20,3,39.83978
2025,8,20,4,39.24218666666667
2025,8,20,5,40.13339666666666
2025,8,20,6,44.14442666666667
2025,8,20,7,47.84347666666667
2025,8,20,8,37.23034666666667
2025,8,20,9,31.54412333333333
2025,8,20,10,30.25299
2025,8,20,11,30.48936
2025,8,20,12,30.51458
2025,8,20,13,31.745373333333333
2025,8,20,14,33.39514
2025,8,20,15,35.23479666666667
2025,8,20,16,37.69531666666666
2025,8,20,17,42.0704
2025,8,20,18,48.13955000000001
2025,8,20,19,56.53033666666666
2025,8,20,20,62.50878333333333
2025,8,20,21,58.59836666666666
2025,8,20,22,53.108720000000005
2025,8,20,23,51.01012666666666
2025,8,20,24,46.17176333333333
2025,8,21,1,48.80171666666666
2025,8,21,2,46.27721666666667
2025,8,21,3,44.050473333333336
2025,8,21,4,44.119130000000006
2025,8,21,5,44.49957333333333
2025,8,21,6,48.90833333333333
2025,8,21,7,52.06448
2025,8,21,8,42.59539
2025,8,21,9,36.63300666666667
2025,8,21,10,35.15728333333333
2025,8,21,11,35.28283
2025,8,21,12,37.15385666666666
2025,8,21,13,39.34674
2025,8,21,14,42.76334666666667
2025,8,21,15,44.79314
2025,8,21,16,54.77041333333333
2025,8,21,17,53.679
2025,8,21,18,62.35771666666667
2025,8,21,19,92.29549333333334
2025,8,21,20,99.77465666666666
2025,8,21,21,81.98501333333333
2025,8,21,22,64.20862
2025,8,21,23,60.18923
2025,8,21,24,52.62295
2025,8,22,1,52.366773333333335
2025,8,22,2,50.33578666666667
2025,8,22,3,49.23550333333333
2025,8,22,4,47.17063
2025,8,22,5,47.61995666666667
2025,8,22,6,51.65693666666667
2025,8,22,7,57.28654333333333
2025,8,22,8,48.25588
2025,8,22,9,43.34460000000001
2025,8,22,10,43.04415333333333
2025,8,22,11,42.70904
2025,8,22,12,39.5834
2025,8,22,13,42.19065666666666
2025,8,22,14,44.223533333333336
2025,8,22,15,47.11592
2025,8,22,16,53.01288
2025,8,22,17,55.62391333333333
2025,8,22,18,63.15237666666667
2025,8,22,19,89.60864
2025,8,22,20,107.42827333333334
2025,8,22,21,82.88808
2025,8,22,22,65.85889333333334
2025,8,22,23,57.51414666666667
2025,8,22,24,53.935300000000005
2025,8,23,1,54.23151333333333
2025,8,23,2,51.36762
2025,8,23,3,47.20898333333333
2025,8,23,4,45.87827333333333
2025,8,23,5,46.15430333333333
2025,8,23,6,46.26222333333334
2025,8,23,7,46.45837333333333
2025,8,23,8,44.49468333333333
2025,8,23,9,41.12847333333333
2025,8,23,10,41.64349000000001
2025,8,23,11,42.67705333333333
2025,8,23,12,42.24891333333333
2025,8,23,13,42.271276666666665
2025,8,23,14,42.93486333333334
2025,8,23,15,44.74426
2025,8,23,16,48.863753333333335
2025,8,23,17,50.84689666666666
2025,8,23,18,58.83155333333334
2025,8,23,19,63.48229666666666
2025,8,23,20,73.10291333333333
2025,8,23,21,61.03141
2025,8,23,22,63.19672
2025,8,23,23,57.30477333333334
2025,8,23,24,48.94895333333333
2025,8,24,1,49.29172666666667
2025,8,24,2,49.901810000000005
2025,8,24,3,47.82948666666667
2025,8,24,4,45.42388333333333
2025,8,24,5,45.46432
2025,8,24,6,43.846113333333335
2025,8,24,7,43.7112
2025,8,24,8,38.037
2025,8,24,9,34.395563333333335
2025,8,24,10,33.19305666666667
2025,8,24,11,31.924823333333336
2025,8,24,12,33.83691
2025,8,24,13,36.124523333333336
2025,8,24,14,39.20934
2025,8,24,15,41.61368333333333
2025,8,24,16,44.42831666666667
2025,8,24,17,49.68773333333333
2025,8,24,18,58.39505
2025,8,24,19,76.4314
2025,8,24,20,68.52078666666667
2025,8,24,21,67.51264333333334
2025,8,24,22,63.46092000000001
2025,8,24,23,58.67407333333333
2025,8,24,24,55.05222666666666
2025,8,25,1,49.70784
2025,8,25,2,46.03772333333333
2025,8,25,3,45.60005
2025,8,25,4,46.386426666666665
2025,8,25,5,47.048963333333326
2025,8,25,6,47.13338000000001
2025,8,25,7,57.946493333333336
2025,8,25,8,47.39312
2025,8,25,9,41.63287666666667
2025,8,25,10,40.6461
2025,8,25,11,40.66513333333333
2025,8,25,12,40.25689333333333
2025,8,25,13,41.49200666666667
2025,8,25,14,44.99929333333333
2025,8,25,15,50.79016666666666
2025,8,25,16,55.79716666666667
2025,8,25,17,58.02413666666666
2025,8,25,18,63.51324
2025,8,25,19,78.41369666666667
2025,8,25,20,79.03135999999999
2025,8,25,21,69.17590666666666
2025,8,25,22,65.19443333333334
2025,8,25,23,56.62885333333333
2025,8,25,24,53.66584333333333
2025,8,26,1,46.41966666666666
2025,8,26,2,44.75639
2025,8,26,3,42.977313333333335
2025,8,26,4,43.02904
2025,8,26,5,42.37600666666666
2025,8,26,6,43.57486333333333
2025,8,26,7,52.57078666666666
2025,8,26,8,44.33607000000001
2025,8,26,9,41.51384333333333
2025,8,26,10,39.75271666666666
2025,8,26,11,38.08462666666667
2025,8,26,12,38.776316666666666
2025,8,26,13,39.73124666666666
2025,8,26,14,40.55114666666667
2025,8,26,15,43.04116333333334
2025,8,26,16,46.35907
2025,8,26,17,43.66950333333333
2025,8,26,18,51.031623333333336
2025,8,26,19,57.45338666666667
2025,8,26,20,63.93470666666667
2025,8,26,21,59.921616666666665
2025,8,26,22,55.98719333333333
2025,8,26,23,49.287560000000006
2025,8,26,24,47.28598333333333
2025,8,27,1,45.06539
2025,8,27,2,42.881773333333335
2025,8,27,3,42.777170000000005
2025,8,27,4,41.93319
2025,8,27,5,42.678266666666666
2025,8,27,6,43.78703
2025,8,27,7,46.77711
2025,8,27,8,41.43002
2025,8,27,9,32.02253666666667
2025,8,27,10,30.338463333333333
2025,8,27,11,29.35617333333333
2025,8,27,12,29.31342
2025,8,27,13,30.377206666666662
2025,8,27,14,30.369606666666662
2025,8,27,15,33.16491
2025,8,27,16,35.64603333333333
2025,8,27,17,38.41509
2025,8,27,18,46.17082
2025,8,27,19,51.65729666666667
2025,8,27,20,53.85483
2025,8,27,21,51.84369333333333
2025,8,27,22,51.43765
2025,8,27,23,50.09434666666667
2025,8,27,24,47.67581333333333
2025,8,28,1,43.75514
2025,8,28,2,42.39729666666667
2025,8,28,3,42.10055
2025,8,28,4,42.07159
2025,8,28,5,42.269863333333326
2025,8,28,6,42.79609333333334
2025,8,28,7,47.68015333333333
2025,8,28,8,43.15055
2025,8,28,9,39.98021
2025,8,28,10,35.01860333333334
2025,8,28,11,33.96819333333333
2025,8,28,12,33.30270333333333
2025,8,28,13,32.77853
2025,8,28,14,33.84097666666667
2025,8,28,15,35.29405666666667
2025,8,28,16,38.28185666666666
2025,8,28,17,40.14051666666666
2025,8,28,18,47.23279
2025,8,28,19,54.70263
2025,8,28,20,55.44921
2025,8,28,21,54.080263333333335
2025,8,28,22,53.29870666666667
2025,8,28,23,52.43284
2025,8,28,24,45.849463333333325
2025,8,29,1,42.53006
2025,8,29,2,40.42943666666667
2025,8,29,3,39.19519
2025,8,29,4,38.69683666666666
2025,8,29,5,40.26081333333334
2025,8,29,6,40.92244333333333
2025,8,29,7,42.49524
2025,8,29,8,36.68209
2025,8,29,9,23.30065666666667
2025,8,29,10,22.1609
2025,8,29,11,21.58477
2025,8,29,12,21.279666666666667
2025,8,29,13,23.167136666666664
2025,8,29,14,23.592946666666663
2025,8,29,15,24.54895
2025,8,29,16,26.22058333333333
2025,8,29,17,29.195026666666667
2025,8,29,18,40.25660666666666
2025,8,29,19,54.73569
2025,8,29,20,56.04245
2025,8,29,21,52.82214
2025,8,29,22,52.23643666666667
2025,8,29,23,51.46160666666666
2025,8,29,24,47.711360000000006
2025,8,30,1,42.74498333333333
2025,8,30,2,42.48379666666667
2025,8,30,3,39.70077666666666
2025,8,30,4,41.11941333333333
2025,8,30,5,42.29856
2025,8,30,6,42.63276666666667
2025,8,30,7,43.36260333333333
2025,8,30,8,31.718490000000003
2025,8,30,9,24.033696666666668
2025,8,30,10,23.68374
2025,8,30,11,23.17083666666667
2025,8,30,12,25.400216666666665
2025,8,30,13,25.23012
2025,8,30,14,24.94702333333333
2025,8,30,15,26.03008
2025,8,30,16,30.57567
2025,8,30,17,34.911300000000004
2025,8,30,18,43.5847
2025,8,30,19,51.62265
2025,8,30,20,61.80623666666667
2025,8,30,21,51.62173000000001
2025,8,30,22,50.80583333333334
2025,8,30,23,49.14583
2025,8,30,24,48.8297
2025,9,1,1,44.67381
2025,9,1,2,41.55893666666667
2025,9,1,3,39.97752333333333
2025,9,1,4,40.593606666666666
2025,9,1,5,40.738283333333335
2025,9,1,6,41.04435333333333
2025,9,1,7,40.85951
2025,9,1,8,32.91974
2025,9,1,9,28.036346666666663
2025,9,1,10,26.998706666666664
2025,9,1,11,27.31687666666667
2025,9,1,12,30.324753333333334
2025,9,1,13,30.89489333333333
2025,9,1,14,33.26685333333334
2025,9,1,15,34.976593333333334
2025,9,1,16,39.37229666666666
2025,9,1,17,45.28902
2025,9,1,18,55.57087333333334
2025,9,1,19,63.85044333333334
2025,9,1,20,67.53149
2025,9,1,21,61.106883333333336
2025,9,1,22,56.51909
2025,9,1,23,55.88912666666667
2025,9,1,24,52.00275333333334
2025,9,2,1,62.40878666666666
2025,9,2,2,54.81120000000001
2025,9,2,3,54.50520666666667
2025,9,2,4,54.16829333333334
2025,9,2,5,54.78394333333333
2025,9,2,6,56.65109666666667
2025,9,2,7,62.36579666666668
2025,9,2,8,55.70594333333333
2025,9,2,9,49.10808666666667
2025,9,2,10,45.34108
2025,9,2,11,44.26308
2025,9,2,12,44.529713333333326
2025,9,2,13,45.84432999999999
2025,9,2,14,46.34558333333334
2025,9,2,15,52.395843333333325
2025,9,2,16,58.45298666666667
2025,9,2,17,60.78932
2025,9,2,18,67.71874666666666
2025,9,2,19,86.33251333333334
2025,9,2,20,88.73553
2025,9,2,21,71.58272
2025,9,2,22,64.14579333333333
2025,9,2,23,59.6333
2025,9,2,24,55.18086
2025,9,3,1,66.26755666666666
2025,9,3,2,63.69980666666667
2025,9,3,3,57.95574666666667
2025,9,3,4,54.499770000000005
2025,9,3,5,54.72331666666667
2025,9,3,6,54.90946
2025,9,3,7,65.47775666666666
2025,9,3,8,55.24109666666666
2025,9,3,9,45.60956
2025,9,3,10,43.65041
2025,9,3,11,41.80576
2025,9,3,12,41.41583
2025,9,3,13,42.822660000000006
2025,9,3,14,43.072966666666666
2025,9,3,15,47.90384333333333
2025,9,3,16,54.06136
2025,9,3,17,54.78987
2025,9,3,18,67.06545333333334
2025,9,3,19,89.19513666666667
2025,9,3,20,90.63013666666666
2025,9,3,21,75.64599
2025,9,3,22,69.60277333333333
2025,9,3,23,65.76275333333334
2025,9,3,24,61.39837666666667
2025,9,4,1,53.40407
2025,9,4,2,47.88885666666667
2025,9,4,3,46.85998
2025,9,4,4,46.53564
2025,9,4,5,46.72827333333333
2025,9,4,6,46.52757333333333
2025,9,4,7,57.543036666666666
2025,9,4,8,46.86442
2025,9,4,9,38.627786666666665
2025,9,4,10,36.078496666666666
2025,9,4,11,34.09800333333333
2025,9,4,12,35.011383333333335
2025,9,4,13,35.781443333333335
2025,9,4,14,36.94949666666667
2025,9,4,15,38.846716666666666
2025,9,4,16,42.10375
2025,9,4,17,46.32856
2025,9,4,18,53.9681
2025,9,4,19,63.75568333333334
2025,9,4,20,67.94347666666665
2025,9,4,21,61.88866333333333
2025,9,4,22,58.08839333333333
2025,9,4,23,53.07247
2025,9,4,24,49.13324333333333
2025,9,5,1,44.79597666666667
2025,9,5,2,43.53513
2025,9,5,3,42.037016666666666
2025,9,5,4,41.68804
2025,9,5,5,42.15258333333333
2025,9,5,6,46.41834333333333
2025,9,5,7,52.41102333333333
2025,9,5,8,42.411856666666665
2025,9,5,9,33.21442666666667
2025,9,5,10,31.17252333333333
2025,9,5,11,29.03282
2025,9,5,12,30.24235
2025,9,5,13,30.964256666666667
2025,9,5,14,31.680336666666665
2025,9,5,15,32.16123
2025,9,5,16,33.856163333333335
2025,9,5,17,36.81312
2025,9,5,18,47.75421333333333
2025,9,5,19,53.199086666666666
2025,9,5,20,56.13334333333333
2025,9,5,21,52.759456666666665
2025,9,5,22,51.85729333333333
2025,9,5,23,50.91506666666667
2025,9,5,24,50.985103333333335
2025,9,6,1,48.74753333333334
2025,9,6,2,46.56173
2025,9,6,3,45.07606333333333
2025,9,6,4,44.44276666666667
2025,9,6,5,44.99120666666666
2025,9,6,6,44.81482333333333
2025,9,6,7,49.43098333333333
2025,9,6,8,38.17302
2025,9,6,9,22.06602
2025,9,6,10,20.1957
2025,9,6,11,20.07877
2025,9,6,12,20.283836666666662
2025,9,6,13,18.96896333333333
2025,9,6,14,20.50110666666667
2025,9,6,15,21.70599
2025,9,6,16,23.789636666666667
2025,9,6,17,33.53722333333334
2025,9,6,18,46.28775
2025,9,6,19,55.264316666666666
2025,9,6,20,58.46299333333334
2025,9,6,21,53.32226333333333
2025,9,6,22,51.3213
2025,9,6,23,48.786660000000005
2025,9,6,24,49.00924333333334
2025,9,7,1,46.41750666666667
2025,9,7,2,45.81831333333333
2025,9,7,3,44.653353333333335
2025,9,7,4,43.57243333333333
2025,9,7,5,40.70780333333334
2025,9,7,6,44.99174333333334
2025,9,7,7,44.79879
2025,9,7,8,28.73435333333333
2025,9,7,9,19.44308333333333
2025,9,7,10,16.796046666666665
2025,9,7,11,15.54248
2025,9,7,12,17.4867
2025,9,7,13,18.49708333333333
2025,9,7,14,19.37431
2025,9,7,15,19.687683333333336
2025,9,7,16,26.401026666666667
2025,9,7,17,31.90743
2025,9,7,18,43.40387333333334
2025,9,7,19,49.20147333333333
2025,9,7,20,52.61673666666667
2025,9,7,21,49.88694666666667
2025,9,7,22,48.41491333333334
2025,9,7,23,48.35095333333334
2025,9,7,24,47.25726333333333
2025,9,8,1,43.63503
2025,9,8,2,42.50394666666667
2025,9,8,3,41.387926666666665
2025,9,8,4,41.433663333333335
2025,9,8,5,42.46953666666666
2025,9,8,6,44.47116666666667
2025,9,8,7,49.91480000000001
2025,9,8,8,41.9404
2025,9,8,9,25.681933333333333
2025,9,8,10,25.13871333333333
2025,9,8,11,24.972040000000003
2025,9,8,12,25.42141666666667
2025,9,8,13,25.72994
2025,9,8,14,26.320316666666667
2025,9,8,15,27.021860000000004
2025,9,8,16,29.18382
2025,9,8,17,31.63558
2025,9,8,18,43.1564
2025,9,8,19,49.72673
2025,9,8,20,59.00899
2025,9,8,21,53.55974333333333
2025,9,8,22,51.76826666666667
2025,9,8,23,50.47385
2025,9,8,24,48.24893333333333
2025,9,9,1,41.514253333333336
2025,9,9,2,44.87437333333333
2025,9,9,3,42.30768666666666
2025,9,9,4,41.90352
2025,9,9,5,43.862883333333336
2025,9,9,6,44.10870666666667
2025,9,9,7,50.35040333333333
2025,9,9,8,42.32959
2025,9,9,9,24.045746666666663
2025,9,9,10,20.24501
2025,9,9,11,22.094426666666664
2025,9,9,12,21.85241333333333
2025,9,9,13,21.82761
2025,9,9,14,23.11574333333333
2025,9,9,15,22.20595333333333
2025,9,9,16,25.357993333333336
2025,9,9,17,26.98949
2025,9,9,18,42.19999
2025,9,9,19,47.231233333333336
2025,9,9,20,48.73155333333333
2025,9,9,21,45.06085
2025,9,9,22,46.04575333333333
2025,9,9,23,45.56657666666666
2025,9,9,24,44.74988333333334
2025,9,10,1,42.862073333333335
2025,9,10,2,41.45991
2025,9,10,3,39.941766666666666
2025,9,10,4,39.80114666666666
2025,9,10,5,42.05206333333333
2025,9,10,6,41.51459333333333
2025,9,10,7,47.94719333333333
2025,9,10,8,41.39958333333333
2025,9,10,9,21.15668666666667
2025,9,10,10,18.66229333333333
2025,9,10,11,17.339676666666666
2025,9,10,12,17.599453333333333
2025,9,10,13,17.02459
2025,9,10,14,17.137986666666666
2025,9,10,15,17.07603
2025,9,10,16,17.818256666666667
2025,9,10,17,20.80386
2025,9,10,18,38.377896666666665
2025,9,10,19,47.00171333333333
2025,9,10,20,49.68056333333334
2025,9,10,21,48.66683
2025,9,10,22,47.66374666666667
2025,9,10,23,46.24862666666667
2025,9,10,24,45.18083666666666
2025,9,11,1,43.33277
2025,9,11,2,42.08123333333333
2025,9,11,3,40.48609666666667
2025,9,11,4,40.43757
2025,9,11,5,42.36657666666667
2025,9,11,6,43.02663666666666
2025,9,11,7,49.10314333333333
2025,9,11,8,42.81803666666667
2025,9,11,9,19.90198666666667
2025,9,11,10,16.07687333333333
2025,9,11,11,14.09165
2025,9,11,12,13.180773333333336
2025,9,11,13,14.946636666666668
2025,9,11,14,15.33845
2025,9,11,15,14.945253333333334
2025,9,11,16,15.26425
2025,9,11,17,14.271403333333334
2025,9,11,18,36.71884
2025,9,11,19,47.85825
2025,9,11,20,49.02269
2025,9,11,21,47.920170000000006
2025,9,11,22,47.25182
2025,9,11,23,45.97121333333334
2025,9,11,24,44.68646
2025,9,12,1,44.15464333333333
2025,9,12,2,41.11222
2025,9,12,3,40.41329
2025,9,12,4,40.38294
2025,9,12,5,40.75385333333333
2025,9,12,6,42.99754
2025,9,12,7,48.06316999999999
2025,9,12,8,41.50129
2025,9,12,9,18.19013
2025,9,12,10,14.32913
2025,9,12,11,14.22521
2025,9,12,12,14.309853333333336
2025,9,12,13,14.78671
2025,9,12,14,14.40112
2025,9,12,15,14.436103333333334
2025,9,12,16,15.269793333333334
2025,9,12,17,17.166083333333333
2025,9,12,18,38.62223
2025,9,12,19,45.97002666666666
2025,9,12,20,47.40416333333334
2025,9,12,21,45.85664
2025,9,12,22,44.78639666666667
2025,9,12,23,43.52303333333333
2025,9,12,24,41.84177
2025,9,13,1,42.59670333333333
2025,9,13,2,41.10685
2025,9,13,3,40.59237
2025,9,13,4,40.09976666666667
2025,9,13,5,41.124966666666666
2025,9,13,6,41.77268333333333
2025,9,13,7,43.63065
2025,9,13,8,33.16169333333333
2025,9,13,9,10.149146666666669
2025,9,13,10,7.962416666666667
2025,9,13,11,8.896553333333333
2025,9,13,12,8.823526666666666
2025,9,13,13,9.016723333333331
2025,9,13,14,9.61347
2025,9,13,15,9.731116666666669
2025,9,13,16,10.463976666666666
2025,9,13,17,16.417863333333333
2025,9,13,18,38.61354666666667
2025,9,13,19,46.532810000000005
2025,9,13,20,46.35665666666667
2025,9,13,21,45.778796666666665
2025,9,13,22,45.20873
2025,9,13,23,43.95959666666667
2025,9,13,24,43.61495333333334
2025,9,14,1,43.71117999999999
2025,9,14,2,41.28722333333334
2025,9,14,3,40.22459
2025,9,14,4,39.39734666666666
2025,9,14,5,42.549013333333335
2025,9,14,6,41.21773666666667
2025,9,14,7,40.782963333333335
2025,9,14,8,28.658403333333336
2025,9,14,9,13.017793333333332
2025,9,14,10,10.209613333333332
2025,9,14,11,10.4546
2025,9,14,12,10.248653333333332
2025,9,14,13,10.08263
2025,9,14,14,10.839503333333331
2025,9,14,15,11.378936666666666
2025,9,14,16,13.77577
2025,9,14,17,22.24710333333333
2025,9,14,18,37.84531666666667
2025,9,14,19,48.43685
2025,9,14,20,50.340203333333335
2025,9,14,21,48.74026
2025,9,14,22,47.56016
2025,9,14,23,46.95251
2025,9,14,24,46.38260333333333
2025,9,15,1,46.73377333333334
2025,9,15,2,42.78137666666667
2025,9,15,3,42.80086
2025,9,15,4,42.62806666666666
2025,9,15,5,46.970396666666666
2025,9,15,6,48.81701666666667
2025,9,15,7,52.46708
2025,9,15,8,42.242196666666665
2025,9,15,9,25.557403333333337
2025,9,15,10,24.51981
2025,9,15,11,24.045136666666668
2025,9,15,12,24.48241
2025,9,15,13,24.66355
2025,9,15,14,24.91717333333333
2025,9,15,15,25.983283333333333
2025,9,15,16,30.614473333333336
2025,9,15,17,35.52728
2025,9,15,18,52.35625666666667
2025,9,15,19,63.79751666666667
2025,9,15,20,65.11698333333334
2025,9,15,21,60.74884333333333
2025,9,15,22,56.99166
2025,9,15,23,55.95707
2025,9,15,24,52.34075333333334
2025,9,16,1,52.707483333333336
2025,9,16,2,50.17926
2025,9,16,3,47.68907333333334
2025,9,16,4,47.45075666666667
2025,9,16,5,48.504313333333336
2025,9,16,6,50.66734333333333
2025,9,16,7,57.99657666666667
2025,9,16,8,48.211693333333336
2025,9,16,9,31.124746666666667
2025,9,16,10,28.16181
2025,9,16,11,27.446293333333333
2025,9,16,12,27.82823
2025,9,16,13,27.300923333333333
2025,9,16,14,30.34588666666666
2025,9,16,15,33.57353666666667
2025,9,16,16,36.45180666666667
2025,9,16,17,45.88240666666667
2025,9,16,18,63.79040333333333
2025,9,16,19,82.06984666666666
2025,9,16,20,78.50025666666666
2025,9,16,21,69.62011333333334
2025,9,16,22,65.26335999999999
2025,9,16,23,61.26636333333334
2025,9,16,24,53.74263
2025,9,17,1,50.53804333333333
2025,9,17,2,48.78379
2025,9,17,3,46.03921666666667
2025,9,17,4,45.66838666666666
2025,9,17,5,46.14084
2025,9,17,6,47.92562
2025,9,17,7,53.65589333333333
2025,9,17,8,49.81101666666667
2025,9,17,9,36.89151999999999
2025,9,17,10,33.28324666666666
2025,9,17,11,33.19987
2025,9,17,12,33.880026666666666
2025,9,17,13,34.40611666666667
2025,9,17,14,35.13167333333333
2025,9,17,15,40.59268666666667
2025,9,17,16,42.46544666666667
2025,9,17,17,55.15848
2025,9,17,18,67.49920666666667
2025,9,17,19,70.83524999999999
2025,9,17,20,64.79963
2025,9,17,21,60.80076666666667
2025,9,17,22,59.802
2025,9,17,23,57.12914333333333
2025,9,17,24,49.86192333333333
2025,9,18,1,56.60555333333334
2025,9,18,2,52.34240333333333
2025,9,18,3,51.10005666666667
2025,9,18,4,51.00495333333333
2025,9,18,5,51.41997666666666
2025,9,18,6,51.64530666666667
2025,9,18,7,58.435026666666666
2025,9,18,8,59.69946
2025,9,18,9,53.05119666666667
2025,9,18,10,52.50669
2025,9,18,11,51.56130666666667
2025,9,18,12,50.751683333333325
2025,9,18,13,49.90786
2025,9,18,14,50.533433333333335
2025,9,18,15,52.63017666666667
2025,9,18,16,53.65297
2025,9,18,17,56.87489
2025,9,18,18,59.81520333333333
2025,9,18,19,59.620556666666666
2025,9,18,20,60.12380666666667
2025,9,18,21,60.11328666666666
2025,9,18,22,58.882306666666665
2025,9,18,23,56.84504
2025,9,18,24,53.64372666666667
2025,9,19,1,50.58507333333333
2025,9,19,2,49.29444333333333
2025,9,19,3,47.499406666666665
2025,9,19,4,47.093806666666666
2025,9,19,5,47.694880000000005
2025,9,19,6,48.754133333333336
2025,9,19,7,54.806293333333336
2025,9,19,8,49.15786333333333
2025,9,19,9,38.230916666666666
2025,9,19,10,33.83762333333333
2025,9,19,11,34.90271333333333
2025,9,19,12,34.173806666666664
2025,9,19,13,33.77759666666667
2025,9,19,14,34.36747333333333
2025,9,19,15,34.442993333333334
2025,9,19,16,36.06492666666667
2025,9,19,17,38.59321666666667
2025,9,19,18,50.40000333333333
2025,9,19,19,53.95941666666667
2025,9,19,20,53.92800333333333
2025,9,19,21,53.27738
2025,9,19,22,51.29360666666667
2025,9,19,23,50.56415333333334
2025,9,19,24,49.89606
2025,9,20,1,46.73397
2025,9,20,2,46.51799666666667
2025,9,20,3,45.676006666666666
2025,9,20,4,45.39406333333333
2025,9,20,5,45.55422000000001
2025,9,20,6,45.65493666666666
2025,9,20,7,46.32873666666666
2025,9,20,8,39.83175
2025,9,20,9,27.002326666666665
2025,9,20,10,23.82786333333333
2025,9,20,11,24.09006666666667
2025,9,20,12,23.771236666666667
2025,9,20,13,22.9839
2025,9,20,14,23.87902
2025,9,20,15,24.466826666666663
2025,9,20,16,27.46015333333333
2025,9,20,17,31.397603333333333
2025,9,20,18,46.54058333333334
2025,9,20,19,51.27376
2025,9,20,20,51.43923
2025,9,20,21,49.05572333333333
2025,9,20,22,48.29655
2025,9,20,23,47.866013333333335
2025,9,20,24,47.50888
2025,9,21,1,50.20707
2025,9,21,2,49.33983
2025,9,21,3,47.06267
2025,9,21,4,45.25615666666667
2025,9,21,5,45.37445
2025,9,21,6,43.173603333333325
2025,9,21,7,44.73135666666667
2025,9,21,8,36.91336666666667
2025,9,21,9,30.601433333333333
2025,9,21,10,28.870846666666665
2025,9,21,11,30.23933
2025,9,21,12,29.901996666666665
2025,9,21,13,30.044206666666668
2025,9,21,14,30.28235666666667
2025,9,21,15,30.85367666666667
2025,9,21,16,33.477533333333334
2025,9,21,17,39.32055333333333
2025,9,21,18,49.51458
2025,9,21,19,50.44155333333333
2025,9,21,20,51.07818666666666
2025,9,21,21,49.88123333333333
2025,9,21,22,49.09586333333333
2025,9,21,23,49.31004
2025,9,21,24,48.5684
2025,9,22,1,45.93762666666667
2025,9,22,2,45.27752
2025,9,22,3,41.87442333333333
2025,9,22,4,41.79567666666667
2025,9,22,5,42.56447666666667
2025,9,22,6,44.26576666666667
2025,9,22,7,51.56053
2025,9,22,8,44.64441
2025,9,22,9,25.81783333333333
2025,9,22,10,20.631353333333333
2025,9,22,11,18.589
2025,9,22,12,32.223933333333335
2025,9,22,13,31.660276666666665
2025,9,22,14,32.47093666666667
2025,9,22,15,32.99023666666667
2025,9,22,16,35.586083333333335
2025,9,22,17,36.59247
2025,9,22,18,52.68233
2025,9,22,19,59.64340333333333
2025,9,22,20,62.56087
2025,9,22,21,57.94692666666666
2025,9,22,22,56.12625333333333
2025,9,22,23,54.21918333333334
2025,9,22,24,49.04075
2025,9,23,1,49.64641
2025,9,23,2,49.80984333333333
2025,9,23,3,45.36923
2025,9,23,4,45.19610333333333
2025,9,23,5,45.84986
2025,9,23,6,49.61837
2025,9,23,7,55.647983333333336
2025,9,23,8,48.44492666666667
2025,9,23,9,35.956493333333334
2025,9,23,10,31.626566666666665
2025,9,23,11,32.06185333333333
2025,9,23,12,29.530103333333333
2025,9,23,13,32.583333333333336
2025,9,23,14,31.776333333333337
2025,9,23,15,34.51803666666667
2025,9,23,16,38.89103333333333
2025,9,23,17,48.2582
2025,9,23,18,66.48874666666667
2025,9,23,19,77.86883666666667
2025,9,23,20,70.54503
2025,9,23,21,68.12461
2025,9,23,22,65.71692333333333
2025,9,23,23,65.28869666666667
2025,9,23,24,60.56186
2025,9,24,1,45.747036666666666
2025,9,24,2,47.81151666666667
2025,9,24,3,43.90501666666666
2025,9,24,4,43.02070666666666
2025,9,24,5,44.33922333333334
2025,9,24,6,47.87062333333333
2025,9,24,7,52.948933333333336
2025,9,24,8,48.29841
2025,9,24,9,38.81218666666667
2025,9,24,10,36.59354666666667
2025,9,24,11,36.95756333333333
2025,9,24,12,36.24671666666666
2025,9,24,13,34.85391
2025,9,24,14,35.37146333333333
2025,9,24,15,37.28016
2025,9,24,16,37.01414333333333
2025,9,24,17,40.91995
2025,9,24,18,54.14123666666666
2025,9,24,19,57.61392666666666
2025,9,24,20,55.87039666666666
2025,9,24,21,55.31943666666666
2025,9,24,22,54.635776666666665
2025,9,24,23,53.81337333333334
2025,9,24,24,52.40674666666666
2025,9,25,1,48.40977
2025,9,25,2,47.62389
2025,9,25,3,45.88289666666666
2025,9,25,4,43.97187333333333
2025,9,25,5,45.10427333333333
2025,9,25,6,48.34159
2025,9,25,7,50.91360666666666
2025,9,25,8,45.34044666666667
2025,9,25,9,28.53053
2025,9,25,10,23.08569
2025,9,25,11,22.75203666666667
2025,9,25,12,21.79405
2025,9,25,13,21.71366
2025,9,25,14,21.60862333333333
2025,9,25,15,21.78326333333333
2025,9,25,16,21.290796666666665
2025,9,25,17,25.79494
2025,9,25,18,45.23762333333334
2025,9,25,19,48.54069333333333
2025,9,25,20,47.92056
2025,9,25,21,46.57639666666668
2025,9,25,22,45.70543666666666
2025,9,25,23,45.48749
2025,9,25,24,44.74725333333333
2025,9,26,1,40.08089666666667
2025,9,26,2,38.54352333333333
2025,9,26,3,38.66002666666667
2025,9,26,4,38.182206666666666
2025,9,26,5,39.158566666666665
2025,9,26,6,41.37977
2025,9,26,7,47.91287333333333
2025,9,26,8,44.39787666666666
2025,9,26,9,24.08451666666667
2025,9,26,10,22.163616666666663
2025,9,26,11,21.362170000000003
2025,9,26,12,20.774976666666667
2025,9,26,13,20.30675666666667
2025,9,26,14,20.74263
2025,9,26,15,20.68569
2025,9,26,16,22.77743
2025,9,26,17,29.80046333333333
2025,9,26,18,45.03571
2025,9,26,19,48.86923
2025,9,26,20,47.819343333333336
2025,9,26,21,46.68020333333334
2025,9,26,22,46.37880666666667
2025,9,26,23,45.49247
2025,9,26,24,45.15916666666667
2025,9,27,1,46.9652
2025,9,27,2,46.365583333333326
2025,9,27,3,44.11190333333334
2025,9,27,4,43.87534333333334
2025,9,27,5,44.30037
2025,9,27,6,46.04047333333333
2025,9,27,7,47.26618333333334
2025,9,27,8,40.49986666666667
2025,9,27,9,25.80948666666667
2025,9,27,10,23.957246666666663
2025,9,27,11,23.43857333333333
2025,9,27,12,22.12568
2025,9,27,13,23.03667333333333
2025,9,27,14,22.98392
2025,9,27,15,22.477933333333336
2025,9,27,16,25.59965
2025,9,27,17,31.22459333333333
2025,9,27,18,43.968
2025,9,27,19,45.04434
2025,9,27,20,45.15986333333333
2025,9,27,21,44.48976666666667
2025,9,27,22,44.71932666666667
2025,9,27,23,44.216616666666674
2025,9,27,24,43.45795666666667
2025,9,28,1,45.98737666666667
2025,9,28,2,45.06943
2025,9,28,3,42.66796333333334
2025,9,28,4,42.38440333333333
2025,9,28,5,43.34352666666666
2025,9,28,6,42.20547666666667
2025,9,28,7,40.95990333333334
2025,9,28,8,35.13737
2025,9,28,9,18.330376666666663
2025,9,28,10,15.76082
2025,9,28,11,15.921473333333331
2025,9,28,12,16.240213333333333
2025,9,28,13,14.919083333333331
2025,9,28,14,15.15361
2025,9,28,15,15.408356666666668
2025,9,28,16,15.58741
2025,9,28,17,18.692856666666668
2025,9,28,18,41.16231
2025,9,28,19,45.04048333333333
2025,9,28,20,45.34648666666666
2025,9,28,21,45.01552999999999
2025,9,28,22,44.90385
2025,9,28,23,44.93280000000001
2025,9,28,24,44.34441
2025,9,29,1,45.863616666666665
2025,9,29,2,45.37553
2025,9,29,3,42.75779
2025,9,29,4,42.71605666666667
2025,9,29,5,44.81072666666666
2025,9,29,6,47.39295333333333
2025,9,29,7,52.10384333333334
2025,9,29,8,46.72678666666667
2025,9,29,9,35.02556333333333
2025,9,29,10,30.999086666666667
2025,9,29,11,29.42861333333333
2025,9,29,12,28.48517
2025,9,29,13,28.578356666666668
2025,9,29,14,28.49903666666667
2025,9,29,15,29.85041333333333
2025,9,29,16,30.700676666666663
2025,9,29,17,33.893996666666666
2025,9,29,18,44.78349666666667
2025,9,29,19,46.39765
2025,9,29,20,46.18537666666666
2025,9,29,21,45.81108
2025,9,29,22,46.00658333333333
2025,9,29,23,45.14516
2025,9,29,24,44.97052666666667
