Year,Month,Day,Hour,$/MWh
2022,7,1,1,70.70564
2022,7,1,2,65.39378
2022,7,1,3,64.18736
2022,7,1,4,61.6392
2022,7,1,5,62.38411
2022,7,1,6,66.65615
2022,7,1,7,65.42743
2022,7,1,8,57.17307
2022,7,1,9,47.87122
2022,7,1,10,45.00311
2022,7,1,11,48.23064
2022,7,1,12,54.76391
2022,7,1,13,56.25245
2022,7,1,14,57.40535
2022,7,1,15,60.02228
2022,7,1,16,60.05759
2022,7,1,17,62.28957
2022,7,1,18,67.68547
2022,7,1,19,81.78049
2022,7,1,20,98.9328
2022,7,1,21,96.73352
2022,7,1,22,87.87697
2022,7,1,23,72.78633
2022,7,1,24,64.12746
2022,7,2,1,62.63137
2022,7,2,2,59.42891
2022,7,2,3,57.49834
2022,7,2,4,54.8233
2022,7,2,5,54.65695
2022,7,2,6,56.32835
2022,7,2,7,56.52389
2022,7,2,8,39.93
2022,7,2,9,28.41777
2022,7,2,10,26.41838
2022,7,2,11,26.48312
2022,7,2,12,28.96417
2022,7,2,13,31.46427
2022,7,2,14,33.88801
2022,7,2,15,36.95775
2022,7,2,16,43.38883
2022,7,2,17,44.66567
2022,7,2,18,53.36161
2022,7,2,19,65.64424
2022,7,2,20,89.08082
2022,7,2,21,91.27552
2022,7,2,22,81.79747
2022,7,2,23,64.02652
2022,7,2,24,55.91527
2022,7,3,1,52.30642
2022,7,3,2,52.62
2022,7,3,3,50.85
2022,7,3,4,50.85
2022,7,3,5,50.85
2022,7,3,6,50.85
2022,7,3,7,45.32355
2022,7,3,8,15.69778
2022,7,3,9,8.24577
2022,7,3,10,6.38794
2022,7,3,11,7.48266
2022,7,3,12,8.06594
2022,7,3,13,7.22002
2022,7,3,14,8.64819
2022,7,3,15,10.75502
2022,7,3,16,15.6411
2022,7,3,17,20.39335
2022,7,3,18,37.83948
2022,7,3,19,57.40741
2022,7,3,20,82.24964
2022,7,3,21,90.12982
2022,7,3,22,82.3463
2022,7,3,23,65.57009
2022,7,3,24,60.93144
2022,7,4,1,49.3076
2022,7,4,2,50.41748
2022,7,4,3,49.02441
2022,7,4,4,48.13648
2022,7,4,5,48.41746
2022,7,4,6,50.00457
2022,7,4,7,46.90385
2022,7,4,8,15.66519
2022,7,4,9,7.56665
2022,7,4,10,7.10573
2022,7,4,11,8.37969
2022,7,4,12,9.0017
2022,7,4,13,8.03617
2022,7,4,14,11.89683
2022,7,4,15,13.27899
2022,7,4,16,21.02574
2022,7,4,17,28.35185
2022,7,4,18,44.17796
2022,7,4,19,63.11706
2022,7,4,20,78.6159
2022,7,4,21,86.0
2022,7,4,22,77.53715
2022,7,4,23,62.7394
2022,7,4,24,59.94969
2022,7,5,1,53.9347
2022,7,5,2,51.76471
2022,7,5,3,50.27497
2022,7,5,4,50.31776
2022,7,5,5,50.69313
2022,7,5,6,55.88359
2022,7,5,7,63.73739
2022,7,5,8,55.96417
2022,7,5,9,45.69562
2022,7,5,10,44.23584
2022,7,5,11,45.57924
2022,7,5,12,47.98214
2022,7,5,13,49.25472
2022,7,5,14,51.47069
2022,7,5,15,50.99685
2022,7,5,16,55.75482
2022,7,5,17,54.65978
2022,7,5,18,58.06719
2022,7,5,19,71.36678
2022,7,5,20,94.02424
2022,7,5,21,98.16154
2022,7,5,22,92.01513
2022,7,5,23,65.0
2022,7,5,24,60.0
2022,7,6,1,56.17433
2022,7,6,2,54.78898
2022,7,6,3,51.88464
2022,7,6,4,49.84234
2022,7,6,5,52.64172
2022,7,6,6,55.75066
2022,7,6,7,61.1077
2022,7,6,8,50.88557
2022,7,6,9,46.459
2022,7,6,10,44.54163
2022,7,6,11,44.396
2022,7,6,12,47.30987
2022,7,6,13,48.99193
2022,7,6,14,54.15945
2022,7,6,15,55.82517
2022,7,6,16,56.37013
2022,7,6,17,52.36744
2022,7,6,18,58.13257
2022,7,6,19,70.89549
2022,7,6,20,89.2203
2022,7,6,21,91.51201
2022,7,6,22,84.47001
2022,7,6,23,62.42
2022,7,6,24,58.50637
2022,7,7,1,56.90159
2022,7,7,2,52.65567
2022,7,7,3,51.25987
2022,7,7,4,50.66382
2022,7,7,5,51.52778
2022,7,7,6,55.3764
2022,7,7,7,60.96923
2022,7,7,8,50.54591
2022,7,7,9,44.53969
2022,7,7,10,44.48636
2022,7,7,11,45.84222
2022,7,7,12,52.29768
2022,7,7,13,53.82348
2022,7,7,14,55.71071
2022,7,7,15,54.99459
2022,7,7,16,55.2371
2022,7,7,17,57.36526
2022,7,7,18,63.6477
2022,7,7,19,77.40918
2022,7,7,20,93.43379
2022,7,7,21,94.25405
2022,7,7,22,83.26526
2022,7,7,23,63.90289
2022,7,7,24,61.63782
2022,7,8,1,60.63724
2022,7,8,2,56.70841
2022,7,8,3,55.2261
2022,7,8,4,54.3817
2022,7,8,5,55.48235
2022,7,8,6,59.43396
2022,7,8,7,60.86344
2022,7,8,8,52.93796
2022,7,8,9,47.58037
2022,7,8,10,46.93332
2022,7,8,11,48.30699
2022,7,8,12,54.9108
2022,7,8,13,58.81553
2022,7,8,14,59.06915
2022,7,8,15,60.62874
2022,7,8,16,59.2093
2022,7,8,17,60.65396
2022,7,8,18,68.5859
2022,7,8,19,84.54814
2022,7,8,20,102.8262
2022,7,8,21,97.29984
2022,7,8,22,87.97423
2022,7,8,23,67.60799
2022,7,8,24,62.96125
2022,7,9,1,63.46526
2022,7,9,2,59.281
2022,7,9,3,58.90906
2022,7,9,4,57.9828
2022,7,9,5,59.31114
2022,7,9,6,62.11098
2022,7,9,7,59.34303
2022,7,9,8,43.88942
2022,7,9,9,36.12125
2022,7,9,10,33.69155
2022,7,9,11,38.69534
2022,7,9,12,45.15894
2022,7,9,13,47.15239
2022,7,9,14,50.11845
2022,7,9,15,54.32729
2022,7,9,16,55.0
2022,7,9,17,56.41482
2022,7,9,18,60.88625
2022,7,9,19,80.09848
2022,7,9,20,102.81014
2022,7,9,21,97.70254
2022,7,9,22,86.72584
2022,7,9,23,68.80016
2022,7,9,24,65.88471
2022,7,10,1,62.76923
2022,7,10,2,58.90849
2022,7,10,3,59.12525
2022,7,10,4,57.64379
2022,7,10,5,61.04629
2022,7,10,6,59.52326
2022,7,10,7,59.35645
2022,7,10,8,36.9625
2022,7,10,9,31.59472
2022,7,10,10,27.73539
2022,7,10,11,32.73583
2022,7,10,12,40.3994
2022,7,10,13,46.94312
2022,7,10,14,49.7335
2022,7,10,15,56.08758
2022,7,10,16,63.44031
2022,7,10,17,61.62861
2022,7,10,18,68.46802
2022,7,10,19,91.69069
2022,7,10,20,114.70617
2022,7,10,21,101.93783
2022,7,10,22,90.43595
2022,7,10,23,68.09207
2022,7,10,24,62.41581
2022,7,11,1,66.39726
2022,7,11,2,62.91545
2022,7,11,3,60.40355
2022,7,11,4,60.52486
2022,7,11,5,62.17996
2022,7,11,6,67.59567
2022,7,11,7,78.44504
2022,7,11,8,59.32285
2022,7,11,9,55.66657
2022,7,11,10,56.11664
2022,7,11,11,58.9915
2022,7,11,12,63.5
2022,7,11,13,68.97267
2022,7,11,14,72.049
2022,7,11,15,82.58151
2022,7,11,16,94.65069
2022,7,11,17,99.33882
2022,7,11,18,105.00887
2022,7,11,19,133.22511
2022,7,11,20,195.9143
2022,7,11,21,153.09447
2022,7,11,22,108.20399
2022,7,11,23,82.37711
2022,7,11,24,74.55709
2022,7,12,1,70.96738
2022,7,12,2,68.4288
2022,7,12,3,64.83092
2022,7,12,4,64.73151
2022,7,12,5,65.05236
2022,7,12,6,70.81817
2022,7,12,7,79.50439
2022,7,12,8,61.82211
2022,7,12,9,58.88966
2022,7,12,10,57.67518
2022,7,12,11,58.44295
2022,7,12,12,61.42132
2022,7,12,13,65.33528
2022,7,12,14,66.64028
2022,7,12,15,72.70879
2022,7,12,16,80.42386
2022,7,12,17,84.79885
2022,7,12,18,89.34574
2022,7,12,19,111.36362
2022,7,12,20,143.01767
2022,7,12,21,121.22975
2022,7,12,22,99.57732
2022,7,12,23,77.06568
2022,7,12,24,73.71913
2022,7,13,1,69.7772
2022,7,13,2,67.17995
2022,7,13,3,65.7875
2022,7,13,4,65.57967
2022,7,13,5,65.66618
2022,7,13,6,70.55247
2022,7,13,7,81.15882
2022,7,13,8,63.58516
2022,7,13,9,59.4956
2022,7,13,10,59.23979
2022,7,13,11,60.39568
2022,7,13,12,63.96129
2022,7,13,13,66.77065
2022,7,13,14,68.44416
2022,7,13,15,72.02226
2022,7,13,16,74.87504
2022,7,13,17,81.69817
2022,7,13,18,88.4999
2022,7,13,19,110.05853
2022,7,13,20,132.76947
2022,7,13,21,118.71775
2022,7,13,22,100.93092
2022,7,13,23,78.5855
2022,7,13,24,73.10258
2022,7,14,1,72.50807
2022,7,14,2,67.23475
2022,7,14,3,65.33251
2022,7,14,4,65.20213
2022,7,14,5,65.11859
2022,7,14,6,67.8971
2022,7,14,7,83.94758
2022,7,14,8,61.96263
2022,7,14,9,59.05574
2022,7,14,10,58.65138
2022,7,14,11,60.93053
2022,7,14,12,64.14972
2022,7,14,13,68.79658
2022,7,14,14,74.81415
2022,7,14,15,80.77352
2022,7,14,16,88.84649
2022,7,14,17,92.48344
2022,7,14,18,99.5754
2022,7,14,19,115.70317
2022,7,14,20,150.45966
2022,7,14,21,124.56817
2022,7,14,22,108.02665
2022,7,14,23,81.85377
2022,7,14,24,73.43223
2022,7,15,1,75.33041
2022,7,15,2,69.40784
2022,7,15,3,67.95818
2022,7,15,4,66.55982
2022,7,15,5,67.1545
2022,7,15,6,70.55602
2022,7,15,7,83.66142
2022,7,15,8,62.9067
2022,7,15,9,59.20638
2022,7,15,10,59.17899
2022,7,15,11,62.19286
2022,7,15,12,66.19436
2022,7,15,13,72.19854
2022,7,15,14,83.49149
2022,7,15,15,87.25562
2022,7,15,16,90.94986
2022,7,15,17,102.26542
2022,7,15,18,111.26353
2022,7,15,19,126.59883
2022,7,15,20,166.79337
2022,7,15,21,130.11366
2022,7,15,22,115.80578
2022,7,15,23,94.02817
2022,7,15,24,82.64463
2022,7,16,1,74.50826
2022,7,16,2,71.62281
2022,7,16,3,67.9766
2022,7,16,4,66.69518
2022,7,16,5,67.60115
2022,7,16,6,71.55954
2022,7,16,7,76.15658
2022,7,16,8,56.8358
2022,7,16,9,53.63599
2022,7,16,10,54.45922
2022,7,16,11,56.75841
2022,7,16,12,62.58445
2022,7,16,13,65.97972
2022,7,16,14,76.1398
2022,7,16,15,82.59232
2022,7,16,16,86.50909
2022,7,16,17,92.17948
2022,7,16,18,99.2358
2022,7,16,19,119.07805
2022,7,16,20,165.01456
2022,7,16,21,120.80839
2022,7,16,22,108.62162
2022,7,16,23,84.15851
2022,7,16,24,80.03663
2022,7,17,1,71.37857
2022,7,17,2,69.57301
2022,7,17,3,69.6403
2022,7,17,4,67.45538
2022,7,17,5,68.55761
2022,7,17,6,68.16397
2022,7,17,7,67.08194
2022,7,17,8,52.96853
2022,7,17,9,48.44721
2022,7,17,10,51.56282
2022,7,17,11,54.33145
2022,7,17,12,59.7889
2022,7,17,13,63.43932
2022,7,17,14,68.22111
2022,7,17,15,71.80929
2022,7,17,16,78.79115
2022,7,17,17,83.87323
2022,7,17,18,91.70556
2022,7,17,19,109.88113
2022,7,17,20,150.89435
2022,7,17,21,116.38461
2022,7,17,22,99.27104
2022,7,17,23,81.52017
2022,7,17,24,72.4208
2022,7,18,1,76.37113
2022,7,18,2,70.4116
2022,7,18,3,68.55134
2022,7,18,4,67.38203
2022,7,18,5,67.65414
2022,7,18,6,71.59295
2022,7,18,7,87.62322
2022,7,18,8,67.69139
2022,7,18,9,65.10938
2022,7,18,10,65.31976
2022,7,18,11,65.51048
2022,7,18,12,69.38732
2022,7,18,13,76.51861
2022,7,18,14,86.24081
2022,7,18,15,91.70876
2022,7,18,16,99.19277
2022,7,18,17,102.25223
2022,7,18,18,108.66128
2022,7,18,19,125.48698
2022,7,18,20,175.6123
2022,7,18,21,130.53238
2022,7,18,22,111.7785
2022,7,18,23,91.57274
2022,7,18,24,83.66182
2022,7,19,1,82.42145
2022,7,19,2,73.20498
2022,7,19,3,72.6595
2022,7,19,4,71.11673
2022,7,19,5,71.83216
2022,7,19,6,74.34009
2022,7,19,7,94.81204
2022,7,19,8,69.74961
2022,7,19,9,65.52354
2022,7,19,10,66.36974
2022,7,19,11,69.01459
2022,7,19,12,74.16978
2022,7,19,13,84.15802
2022,7,19,14,90.85387
2022,7,19,15,97.90254
2022,7,19,16,107.6784
2022,7,19,17,114.99902
2022,7,19,18,122.16194
2022,7,19,19,142.39581
2022,7,19,20,190.40234
2022,7,19,21,146.39503
2022,7,19,22,122.75491
2022,7,19,23,94.25911
2022,7,19,24,87.4336
2022,7,20,1,80.04832
2022,7,20,2,74.07213
2022,7,20,3,73.57576
2022,7,20,4,71.93728
2022,7,20,5,72.15758
2022,7,20,6,73.11819
2022,7,20,7,84.84228
2022,7,20,8,68.52512
2022,7,20,9,65.17033
2022,7,20,10,66.72474
2022,7,20,11,68.36612
2022,7,20,12,71.19615
2022,7,20,13,75.22378
2022,7,20,14,85.63069
2022,7,20,15,91.87389
2022,7,20,16,100.99894
2022,7,20,17,107.41988
2022,7,20,18,114.48622
2022,7,20,19,133.93187
2022,7,20,20,180.11086
2022,7,20,21,135.83441
2022,7,20,22,119.88922
2022,7,20,23,92.41597
2022,7,20,24,85.21577
2022,7,21,1,79.02582
2022,7,21,2,74.56687
2022,7,21,3,71.47892
2022,7,21,4,69.95912
2022,7,21,5,71.08989
2022,7,21,6,73.73684
2022,7,21,7,89.65231
2022,7,21,8,68.11542
2022,7,21,9,64.67185
2022,7,21,10,64.88819
2022,7,21,11,67.07995
2022,7,21,12,69.57633
2022,7,21,13,76.6517
2022,7,21,14,78.45201
2022,7,21,15,91.40692
2022,7,21,16,100.34358
2022,7,21,17,106.74197
2022,7,21,18,113.72446
2022,7,21,19,135.82822
2022,7,21,20,180.01564
2022,7,21,21,140.58012
2022,7,21,22,113.88946
2022,7,21,23,88.81813
2022,7,21,24,84.12858
2022,7,22,1,77.20354
2022,7,22,2,75.34201
2022,7,22,3,74.10899
2022,7,22,4,73.77706
2022,7,22,5,74.21949
2022,7,22,6,76.33317
2022,7,22,7,89.44859
2022,7,22,8,67.41946
2022,7,22,9,61.85509
2022,7,22,10,62.85948
2022,7,22,11,66.46152
2022,7,22,12,69.04217
2022,7,22,13,71.68301
2022,7,22,14,78.42449
2022,7,22,15,83.84417
2022,7,22,16,92.58217
2022,7,22,17,99.93169
2022,7,22,18,109.17247
2022,7,22,19,128.35133
2022,7,22,20,162.67007
2022,7,22,21,128.69783
2022,7,22,22,114.50497
2022,7,22,23,91.60603
2022,7,22,24,84.64724
2022,7,23,1,78.46414
2022,7,23,2,76.51932
2022,7,23,3,75.09539
2022,7,23,4,75.40392
2022,7,23,5,75.23305
2022,7,23,6,76.43641
2022,7,23,7,82.81322
2022,7,23,8,64.26563
2022,7,23,9,53.70315
2022,7,23,10,52.8797
2022,7,23,11,56.31326
2022,7,23,12,62.9989
2022,7,23,13,70.02329
2022,7,23,14,70.03594
2022,7,23,15,74.02394
2022,7,23,16,77.09636
2022,7,23,17,79.07001
2022,7,23,18,89.00358
2022,7,23,19,110.7496
2022,7,23,20,132.75542
2022,7,23,21,114.29878
2022,7,23,22,105.54047
2022,7,23,23,87.70572
2022,7,23,24,79.7884
2022,7,24,1,83.04241
2022,7,24,2,77.35187
2022,7,24,3,77.22837
2022,7,24,4,75.84881
2022,7,24,5,78.60226
2022,7,24,6,77.41624
2022,7,24,7,78.5296
2022,7,24,8,67.97153
2022,7,24,9,55.23381
2022,7,24,10,54.2012
2022,7,24,11,57.09641
2022,7,24,12,63.76488
2022,7,24,13,67.73627
2022,7,24,14,69.3876
2022,7,24,15,72.61801
2022,7,24,16,74.49
2022,7,24,17,85.37923
2022,7,24,18,96.3341
2022,7,24,19,115.69457
2022,7,24,20,130.18394
2022,7,24,21,115.55122
2022,7,24,22,105.8349
2022,7,24,23,87.80548
2022,7,24,24,82.53387
2022,7,25,1,76.98975
2022,7,25,2,75.24119
2022,7,25,3,73.515
2022,7,25,4,73.19106
2022,7,25,5,73.58741
2022,7,25,6,75.21009
2022,7,25,7,93.29964
2022,7,25,8,75.92251
2022,7,25,9,71.89503
2022,7,25,10,71.37235
2022,7,25,11,71.7685
2022,7,25,12,73.42185
2022,7,25,13,79.01215
2022,7,25,14,81.80476
2022,7,25,15,92.68795
2022,7,25,16,96.99251
2022,7,25,17,101.56635
2022,7,25,18,116.5007
2022,7,25,19,131.09036
2022,7,25,20,158.48494
2022,7,25,21,127.5
2022,7,25,22,124.06948
2022,7,25,23,96.09253
2022,7,25,24,89.75421
2022,7,26,1,83.88607
2022,7,26,2,78.3466
2022,7,26,3,75.77107
2022,7,26,4,74.42357
2022,7,26,5,75.89777
2022,7,26,6,78.3856
2022,7,26,7,102.92643
2022,7,26,8,79.5214
2022,7,26,9,74.13741
2022,7,26,10,73.0074
2022,7,26,11,73.52736
2022,7,26,12,74.79772
2022,7,26,13,76.65505
2022,7,26,14,85.87348
2022,7,26,15,93.0
2022,7,26,16,96.08274
2022,7,26,17,102.88334
2022,7,26,18,117.6
2022,7,26,19,131.4
2022,7,26,20,151.75064
2022,7,26,21,134.56165
2022,7,26,22,121.31
2022,7,26,23,95.04811
2022,7,26,24,87.99507
2022,7,27,1,82.81083
2022,7,27,2,81.24796
2022,7,27,3,79.34932
2022,7,27,4,77.56559
2022,7,27,5,78.86437
2022,7,27,6,80.34819
2022,7,27,7,99.90685
2022,7,27,8,80.34722
2022,7,27,9,76.08852
2022,7,27,10,75.45678
2022,7,27,11,75.82736
2022,7,27,12,78.00577
2022,7,27,13,81.6693
2022,7,27,14,83.74316
2022,7,27,15,90.57
2022,7,27,16,99.28115
2022,7,27,17,102.72356
2022,7,27,18,121.99179
2022,7,27,19,136.22305
2022,7,27,20,164.66
2022,7,27,21,135.46379
2022,7,27,22,131.93901
2022,7,27,23,96.52653
2022,7,27,24,90.69779
2022,7,28,1,87.00973
2022,7,28,2,83.63186
2022,7,28,3,80.79534
2022,7,28,4,77.93161
2022,7,28,5,79.33839
2022,7,28,6,81.93969
2022,7,28,7,91.78034
2022,7,28,8,79.95765
2022,7,28,9,73.38295
2022,7,28,10,72.74096
2022,7,28,11,75.67062
2022,7,28,12,77.68058
2022,7,28,13,83.74612
2022,7,28,14,86.22767
2022,7,28,15,93.59269
2022,7,28,16,100.98332
2022,7,28,17,112.52196
2022,7,28,18,122.85518
2022,7,28,19,143.14932
2022,7,28,20,165.18509
2022,7,28,21,138.11752
2022,7,28,22,130.40778
2022,7,28,23,97.79294
2022,7,28,24,88.84178
2022,7,29,1,83.69547
2022,7,29,2,77.3781
2022,7,29,3,75.78071
2022,7,29,4,73.96538
2022,7,29,5,74.77255
2022,7,29,6,76.66207
2022,7,29,7,91.5926
2022,7,29,8,76.01302
2022,7,29,9,74.28182
2022,7,29,10,73.61112
2022,7,29,11,74.59836
2022,7,29,12,76.32653
2022,7,29,13,81.19526
2022,7,29,14,85.73421
2022,7,29,15,93.45195
2022,7,29,16,109.44749
2022,7,29,17,117.84
2022,7,29,18,127.0
2022,7,29,19,142.55676
2022,7,29,20,164.74474
2022,7,29,21,136.67
2022,7,29,22,129.71175
2022,7,29,23,107.61369
2022,7,29,24,95.79168
2022,7,30,1,89.0
2022,7,30,2,88.27865
2022,7,30,3,85.31
2022,7,30,4,80.63234
2022,7,30,5,80.92153
2022,7,30,6,84.21897
2022,7,30,7,83.93338
2022,7,30,8,72.18612
2022,7,30,9,65.77284
2022,7,30,10,65.88171
2022,7,30,11,66.52936
2022,7,30,12,68.46097
2022,7,30,13,72.27353
2022,7,30,14,78.361
2022,7,30,15,85.56172
2022,7,30,16,89.45
2022,7,30,17,88.15555
2022,7,30,18,99.7246
2022,7,30,19,120.45377
2022,7,30,20,141.73
2022,7,30,21,127.31239
2022,7,30,22,118.3025
2022,7,30,23,101.58506
2022,7,30,24,96.43083
2022,8,1,1,82.15664
2022,8,1,2,78.76508
2022,8,1,3,78.20431
2022,8,1,4,77.2291
2022,8,1,5,78.36636
2022,8,1,6,83.1472
2022,8,1,7,101.1092
2022,8,1,8,80.75595
2022,8,1,9,74.94681
2022,8,1,10,74.76597
2022,8,1,11,75.64644
2022,8,1,12,76.41483
2022,8,1,13,83.7149
2022,8,1,14,90.11692
2022,8,1,15,92.96702
2022,8,1,16,99.11225
2022,8,1,17,100.06515
2022,8,1,18,116.26418
2022,8,1,19,125.80898
2022,8,1,20,156.56958
2022,8,1,21,128.1284
2022,8,1,22,119.33
2022,8,1,23,100.96129
2022,8,1,24,89.70656
2022,8,2,1,81.48957
2022,8,2,2,79.62952
2022,8,2,3,75.73361
2022,8,2,4,74.35638
2022,8,2,5,75.93858
2022,8,2,6,81.59256
2022,8,2,7,94.24233
2022,8,2,8,79.13398
2022,8,2,9,72.17245
2022,8,2,10,71.55158
2022,8,2,11,72.91454
2022,8,2,12,76.4781
2022,8,2,13,81.74669
2022,8,2,14,87.93341
2022,8,2,15,95.21932
2022,8,2,16,98.98052
2022,8,2,17,92.29265
2022,8,2,18,103.71822
2022,8,2,19,117.02
2022,8,2,20,142.48322
2022,8,2,21,123.31095
2022,8,2,22,112.32908
2022,8,2,23,91.33951
2022,8,2,24,87.35626
2022,8,3,1,83.12558
2022,8,3,2,78.21086
2022,8,3,3,75.75596
2022,8,3,4,71.37041
2022,8,3,5,75.46774
2022,8,3,6,76.82487
2022,8,3,7,95.29238
2022,8,3,8,77.04109
2022,8,3,9,73.55108
2022,8,3,10,72.60658
2022,8,3,11,74.99497
2022,8,3,12,79.55983
2022,8,3,13,81.25677
2022,8,3,14,87.82457
2022,8,3,15,94.73348
2022,8,3,16,92.97139
2022,8,3,17,96.58842
2022,8,3,18,103.70756
2022,8,3,19,118.83113
2022,8,3,20,149.89705
2022,8,3,21,120.0
2022,8,3,22,113.06497
2022,8,3,23,94.37321
2022,8,3,24,87.13484
2022,8,4,1,79.21181
2022,8,4,2,78.36445
2022,8,4,3,76.62665
2022,8,4,4,75.89891
2022,8,4,5,77.75384
2022,8,4,6,78.50738
2022,8,4,7,88.09448
2022,8,4,8,80.07368
2022,8,4,9,74.93855
2022,8,4,10,74.79675
2022,8,4,11,77.94408
2022,8,4,12,82.43617
2022,8,4,13,89.10173
2022,8,4,14,97.01412
2022,8,4,15,100.62643
2022,8,4,16,108.51205
2022,8,4,17,114.87313
2022,8,4,18,127.74816
2022,8,4,19,147.2472
2022,8,4,20,164.57838
2022,8,4,21,131.51402
2022,8,4,22,119.97152
2022,8,4,23,99.83733
2022,8,4,24,89.25398
2022,8,5,1,90.28892
2022,8,5,2,84.38002
2022,8,5,3,81.66705
2022,8,5,4,81.34548
2022,8,5,5,83.1261
2022,8,5,6,87.51675
2022,8,5,7,95.92268
2022,8,5,8,82.83779
2022,8,5,9,77.47667
2022,8,5,10,76.82854
2022,8,5,11,77.35166
2022,8,5,12,81.15426
2022,8,5,13,87.24096
2022,8,5,14,95.58306
2022,8,5,15,100.84047
2022,8,5,16,113.14674
2022,8,5,17,113.04599
2022,8,5,18,126.69584
2022,8,5,19,147.00249
2022,8,5,20,158.12782
2022,8,5,21,132.14285
2022,8,5,22,121.82656
2022,8,5,23,105.89775
2022,8,5,24,98.27535
2022,8,6,1,89.39549
2022,8,6,2,84.5495
2022,8,6,3,83.98441
2022,8,6,4,83.50572
2022,8,6,5,82.78805
2022,8,6,6,82.49986
2022,8,6,7,81.74882
2022,8,6,8,75.05815
2022,8,6,9,69.12723
2022,8,6,10,63.78
2022,8,6,11,67.55672
2022,8,6,12,71.01
2022,8,6,13,76.25929
2022,8,6,14,81.10104
2022,8,6,15,83.69321
2022,8,6,16,88.57364
2022,8,6,17,99.70392
2022,8,6,18,108.2094
2022,8,6,19,127.46455
2022,8,6,20,146.99963
2022,8,6,21,126.34766
2022,8,6,22,118.21865
2022,8,6,23,98.70156
2022,8,6,24,91.50735
2022,8,7,1,85.6308
2022,8,7,2,83.75742
2022,8,7,3,80.30022
2022,8,7,4,79.91488
2022,8,7,5,83.20769
2022,8,7,6,83.56286
2022,8,7,7,87.89252
2022,8,7,8,74.16832
2022,8,7,9,63.76958
2022,8,7,10,61.09255
2022,8,7,11,65.42938
2022,8,7,12,72.99332
2022,8,7,13,76.92693
2022,8,7,14,84.29708
2022,8,7,15,90.42064
2022,8,7,16,103.98367
2022,8,7,17,112.59032
2022,8,7,18,130.84184
2022,8,7,19,154.90544
2022,8,7,20,179.6229
2022,8,7,21,140.69588
2022,8,7,22,128.63171
2022,8,7,23,108.72009
2022,8,7,24,92.52459
2022,8,8,1,90.16955
2022,8,8,2,82.97135
2022,8,8,3,81.33974
2022,8,8,4,80.21019
2022,8,8,5,82.2792
2022,8,8,6,89.63425
2022,8,8,7,108.35532
2022,8,8,8,94.14005
2022,8,8,9,81.52707
2022,8,8,10,81.0968
2022,8,8,11,82.85745
2022,8,8,12,92.06331
2022,8,8,13,101.2609
2022,8,8,14,112.17168
2022,8,8,15,118.05297
2022,8,8,16,124.39112
2022,8,8,17,127.39465
2022,8,8,18,141.7463
2022,8,8,19,177.4754
2022,8,8,20,191.78552
2022,8,8,21,156.28944
2022,8,8,22,141.51686
2022,8,8,23,114.16576
2022,8,8,24,98.06806
2022,8,9,1,85.87759
2022,8,9,2,80.30279
2022,8,9,3,78.82389
2022,8,9,4,77.73193
2022,8,9,5,79.1542
2022,8,9,6,83.45813
2022,8,9,7,107.80382
2022,8,9,8,88.13854
2022,8,9,9,78.44211
2022,8,9,10,75.33959
2022,8,9,11,75.09697
2022,8,9,12,77.73802
2022,8,9,13,90.61126
2022,8,9,14,101.02377
2022,8,9,15,113.64296
2022,8,9,16,125.93829
2022,8,9,17,125.24923
2022,8,9,18,130.54971
2022,8,9,19,169.84647
2022,8,9,20,199.28294
2022,8,9,21,156.08136
2022,8,9,22,143.06815
2022,8,9,23,103.71556
2022,8,9,24,95.14567
2022,8,10,1,93.09289
2022,8,10,2,86.29411
2022,8,10,3,84.45448
2022,8,10,4,83.49028
2022,8,10,5,85.28362
2022,8,10,6,89.74233
2022,8,10,7,103.4758
2022,8,10,8,84.94827
2022,8,10,9,78.70278
2022,8,10,10,77.76808
2022,8,10,11,79.22764
2022,8,10,12,83.75104
2022,8,10,13,93.04299
2022,8,10,14,106.41935
2022,8,10,15,115.32584
2022,8,10,16,128.56415
2022,8,10,17,128.30069
2022,8,10,18,133.40724
2022,8,10,19,186.10966
2022,8,10,20,210.23375
2022,8,10,21,158.48247
2022,8,10,22,136.83745
2022,8,10,23,115.58012
2022,8,10,24,97.39758
2022,8,11,1,91.17897
2022,8,11,2,83.87063
2022,8,11,3,82.12792
2022,8,11,4,81.84358
2022,8,11,5,82.27369
2022,8,11,6,85.50517
2022,8,11,7,101.97692
2022,8,11,8,81.60301
2022,8,11,9,78.65651
2022,8,11,10,77.43584
2022,8,11,11,78.59272
2022,8,11,12,78.15748
2022,8,11,13,93.55903
2022,8,11,14,102.62523
2022,8,11,15,115.32712
2022,8,11,16,127.23932
2022,8,11,17,130.43707
2022,8,11,18,133.58537
2022,8,11,19,182.81032
2022,8,11,20,199.50201
2022,8,11,21,152.90094
2022,8,11,22,131.21452
2022,8,11,23,106.0
2022,8,11,24,94.93228
2022,8,12,1,97.01718
2022,8,12,2,90.76157
2022,8,12,3,89.04503
2022,8,12,4,88.49593
2022,8,12,5,88.46958
2022,8,12,6,93.3582
2022,8,12,7,103.43701
2022,8,12,8,89.11704
2022,8,12,9,81.84777
2022,8,12,10,82.85054
2022,8,12,11,84.49594
2022,8,12,12,90.74374
2022,8,12,13,107.29862
2022,8,12,14,119.63382
2022,8,12,15,124.36054
2022,8,12,16,138.7324
2022,8,12,17,146.69434
2022,8,12,18,148.89513
2022,8,12,19,190.61852
2022,8,12,20,198.81778
2022,8,12,21,159.20148
2022,8,12,22,140.67073
2022,8,12,23,122.06208
2022,8,12,24,109.72925
2022,8,13,1,92.8888
2022,8,13,2,89.78807
2022,8,13,3,87.34319
2022,8,13,4,85.97548
2022,8,13,5,85.82898
2022,8,13,6,88.44938
2022,8,13,7,95.86342
2022,8,13,8,82.51121
2022,8,13,9,69.95467
2022,8,13,10,67.05409
2022,8,13,11,69.9159
2022,8,13,12,75.72383
2022,8,13,13,82.67408
2022,8,13,14,89.91353
2022,8,13,15,96.24359
2022,8,13,16,107.75552
2022,8,13,17,110.03343
2022,8,13,18,122.96661
2022,8,13,19,150.32745
2022,8,13,20,171.17575
2022,8,13,21,135.7453
2022,8,13,22,124.00408
2022,8,13,23,102.28086
2022,8,13,24,96.09134
2022,8,14,1,99.18578
2022,8,14,2,89.65821
2022,8,14,3,89.40207
2022,8,14,4,88.40244
2022,8,14,5,89.78152
2022,8,14,6,87.60549
2022,8,14,7,90.95503
2022,8,14,8,81.91697
2022,8,14,9,64.1792
2022,8,14,10,62.86941
2022,8,14,11,68.48183
2022,8,14,12,77.30093
2022,8,14,13,82.07609
2022,8,14,14,87.91209
2022,8,14,15,94.79337
2022,8,14,16,101.8055
2022,8,14,17,110.4479
2022,8,14,18,121.65264
2022,8,14,19,153.36066
2022,8,14,20,179.95679
2022,8,14,21,146.40329
2022,8,14,22,126.66739
2022,8,14,23,103.68196
2022,8,14,24,94.64381
2022,8,15,1,103.4978
2022,8,15,2,92.47223
2022,8,15,3,90.90595
2022,8,15,4,91.60669
2022,8,15,5,91.66398
2022,8,15,6,98.81829
2022,8,15,7,119.53019
2022,8,15,8,95.18098
2022,8,15,9,86.04604
2022,8,15,10,83.62078
2022,8,15,11,87.38883
2022,8,15,12,90.34969
2022,8,15,13,99.88721
2022,8,15,14,112.98389
2022,8,15,15,120.48759
2022,8,15,16,140.55788
2022,8,15,17,148.1957
2022,8,15,18,164.40489
2022,8,15,19,223.1518
2022,8,15,20,241.8104
2022,8,15,21,173.50897
2022,8,15,22,145.15218
2022,8,15,23,126.2056
2022,8,15,24,108.07478
2022,8,16,1,95.51493
2022,8,16,2,92.12283
2022,8,16,3,90.10725
2022,8,16,4,86.78427
2022,8,16,5,89.19429
2022,8,16,6,92.39053
2022,8,16,7,125.85024
2022,8,16,8,98.66505
2022,8,16,9,83.73166
2022,8,16,10,81.06083
2022,8,16,11,85.64188
2022,8,16,12,93.36796
2022,8,16,13,103.93873
2022,8,16,14,121.46249
2022,8,16,15,139.05127
2022,8,16,16,157.06908
2022,8,16,17,168.2194
2022,8,16,18,206.20242
2022,8,16,19,283.92276
2022,8,16,20,332.04193
2022,8,16,21,218.7615
2022,8,16,22,167.7622
2022,8,16,23,135.4371
2022,8,16,24,113.91108
2022,8,17,1,94.97537
2022,8,17,2,93.1677
2022,8,17,3,90.50934
2022,8,17,4,88.727
2022,8,17,5,89.09357
2022,8,17,6,91.90359
2022,8,17,7,118.72527
2022,8,17,8,95.14921
2022,8,17,9,87.22805
2022,8,17,10,83.75331
2022,8,17,11,86.69098
2022,8,17,12,91.32923
2022,8,17,13,109.74984
2022,8,17,14,128.90517
2022,8,17,15,148.66144
2022,8,17,16,160.3232
2022,8,17,17,172.0339
2022,8,17,18,196.0377
2022,8,17,19,280.21765
2022,8,17,20,316.3924
2022,8,17,21,205.08273
2022,8,17,22,159.51183
2022,8,17,23,120.0
2022,8,17,24,106.97777
2022,8,18,1,95.82688
2022,8,18,2,93.4939
2022,8,18,3,93.40155
2022,8,18,4,91.00357
2022,8,18,5,91.52157
2022,8,18,6,95.11436
2022,8,18,7,121.32735
2022,8,18,8,93.40834
2022,8,18,9,86.2102
2022,8,18,10,82.97508
2022,8,18,11,85.73131
2022,8,18,12,87.57
2022,8,18,13,96.99317
2022,8,18,14,113.78796
2022,8,18,15,115.91425
2022,8,18,16,135.9091
2022,8,18,17,143.98817
2022,8,18,18,159.71252
2022,8,18,19,201.83
2022,8,18,20,250.0
2022,8,18,21,181.56929
2022,8,18,22,152.45306
2022,8,18,23,111.27302
2022,8,18,24,105.5265
2022,8,19,1,90.7495
2022,8,19,2,88.62323
2022,8,19,3,86.39442
2022,8,19,4,85.79195
2022,8,19,5,86.21673
2022,8,19,6,88.71278
2022,8,19,7,100.77557
2022,8,19,8,85.81895
2022,8,19,9,77.00291
2022,8,19,10,74.22173
2022,8,19,11,76.56838
2022,8,19,12,80.04327
2022,8,19,13,83.7287
2022,8,19,14,89.58644
2022,8,19,15,97.6916
2022,8,19,16,105.20607
2022,8,19,17,110.3187
2022,8,19,18,125.54134
2022,8,19,19,151.7729
2022,8,19,20,168.66608
2022,8,19,21,138.69456
2022,8,19,22,124.65683
2022,8,19,23,102.74324
2022,8,19,24,97.15455
2022,8,20,1,87.33514
2022,8,20,2,84.56279
2022,8,20,3,84.54508
2022,8,20,4,81.41377
2022,8,20,5,81.66534
2022,8,20,6,84.04531
2022,8,20,7,83.60637
2022,8,20,8,75.28826
2022,8,20,9,63.95907
2022,8,20,10,61.18896
2022,8,20,11,63.21451
2022,8,20,12,67.47957
2022,8,20,13,72.26904
2022,8,20,14,78.03407
2022,8,20,15,79.36247
2022,8,20,16,84.32243
2022,8,20,17,87.29871
2022,8,20,18,98.82498
2022,8,20,19,118.89104
2022,8,20,20,135.82167
2022,8,20,21,114.66811
2022,8,20,22,105.31968
2022,8,20,23,92.27366
2022,8,20,24,88.89092
2022,8,21,1,84.76706
2022,8,21,2,84.86694
2022,8,21,3,84.2459
2022,8,21,4,83.11033
2022,8,21,5,80.28476
2022,8,21,6,83.2669
2022,8,21,7,84.44148
2022,8,21,8,73.65863
2022,8,21,9,59.85165
2022,8,21,10,53.43136
2022,8,21,11,55.44597
2022,8,21,12,62.80419
2022,8,21,13,68.61046
2022,8,21,14,69.86293
2022,8,21,15,75.09924
2022,8,21,16,77.46002
2022,8,21,17,80.67182
2022,8,21,18,90.45439
2022,8,21,19,114.53916
2022,8,21,20,129.62599
2022,8,21,21,113.93017
2022,8,21,22,102.52373
2022,8,21,23,87.25949
2022,8,21,24,84.01243
2022,8,22,1,82.03291
2022,8,22,2,82.36038
2022,8,22,3,81.14045
2022,8,22,4,79.52229
2022,8,22,5,81.30672
2022,8,22,6,84.92481
2022,8,22,7,97.10806
2022,8,22,8,80.94547
2022,8,22,9,70.65405
2022,8,22,10,72.42471
2022,8,22,11,71.95655
2022,8,22,12,74.42008
2022,8,22,13,75.36782
2022,8,22,14,78.3738
2022,8,22,15,84.28791
2022,8,22,16,88.22577
2022,8,22,17,89.98771
2022,8,22,18,105.84301
2022,8,22,19,134.77739
2022,8,22,20,150.2705
2022,8,22,21,123.22247
2022,8,22,22,106.58293
2022,8,22,23,91.38421
2022,8,22,24,86.95005
2022,8,23,1,91.54874
2022,8,23,2,87.3316
2022,8,23,3,86.31694
2022,8,23,4,85.00615
2022,8,23,5,86.18375
2022,8,23,6,89.14981
2022,8,23,7,103.98619
2022,8,23,8,86.28595
2022,8,23,9,76.59053
2022,8,23,10,74.33989
2022,8,23,11,75.76498
2022,8,23,12,78.67575
2022,8,23,13,82.59388
2022,8,23,14,89.47226
2022,8,23,15,95.04185
2022,8,23,16,109.73787
2022,8,23,17,113.96536
2022,8,23,18,132.23438
2022,8,23,19,161.78838
2022,8,23,20,178.5917
2022,8,23,21,135.84782
2022,8,23,22,122.04411
2022,8,23,23,104.47092
2022,8,23,24,99.82141
2022,8,24,1,95.73367
2022,8,24,2,90.54941
2022,8,24,3,89.51141
2022,8,24,4,88.19775
2022,8,24,5,88.7798
2022,8,24,6,91.33789
2022,8,24,7,111.27064
2022,8,24,8,89.69703
2022,8,24,9,81.70794
2022,8,24,10,78.78054
2022,8,24,11,80.33491
2022,8,24,12,82.50143
2022,8,24,13,88.17761
2022,8,24,14,100.98395
2022,8,24,15,107.4872
2022,8,24,16,114.33936
2022,8,24,17,126.1526
2022,8,24,18,138.17271
2022,8,24,19,167.06615
2022,8,24,20,180.04707
2022,8,24,21,145.4295
2022,8,24,22,131.19017
2022,8,24,23,106.0856
2022,8,24,24,100.58753
2022,8,25,1,99.15716
2022,8,25,2,92.01892
2022,8,25,3,89.59629
2022,8,25,4,87.09062
2022,8,25,5,88.47715
2022,8,25,6,92.85373
2022,8,25,7,112.99496
2022,8,25,8,89.3496
2022,8,25,9,79.12013
2022,8,25,10,76.7076
2022,8,25,11,77.0184
2022,8,25,12,80.41198
2022,8,25,13,89.98167
2022,8,25,14,97.99151
2022,8,25,15,106.66317
2022,8,25,16,119.22496
2022,8,25,17,125.87806
2022,8,25,18,129.25237
2022,8,25,19,156.92903
2022,8,25,20,179.0212
2022,8,25,21,144.30836
2022,8,25,22,127.00447
2022,8,25,23,101.45206
2022,8,25,24,92.96321
2022,8,26,1,86.76803
2022,8,26,2,84.26814
2022,8,26,3,82.74903
2022,8,26,4,81.83554
2022,8,26,5,83.30604
2022,8,26,6,84.79817
2022,8,26,7,95.62993
2022,8,26,8,83.94744
2022,8,26,9,72.87255
2022,8,26,10,67.74384
2022,8,26,11,71.27527
2022,8,26,12,70.32583
2022,8,26,13,77.94624
2022,8,26,14,81.38626
2022,8,26,15,84.45011
2022,8,26,16,86.942
2022,8,26,17,92.32416
2022,8,26,18,104.30922
2022,8,26,19,133.74196
2022,8,26,20,144.31844
2022,8,26,21,120.84946
2022,8,26,22,112.11644
2022,8,26,23,89.36149
2022,8,26,24,85.865
2022,8,27,1,85.16073
2022,8,27,2,81.12752
2022,8,27,3,82.04435
2022,8,27,4,78.16816
2022,8,27,5,78.07289
2022,8,27,6,80.73803
2022,8,27,7,87.82188
2022,8,27,8,74.3895
2022,8,27,9,59.9425
2022,8,27,10,53.31018
2022,8,27,11,54.69257
2022,8,27,12,57.83963
2022,8,27,13,63.31009
2022,8,27,14,68.24423
2022,8,27,15,71.50615
2022,8,27,16,74.96239
2022,8,27,17,76.41085
2022,8,27,18,87.76297
2022,8,27,19,114.02265
2022,8,27,20,131.327
2022,8,27,21,112.95954
2022,8,27,22,104.39321
2022,8,27,23,89.07637
2022,8,27,24,83.01862
2022,8,28,1,84.60192
2022,8,28,2,81.38821
2022,8,28,3,82.31084
2022,8,28,4,81.72286
2022,8,28,5,81.65571
2022,8,28,6,82.11611
2022,8,28,7,84.23334
2022,8,28,8,74.23163
2022,8,28,9,61.68195
2022,8,28,10,52.607
2022,8,28,11,52.01812
2022,8,28,12,53.47946
2022,8,28,13,61.09679
2022,8,28,14,67.81807
2022,8,28,15,70.26124
2022,8,28,16,71.55159
2022,8,28,17,77.25671
2022,8,28,18,93.43732
2022,8,28,19,118.60412
2022,8,28,20,129.43706
2022,8,28,21,113.53206
2022,8,28,22,99.08638
2022,8,28,23,90.13337
2022,8,28,24,87.94475
2022,8,29,1,93.97112
2022,8,29,2,88.97011
2022,8,29,3,86.80591
2022,8,29,4,85.50017
2022,8,29,5,86.88648
2022,8,29,6,92.09864
2022,8,29,7,110.2503
2022,8,29,8,87.75673
2022,8,29,9,76.54908
2022,8,29,10,71.24222
2022,8,29,11,69.95451
2022,8,29,12,73.57426
2022,8,29,13,79.89389
2022,8,29,14,84.51088
2022,8,29,15,91.48154
2022,8,29,16,98.06316
2022,8,29,17,104.66538
2022,8,29,18,122.30795
2022,8,29,19,161.78046
2022,8,29,20,174.72217
2022,8,29,21,137.10518
2022,8,29,22,123.9482
2022,8,29,23,102.34468
2022,8,29,24,101.23615
2022,8,30,1,112.70591
2022,8,30,2,97.11774
2022,8,30,3,94.80781
2022,8,30,4,93.96534
2022,8,30,5,94.79377
2022,8,30,6,105.5122
2022,8,30,7,131.56667
2022,8,30,8,103.96973
2022,8,30,9,85.36331
2022,8,30,10,82.32605
2022,8,30,11,83.21054
2022,8,30,12,86.84583
2022,8,30,13,100.32759
2022,8,30,14,115.05032
2022,8,30,15,132.85599
2022,8,30,16,141.18184
2022,8,30,17,154.2897
2022,8,30,18,185.28522
2022,8,30,19,284.61813
2022,8,30,20,291.37253
2022,8,30,21,206.92241
2022,8,30,22,162.06146
2022,8,30,23,123.65
2022,8,30,24,114.0
2022,9,1,1,149.88402
2022,9,1,2,133.98486
2022,9,1,3,128.04753
2022,9,1,4,125.77984
2022,9,1,5,126.37681
2022,9,1,6,127.05658
2022,9,1,7,154.02905
2022,9,1,8,131.5806
2022,9,1,9,107.16159
2022,9,1,10,109.38428
2022,9,1,11,118.55528
2022,9,1,12,143.97519
2022,9,1,13,155.84163
2022,9,1,14,180.25319
2022,9,1,15,201.43478
2022,9,1,16,252.21043
2022,9,1,17,288.6804
2022,9,1,18,390.2164
2022,9,1,19,833.50464
2022,9,1,20,835.9394
2022,9,1,21,439.7326
2022,9,1,22,213.51553
2022,9,1,23,172.99329
2022,9,1,24,150.45602
2022,9,2,1,134.34103
2022,9,2,2,130.01047
2022,9,2,3,120.25091
2022,9,2,4,113.79857
2022,9,2,5,114.39371
2022,9,2,6,120.94433
2022,9,2,7,141.97054
2022,9,2,8,119.88012
2022,9,2,9,100.03229
2022,9,2,10,101.63656
2022,9,2,11,110.29723
2022,9,2,12,133.29068
2022,9,2,13,143.3361
2022,9,2,14,167.9586
2022,9,2,15,185.30978
2022,9,2,16,202.106
2022,9,2,17,220.59244
2022,9,2,18,284.1022
2022,9,2,19,513.1855
2022,9,2,20,496.62723
2022,9,2,21,270.61014
2022,9,2,22,197.90305
2022,9,2,23,163.15657
2022,9,2,24,147.42792
2022,9,3,1,113.0824
2022,9,3,2,107.35209
2022,9,3,3,102.79546
2022,9,3,4,101.18385
2022,9,3,5,97.87416
2022,9,3,6,102.12033
2022,9,3,7,101.64903
2022,9,3,8,82.23684
2022,9,3,9,67.21296
2022,9,3,10,70.86164
2022,9,3,11,79.37767
2022,9,3,12,88.97791
2022,9,3,13,105.26055
2022,9,3,14,125.52394
2022,9,3,15,137.22115
2022,9,3,16,151.77805
2022,9,3,17,170.05917
2022,9,3,18,232.50174
2022,9,3,19,441.62552
2022,9,3,20,453.79553
2022,9,3,21,231.70467
2022,9,3,22,182.35307
2022,9,3,23,153.82986
2022,9,3,24,138.10622
2022,9,4,1,124.63695
2022,9,4,2,118.41827
2022,9,4,3,110.72789
2022,9,4,4,106.42827
2022,9,4,5,103.64675
2022,9,4,6,103.36152
2022,9,4,7,96.67206
2022,9,4,8,87.04106
2022,9,4,9,63.96171
2022,9,4,10,66.60324
2022,9,4,11,82.50807
2022,9,4,12,96.19274
2022,9,4,13,108.76882
2022,9,4,14,129.26003
2022,9,4,15,136.63
2022,9,4,16,148.65515
2022,9,4,17,157.08669
2022,9,4,18,202.0523
2022,9,4,19,408.4354
2022,9,4,20,454.36578
2022,9,4,21,240.09491
2022,9,4,22,170.67351
2022,9,4,23,150.6291
2022,9,4,24,140.07098
2022,9,5,1,128.89857
2022,9,5,2,109.43456
2022,9,5,3,108.65681
2022,9,5,4,108.43432
2022,9,5,5,105.63036
2022,9,5,6,105.65997
2022,9,5,7,100.5201
2022,9,5,8,95.44037
2022,9,5,9,74.89127
2022,9,5,10,78.32095
2022,9,5,11,95.82357
2022,9,5,12,109.4926
2022,9,5,13,133.01054
2022,9,5,14,143.93645
2022,9,5,15,151.01276
2022,9,5,16,185.5097
2022,9,5,17,233.5606
2022,9,5,18,385.6782
2022,9,5,19,868.578
2022,9,5,20,872.0248
2022,9,5,21,368.80264
2022,9,5,22,204.50433
2022,9,5,23,168.6589
2022,9,5,24,150.2367
2022,9,6,1,142.47101
2022,9,6,2,127.0256
2022,9,6,3,127.5413
2022,9,6,4,121.60845
2022,9,6,5,121.56823
2022,9,6,6,129.98
2022,9,6,7,139.82338
2022,9,6,8,120.36795
2022,9,6,9,100.32738
2022,9,6,10,105.91832
2022,9,6,11,118.1057
2022,9,6,12,125.93503
2022,9,6,13,154.31657
2022,9,6,14,179.95251
2022,9,6,15,199.57983
2022,9,6,16,308.28955
2022,9,6,17,426.0029
2022,9,6,18,978.582
2022,9,6,19,1233.0706
2022,9,6,20,1126.9873
2022,9,6,21,782.39343
2022,9,6,22,241.07559
2022,9,6,23,183.69801
2022,9,6,24,160.65323
2022,9,7,1,119.19569
2022,9,7,2,113.15244
2022,9,7,3,110.54945
2022,9,7,4,106.42387
2022,9,7,5,106.46909
2022,9,7,6,110.01262
2022,9,7,7,114.49107
2022,9,7,8,101.42997
2022,9,7,9,85.72594
2022,9,7,10,88.27365
2022,9,7,11,97.7764
2022,9,7,12,117.49728
2022,9,7,13,140.40553
2022,9,7,14,149.95003
2022,9,7,15,186.42447
2022,9,7,16,264.18027
2022,9,7,17,392.38162
2022,9,7,18,983.2842
2022,9,7,19,1340.3196
2022,9,7,20,1217.4772
2022,9,7,21,853.1305
2022,9,7,22,276.06073
2022,9,7,23,164.65424
2022,9,7,24,142.41234
2022,9,8,1,118.95932
2022,9,8,2,111.22697
2022,9,8,3,102.82365
2022,9,8,4,101.5343
2022,9,8,5,98.32019
2022,9,8,6,101.92648
2022,9,8,7,117.033
2022,9,8,8,105.36313
2022,9,8,9,92.47182
2022,9,8,10,93.61543
2022,9,8,11,110.79589
2022,9,8,12,132.03528
2022,9,8,13,148.55637
2022,9,8,14,161.2325
2022,9,8,15,210.1838
2022,9,8,16,402.18622
2022,9,8,17,543.07587
2022,9,8,18,1004.1169
2022,9,8,19,1042.7529
2022,9,8,20,1011.6557
2022,9,8,21,734.1374
2022,9,8,22,268.45444
2022,9,8,23,165.10565
2022,9,8,24,135.58743
2022,9,9,1,118.51544
2022,9,9,2,106.27619
2022,9,9,3,101.18337
2022,9,9,4,95.98683
2022,9,9,5,96.02933
2022,9,9,6,102.22858
2022,9,9,7,107.55565
2022,9,9,8,110.79709
2022,9,9,9,103.42319
2022,9,9,10,103.72249
2022,9,9,11,109.24824
2022,9,9,12,132.84613
2022,9,9,13,132.58607
2022,9,9,14,154.18842
2022,9,9,15,162.43106
2022,9,9,16,198.77696
2022,9,9,17,250.69754
2022,9,9,18,357.99133
2022,9,9,19,305.99445
2022,9,9,20,215.74779
2022,9,9,21,175.14555
2022,9,9,22,158.57913
2022,9,9,23,134.7441
2022,9,9,24,121.32964
2022,9,10,1,104.59239
2022,9,10,2,95.15423
2022,9,10,3,91.90254
2022,9,10,4,90.18802
2022,9,10,5,89.31539
2022,9,10,6,89.12656
2022,9,10,7,80.96824
2022,9,10,8,75.77598
2022,9,10,9,77.16823
2022,9,10,10,76.3331
2022,9,10,11,75.72445
2022,9,10,12,79.97106
2022,9,10,13,80.98493
2022,9,10,14,85.56842
2022,9,10,15,94.08486
2022,9,10,16,102.55615
2022,9,10,17,112.4313
2022,9,10,18,119.25165
2022,9,10,19,130.67471
2022,9,10,20,125.85321
2022,9,10,21,116.06621
2022,9,10,22,113.42324
2022,9,10,23,105.02653
2022,9,10,24,95.58514
2022,9,11,1,103.42254
2022,9,11,2,97.43112
2022,9,11,3,94.38734
2022,9,11,4,91.099
2022,9,11,5,90.70895
2022,9,11,6,91.3447
2022,9,11,7,91.79043
2022,9,11,8,84.8937
2022,9,11,9,70.47982
2022,9,11,10,65.74452
2022,9,11,11,64.41502
2022,9,11,12,66.80068
2022,9,11,13,72.76507
2022,9,11,14,76.2031
2022,9,11,15,86.378
2022,9,11,16,98.78968
2022,9,11,17,106.1378
2022,9,11,18,127.68674
2022,9,11,19,151.10304
2022,9,11,20,137.25375
2022,9,11,21,125.68878
2022,9,11,22,122.08407
2022,9,11,23,104.46093
2022,9,11,24,98.24244
2022,9,12,1,88.45739
2022,9,12,2,85.27121
2022,9,12,3,80.32274
2022,9,12,4,79.34873
2022,9,12,5,80.39269
2022,9,12,6,85.91766
2022,9,12,7,95.82414
2022,9,12,8,89.74711
2022,9,12,9,75.2297
2022,9,12,10,71.49423
2022,9,12,11,71.58223
2022,9,12,12,72.93689
2022,9,12,13,75.84951
2022,9,12,14,83.00814
2022,9,12,15,88.67084
2022,9,12,16,94.08769
2022,9,12,17,99.08183
2022,9,12,18,115.6937
2022,9,12,19,132.61456
2022,9,12,20,126.07054
2022,9,12,21,115.94565
2022,9,12,22,110.58452
2022,9,12,23,100.72569
2022,9,12,24,89.09906
2022,9,13,1,83.00477
2022,9,13,2,80.27774
2022,9,13,3,77.50077
2022,9,13,4,76.4204
2022,9,13,5,77.41148
2022,9,13,6,83.27314
2022,9,13,7,98.1367
2022,9,13,8,94.81606
2022,9,13,9,74.46394
2022,9,13,10,71.00604
2022,9,13,11,70.19322
2022,9,13,12,70.08832
2022,9,13,13,70.38386
2022,9,13,14,72.41379
2022,9,13,15,73.02224
2022,9,13,16,79.48244
2022,9,13,17,80.2079
2022,9,13,18,97.3417
2022,9,13,19,116.3613
2022,9,13,20,118.7709
2022,9,13,21,109.94435
2022,9,13,22,103.19007
2022,9,13,23,96.12125
2022,9,13,24,84.4952
2022,9,14,1,84.92431
2022,9,14,2,79.51006
2022,9,14,3,76.34225
2022,9,14,4,76.07803
2022,9,14,5,77.55508
2022,9,14,6,87.53399
2022,9,14,7,98.49758
2022,9,14,8,88.11034
2022,9,14,9,73.93104
2022,9,14,10,68.51211
2022,9,14,11,63.99299
2022,9,14,12,66.64909
2022,9,14,13,69.02
2022,9,14,14,72.06619
2022,9,14,15,72.95684
2022,9,14,16,76.95783
2022,9,14,17,78.69252
2022,9,14,18,93.06765
2022,9,14,19,109.77194
2022,9,14,20,113.92366
2022,9,14,21,106.01081
2022,9,14,22,100.24305
2022,9,14,23,86.35912
2022,9,14,24,82.02026
2022,9,15,1,83.26637
2022,9,15,2,83.73338
2022,9,15,3,77.17937
2022,9,15,4,76.6279
2022,9,15,5,79.18417
2022,9,15,6,85.55936
2022,9,15,7,96.69742
2022,9,15,8,86.96577
2022,9,15,9,74.44363
2022,9,15,10,68.37162
2022,9,15,11,63.91189
2022,9,15,12,65.51026
2022,9,15,13,68.30915
2022,9,15,14,72.37065
2022,9,15,15,72.95713
2022,9,15,16,75.93911
2022,9,15,17,76.24467
2022,9,15,18,90.13978
2022,9,15,19,105.47238
2022,9,15,20,107.04984
2022,9,15,21,100.17101
2022,9,15,22,96.59393
2022,9,15,23,86.67452
2022,9,15,24,81.78673
2022,9,16,1,76.23395
2022,9,16,2,73.13215
2022,9,16,3,70.79101
2022,9,16,4,70.69567
2022,9,16,5,71.50884
2022,9,16,6,78.48993
2022,9,16,7,88.772
2022,9,16,8,78.12128
2022,9,16,9,66.51606
2022,9,16,10,58.90876
2022,9,16,11,54.1525
2022,9,16,12,50.83117
2022,9,16,13,56.77578
2022,9,16,14,61.10602
2022,9,16,15,64.35696
2022,9,16,16,67.37176
2022,9,16,17,70.24129
2022,9,16,18,80.93813
2022,9,16,19,99.68064
2022,9,16,20,99.66115
2022,9,16,21,92.54055
2022,9,16,22,87.34555
2022,9,16,23,84.7369
2022,9,16,24,81.49959
2022,9,17,1,70.25744
2022,9,17,2,69.41048
2022,9,17,3,65.77309
2022,9,17,4,63.96331
2022,9,17,5,66.06765
2022,9,17,6,68.69584
2022,9,17,7,70.13731
2022,9,17,8,64.5883
2022,9,17,9,41.01935
2022,9,17,10,29.65604
2022,9,17,11,28.37614
2022,9,17,12,24.87383
2022,9,17,13,25.69276
2022,9,17,14,27.3079
2022,9,17,15,31.59794
2022,9,17,16,37.20009
2022,9,17,17,44.00066
2022,9,17,18,66.85207
2022,9,17,19,84.95019
2022,9,17,20,88.22598
2022,9,17,21,84.62448
2022,9,17,22,83.11412
2022,9,17,23,83.5788
2022,9,17,24,80.57429
2022,9,18,1,73.44211
2022,9,18,2,69.76672
2022,9,18,3,67.51704
2022,9,18,4,66.33644
2022,9,18,5,67.78691
2022,9,18,6,66.79093
2022,9,18,7,67.60564
2022,9,18,8,64.58132
2022,9,18,9,47.99831
2022,9,18,10,36.51727
2022,9,18,11,28.96848
2022,9,18,12,27.55873
2022,9,18,13,27.5453
2022,9,18,14,30.04719
2022,9,18,15,37.39901
2022,9,18,16,47.49317
2022,9,18,17,54.3826
2022,9,18,18,75.38607
2022,9,18,19,93.34163
2022,9,18,20,96.63817
2022,9,18,21,91.33008
2022,9,18,22,86.06523
2022,9,18,23,82.4
2022,9,18,24,77.68128
2022,9,19,1,71.26737
2022,9,19,2,68.83985
2022,9,19,3,67.48528
2022,9,19,4,67.71443
2022,9,19,5,69.97408
2022,9,19,6,74.65271
2022,9,19,7,85.84107
2022,9,19,8,79.32366
2022,9,19,9,68.73823
2022,9,19,10,57.60262
2022,9,19,11,54.76608
2022,9,19,12,51.71603
2022,9,19,13,53.39773
2022,9,19,14,52.70302
2022,9,19,15,56.75223
2022,9,19,16,64.05583
2022,9,19,17,67.29894
2022,9,19,18,84.8954
2022,9,19,19,100.94637
2022,9,19,20,101.60473
2022,9,19,21,93.40177
2022,9,19,22,87.99878
2022,9,19,23,83.23705
2022,9,19,24,77.7605
2022,9,20,1,76.7343
2022,9,20,2,73.29639
2022,9,20,3,70.74995
2022,9,20,4,68.46772
2022,9,20,5,70.35171
2022,9,20,6,76.59825
2022,9,20,7,83.0026
2022,9,20,8,75.9329
2022,9,20,9,63.86831
2022,9,20,10,55.50451
2022,9,20,11,51.13884
2022,9,20,12,50.4422
2022,9,20,13,52.39121
2022,9,20,14,55.3962
2022,9,20,15,61.32108
2022,9,20,16,65.27609
2022,9,20,17,67.7247
2022,9,20,18,82.32539
2022,9,20,19,97.36434
2022,9,20,20,98.85536
2022,9,20,21,89.71417
2022,9,20,22,84.90488
2022,9,20,23,85.43781
2022,9,20,24,77.22176
2022,9,21,1,86.39141
2022,9,21,2,77.59698
2022,9,21,3,72.3742
2022,9,21,4,72.33701
2022,9,21,5,75.34405
2022,9,21,6,86.12717
2022,9,21,7,91.04844
2022,9,21,8,81.03792
2022,9,21,9,64.92282
2022,9,21,10,60.82283
2022,9,21,11,59.10927
2022,9,21,12,55.93614
2022,9,21,13,54.92808
2022,9,21,14,59.48866
2022,9,21,15,62.12811
2022,9,21,16,64.89342
2022,9,21,17,66.47661
2022,9,21,18,82.41562
2022,9,21,19,102.83336
2022,9,21,20,102.04082
2022,9,21,21,89.7254
2022,9,21,22,84.4833
2022,9,21,23,79.67965
2022,9,21,24,74.75607
2022,9,22,1,69.93007
2022,9,22,2,66.88514
2022,9,22,3,66.44451
2022,9,22,4,66.15563
2022,9,22,5,66.56771
2022,9,22,6,74.00854
2022,9,22,7,83.63884
2022,9,22,8,68.41937
2022,9,22,9,59.90284
2022,9,22,10,51.21475
2022,9,22,11,48.27858
2022,9,22,12,49.17136
2022,9,22,13,52.79355
2022,9,22,14,59.70591
2022,9,22,15,63.40057
2022,9,22,16,66.97096
2022,9,22,17,70.84784
2022,9,22,18,90.38986
2022,9,22,19,116.66082
2022,9,22,20,110.02829
2022,9,22,21,94.26319
2022,9,22,22,89.67716
2022,9,22,23,84.31493
2022,9,22,24,80.25086
2022,9,23,1,72.53259
2022,9,23,2,70.67669
2022,9,23,3,65.9352
2022,9,23,4,65.29003
2022,9,23,5,66.72369
2022,9,23,6,74.68269
2022,9,23,7,80.3135
2022,9,23,8,68.44858
2022,9,23,9,56.86842
2022,9,23,10,46.87785
2022,9,23,11,45.85828
2022,9,23,12,49.82707
2022,9,23,13,56.56152
2022,9,23,14,62.16564
2022,9,23,15,65.90226
2022,9,23,16,74.1402
2022,9,23,17,78.79766
2022,9,23,18,99.81036
2022,9,23,19,127.02731
2022,9,23,20,111.41766
2022,9,23,21,98.4103
2022,9,23,22,91.20172
2022,9,23,23,85.5252
2022,9,23,24,80.47236
2022,9,24,1,67.33632
2022,9,24,2,65.66797
2022,9,24,3,66.18506
2022,9,24,4,63.82267
2022,9,24,5,64.34021
2022,9,24,6,66.60528
2022,9,24,7,66.63063
2022,9,24,8,55.76291
2022,9,24,9,42.76859
2022,9,24,10,36.47821
2022,9,24,11,37.3109
2022,9,24,12,42.91912
2022,9,24,13,48.42922
2022,9,24,14,51.55381
2022,9,24,15,61.43236
2022,9,24,16,66.50079
2022,9,24,17,73.23244
2022,9,24,18,90.90419
2022,9,24,19,126.25209
2022,9,24,20,102.42753
2022,9,24,21,89.58034
2022,9,24,22,80.53296
2022,9,24,23,76.7106
2022,9,24,24,72.0029
2022,9,25,1,72.73577
2022,9,25,2,68.1837
2022,9,25,3,68.29213
2022,9,25,4,67.70381
2022,9,25,5,67.86781
2022,9,25,6,65.98331
2022,9,25,7,66.36501
2022,9,25,8,60.08085
2022,9,25,9,42.26659
2022,9,25,10,35.06952
2022,9,25,11,36.36406
2022,9,25,12,45.29391
2022,9,25,13,50.03758
2022,9,25,14,55.63769
2022,9,25,15,62.93457
2022,9,25,16,71.32454
2022,9,25,17,80.64871
2022,9,25,18,103.70711
2022,9,25,19,129.55
2022,9,25,20,111.30032
2022,9,25,21,99.29116
2022,9,25,22,91.9406
2022,9,25,23,81.56268
2022,9,25,24,76.2899
2022,9,26,1,70.10309
2022,9,26,2,69.7068
2022,9,26,3,66.29013
2022,9,26,4,65.95723
2022,9,26,5,66.14901
2022,9,26,6,72.54436
2022,9,26,7,82.34313
2022,9,26,8,76.49809
2022,9,26,9,59.15306
2022,9,26,10,56.54383
2022,9,26,11,60.10247
2022,9,26,12,61.55087
2022,9,26,13,67.31677
2022,9,26,14,75.31464
2022,9,26,15,78.68524
2022,9,26,16,94.82786
2022,9,26,17,108.95069
2022,9,26,18,150.3801
2022,9,26,19,211.25278
2022,9,26,20,146.34447
2022,9,26,21,112.3165
2022,9,26,22,97.9065
2022,9,26,23,88.74802
2022,9,26,24,78.8374
2022,9,27,1,75.56848
2022,9,27,2,76.28153
2022,9,27,3,71.66097
2022,9,27,4,69.76484
2022,9,27,5,70.22885
2022,9,27,6,80.25695
2022,9,27,7,85.0292
2022,9,27,8,77.89168
2022,9,27,9,60.14392
2022,9,27,10,58.24418
2022,9,27,11,61.44115
2022,9,27,12,69.19884
2022,9,27,13,72.51701
2022,9,27,14,90.53419
2022,9,27,15,96.23879
2022,9,27,16,100.53282
2022,9,27,17,124.2493
2022,9,27,18,143.27203
2022,9,27,19,207.65945
2022,9,27,20,136.9951
2022,9,27,21,114.09407
2022,9,27,22,103.83977
2022,9,27,23,93.20663
2022,9,27,24,83.91218
2022,9,28,1,75.49127
2022,9,28,2,73.51574
2022,9,28,3,67.75365
2022,9,28,4,67.07674
2022,9,28,5,68.40725
2022,9,28,6,78.41432
2022,9,28,7,80.30516
2022,9,28,8,74.22803
2022,9,28,9,57.84587
2022,9,28,10,54.22483
2022,9,28,11,54.67927
2022,9,28,12,60.46232
2022,9,28,13,65.59158
2022,9,28,14,71.38157
2022,9,28,15,81.96456
2022,9,28,16,91.5271
2022,9,28,17,102.03373
2022,9,28,18,125.45118
2022,9,28,19,185.99335
2022,9,28,20,119.15154
2022,9,28,21,104.88882
2022,9,28,22,92.95178
2022,9,28,23,85.67795
2022,9,28,24,76.52899
2022,9,29,1,70.52555
2022,9,29,2,65.41923
2022,9,29,3,63.39008
2022,9,29,4,61.3482
2022,9,29,5,65.0986
2022,9,29,6,70.5574
2022,9,29,7,73.2862
2022,9,29,8,66.78276
2022,9,29,9,51.13962
2022,9,29,10,49.53332
2022,9,29,11,49.69399
2022,9,29,12,51.56364
2022,9,29,13,55.27039
2022,9,29,14,60.94183
2022,9,29,15,61.18185
2022,9,29,16,63.36
2022,9,29,17,72.02587
2022,9,29,18,87.50263
2022,9,29,19,111.52416
2022,9,29,20,91.43745
2022,9,29,21,83.43138
2022,9,29,22,81.69376
2022,9,29,23,76.94568
2022,9,29,24,72.0231
2022,10,1,1,62.97613
2022,10,1,2,60.72059
2022,10,1,3,58.85284
2022,10,1,4,57.34406
2022,10,1,5,57.62849
2022,10,1,6,58.9926
2022,10,1,7,65.65803
2022,10,1,8,55.78202
2022,10,1,9,43.5488
2022,10,1,10,35.33897
2022,10,1,11,31.8197
2022,10,1,12,31.72122
2022,10,1,13,34.17874
2022,10,1,14,38.56285
2022,10,1,15,43.7782
2022,10,1,16,47.34258
2022,10,1,17,50.62501
2022,10,1,18,68.00281
2022,10,1,19,79.77663
2022,10,1,20,74.87083
2022,10,1,21,71.35621
2022,10,1,22,69.70484
2022,10,1,23,67.23141
2022,10,1,24,62.5747
2022,10,2,1,63.40317
2022,10,2,2,61.13092
2022,10,2,3,59.33891
2022,10,2,4,57.77778
2022,10,2,5,59.83006
2022,10,2,6,62.53088
2022,10,2,7,66.58472
2022,10,2,8,52.53389
2022,10,2,9,39.03708
2022,10,2,10,31.97614
2022,10,2,11,28.19558
2022,10,2,12,27.27992
2022,10,2,13,29.0584
2022,10,2,14,33.30811
2022,10,2,15,38.27738
2022,10,2,16,45.34704
2022,10,2,17,51.16552
2022,10,2,18,67.6303
2022,10,2,19,84.0
2022,10,2,20,77.688
2022,10,2,21,71.81345
2022,10,2,22,68.68553
2022,10,2,23,65.15498
2022,10,2,24,61.7261
2022,10,3,1,59.29034
2022,10,3,2,57.1668
2022,10,3,3,56.30338
2022,10,3,4,56.60432
2022,10,3,5,58.61966
2022,10,3,6,64.74333
2022,10,3,7,84.44962
2022,10,3,8,73.31808
2022,10,3,9,51.65049
2022,10,3,10,49.07231
2022,10,3,11,46.26011
2022,10,3,12,46.41383
2022,10,3,13,49.21897
2022,10,3,14,51.20643
2022,10,3,15,54.76973
2022,10,3,16,60.09615
2022,10,3,17,65.43205
2022,10,3,18,82.48527
2022,10,3,19,99.6852
2022,10,3,20,89.38607
2022,10,3,21,79.57958
2022,10,3,22,78.12176
2022,10,3,23,71.02814
2022,10,3,24,66.22807
2022,10,4,1,65.41961
2022,10,4,2,59.81545
2022,10,4,3,59.80446
2022,10,4,4,60.00411
2022,10,4,5,61.41876
2022,10,4,6,72.44718
2022,10,4,7,89.29509
2022,10,4,8,76.30677
2022,10,4,9,54.2748
2022,10,4,10,51.14244
2022,10,4,11,49.58409
2022,10,4,12,50.92869
2022,10,4,13,51.4646
2022,10,4,14,56.58686
2022,10,4,15,60.42437
2022,10,4,16,66.48957
2022,10,4,17,77.31981
2022,10,4,18,93.12398
2022,10,4,19,128.41461
2022,10,4,20,95.55556
2022,10,4,21,90.22397
2022,10,4,22,87.03088
2022,10,4,23,73.37448
2022,10,4,24,71.75094
2022,10,5,1,74.9179
2022,10,5,2,67.83878
2022,10,5,3,65.85801
2022,10,5,4,65.43982
2022,10,5,5,69.33501
2022,10,5,6,76.78738
2022,10,5,7,91.85387
2022,10,5,8,84.45073
2022,10,5,9,64.52854
2022,10,5,10,60.33995
2022,10,5,11,55.85512
2022,10,5,12,59.16501
2022,10,5,13,62.88042
2022,10,5,14,69.63704
2022,10,5,15,73.45313
2022,10,5,16,80.16308
2022,10,5,17,84.72025
2022,10,5,18,103.09785
2022,10,5,19,143.55351
2022,10,5,20,107.36646
2022,10,5,21,95.77801
2022,10,5,22,91.82847
2022,10,5,23,83.12592
2022,10,5,24,75.63078
2022,10,6,1,76.12063
2022,10,6,2,71.1862
2022,10,6,3,69.5937
2022,10,6,4,69.64321
2022,10,6,5,69.97501
2022,10,6,6,81.65423
2022,10,6,7,92.68902
2022,10,6,8,85.52265
2022,10,6,9,69.3183
2022,10,6,10,62.03279
2022,10,6,11,60.33242
2022,10,6,12,62.4645
2022,10,6,13,64.59341
2022,10,6,14,72.23918
2022,10,6,15,81.32109
2022,10,6,16,85.34137
2022,10,6,17,92.42222
2022,10,6,18,109.50329
2022,10,6,19,141.33261
2022,10,6,20,109.21825
2022,10,6,21,91.51
2022,10,6,22,88.54
2022,10,6,23,83.94207
2022,10,6,24,77.38083
2022,10,7,1,71.78015
2022,10,7,2,68.97431
2022,10,7,3,68.86197
2022,10,7,4,68.24039
2022,10,7,5,69.81789
2022,10,7,6,77.72319
2022,10,7,7,92.23352
2022,10,7,8,86.33846
2022,10,7,9,66.5988
2022,10,7,10,60.32187
2022,10,7,11,57.87139
2022,10,7,12,58.60995
2022,10,7,13,59.7566
2022,10,7,14,64.10108
2022,10,7,15,72.09167
2022,10,7,16,74.64313
2022,10,7,17,83.0
2022,10,7,18,100.27168
2022,10,7,19,124.1157
2022,10,7,20,100.0
2022,10,7,21,90.67024
2022,10,7,22,89.0
2022,10,7,23,85.0
2022,10,7,24,80.45
2022,10,8,1,77.26503
2022,10,8,2,73.72103
2022,10,8,3,68.52761
2022,10,8,4,66.3941
2022,10,8,5,70.02857
2022,10,8,6,73.02284
2022,10,8,7,78.25371
2022,10,8,8,69.74581
2022,10,8,9,58.51648
2022,10,8,10,52.70168
2022,10,8,11,50.44198
2022,10,8,12,52.34899
2022,10,8,13,53.8212
2022,10,8,14,57.93089
2022,10,8,15,62.92971
2022,10,8,16,70.99453
2022,10,8,17,77.69605
2022,10,8,18,92.72649
2022,10,8,19,106.52685
2022,10,8,20,95.23053
2022,10,8,21,89.30247
2022,10,8,22,88.33004
2022,10,8,23,83.01778
2022,10,8,24,77.19372
2022,10,9,1,81.51441
2022,10,9,2,76.2237
2022,10,9,3,73.39196
2022,10,9,4,71.86516
2022,10,9,5,71.97216
2022,10,9,6,72.83166
2022,10,9,7,75.49525
2022,10,9,8,70.67851
2022,10,9,9,55.25766
2022,10,9,10,46.19124
2022,10,9,11,41.92156
2022,10,9,12,43.97887
2022,10,9,13,48.00892
2022,10,9,14,54.25817
2022,10,9,15,58.1148
2022,10,9,16,63.96322
2022,10,9,17,73.8027
2022,10,9,18,93.69144
2022,10,9,19,105.29184
2022,10,9,20,94.95871
2022,10,9,21,91.67062
2022,10,9,22,91.26204
2022,10,9,23,87.16881
2022,10,9,24,83.17438
2022,10,10,1,76.99415
2022,10,10,2,69.84274
2022,10,10,3,68.76159
2022,10,10,4,68.55675
2022,10,10,5,68.88797
2022,10,10,6,74.58146
2022,10,10,7,85.42153
2022,10,10,8,80.39797
2022,10,10,9,63.04923
2022,10,10,10,58.57429
2022,10,10,11,56.93554
2022,10,10,12,56.20145
2022,10,10,13,57.01825
2022,10,10,14,60.36756
2022,10,10,15,64.12183
2022,10,10,16,66.89484
2022,10,10,17,73.30574
2022,10,10,18,91.91176
2022,10,10,19,107.72953
2022,10,10,20,94.81094
2022,10,10,21,89.61552
2022,10,10,22,86.14552
2022,10,10,23,83.34878
2022,10,10,24,74.27408
2022,10,11,1,70.52664
2022,10,11,2,68.68178
2022,10,11,3,67.52405
2022,10,11,4,67.34007
2022,10,11,5,68.73071
2022,10,11,6,79.98338
2022,10,11,7,95.06895
2022,10,11,8,94.86304
2022,10,11,9,72.08457
2022,10,11,10,66.3882
2022,10,11,11,63.33186
2022,10,11,12,60.42772
2022,10,11,13,61.06129
2022,10,11,14,65.56089
2022,10,11,15,69.27206
2022,10,11,16,73.82609
2022,10,11,17,82.59916
2022,10,11,18,101.28469
2022,10,11,19,120.22007
2022,10,11,20,102.05205
2022,10,11,21,95.93619
2022,10,11,22,91.21361
2022,10,11,23,84.06181
2022,10,11,24,75.25806
2022,10,12,1,71.20398
2022,10,12,2,68.2013
2022,10,12,3,67.10727
2022,10,12,4,67.15125
2022,10,12,5,68.03839
2022,10,12,6,78.42913
2022,10,12,7,94.87129
2022,10,12,8,91.5473
2022,10,12,9,66.76422
2022,10,12,10,61.67321
2022,10,12,11,59.05421
2022,10,12,12,58.16217
2022,10,12,13,59.49763
2022,10,12,14,63.71375
2022,10,12,15,67.07288
2022,10,12,16,73.63278
2022,10,12,17,78.04536
2022,10,12,18,92.4
2022,10,12,19,118.75078
2022,10,12,20,93.4
2022,10,12,21,89.08854
2022,10,12,22,85.63502
2022,10,12,23,78.71636
2022,10,12,24,72.68841
2022,10,13,1,70.63896
2022,10,13,2,68.5324
2022,10,13,3,66.47272
2022,10,13,4,66.58054
2022,10,13,5,66.86433
2022,10,13,6,70.85864
2022,10,13,7,89.54909
2022,10,13,8,87.22069
2022,10,13,9,69.76998
2022,10,13,10,63.51218
2022,10,13,11,59.19344
2022,10,13,12,58.1462
2022,10,13,13,59.92416
2022,10,13,14,61.61626
2022,10,13,15,64.18453
2022,10,13,16,70.65627
2022,10,13,17,74.3048
2022,10,13,18,90.23
2022,10,13,19,101.12304
2022,10,13,20,90.09
2022,10,13,21,86.64881
2022,10,13,22,83.88
2022,10,13,23,77.54333
2022,10,13,24,74.65488
2022,10,14,1,71.17972
2022,10,14,2,66.85077
2022,10,14,3,66.09652
2022,10,14,4,66.51214
2022,10,14,5,67.84224
2022,10,14,6,74.44786
2022,10,14,7,85.19625
2022,10,14,8,82.84856
2022,10,14,9,66.16995
2022,10,14,10,58.38161
2022,10,14,11,54.16873
2022,10,14,12,52.62318
2022,10,14,13,52.66308
2022,10,14,14,54.61771
2022,10,14,15,59.33784
2022,10,14,16,64.82831
2022,10,14,17,67.23466
2022,10,14,18,84.40046
2022,10,14,19,97.15556
2022,10,14,20,86.53421
2022,10,14,21,85.0484
2022,10,14,22,83.34198
2022,10,14,23,77.92384
2022,10,14,24,73.43556
2022,10,15,1,71.06544
2022,10,15,2,68.40495
2022,10,15,3,67.33642
2022,10,15,4,68.05699
2022,10,15,5,67.75624
2022,10,15,6,71.10931
2022,10,15,7,75.32169
2022,10,15,8,72.09846
2022,10,15,9,55.80969
2022,10,15,10,51.24484
2022,10,15,11,49.164
2022,10,15,12,47.02399
2022,10,15,13,47.57742
2022,10,15,14,49.1404
2022,10,15,15,51.10427
2022,10,15,16,59.27772
2022,10,15,17,63.6417
2022,10,15,18,79.15101
2022,10,15,19,88.53288
2022,10,15,20,82.02142
2022,10,15,21,78.63967
2022,10,15,22,78.38262
2022,10,15,23,73.9645
2022,10,15,24,71.4854
2022,10,16,1,71.54816
2022,10,16,2,68.87305
2022,10,16,3,66.05242
2022,10,16,4,65.44276
2022,10,16,5,67.32522
2022,10,16,6,69.48865
2022,10,16,7,73.05114
2022,10,16,8,70.87614
2022,10,16,9,56.02477
2022,10,16,10,49.74041
2022,10,16,11,44.91985
2022,10,16,12,39.62798
2022,10,16,13,38.89153
2022,10,16,14,39.29903
2022,10,16,15,42.16939
2022,10,16,16,50.16596
2022,10,16,17,56.36024
2022,10,16,18,83.03902
2022,10,16,19,93.69852
2022,10,16,20,87.32716
2022,10,16,21,83.95392
2022,10,16,22,82.22596
2022,10,16,23,76.95205
2022,10,16,24,72.20731
2022,10,17,1,73.43576
2022,10,17,2,68.89989
2022,10,17,3,68.49183
2022,10,17,4,68.84897
2022,10,17,5,69.14707
2022,10,17,6,76.62118
2022,10,17,7,89.78557
2022,10,17,8,88.87601
2022,10,17,9,67.20213
2022,10,17,10,60.03981
2022,10,17,11,59.28839
2022,10,17,12,56.64605
2022,10,17,13,58.08179
2022,10,17,14,58.29369
2022,10,17,15,60.4673
2022,10,17,16,65.47001
2022,10,17,17,77.56674
2022,10,17,18,92.25644
2022,10,17,19,107.3309
2022,10,17,20,94.02059
2022,10,17,21,89.77236
2022,10,17,22,89.07142
2022,10,17,23,85.00367
2022,10,17,24,81.54902
2022,10,18,1,80.61585
2022,10,18,2,74.27213
2022,10,18,3,71.36485
2022,10,18,4,71.61616
2022,10,18,5,75.95172
2022,10,18,6,83.09512
2022,10,18,7,91.80054
2022,10,18,8,89.36595
2022,10,18,9,69.8166
2022,10,18,10,66.28155
2022,10,18,11,62.95906
2022,10,18,12,62.88119
2022,10,18,13,64.94886
2022,10,18,14,68.00661
2022,10,18,15,71.56218
2022,10,18,16,76.58191
2022,10,18,17,87.72966
2022,10,18,18,107.51383
2022,10,18,19,137.37
2022,10,18,20,105.06
2022,10,18,21,94.88
2022,10,18,22,94.33
2022,10,18,23,86.42679
2022,10,18,24,84.09001
2022,10,19,1,83.42641
2022,10,19,2,79.92097
2022,10,19,3,75.66857
2022,10,19,4,75.27853
2022,10,19,5,77.47934
2022,10,19,6,83.02053
2022,10,19,7,92.92959
2022,10,19,8,91.96239
2022,10,19,9,74.83338
2022,10,19,10,66.97108
2022,10,19,11,66.33883
2022,10,19,12,67.44127
2022,10,19,13,70.01178
2022,10,19,14,77.7106
2022,10,19,15,81.648
2022,10,19,16,96.01335
2022,10,19,17,104.17668
2022,10,19,18,138.83652
2022,10,19,19,185.1489
2022,10,19,20,128.58086
2022,10,19,21,105.12976
2022,10,19,22,101.1859
2022,10,19,23,93.26537
2022,10,19,24,89.43164
2022,10,20,1,78.07385
2022,10,20,2,72.75191
2022,10,20,3,69.93134
2022,10,20,4,67.85956
2022,10,20,5,69.29418
2022,10,20,6,76.91112
2022,10,20,7,86.25052
2022,10,20,8,86.52056
2022,10,20,9,69.37329
2022,10,20,10,62.89401
2022,10,20,11,61.44023
2022,10,20,12,62.57159
2022,10,20,13,61.45569
2022,10,20,14,64.57851
2022,10,20,15,70.14854
2022,10,20,16,78.77274
2022,10,20,17,89.3727
2022,10,20,18,115.60035
2022,10,20,19,132.44438
2022,10,20,20,108.59328
2022,10,20,21,96.87323
2022,10,20,22,92.47672
2022,10,20,23,82.22839
2022,10,20,24,75.34643
2022,10,21,1,69.95084
2022,10,21,2,60.52766
2022,10,21,3,56.40833
2022,10,21,4,56.17917
2022,10,21,5,57.56953
2022,10,21,6,61.7088
2022,10,21,7,78.73108
2022,10,21,8,78.98097
2022,10,21,9,58.25639
2022,10,21,10,52.58669
2022,10,21,11,50.88286
2022,10,21,12,49.23909
2022,10,21,13,49.96133
2022,10,21,14,51.69161
2022,10,21,15,53.84333
2022,10,21,16,56.18763
2022,10,21,17,59.5207
2022,10,21,18,78.65307
2022,10,21,19,87.56567
2022,10,21,20,81.86656
2022,10,21,21,73.95047
2022,10,21,22,70.96172
2022,10,21,23,66.63564
2022,10,21,24,62.3299
2022,10,22,1,57.07241
2022,10,22,2,55.32089
2022,10,22,3,52.03309
2022,10,22,4,50.51936
2022,10,22,5,50.95687
2022,10,22,6,54.56333
2022,10,22,7,61.96707
2022,10,22,8,63.65637
2022,10,22,9,50.35059
2022,10,22,10,42.05937
2022,10,22,11,37.60641
2022,10,22,12,35.4124
2022,10,22,13,31.10024
2022,10,22,14,28.88983
2022,10,22,15,30.40136
2022,10,22,16,35.82238
2022,10,22,17,45.7826
2022,10,22,18,62.65779
2022,10,22,19,69.49093
2022,10,22,20,69.29283
2022,10,22,21,64.7794
2022,10,22,22,63.24984
2022,10,22,23,59.30007
2022,10,22,24,56.45405
2022,10,23,1,57.47372
2022,10,23,2,54.96151
2022,10,23,3,52.89218
2022,10,23,4,50.94361
2022,10,23,5,51.5571
2022,10,23,6,53.19833
2022,10,23,7,59.44449
2022,10,23,8,56.02196
2022,10,23,9,45.18632
2022,10,23,10,31.87879
2022,10,23,11,23.78629
2022,10,23,12,19.73998
2022,10,23,13,19.06124
2022,10,23,14,17.8392
2022,10,23,15,18.59871
2022,10,23,16,23.57271
2022,10,23,17,39.56254
2022,10,23,18,65.78301
2022,10,23,19,72.1629
2022,10,23,20,74.7202
2022,10,23,21,71.75498
2022,10,23,22,68.67312
2022,10,23,23,66.08848
2022,10,23,24,63.79796
2022,10,24,1,57.56727
2022,10,24,2,58.98001
2022,10,24,3,55.26718
2022,10,24,4,55.57968
2022,10,24,5,60.19015
2022,10,24,6,67.43292
2022,10,24,7,79.33626
2022,10,24,8,72.65787
2022,10,24,9,58.78815
2022,10,24,10,42.24677
2022,10,24,11,36.64354
2022,10,24,12,34.84283
2022,10,24,13,34.39645
2022,10,24,14,34.20674
2022,10,24,15,33.8875
2022,10,24,16,40.91572
2022,10,24,17,50.25981
2022,10,24,18,72.85442
2022,10,24,19,84.6731
2022,10,24,20,80.73008
2022,10,24,21,74.58078
2022,10,24,22,72.28676
2022,10,24,23,66.5299
2022,10,24,24,63.11081
2022,10,25,1,63.57943
2022,10,25,2,59.54655
2022,10,25,3,57.20309
2022,10,25,4,57.04737
2022,10,25,5,62.90237
2022,10,25,6,69.56844
2022,10,25,7,77.29874
2022,10,25,8,78.06114
2022,10,25,9,61.67199
2022,10,25,10,42.56457
2022,10,25,11,37.90109
2022,10,25,12,36.21079
2022,10,25,13,36.35125
2022,10,25,14,35.5829
2022,10,25,15,36.22469
2022,10,25,16,41.68154
2022,10,25,17,53.61458
2022,10,25,18,72.63056
2022,10,25,19,81.57042
2022,10,25,20,79.71967
2022,10,25,21,72.34225
2022,10,25,22,71.8926
2022,10,25,23,66.54755
2022,10,25,24,59.56797
2022,10,26,1,62.61411
2022,10,26,2,58.89124
2022,10,26,3,57.21673
2022,10,26,4,57.3776
2022,10,26,5,60.44259
2022,10,26,6,67.99116
2022,10,26,7,74.90786
2022,10,26,8,75.74234
2022,10,26,9,55.19243
2022,10,26,10,37.73535
2022,10,26,11,31.55221
2022,10,26,12,29.04738
2022,10,26,13,27.74184
2022,10,26,14,26.69122
2022,10,26,15,28.8368
2022,10,26,16,34.67656
2022,10,26,17,52.09183
2022,10,26,18,72.18305
2022,10,26,19,84.22212
2022,10,26,20,82.05027
2022,10,26,21,73.651
2022,10,26,22,74.65009
2022,10,26,23,70.28127
2022,10,26,24,67.07469
2022,10,27,1,59.02645
2022,10,27,2,56.47985
2022,10,27,3,56.49441
2022,10,27,4,57.67356
2022,10,27,5,60.14814
2022,10,27,6,72.83169
2022,10,27,7,81.29872
2022,10,27,8,82.33086
2022,10,27,9,60.1568
2022,10,27,10,44.96005
2022,10,27,11,40.99667
2022,10,27,12,36.07018
2022,10,27,13,34.64617
2022,10,27,14,34.8603
2022,10,27,15,35.49422
2022,10,27,16,41.50421
2022,10,27,17,58.48847
2022,10,27,18,79.22449
2022,10,27,19,87.91098
2022,10,27,20,84.99843
2022,10,27,21,82.31487
2022,10,27,22,81.05212
2022,10,27,23,76.87734
2022,10,27,24,67.71769
2022,10,28,1,66.42586
2022,10,28,2,62.07561
2022,10,28,3,61.11854
2022,10,28,4,61.39629
2022,10,28,5,62.663
2022,10,28,6,70.46108
2022,10,28,7,80.17699
2022,10,28,8,79.60598
2022,10,28,9,58.55084
2022,10,28,10,47.2537
2022,10,28,11,42.28062
2022,10,28,12,40.86599
2022,10,28,13,42.28877
2022,10,28,14,45.92047
2022,10,28,15,44.03522
2022,10,28,16,52.57
2022,10,28,17,61.72324
2022,10,28,18,84.8444
2022,10,28,19,90.15639
2022,10,28,20,85.61901
2022,10,28,21,83.67556
2022,10,28,22,82.67091
2022,10,28,23,78.67836
2022,10,28,24,70.93785
2022,10,29,1,65.95339
2022,10,29,2,59.86019
2022,10,29,3,57.60331
2022,10,29,4,58.88104
2022,10,29,5,62.94397
2022,10,29,6,64.09787
2022,10,29,7,71.20116
2022,10,29,8,70.47381
2022,10,29,9,57.04542
2022,10,29,10,36.75217
2022,10,29,11,32.15733
2022,10,29,12,28.77147
2022,10,29,13,28.04068
2022,10,29,14,27.76734
2022,10,29,15,29.90864
2022,10,29,16,37.77088
2022,10,29,17,56.69138
2022,10,29,18,75.62503
2022,10,29,19,78.98225
2022,10,29,20,77.84368
2022,10,29,21,75.07695
2022,10,29,22,74.56044
2022,10,29,23,69.73754
2022,10,29,24,67.18302
2022,10,30,1,64.9297
2022,10,30,2,60.09893
2022,10,30,3,57.11707
2022,10,30,4,56.41204
2022,10,30,5,59.34062
2022,10,30,6,61.46704
2022,10,30,7,69.49143
2022,10,30,8,65.4903
2022,10,30,9,54.45198
2022,10,30,10,36.34867
2022,10,30,11,28.53082
2022,10,30,12,26.21717
2022,10,30,13,25.49748
2022,10,30,14,25.82018
2022,10,30,15,28.81688
2022,10,30,16,34.13931
2022,10,30,17,55.65862
2022,10,30,18,76.38418
2022,10,30,19,86.20127
2022,10,30,20,81.23829
2022,10,30,21,77.00368
2022,10,30,22,76.74326
2022,10,30,23,73.79979
2022,10,30,24,65.97259
2022,11,1,1,71.45476
2022,11,1,2,71.32306
2022,11,1,3,68.13289
2022,11,1,4,66.95949
2022,11,1,5,70.38766
2022,11,1,6,78.35869
2022,11,1,7,86.76517
2022,11,1,8,92.06321
2022,11,1,9,74.56728
2022,11,1,10,60.5009
2022,11,1,11,60.28751
2022,11,1,12,59.18259
2022,11,1,13,56.22856
2022,11,1,14,53.83161
2022,11,1,15,52.97111
2022,11,1,16,58.28203
2022,11,1,17,67.75483
2022,11,1,18,85.10291
2022,11,1,19,88.02292
2022,11,1,20,84.54853
2022,11,1,21,82.48727
2022,11,1,22,80.27041
2022,11,1,23,73.33952
2022,11,1,24,70.5476
2022,11,2,1,77.19093
2022,11,2,2,72.57007
2022,11,2,3,69.66839
2022,11,2,4,70.54097
2022,11,2,5,76.04606
2022,11,2,6,84.52841
2022,11,2,7,95.20566
2022,11,2,8,99.62855
2022,11,2,9,77.57456
2022,11,2,10,71.6421
2022,11,2,11,66.98969
2022,11,2,12,63.41395
2022,11,2,13,58.71814
2022,11,2,14,59.53643
2022,11,2,15,58.34951
2022,11,2,16,63.40751
2022,11,2,17,73.96832
2022,11,2,18,91.55665
2022,11,2,19,95.65024
2022,11,2,20,92.06482
2022,11,2,21,91.19574
2022,11,2,22,87.95743
2022,11,2,23,83.13476
2022,11,2,24,72.58309
2022,11,3,1,81.9651
2022,11,3,2,72.81563
2022,11,3,3,69.05913
2022,11,3,4,69.34424
2022,11,3,5,72.84576
2022,11,3,6,78.07218
2022,11,3,7,91.28987
2022,11,3,8,99.46391
2022,11,3,9,70.88363
2022,11,3,10,62.39489
2022,11,3,11,58.24944
2022,11,3,12,53.82112
2022,11,3,13,51.4505
2022,11,3,14,47.82288
2022,11,3,15,47.49658
2022,11,3,16,59.41431
2022,11,3,17,68.54007
2022,11,3,18,91.54459
2022,11,3,19,99.2959
2022,11,3,20,97.41567
2022,11,3,21,93.72825
2022,11,3,22,93.3991
2022,11,3,23,88.39378
2022,11,3,24,85.48858
2022,11,4,1,85.79496
2022,11,4,2,81.292
2022,11,4,3,80.5042
2022,11,4,4,79.92001
2022,11,4,5,81.9521
2022,11,4,6,91.68034
2022,11,4,7,107.51741
2022,11,4,8,112.12088
2022,11,4,9,78.54387
2022,11,4,10,64.3931
2022,11,4,11,55.96673
2022,11,4,12,52.66294
2022,11,4,13,49.73517
2022,11,4,14,46.8555
2022,11,4,15,52.61086
2022,11,4,16,60.88261
2022,11,4,17,70.55875
2022,11,4,18,94.09053
2022,11,4,19,96.84222
2022,11,4,20,90.60325
2022,11,4,21,89.81305
2022,11,4,22,87.7946
2022,11,4,23,82.23012
2022,11,4,24,75.35416
2022,11,5,1,74.74684
2022,11,5,2,72.42518
2022,11,5,3,72.14205
2022,11,5,4,70.52816
2022,11,5,5,72.05528
2022,11,5,6,74.23118
2022,11,5,7,87.07121
2022,11,5,8,84.02669
2022,11,5,9,68.02542
2022,11,5,10,46.55621
2022,11,5,11,38.04788
2022,11,5,12,33.0474
2022,11,5,13,28.5186
2022,11,5,14,25.03504
2022,11,5,15,26.64453
2022,11,5,16,35.26848
2022,11,5,17,57.00602
2022,11,5,18,85.29738
2022,11,5,19,89.74913
2022,11,5,20,87.69295
2022,11,5,21,86.10518
2022,11,5,22,84.06415
2022,11,5,23,74.33254
2022,11,5,24,74.27476
2022,11,6,1,81.18457
2022,11,6,2,79.91437
2022,11,6,3,71.87284
2022,11,6,4,69.5556
2022,11,6,5,71.69575
2022,11,6,6,70.86354
2022,11,6,7,72.657
2022,11,6,8,64.76591
2022,11,6,9,45.30099
2022,11,6,10,39.01676
2022,11,6,11,38.40486
2022,11,6,12,34.94854
2022,11,6,13,33.03055
2022,11,6,14,34.255
2022,11,6,15,36.86271
2022,11,6,16,63.19547
2022,11,6,17,88.89354
2022,11,6,18,101.00261
2022,11,6,19,97.09763
2022,11,6,20,90.08508
2022,11,6,21,89.08549
2022,11,6,22,85.25086
2022,11,6,23,79.04594
2022,11,6,24,74.65682
2022,11,6,25,76.73247
2022,11,7,1,75.5392
2022,11,7,2,74.87825
2022,11,7,3,75.4551
2022,11,7,4,75.57213
2022,11,7,5,78.82256
2022,11,7,6,88.48636
2022,11,7,7,109.79088
2022,11,7,8,92.34231
2022,11,7,9,80.94897
2022,11,7,10,78.10976
2022,11,7,11,78.98835
2022,11,7,12,77.32
2022,11,7,13,76.19432
2022,11,7,14,75.59981
2022,11,7,15,77.40648
2022,11,7,16,90.59757
2022,11,7,17,115.79506
2022,11,7,18,130.88
2022,11,7,19,120.81193
2022,11,7,20,110.86472
2022,11,7,21,108.8785
2022,11,7,22,97.28869
2022,11,7,23,89.12656
2022,11,7,24,85.16787
2022,11,8,1,84.28107
2022,11,8,2,80.0397
2022,11,8,3,77.2446
2022,11,8,4,80.28303
2022,11,8,5,81.30489
2022,11,8,6,90.32928
2022,11,8,7,101.03993
2022,11,8,8,89.41777
2022,11,8,9,82.02066
2022,11,8,10,80.50792
2022,11,8,11,78.98561
2022,11,8,12,77.24844
2022,11,8,13,72.98211
2022,11,8,14,73.43295
2022,11,8,15,79.13183
2022,11,8,16,89.04177
2022,11,8,17,107.88707
2022,11,8,18,131.47162
2022,11,8,19,114.49
2022,11,8,20,105.0
2022,11,8,21,102.352
2022,11,8,22,100.34129
2022,11,8,23,88.24097
2022,11,8,24,84.10978
2022,11,9,1,77.17313
2022,11,9,2,72.57632
2022,11,9,3,72.09354
2022,11,9,4,72.24265
2022,11,9,5,73.2474
2022,11,9,6,83.09716
2022,11,9,7,97.33262
2022,11,9,8,75.70107
2022,11,9,9,66.62052
2022,11,9,10,58.77821
2022,11,9,11,50.81909
2022,11,9,12,45.2005
2022,11,9,13,39.29411
2022,11,9,14,40.0923
2022,11,9,15,45.74857
2022,11,9,16,68.7806
2022,11,9,17,98.5
2022,11,9,18,115.96564
2022,11,9,19,104.94375
2022,11,9,20,101.03
2022,11,9,21,99.90862
2022,11,9,22,97.66542
2022,11,9,23,87.2123
2022,11,9,24,83.64337
2022,11,10,1,90.46463
2022,11,10,2,86.89389
2022,11,10,3,84.42073
2022,11,10,4,86.45831
2022,11,10,5,95.05611
2022,11,10,6,109.3
2022,11,10,7,120.63
2022,11,10,8,84.55231
2022,11,10,9,67.86365
2022,11,10,10,60.97126
2022,11,10,11,53.71703
2022,11,10,12,51.1002
2022,11,10,13,48.12368
2022,11,10,14,48.51155
2022,11,10,15,56.93594
2022,11,10,16,80.60822
2022,11,10,17,117.9
2022,11,10,18,138.51
2022,11,10,19,129.02802
2022,11,10,20,119.89904
2022,11,10,21,116.82
2022,11,10,22,113.28442
2022,11,10,23,101.06114
2022,11,10,24,96.69787
2022,11,11,1,95.91042
2022,11,11,2,90.52785
2022,11,11,3,86.7627
2022,11,11,4,90.31424
2022,11,11,5,99.00633
2022,11,11,6,109.3
2022,11,11,7,106.6352
2022,11,11,8,86.60005
2022,11,11,9,66.40437
2022,11,11,10,62.90027
2022,11,11,11,62.10077
2022,11,11,12,62.51325
2022,11,11,13,62.0352
2022,11,11,14,63.44676
2022,11,11,15,66.44
2022,11,11,16,87.72038
2022,11,11,17,113.16872
2022,11,11,18,126.91
2022,11,11,19,113.57
2022,11,11,20,110.0
2022,11,11,21,110.37431
2022,11,11,22,107.20884
2022,11,11,23,101.73622
2022,11,11,24,96.90951
2022,11,12,1,98.19302
2022,11,12,2,94.64829
2022,11,12,3,93.79885
2022,11,12,4,91.57071
2022,11,12,5,93.35098
2022,11,12,6,95.01301
2022,11,12,7,99.20676
2022,11,12,8,75.13468
2022,11,12,9,57.85295
2022,11,12,10,49.3669
2022,11,12,11,44.62207
2022,11,12,12,42.3967
2022,11,12,13,38.11834
2022,11,12,14,36.11143
2022,11,12,15,43.39454
2022,11,12,16,72.89632
2022,11,12,17,101.84336
2022,11,12,18,112.71538
2022,11,12,19,101.61562
2022,11,12,20,100.3235
2022,11,12,21,97.20892
2022,11,12,22,91.8509
2022,11,12,23,85.06267
2022,11,12,24,81.68121
2022,11,13,1,77.98208
2022,11,13,2,75.91736
2022,11,13,3,74.7892
2022,11,13,4,74.56143
2022,11,13,5,79.76442
2022,11,13,6,80.82752
2022,11,13,7,80.76972
2022,11,13,8,69.07648
2022,11,13,9,43.67443
2022,11,13,10,36.82089
2022,11,13,11,34.47978
2022,11,13,12,33.10788
2022,11,13,13,31.43607
2022,11,13,14,32.63718
2022,11,13,15,37.99121
2022,11,13,16,72.48476
2022,11,13,17,97.84546
2022,11,13,18,113.84817
2022,11,13,19,102.18717
2022,11,13,20,97.46663
2022,11,13,21,99.84415
2022,11,13,22,98.23493
2022,11,13,23,90.15745
2022,11,13,24,89.40573
2022,11,14,1,86.47722
2022,11,14,2,86.83057
2022,11,14,3,85.78342
2022,11,14,4,86.44379
2022,11,14,5,91.32877
2022,11,14,6,110.5174
2022,11,14,7,132.31
2022,11,14,8,90.13031
2022,11,14,9,69.5342
2022,11,14,10,60.73252
2022,11,14,11,56.58786
2022,11,14,12,57.62157
2022,11,14,13,55.03038
2022,11,14,14,54.47866
2022,11,14,15,61.85254
2022,11,14,16,80.64
2022,11,14,17,115.6163
2022,11,14,18,136.54
2022,11,14,19,124.5483
2022,11,14,20,115.6163
2022,11,14,21,117.50818
2022,11,14,22,111.23928
2022,11,14,23,102.05072
2022,11,14,24,92.04497
2022,11,15,1,100.5166
2022,11,15,2,95.59983
2022,11,15,3,94.33171
2022,11,15,4,95.19479
2022,11,15,5,98.62844
2022,11,15,6,110.67427
2022,11,15,7,129.2972
2022,11,15,8,97.04439
2022,11,15,9,78.59578
2022,11,15,10,72.65907
2022,11,15,11,63.85208
2022,11,15,12,62.4381
2022,11,15,13,58.72441
2022,11,15,14,56.25338
2022,11,15,15,62.37234
2022,11,15,16,86.29447
2022,11,15,17,117.11477
2022,11,15,18,134.26013
2022,11,15,19,116.03672
2022,11,15,20,114.8308
2022,11,15,21,113.95766
2022,11,15,22,111.13273
2022,11,15,23,98.38863
2022,11,15,24,93.83166
2022,11,16,1,90.95956
2022,11,16,2,87.56446
2022,11,16,3,87.51883
2022,11,16,4,87.98709
2022,11,16,5,96.96846
2022,11,16,6,105.64
2022,11,16,7,127.11889
2022,11,16,8,97.24721
2022,11,16,9,77.84679
2022,11,16,10,70.57181
2022,11,16,11,59.65826
2022,11,16,12,60.97165
2022,11,16,13,57.91039
2022,11,16,14,56.67468
2022,11,16,15,64.05665
2022,11,16,16,94.25701
2022,11,16,17,121.19906
2022,11,16,18,144.2734
2022,11,16,19,122.36
2022,11,16,20,121.88943
2022,11,16,21,119.05994
2022,11,16,22,112.67634
2022,11,16,23,105.07511
2022,11,16,24,98.49328
2022,11,17,1,87.99411
2022,11,17,2,86.42808
2022,11,17,3,84.64864
2022,11,17,4,85.39281
2022,11,17,5,92.78147
2022,11,17,6,105.50036
2022,11,17,7,116.97238
2022,11,17,8,87.85259
2022,11,17,9,69.94319
2022,11,17,10,62.10997
2022,11,17,11,59.26457
2022,11,17,12,58.89937
2022,11,17,13,60.84575
2022,11,17,14,61.15
2022,11,17,15,68.94545
2022,11,17,16,93.27633
2022,11,17,17,115.66506
2022,11,17,18,125.79209
2022,11,17,19,114.65812
2022,11,17,20,109.84832
2022,11,17,21,109.7409
2022,11,17,22,104.79674
2022,11,17,23,98.62207
2022,11,17,24,92.86
2022,11,18,1,83.65257
2022,11,18,2,80.73818
2022,11,18,3,80.23216
2022,11,18,4,80.48839
2022,11,18,5,91.1373
2022,11,18,6,106.28606
2022,11,18,7,116.95906
2022,11,18,8,97.24064
2022,11,18,9,75.67984
2022,11,18,10,72.18369
2022,11,18,11,66.91307
2022,11,18,12,64.33926
2022,11,18,13,62.88934
2022,11,18,14,59.49164
2022,11,18,15,63.24285
2022,11,18,16,83.82066
2022,11,18,17,116.99418
2022,11,18,18,130.31522
2022,11,18,19,116.59541
2022,11,18,20,109.59766
2022,11,18,21,108.21036
2022,11,18,22,106.05049
2022,11,18,23,99.7849
2022,11,18,24,95.28105
2022,11,19,1,85.82849
2022,11,19,2,83.47896
2022,11,19,3,82.83523
2022,11,19,4,81.22762
2022,11,19,5,89.0578
2022,11,19,6,95.1074
2022,11,19,7,101.73491
2022,11,19,8,83.49552
2022,11,19,9,63.1327
2022,11,19,10,48.39662
2022,11,19,11,43.09784
2022,11,19,12,39.61228
2022,11,19,13,37.59983
2022,11,19,14,38.70234
2022,11,19,15,45.76465
2022,11,19,16,74.55666
2022,11,19,17,106.44618
2022,11,19,18,112.54924
2022,11,19,19,104.83279
2022,11,19,20,103.81259
2022,11,19,21,102.40103
2022,11,19,22,95.58136
2022,11,19,23,93.40196
2022,11,19,24,89.10187
2022,11,20,1,83.04888
2022,11,20,2,78.48408
2022,11,20,3,77.84
2022,11,20,4,78.36529
2022,11,20,5,83.47073
2022,11,20,6,92.53991
2022,11,20,7,92.19858
2022,11,20,8,75.82774
2022,11,20,9,61.10009
2022,11,20,10,52.41507
2022,11,20,11,46.54341
2022,11,20,12,43.38003
2022,11,20,13,40.67365
2022,11,20,14,43.89359
2022,11,20,15,53.5673
2022,11,20,16,78.01852
2022,11,20,17,101.89681
2022,11,20,18,114.39508
2022,11,20,19,105.36051
2022,11,20,20,100.60976
2022,11,20,21,99.03768
2022,11,20,22,96.67489
2022,11,20,23,88.98915
2022,11,20,24,85.27719
2022,11,21,1,91.54446
2022,11,21,2,89.12164
2022,11,21,3,88.83104
2022,11,21,4,91.13226
2022,11,21,5,96.56515
2022,11,21,6,102.92298
2022,11,21,7,126.39676
2022,11,21,8,98.0
2022,11,21,9,79.95778
2022,11,21,10,74.85229
2022,11,21,11,72.06998
2022,11,21,12,72.83386
2022,11,21,13,71.33349
2022,11,21,14,74.09923
2022,11,21,15,78.27174
2022,11,21,16,99.85885
2022,11,21,17,120.57647
2022,11,21,18,132.52359
2022,11,21,19,120.94714
2022,11,21,20,113.7041
2022,11,21,21,110.55039
2022,11,21,22,108.97959
2022,11,21,23,101.27106
2022,11,21,24,95.88627
2022,11,22,1,91.73528
2022,11,22,2,87.79194
2022,11,22,3,84.31452
2022,11,22,4,85.75751
2022,11,22,5,92.70088
2022,11,22,6,101.81908
2022,11,22,7,109.84936
2022,11,22,8,98.88134
2022,11,22,9,82.52395
2022,11,22,10,74.13358
2022,11,22,11,72.9554
2022,11,22,12,71.41313
2022,11,22,13,69.34412
2022,11,22,14,70.30184
2022,11,22,15,72.70321
2022,11,22,16,89.44991
2022,11,22,17,111.89516
2022,11,22,18,116.38504
2022,11,22,19,105.58069
2022,11,22,20,104.2191
2022,11,22,21,102.88378
2022,11,22,22,100.03018
2022,11,22,23,94.73793
2022,11,22,24,89.6789
2022,11,23,1,89.95469
2022,11,23,2,85.44976
2022,11,23,3,84.16892
2022,11,23,4,84.79534
2022,11,23,5,89.62931
2022,11,23,6,100.51376
2022,11,23,7,109.00031
2022,11,23,8,93.18278
2022,11,23,9,81.16797
2022,11,23,10,73.61872
2022,11,23,11,68.79664
2022,11,23,12,67.65944
2022,11,23,13,66.1242
2022,11,23,14,65.52581
2022,11,23,15,75.29351
2022,11,23,16,93.12159
2022,11,23,17,116.46323
2022,11,23,18,121.28701
2022,11,23,19,114.24562
2022,11,23,20,108.12565
2022,11,23,21,104.40625
2022,11,23,22,102.96277
2022,11,23,23,101.25557
2022,11,23,24,96.58331
2022,11,24,1,98.13514
2022,11,24,2,98.30006
2022,11,24,3,94.07576
2022,11,24,4,98.43734
2022,11,24,5,101.31004
2022,11,24,6,103.08032
2022,11,24,7,107.01031
2022,11,24,8,92.2829
2022,11,24,9,72.46327
2022,11,24,10,56.98293
2022,11,24,11,52.60458
2022,11,24,12,51.20051
2022,11,24,13,47.66468
2022,11,24,14,46.93214
2022,11,24,15,60.53962
2022,11,24,16,92.67084
2022,11,24,17,112.2807
2022,11,24,18,113.80095
2022,11,24,19,109.78062
2022,11,24,20,110.43973
2022,11,24,21,109.26575
2022,11,24,22,109.34709
2022,11,24,23,109.30074
2022,11,24,24,107.92327
2022,11,25,1,100.68206
2022,11,25,2,100.90817
2022,11,25,3,96.18799
2022,11,25,4,99.37394
2022,11,25,5,104.41029
2022,11,25,6,111.37089
2022,11,25,7,114.2531
2022,11,25,8,102.70712
2022,11,25,9,76.78833
2022,11,25,10,65.1849
2022,11,25,11,62.2532
2022,11,25,12,61.8308
2022,11,25,13,59.24855
2022,11,25,14,61.24026
2022,11,25,15,73.65411
2022,11,25,16,100.16083
2022,11,25,17,120.9874
2022,11,25,18,126.95186
2022,11,25,19,118.48491
2022,11,25,20,117.78055
2022,11,25,21,116.37356
2022,11,25,22,115.08885
2022,11,25,23,112.65145
2022,11,25,24,108.00991
2022,11,26,1,95.1655
2022,11,26,2,94.29553
2022,11,26,3,90.79
2022,11,26,4,93.42523
2022,11,26,5,97.46548
2022,11,26,6,103.69392
2022,11,26,7,106.14345
2022,11,26,8,95.83737
2022,11,26,9,80.53055
2022,11,26,10,63.30139
2022,11,26,11,49.78418
2022,11,26,12,44.24481
2022,11,26,13,39.03931
2022,11,26,14,37.73837
2022,11,26,15,57.76047
2022,11,26,16,94.53563
2022,11,26,17,115.17392
2022,11,26,18,121.30085
2022,11,26,19,110.52851
2022,11,26,20,109.57078
2022,11,26,21,109.55913
2022,11,26,22,109.72873
2022,11,26,23,105.74254
2022,11,26,24,100.0
2022,11,27,1,101.28048
2022,11,27,2,99.0
2022,11,27,3,99.84351
2022,11,27,4,99.03469
2022,11,27,5,102.37355
2022,11,27,6,104.86353
2022,11,27,7,104.67384
2022,11,27,8,90.9574
2022,11,27,9,70.41176
2022,11,27,10,48.19181
2022,11,27,11,42.57894
2022,11,27,12,40.53893
2022,11,27,13,34.91325
2022,11,27,14,34.32996
2022,11,27,15,58.23122
2022,11,27,16,98.70459
2022,11,27,17,108.3257
2022,11,27,18,116.81343
2022,11,27,19,106.60756
2022,11,27,20,105.55086
2022,11,27,21,104.13001
2022,11,27,22,102.07286
2022,11,27,23,100.12239
2022,11,27,24,97.44689
2022,11,28,1,107.04822
2022,11,28,2,98.13997
2022,11,28,3,97.21077
2022,11,28,4,97.08672
2022,11,28,5,97.55597
2022,11,28,6,111.2406
2022,11,28,7,138.57072
2022,11,28,8,124.53561
2022,11,28,9,93.52136
2022,11,28,10,88.49298
2022,11,28,11,84.63937
2022,11,28,12,80.30035
2022,11,28,13,74.33752
2022,11,28,14,75.27326
2022,11,28,15,83.61725
2022,11,28,16,101.91248
2022,11,28,17,130.43706
2022,11,28,18,145.7904
2022,11,28,19,131.66531
2022,11,28,20,127.54407
2022,11,28,21,126.48653
2022,11,28,22,122.9622
2022,11,28,23,111.98325
2022,11,28,24,104.66515
2022,11,29,1,98.36691
2022,11,29,2,95.9386
2022,11,29,3,96.11471
2022,11,29,4,96.28624
2022,11,29,5,97.64212
2022,11,29,6,112.61217
2022,11,29,7,152.55
2022,11,29,8,125.97516
2022,11,29,9,103.91906
2022,11,29,10,92.45379
2022,11,29,11,87.20246
2022,11,29,12,81.39392
2022,11,29,13,76.05996
2022,11,29,14,76.53584
2022,11,29,15,87.17496
2022,11,29,16,113.47162
2022,11,29,17,154.9
2022,11,29,18,174.11
2022,11,29,19,166.02
2022,11,29,20,159.68
2022,11,29,21,158.65
2022,11,29,22,154.04
2022,11,29,23,131.95026
2022,11,30,24,128.84003
2022,12,1,1,152.76505
2022,12,1,2,144.36569
2022,12,1,3,140.59366
2022,12,1,4,139.17842
2022,12,1,5,140.77426
2022,12,1,6,151.57596
2022,12,1,7,173.06917
2022,12,1,8,171.60953
2022,12,1,9,149.0
2022,12,1,10,142.91858
2022,12,1,11,142.47533
2022,12,1,12,140.0
2022,12,1,13,139.67065
2022,12,1,14,137.6
2022,12,1,15,142.91858
2022,12,1,16,175.84746
2022,12,1,17,198.40396
2022,12,1,18,224.90608
2022,12,1,19,202.53783
2022,12,1,20,195.53159
2022,12,1,21,203.50488
2022,12,1,22,186.16714
2022,12,1,23,153.97249
2022,12,1,24,153.67278
2022,12,2,1,157.89722
2022,12,2,2,150.98138
2022,12,2,3,146.55586
2022,12,2,4,146.55586
2022,12,2,5,151.90521
2022,12,2,6,160.27
2022,12,2,7,205.0
2022,12,2,8,219.2342
2022,12,2,9,179.75
2022,12,2,10,162.82002
2022,12,2,11,154.59212
2022,12,2,12,151.74818
2022,12,2,13,145.07643
2022,12,2,14,148.00197
2022,12,2,15,151.98
2022,12,2,16,194.72739
2022,12,2,17,225.0
2022,12,2,18,271.45908
2022,12,2,19,247.13597
2022,12,2,20,238.27678
2022,12,2,21,225.0
2022,12,2,22,217.6045
2022,12,2,23,211.40816
2022,12,2,24,185.61005
2022,12,3,1,157.9
2022,12,3,2,157.93076
2022,12,3,3,148.74152
2022,12,3,4,150.0
2022,12,3,5,154.31
2022,12,3,6,155.77
2022,12,3,7,171.60414
2022,12,3,8,169.6701
2022,12,3,9,147.79832
2022,12,3,10,133.31683
2022,12,3,11,137.16763
2022,12,3,12,126.91889
2022,12,3,13,129.84863
2022,12,3,14,128.8284
2022,12,3,15,130.35733
2022,12,3,16,155.59583
2022,12,3,17,182.04797
2022,12,3,18,188.37993
2022,12,3,19,185.21979
2022,12,3,20,185.25981
2022,12,3,21,182.5221
2022,12,3,22,178.06041
2022,12,3,23,154.05128
2022,12,3,24,146.14044
2022,12,4,1,138.07594
2022,12,4,2,140.25388
2022,12,4,3,130.22987
2022,12,4,4,126.72685
2022,12,4,5,128.40419
2022,12,4,6,140.24432
2022,12,4,7,151.86986
2022,12,4,8,140.80809
2022,12,4,9,133.96304
2022,12,4,10,124.68828
2022,12,4,11,119.48025
2022,12,4,12,112.08684
2022,12,4,13,105.57478
2022,12,4,14,104.30668
2022,12,4,15,116.01828
2022,12,4,16,139.54422
2022,12,4,17,167.05592
2022,12,4,18,187.22
2022,12,4,19,160.83945
2022,12,4,20,157.81773
2022,12,4,21,157.81773
2022,12,4,22,154.81773
2022,12,4,23,144.71564
2022,12,4,24,135.75871
2022,12,5,1,126.9106
2022,12,5,2,125.55169
2022,12,5,3,124.34151
2022,12,5,4,124.65879
2022,12,5,5,127.79692
2022,12,5,6,144.34613
2022,12,5,7,170.25
2022,12,5,8,172.1255
2022,12,5,9,139.0
2022,12,5,10,134.4094
2022,12,5,11,128.3664
2022,12,5,12,114.10435
2022,12,5,13,109.41285
2022,12,5,14,113.49839
2022,12,5,15,113.15162
2022,12,5,16,139.8361
2022,12,5,17,178.34464
2022,12,5,18,200.00018
2022,12,5,19,184.49463
2022,12,5,20,177.67464
2022,12,5,21,181.89864
2022,12,5,22,169.53601
2022,12,5,23,145.00888
2022,12,5,24,132.24715
2022,12,6,1,133.88522
2022,12,6,2,133.687
2022,12,6,3,130.33926
2022,12,6,4,133.38467
2022,12,6,5,134.73924
2022,12,6,6,146.49982
2022,12,6,7,172.87
2022,12,6,8,172.87
2022,12,6,9,149.31499
2022,12,6,10,137.3
2022,12,6,11,130.0
2022,12,6,12,129.21727
2022,12,6,13,132.91972
2022,12,6,14,132.46176
2022,12,6,15,130.35
2022,12,6,16,157.88
2022,12,6,17,186.58
2022,12,6,18,206.99
2022,12,6,19,190.0
2022,12,6,20,186.0
2022,12,6,21,181.0
2022,12,6,22,171.03
2022,12,6,23,165.79808
2022,12,6,24,152.01465
2022,12,7,1,140.30586
2022,12,7,2,132.26216
2022,12,7,3,132.22519
2022,12,7,4,132.68413
2022,12,7,5,135.76328
2022,12,7,6,150.42561
2022,12,7,7,185.11073
2022,12,7,8,180.284
2022,12,7,9,146.36696
2022,12,7,10,133.79921
2022,12,7,11,131.11855
2022,12,7,12,124.84678
2022,12,7,13,119.4784
2022,12,7,14,115.3588
2022,12,7,15,125.22193
2022,12,7,16,145.63612
2022,12,7,17,184.0864
2022,12,7,18,201.74107
2022,12,7,19,184.77061
2022,12,7,20,179.08308
2022,12,7,21,177.00578
2022,12,7,22,170.7392
2022,12,7,23,155.4211
2022,12,7,24,146.64005
2022,12,8,1,173.40459
2022,12,8,2,167.62132
2022,12,8,3,163.92194
2022,12,8,4,166.02937
2022,12,8,5,169.99696
2022,12,8,6,197.30016
2022,12,8,7,232.78036
2022,12,8,8,210.54555
2022,12,8,9,173.2929
2022,12,8,10,156.54874
2022,12,8,11,155.22359
2022,12,8,12,147.91457
2022,12,8,13,146.25168
2022,12,8,14,148.81679
2022,12,8,15,157.05742
2022,12,8,16,183.19408
2022,12,8,17,236.54578
2022,12,8,18,252.55418
2022,12,8,19,234.75577
2022,12,8,20,232.98615
2022,12,8,21,229.67355
2022,12,8,22,215.4489
2022,12,8,23,190.10777
2022,12,8,24,180.42906
2022,12,9,1,247.66197
2022,12,9,2,238.98647
2022,12,9,3,233.31308
2022,12,9,4,232.33029
2022,12,9,5,240.89215
2022,12,9,6,285.33972
2022,12,9,7,338.9325
2022,12,9,8,296.4851
2022,12,9,9,246.26022
2022,12,9,10,230.51378
2022,12,9,11,217.36931
2022,12,9,12,209.81454
2022,12,9,13,200.21667
2022,12,9,14,196.50699
2022,12,9,15,215.99129
2022,12,9,16,256.8543
2022,12,9,17,325.80124
2022,12,9,18,340.76093
2022,12,9,19,332.02228
2022,12,9,20,328.15323
2022,12,9,21,325.44424
2022,12,9,22,322.71356
2022,12,9,23,312.4883
2022,12,9,24,286.94232
2022,12,10,1,387.74136
2022,12,10,2,373.1511
2022,12,10,3,348.32837
2022,12,10,4,347.6242
2022,12,10,5,347.17795
2022,12,10,6,360.03506
2022,12,10,7,396.5772
2022,12,10,8,369.9192
2022,12,10,9,330.01315
2022,12,10,10,312.40063
2022,12,10,11,312.52917
2022,12,10,12,310.15872
2022,12,10,13,298.73068
2022,12,10,14,295.7805
2022,12,10,15,309.4945
2022,12,10,16,360.89825
2022,12,10,17,421.32007
2022,12,10,18,431.06345
2022,12,10,19,430.78235
2022,12,10,20,421.4075
2022,12,10,21,421.43707
2022,12,10,22,414.82596
2022,12,10,23,390.7965
2022,12,10,24,353.55615
2022,12,11,1,367.80304
2022,12,11,2,364.58948
2022,12,11,3,352.49725
2022,12,11,4,351.3976
2022,12,11,5,351.1654
2022,12,11,6,366.6131
2022,12,11,7,362.03232
2022,12,11,8,352.38544
2022,12,11,9,329.6495
2022,12,11,10,326.74442
2022,12,11,11,323.82358
2022,12,11,12,320.37653
2022,12,11,13,315.19604
2022,12,11,14,314.5063
2022,12,11,15,320.70013
2022,12,11,16,360.94855
2022,12,11,17,432.90317
2022,12,11,18,450.52408
2022,12,11,19,440.4014
2022,12,11,20,444.84567
2022,12,11,21,441.61438
2022,12,11,22,435.1487
2022,12,11,23,394.75797
2022,12,11,24,358.1183
2022,12,12,1,364.98807
2022,12,12,2,357.28464
2022,12,12,3,346.81912
2022,12,12,4,346.54492
2022,12,12,5,353.14297
2022,12,12,6,384.1881
2022,12,12,7,486.61548
2022,12,12,8,484.2615
2022,12,12,9,401.63184
2022,12,12,10,369.5608
2022,12,12,11,363.5846
2022,12,12,12,356.33087
2022,12,12,13,344.9739
2022,12,12,14,339.39386
2022,12,12,15,346.40164
2022,12,12,16,405.5148
2022,12,12,17,502.69647
2022,12,12,18,539.4189
2022,12,12,19,536.6732
2022,12,12,20,523.3704
2022,12,12,21,517.12836
2022,12,12,22,508.85406
2022,12,12,23,430.67712
2022,12,12,24,408.62192
2022,12,13,1,335.34305
2022,12,13,2,333.02274
2022,12,13,3,335.80988
2022,12,13,4,339.58936
2022,12,13,5,347.76065
2022,12,13,6,388.4507
2022,12,13,7,461.02518
2022,12,13,8,426.2907
2022,12,13,9,334.2882
2022,12,13,10,308.36887
2022,12,13,11,301.3489
2022,12,13,12,290.95932
2022,12,13,13,282.74203
2022,12,13,14,274.5442
2022,12,13,15,302.5267
2022,12,13,16,350.36905
2022,12,13,17,442.16525
2022,12,13,18,454.5
2022,12,13,19,465.93692
2022,12,13,20,449.70694
2022,12,13,21,448.2363
2022,12,13,22,444.6063
2022,12,13,23,401.96698
2022,12,13,24,365.1191
2022,12,14,1,393.04706
2022,12,14,2,375.0
2022,12,14,3,374.82028
2022,12,14,4,375.4698
2022,12,14,5,391.5612
2022,12,14,6,464.82925
2022,12,14,7,528.45087
2022,12,14,8,509.42435
2022,12,14,9,378.7328
2022,12,14,10,341.00415
2022,12,14,11,331.15253
2022,12,14,12,324.4373
2022,12,14,13,321.1646
2022,12,14,14,319.85535
2022,12,14,15,338.35098
2022,12,14,16,391.2129
2022,12,14,17,511.71295
2022,12,14,18,566.1542
2022,12,14,19,553.8073
2022,12,14,20,528.06415
2022,12,14,21,520.2686
2022,12,14,22,504.95563
2022,12,14,23,464.23276
2022,12,14,24,421.00665
2022,12,15,1,280.49777
2022,12,15,2,262.01962
2022,12,15,3,262.21942
2022,12,15,4,260.797
2022,12,15,5,275.74863
2022,12,15,6,295.4374
2022,12,15,7,345.8284
2022,12,15,8,325.79697
2022,12,15,9,275.39987
2022,12,15,10,236.57246
2022,12,15,11,226.79681
2022,12,15,12,210.64769
2022,12,15,13,208.26414
2022,12,15,14,205.04832
2022,12,15,15,226.39897
2022,12,15,16,268.95642
2022,12,15,17,324.08224
2022,12,15,18,353.1717
2022,12,15,19,350.6117
2022,12,15,20,332.20184
2022,12,15,21,324.87015
2022,12,15,22,313.94653
2022,12,15,23,297.10144
2022,12,15,24,276.666
2022,12,16,1,310.43753
2022,12,16,2,304.23703
2022,12,16,3,295.3525
2022,12,16,4,297.13483
2022,12,16,5,320.33154
2022,12,16,6,353.50464
2022,12,16,7,414.30792
2022,12,16,8,394.4228
2022,12,16,9,306.3243
2022,12,16,10,262.84106
2022,12,16,11,253.87581
2022,12,16,12,239.757
2022,12,16,13,227.49939
2022,12,16,14,218.87593
2022,12,16,15,234.27748
2022,12,16,16,287.0835
2022,12,16,17,395.79056
2022,12,16,18,420.03967
2022,12,16,19,410.68738
2022,12,16,20,401.7323
2022,12,16,21,399.6664
2022,12,16,22,386.51276
2022,12,16,23,369.35498
2022,12,16,24,340.16098
2022,12,17,1,294.09763
2022,12,17,2,278.1231
2022,12,17,3,271.59952
2022,12,17,4,271.53824
2022,12,17,5,273.6344
2022,12,17,6,291.3068
2022,12,17,7,318.5647
2022,12,17,8,292.4818
2022,12,17,9,246.63828
2022,12,17,10,229.59402
2022,12,17,11,218.00436
2022,12,17,12,214.98895
2022,12,17,13,209.36465
2022,12,17,14,213.61147
2022,12,17,15,223.62354
2022,12,17,16,268.3701
2022,12,17,17,320.48352
2022,12,17,18,343.3562
2022,12,17,19,335.4228
2022,12,17,20,320.98694
2022,12,17,21,322.9226
2022,12,17,22,319.5553
2022,12,17,23,310.39066
2022,12,17,24,292.00244
2022,12,18,1,251.68088
2022,12,18,2,250.36015
2022,12,18,3,241.05054
2022,12,18,4,242.28241
2022,12,18,5,241.58063
2022,12,18,6,242.75021
2022,12,18,7,253.45065
2022,12,18,8,248.3621
2022,12,18,9,234.60796
2022,12,18,10,204.7502
2022,12,18,11,189.25822
2022,12,18,12,181.73637
2022,12,18,13,171.17548
2022,12,18,14,172.31294
2022,12,18,15,182.80582
2022,12,18,16,232.1161
2022,12,18,17,294.2554
2022,12,18,18,303.1882
2022,12,18,19,302.9556
2022,12,18,20,305.73947
2022,12,18,21,302.79984
2022,12,18,22,297.96393
2022,12,18,23,290.06165
2022,12,18,24,243.3869
2022,12,19,1,254.42886
2022,12,19,2,252.88567
2022,12,19,3,252.6018
2022,12,19,4,248.98425
2022,12,19,5,256.02823
2022,12,19,6,279.6828
2022,12,19,7,380.29727
2022,12,19,8,365.01428
2022,12,19,9,282.90378
2022,12,19,10,261.75146
2022,12,19,11,251.17558
2022,12,19,12,238.89282
2022,12,19,13,226.50229
2022,12,19,14,219.19489
2022,12,19,15,227.15074
2022,12,19,16,270.8817
2022,12,19,17,352.6404
2022,12,19,18,405.6334
2022,12,19,19,379.8063
2022,12,19,20,357.19437
2022,12,19,21,363.4647
2022,12,19,22,353.88974
2022,12,19,23,311.81564
2022,12,19,24,289.81213
2022,12,20,1,334.7312
2022,12,20,2,320.68066
2022,12,20,3,308.02087
2022,12,20,4,303.55505
2022,12,20,5,323.81277
2022,12,20,6,350.89456
2022,12,20,7,377.49316
2022,12,20,8,391.51025
2022,12,20,9,338.45862
2022,12,20,10,284.6187
2022,12,20,11,264.02
2022,12,20,12,235.98
2022,12,20,13,227.76
2022,12,20,14,238.78065
2022,12,20,15,242.95107
2022,12,20,16,299.94
2022,12,20,17,365.4469
2022,12,20,18,389.29874
2022,12,20,19,367.1206
2022,12,20,20,365.45892
2022,12,20,21,362.9761
2022,12,20,22,353.7715
2022,12,20,23,314.88745
2022,12,20,24,307.78702
2022,12,21,1,273.71155
2022,12,21,2,265.92487
2022,12,21,3,265.43927
2022,12,21,4,267.99487
2022,12,21,5,273.43176
2022,12,21,6,305.35
2022,12,21,7,364.0
2022,12,21,8,334.2
2022,12,21,9,259.25482
2022,12,21,10,251.48352
2022,12,21,11,229.47159
2022,12,21,12,216.4854
2022,12,21,13,211.4435
2022,12,21,14,209.50113
2022,12,21,15,214.74522
2022,12,21,16,262.82428
2022,12,21,17,326.11838
2022,12,21,18,351.3181
2022,12,21,19,329.00797
2022,12,21,20,327.65668
2022,12,21,21,324.75024
2022,12,21,22,323.90988
2022,12,21,23,278.26184
2022,12,21,24,263.72906
2022,12,22,1,462.20627
2022,12,22,2,458.64133
2022,12,22,3,456.2461
2022,12,22,4,457.24902
2022,12,22,5,459.79147
2022,12,22,6,504.65695
2022,12,22,7,583.97345
2022,12,22,8,571.1759
2022,12,22,9,485.153
2022,12,22,10,433.59222
2022,12,22,11,407.65222
2022,12,22,12,376.97787
2022,12,22,13,396.52704
2022,12,22,14,394.7923
2022,12,22,15,425.0646
2022,12,22,16,519.73486
2022,12,22,17,588.2589
2022,12,22,18,600.0
2022,12,22,19,597.6921
2022,12,22,20,587.821
2022,12,22,21,584.9833
2022,12,22,22,571.39606
2022,12,22,23,505.91922
2022,12,22,24,468.53357
2022,12,23,1,335.5054
2022,12,23,2,325.68597
2022,12,23,3,320.57553
2022,12,23,4,322.46017
2022,12,23,5,325.22797
2022,12,23,6,354.0654
2022,12,23,7,386.16614
2022,12,23,8,356.79385
2022,12,23,9,308.6828
2022,12,23,10,282.36316
2022,12,23,11,261.1351
2022,12,23,12,249.97922
2022,12,23,13,244.06325
2022,12,23,14,234.33633
2022,12,23,15,243.50705
2022,12,23,16,305.68134
2022,12,23,17,377.17422
2022,12,23,18,402.6981
2022,12,23,19,383.78876
2022,12,23,20,380.05472
2022,12,23,21,379.36697
2022,12,23,22,366.15118
2022,12,23,23,328.57584
2022,12,23,24,300.63947
2022,12,24,1,328.21878
2022,12,24,2,318.579
2022,12,24,3,308.43408
2022,12,24,4,303.43
2022,12,24,5,307.40854
2022,12,24,6,305.01514
2022,12,24,7,317.75143
2022,12,24,8,307.09363
2022,12,24,9,286.72324
2022,12,24,10,252.70795
2022,12,24,11,241.15756
2022,12,24,12,229.07533
2022,12,24,13,221.54977
2022,12,24,14,216.7685
2022,12,24,15,234.07883
2022,12,24,16,292.504
2022,12,24,17,362.69812
2022,12,24,18,405.78445
2022,12,24,19,390.63687
2022,12,24,20,386.31915
2022,12,24,21,373.3273
2022,12,24,22,360.56454
2022,12,24,23,347.51715
2022,12,24,24,323.64313
2022,12,25,1,298.3887
2022,12,25,2,304.27063
2022,12,25,3,294.27637
2022,12,25,4,290.12802
2022,12,25,5,299.92307
2022,12,25,6,304.47137
2022,12,25,7,299.59213
2022,12,25,8,292.2309
2022,12,25,9,269.04068
2022,12,25,10,227.02583
2022,12,25,11,207.45477
2022,12,25,12,188.09576
2022,12,25,13,197.98001
2022,12,25,14,196.74115
2022,12,25,15,221.93655
2022,12,25,16,275.3304
2022,12,25,17,326.9484
2022,12,25,18,349.21667
2022,12,25,19,347.92532
2022,12,25,20,346.48218
2022,12,25,21,339.6504
2022,12,25,22,323.83728
2022,12,25,23,314.6773
2022,12,25,24,305.14838
2022,12,26,1,307.5803
2022,12,26,2,301.55795
2022,12,26,3,290.901
2022,12,26,4,288.0611
2022,12,26,5,291.86603
2022,12,26,6,293.4193
2022,12,26,7,305.53485
2022,12,26,8,288.31815
2022,12,26,9,278.45322
2022,12,26,10,257.04135
2022,12,26,11,236.99329
2022,12,26,12,234.69939
2022,12,26,13,240.17291
2022,12,26,14,237.37747
2022,12,26,15,266.14703
2022,12,26,16,302.55438
2022,12,26,17,378.09482
2022,12,26,18,386.44077
2022,12,26,19,373.8647
2022,12,26,20,368.93457
2022,12,26,21,367.69666
2022,12,26,22,355.47592
2022,12,26,23,310.45044
2022,12,26,24,294.9563
2022,12,27,1,287.54105
2022,12,27,2,277.41583
2022,12,27,3,275.07925
2022,12,27,4,273.7811
2022,12,27,5,274.55414
2022,12,27,6,287.29425
2022,12,27,7,307.89825
2022,12,27,8,312.04492
2022,12,27,9,307.8852
2022,12,27,10,306.43515
2022,12,27,11,294.86212
2022,12,27,12,290.01892
2022,12,27,13,289.5613
2022,12,27,14,288.74777
2022,12,27,15,302.61737
2022,12,27,16,333.36905
2022,12,27,17,339.70486
2022,12,27,18,340.6455
2022,12,27,19,338.47986
2022,12,27,20,333.94678
2022,12,27,21,324.9166
2022,12,27,22,310.66666
2022,12,27,23,295.71686
2022,12,27,24,286.40292
2022,12,28,1,195.86432
2022,12,28,2,195.70808
2022,12,28,3,193.59286
2022,12,28,4,195.32805
2022,12,28,5,195.43845
2022,12,28,6,207.709
2022,12,28,7,237.50133
2022,12,28,8,237.17075
2022,12,28,9,214.94923
2022,12,28,10,189.0
2022,12,28,11,178.14784
2022,12,28,12,164.7246
2022,12,28,13,159.34277
2022,12,28,14,152.65073
2022,12,28,15,170.0
2022,12,28,16,210.31256
2022,12,28,17,251.99376
2022,12,28,18,278.3906
2022,12,28,19,265.50552
2022,12,28,20,264.8384
2022,12,28,21,259.56693
2022,12,28,22,252.47212
2022,12,28,23,234.89279
2022,12,28,24,224.16849
2022,12,29,1,168.12494
2022,12,29,2,163.73924
2022,12,29,3,163.11855
2022,12,29,4,159.37221
2022,12,29,5,160.6763
2022,12,29,6,169.78099
2022,12,29,7,190.32689
2022,12,29,8,190.07697
2022,12,29,9,186.03934
2022,12,29,10,178.32033
2022,12,29,11,170.86902
2022,12,29,12,168.9047
2022,12,29,13,167.52602
2022,12,29,14,168.04271
2022,12,29,15,176.18376
2022,12,29,16,192.62605
2022,12,29,17,221.08597
2022,12,29,18,232.24158
2022,12,29,19,221.62424
2022,12,29,20,220.37494
2022,12,29,21,219.1433
2022,12,29,22,205.66722
2022,12,29,23,187.77945
2022,12,29,24,180.881
2022,12,30,1,132.59425
2022,12,30,2,126.57814
2022,12,30,3,122.32416
2022,12,30,4,122.10057
2022,12,30,5,123.31084
2022,12,30,6,124.70662
2022,12,30,7,135.56537
2022,12,30,8,140.69276
2022,12,30,9,139.68971
2022,12,30,10,129.1658
2022,12,30,11,121.4148
2022,12,30,12,120.86349
2022,12,30,13,118.65765
2022,12,30,14,116.53846
2022,12,30,15,122.12714
2022,12,30,16,131.68633
2022,12,30,17,154.75433
2022,12,30,18,160.87845
2022,12,30,19,155.89267
2022,12,30,20,154.9055
2022,12,30,21,147.87984
2022,12,30,22,141.32303
2022,12,30,23,131.841
2022,12,31,24,119.84582
2023,1,1,1,121.76724
2023,1,1,2,116.13963
2023,1,1,3,115.43434
2023,1,1,4,110.98059
2023,1,1,5,109.83079
2023,1,1,6,113.0883
2023,1,1,7,129.43182
2023,1,1,8,126.28707
2023,1,1,9,104.81015
2023,1,1,10,82.98403
2023,1,1,11,68.63056
2023,1,1,12,60.53893
2023,1,1,13,55.12206
2023,1,1,14,48.66667
2023,1,1,15,57.95707
2023,1,1,16,89.06561
2023,1,1,17,143.38702
2023,1,1,18,158.94305
2023,1,1,19,153.01814
2023,1,1,20,151.53111
2023,1,1,21,145.0
2023,1,1,22,145.0
2023,1,1,23,145.08932
2023,1,1,24,134.2795
2023,1,2,1,131.18855
2023,1,2,2,124.70031
2023,1,2,3,123.26743
2023,1,2,4,119.40881
2023,1,2,5,119.99394
2023,1,2,6,131.67773
2023,1,2,7,151.1542
2023,1,2,8,147.07439
2023,1,2,9,125.58067
2023,1,2,10,113.95641
2023,1,2,11,109.24378
2023,1,2,12,109.31194
2023,1,2,13,109.73328
2023,1,2,14,109.70076
2023,1,2,15,113.20523
2023,1,2,16,134.20506
2023,1,2,17,163.22147
2023,1,2,18,177.6054
2023,1,2,19,169.60162
2023,1,2,20,166.15977
2023,1,2,21,165.42229
2023,1,2,22,160.7264
2023,1,2,23,148.26628
2023,1,2,24,139.95828
2023,1,3,1,153.87772
2023,1,3,2,147.736
2023,1,3,3,147.41689
2023,1,3,4,146.0428
2023,1,3,5,148.83769
2023,1,3,6,164.33206
2023,1,3,7,192.94836
2023,1,3,8,194.83728
2023,1,3,9,162.33318
2023,1,3,10,153.61308
2023,1,3,11,143.5844
2023,1,3,12,140.43738
2023,1,3,13,137.49208
2023,1,3,14,133.71791
2023,1,3,15,141.87036
2023,1,3,16,166.37122
2023,1,3,17,200.88347
2023,1,3,18,211.35667
2023,1,3,19,207.29324
2023,1,3,20,204.1762
2023,1,3,21,203.62097
2023,1,3,22,194.91492
2023,1,3,23,183.66711
2023,1,3,24,164.87547
2023,1,4,1,202.22177
2023,1,4,2,199.46774
2023,1,4,3,193.73064
2023,1,4,4,200.5055
2023,1,4,5,202.69463
2023,1,4,6,214.6048
2023,1,4,7,247.6136
2023,1,4,8,254.64758
2023,1,4,9,233.07175
2023,1,4,10,221.20721
2023,1,4,11,208.35588
2023,1,4,12,206.34904
2023,1,4,13,204.10251
2023,1,4,14,204.20468
2023,1,4,15,206.38406
2023,1,4,16,227.70354
2023,1,4,17,252.27179
2023,1,4,18,267.37967
2023,1,4,19,260.8608
2023,1,4,20,254.2812
2023,1,4,21,246.89719
2023,1,4,22,231.21613
2023,1,4,23,215.82756
2023,1,4,24,213.17989
2023,1,5,1,159.3932
2023,1,5,2,153.09781
2023,1,5,3,151.54382
2023,1,5,4,154.63385
2023,1,5,5,158.59781
2023,1,5,6,172.22166
2023,1,5,7,199.56952
2023,1,5,8,202.97694
2023,1,5,9,197.80396
2023,1,5,10,185.71771
2023,1,5,11,186.5075
2023,1,5,12,181.79482
2023,1,5,13,176.53654
2023,1,5,14,173.1198
2023,1,5,15,169.95673
2023,1,5,16,192.64345
2023,1,5,17,210.01785
2023,1,5,18,218.0634
2023,1,5,19,210.99329
2023,1,5,20,208.12033
2023,1,5,21,203.44456
2023,1,5,22,189.63634
2023,1,5,23,164.53156
2023,1,5,24,164.18858
2023,1,6,1,141.93355
2023,1,6,2,140.85977
2023,1,6,3,140.26053
2023,1,6,4,140.9743
2023,1,6,5,146.71869
2023,1,6,6,173.6638
2023,1,6,7,190.44664
2023,1,6,8,183.73314
2023,1,6,9,156.59283
2023,1,6,10,134.11465
2023,1,6,11,125.09121
2023,1,6,12,119.26504
2023,1,6,13,115.18447
2023,1,6,14,113.47341
2023,1,6,15,119.1685
2023,1,6,16,147.65472
2023,1,6,17,193.30244
2023,1,6,18,212.1335
2023,1,6,19,203.79633
2023,1,6,20,196.20525
2023,1,6,21,194.96815
2023,1,6,22,184.02031
2023,1,6,23,176.12622
2023,1,6,24,159.44374
2023,1,7,1,156.039
2023,1,7,2,157.31427
2023,1,7,3,148.9114
2023,1,7,4,149.38
2023,1,7,5,159.44019
2023,1,7,6,160.0
2023,1,7,7,163.34311
2023,1,7,8,160.1871
2023,1,7,9,147.65271
2023,1,7,10,135.23676
2023,1,7,11,132.68097
2023,1,7,12,131.7119
2023,1,7,13,131.8639
2023,1,7,14,129.79517
2023,1,7,15,134.85214
2023,1,7,16,146.89558
2023,1,7,17,172.57738
2023,1,7,18,180.74472
2023,1,7,19,176.16763
2023,1,7,20,173.88197
2023,1,7,21,172.88188
2023,1,7,22,165.83592
2023,1,7,23,159.56635
2023,1,7,24,150.57553
2023,1,8,1,144.7632
2023,1,8,2,138.94608
2023,1,8,3,142.914
2023,1,8,4,139.11566
2023,1,8,5,138.8929
2023,1,8,6,138.47574
2023,1,8,7,141.03957
2023,1,8,8,143.17535
2023,1,8,9,134.73198
2023,1,8,10,123.85568
2023,1,8,11,109.71642
2023,1,8,12,107.79055
2023,1,8,13,103.31358
2023,1,8,14,101.66982
2023,1,8,15,108.13149
2023,1,8,16,134.30482
2023,1,8,17,166.62154
2023,1,8,18,180.37994
2023,1,8,19,172.75899
2023,1,8,20,168.89488
2023,1,8,21,167.35356
2023,1,8,22,159.5065
2023,1,8,23,147.85817
2023,1,8,24,140.75291
2023,1,9,1,143.88766
2023,1,9,2,141.25354
2023,1,9,3,137.45271
2023,1,9,4,137.09003
2023,1,9,5,138.38487
2023,1,9,6,153.25764
2023,1,9,7,165.1013
2023,1,9,8,179.78003
2023,1,9,9,169.92014
2023,1,9,10,151.39915
2023,1,9,11,155.75505
2023,1,9,12,149.0062
2023,1,9,13,148.0185
2023,1,9,14,148.9909
2023,1,9,15,157.10004
2023,1,9,16,182.75862
2023,1,9,17,191.39005
2023,1,9,18,204.31096
2023,1,9,19,190.4707
2023,1,9,20,187.61191
2023,1,9,21,183.68848
2023,1,9,22,173.46432
2023,1,9,23,164.76086
2023,1,9,24,155.07082
2023,1,10,1,144.72984
2023,1,10,2,139.82729
2023,1,10,3,137.96127
2023,1,10,4,136.53664
2023,1,10,5,140.41916
2023,1,10,6,152.68288
2023,1,10,7,177.23003
2023,1,10,8,187.7744
2023,1,10,9,180.99548
2023,1,10,10,162.14172
2023,1,10,11,150.42242
2023,1,10,12,143.2069
2023,1,10,13,137.80133
2023,1,10,14,137.38345
2023,1,10,15,136.98299
2023,1,10,16,148.20058
2023,1,10,17,186.16129
2023,1,10,18,197.93025
2023,1,10,19,191.52579
2023,1,10,20,187.37854
2023,1,10,21,182.45465
2023,1,10,22,175.90147
2023,1,10,23,166.02892
2023,1,10,24,159.5858
2023,1,11,1,150.49474
2023,1,11,2,144.33318
2023,1,11,3,142.35843
2023,1,11,4,142.98799
2023,1,11,5,150.44875
2023,1,11,6,168.89238
2023,1,11,7,185.84628
2023,1,11,8,185.6113
2023,1,11,9,161.42035
2023,1,11,10,149.02919
2023,1,11,11,140.93336
2023,1,11,12,140.18315
2023,1,11,13,137.2939
2023,1,11,14,133.88194
2023,1,11,15,140.29556
2023,1,11,16,160.46442
2023,1,11,17,192.78308
2023,1,11,18,201.00664
2023,1,11,19,191.95868
2023,1,11,20,189.2441
2023,1,11,21,187.77512
2023,1,11,22,176.98888
2023,1,11,23,165.76175
2023,1,11,24,163.39482
2023,1,12,1,141.8393
2023,1,12,2,136.07562
2023,1,12,3,134.53543
2023,1,12,4,134.98788
2023,1,12,5,137.08983
2023,1,12,6,153.65015
2023,1,12,7,179.25375
2023,1,12,8,175.95078
2023,1,12,9,144.28368
2023,1,12,10,135.70937
2023,1,12,11,131.42044
2023,1,12,12,128.034
2023,1,12,13,126.84122
2023,1,12,14,124.25695
2023,1,12,15,127.74858
2023,1,12,16,146.50903
2023,1,12,17,172.00922
2023,1,12,18,184.06761
2023,1,12,19,179.09204
2023,1,12,20,172.52643
2023,1,12,21,165.48878
2023,1,12,22,154.92284
2023,1,12,23,150.88174
2023,1,12,24,147.33513
2023,1,13,1,179.44153
2023,1,13,2,175.29256
2023,1,13,3,175.63596
2023,1,13,4,177.18205
2023,1,13,5,183.53229
2023,1,13,6,208.00949
2023,1,13,7,235.34032
2023,1,13,8,229.10338
2023,1,13,9,204.28453
2023,1,13,10,193.41618
2023,1,13,11,187.22028
2023,1,13,12,178.58081
2023,1,13,13,175.13472
2023,1,13,14,172.99239
2023,1,13,15,177.56938
2023,1,13,16,196.1583
2023,1,13,17,228.06831
2023,1,13,18,235.09857
2023,1,13,19,227.99576
2023,1,13,20,220.0
2023,1,13,21,212.98532
2023,1,13,22,197.89896
2023,1,13,23,194.60393
2023,1,13,24,188.95692
2023,1,14,1,147.68317
2023,1,14,2,140.05252
2023,1,14,3,134.36163
2023,1,14,4,130.00632
2023,1,14,5,133.63467
2023,1,14,6,135.60582
2023,1,14,7,138.4689
2023,1,14,8,142.2366
2023,1,14,9,134.98
2023,1,14,10,129.3206
2023,1,14,11,129.67763
2023,1,14,12,127.30045
2023,1,14,13,125.48841
2023,1,14,14,123.03483
2023,1,14,15,123.43997
2023,1,14,16,138.04768
2023,1,14,17,160.75504
2023,1,14,18,172.91113
2023,1,14,19,170.29451
2023,1,14,20,162.28683
2023,1,14,21,156.83698
2023,1,14,22,141.99492
2023,1,14,23,140.12971
2023,1,14,24,132.8803
2023,1,15,1,129.1505
2023,1,15,2,127.81701
2023,1,15,3,124.65866
2023,1,15,4,123.76503
2023,1,15,5,125.02579
2023,1,15,6,127.34161
2023,1,15,7,131.7963
2023,1,15,8,132.90466
2023,1,15,9,122.3144
2023,1,15,10,110.81546
2023,1,15,11,106.931
2023,1,15,12,104.66223
2023,1,15,13,103.41586
2023,1,15,14,104.35927
2023,1,15,15,111.8318
2023,1,15,16,129.2655
2023,1,15,17,152.69609
2023,1,15,18,172.28877
2023,1,15,19,169.27309
2023,1,15,20,163.50795
2023,1,15,21,160.6056
2023,1,15,22,147.47899
2023,1,15,23,135.93555
2023,1,15,24,133.6074
2023,1,16,1,135.70044
2023,1,16,2,128.26797
2023,1,16,3,127.51054
2023,1,16,4,127.60148
2023,1,16,5,136.31966
2023,1,16,6,139.78221
2023,1,16,7,158.06567
2023,1,16,8,168.60358
2023,1,16,9,160.0883
2023,1,16,10,144.10759
2023,1,16,11,133.46933
2023,1,16,12,122.86686
2023,1,16,13,117.29362
2023,1,16,14,114.08422
2023,1,16,15,114.11871
2023,1,16,16,130.11153
2023,1,16,17,165.68538
2023,1,16,18,190.96945
2023,1,16,19,184.57588
2023,1,16,20,177.94447
2023,1,16,21,172.78572
2023,1,16,22,162.22664
2023,1,16,23,150.1833
2023,1,16,24,139.65057
2023,1,17,1,136.70609
2023,1,17,2,132.6927
2023,1,17,3,130.26076
2023,1,17,4,130.02663
2023,1,17,5,135.10706
2023,1,17,6,146.70439
2023,1,17,7,167.83572
2023,1,17,8,171.24873
2023,1,17,9,142.01974
2023,1,17,10,117.76398
2023,1,17,11,105.7367
2023,1,17,12,93.35386
2023,1,17,13,92.90583
2023,1,17,14,91.66291
2023,1,17,15,97.24818
2023,1,17,16,121.50927
2023,1,17,17,170.33961
2023,1,17,18,200.87943
2023,1,17,19,195.97968
2023,1,17,20,191.29662
2023,1,17,21,187.59084
2023,1,17,22,177.26755
2023,1,17,23,167.03413
2023,1,17,24,154.68863
2023,1,18,1,178.63371
2023,1,18,2,177.05391
2023,1,18,3,176.57945
2023,1,18,4,178.70845
2023,1,18,5,188.91322
2023,1,18,6,227.41698
2023,1,18,7,235.33221
2023,1,18,8,238.94266
2023,1,18,9,182.1654
2023,1,18,10,158.33493
2023,1,18,11,151.17853
2023,1,18,12,146.1884
2023,1,18,13,140.63847
2023,1,18,14,142.49193
2023,1,18,15,159.97559
2023,1,18,16,178.99185
2023,1,18,17,216.45505
2023,1,18,18,241.4251
2023,1,18,19,239.9277
2023,1,18,20,223.5867
2023,1,18,21,212.02121
2023,1,18,22,202.54884
2023,1,18,23,188.82516
2023,1,18,24,180.47966
2023,1,19,1,165.65907
2023,1,19,2,159.03175
2023,1,19,3,157.98009
2023,1,19,4,156.95226
2023,1,19,5,165.9876
2023,1,19,6,190.5275
2023,1,19,7,217.22871
2023,1,19,8,200.0
2023,1,19,9,169.74629
2023,1,19,10,144.10236
2023,1,19,11,142.15257
2023,1,19,12,130.0934
2023,1,19,13,123.51977
2023,1,19,14,121.93896
2023,1,19,15,133.38763
2023,1,19,16,156.4501
2023,1,19,17,194.29185
2023,1,19,18,213.70274
2023,1,19,19,208.75859
2023,1,19,20,200.12581
2023,1,19,21,191.89992
2023,1,19,22,185.34346
2023,1,19,23,170.4868
2023,1,19,24,167.0146
2023,1,20,1,136.0513
2023,1,20,2,134.42552
2023,1,20,3,133.3184
2023,1,20,4,141.02794
2023,1,20,5,156.42944
2023,1,20,6,174.07396
2023,1,20,7,201.43932
2023,1,20,8,178.83633
2023,1,20,9,138.13524
2023,1,20,10,114.24014
2023,1,20,11,99.24398
2023,1,20,12,88.28316
2023,1,20,13,81.60862
2023,1,20,14,80.83554
2023,1,20,15,85.24365
2023,1,20,16,120.31264
2023,1,20,17,162.2307
2023,1,20,18,190.53812
2023,1,20,19,187.54868
2023,1,20,20,177.06046
2023,1,20,21,171.71834
2023,1,20,22,165.4739
2023,1,20,23,155.95348
2023,1,20,24,145.8977
2023,1,21,1,146.61221
2023,1,21,2,137.87634
2023,1,21,3,131.51387
2023,1,21,4,131.27972
2023,1,21,5,139.41737
2023,1,21,6,147.10518
2023,1,21,7,150.6637
2023,1,21,8,146.24464
2023,1,21,9,120.21744
2023,1,21,10,88.5144
2023,1,21,11,69.08497
2023,1,21,12,64.26451
2023,1,21,13,58.17795
2023,1,21,14,57.3685
2023,1,21,15,60.31937
2023,1,21,16,96.56779
2023,1,21,17,145.88841
2023,1,21,18,154.70583
2023,1,21,19,158.29517
2023,1,21,20,150.19289
2023,1,21,21,149.25453
2023,1,21,22,149.55064
2023,1,21,23,145.83046
2023,1,21,24,138.58118
2023,1,22,1,131.87051
2023,1,22,2,125.46006
2023,1,22,3,121.10016
2023,1,22,4,119.93563
2023,1,22,5,120.24676
2023,1,22,6,123.70553
2023,1,22,7,123.3514
2023,1,22,8,120.32222
2023,1,22,9,97.71233
2023,1,22,10,63.75895
2023,1,22,11,52.06037
2023,1,22,12,47.22697
2023,1,22,13,41.81317
2023,1,22,14,39.64592
2023,1,22,15,42.9363
2023,1,22,16,75.43535
2023,1,22,17,134.14508
2023,1,22,18,151.19444
2023,1,22,19,147.75558
2023,1,22,20,147.83244
2023,1,22,21,145.87206
2023,1,22,22,141.9792
2023,1,22,23,136.38213
2023,1,22,24,129.29314
2023,1,23,1,132.5537
2023,1,23,2,131.13326
2023,1,23,3,125.98829
2023,1,23,4,130.4336
2023,1,23,5,135.3605
2023,1,23,6,160.56161
2023,1,23,7,179.98941
2023,1,23,8,168.39557
2023,1,23,9,124.85
2023,1,23,10,99.31168
2023,1,23,11,77.722
2023,1,23,12,71.3656
2023,1,23,13,61.84338
2023,1,23,14,58.99775
2023,1,23,15,67.89792
2023,1,23,16,99.76465
2023,1,23,17,152.7924
2023,1,23,18,195.67754
2023,1,23,19,197.0402
2023,1,23,20,186.95169
2023,1,23,21,179.6701
2023,1,23,22,173.54556
2023,1,23,23,162.5249
2023,1,23,24,151.80728
2023,1,24,1,156.8936
2023,1,24,2,154.57114
2023,1,24,3,150.17206
2023,1,24,4,156.2175
2023,1,24,5,170.8881
2023,1,24,6,193.4942
2023,1,24,7,213.1186
2023,1,24,8,199.05722
2023,1,24,9,135.2966
2023,1,24,10,109.68418
2023,1,24,11,96.79975
2023,1,24,12,80.85295
2023,1,24,13,71.50761
2023,1,24,14,71.35334
2023,1,24,15,77.19256
2023,1,24,16,115.97401
2023,1,24,17,159.61539
2023,1,24,18,198.56245
2023,1,24,19,198.29466
2023,1,24,20,188.40921
2023,1,24,21,179.40501
2023,1,24,22,170.85977
2023,1,24,23,155.9448
2023,1,24,24,139.05278
2023,1,25,1,161.0681
2023,1,25,2,158.89629
2023,1,25,3,158.34286
2023,1,25,4,162.19649
2023,1,25,5,183.78493
2023,1,25,6,201.15898
2023,1,25,7,227.27782
2023,1,25,8,206.6413
2023,1,25,9,154.48692
2023,1,25,10,125.8192
2023,1,25,11,108.47999
2023,1,25,12,89.24614
2023,1,25,13,82.19168
2023,1,25,14,77.21418
2023,1,25,15,84.71791
2023,1,25,16,129.38242
2023,1,25,17,184.76201
2023,1,25,18,204.89246
2023,1,25,19,202.53703
2023,1,25,20,191.83006
2023,1,25,21,191.75847
2023,1,25,22,185.70374
2023,1,25,23,172.62518
2023,1,25,24,156.5779
2023,1,26,1,127.06
2023,1,26,2,126.01728
2023,1,26,3,125.09046
2023,1,26,4,124.81841
2023,1,26,5,128.27254
2023,1,26,6,156.18402
2023,1,26,7,191.70073
2023,1,26,8,160.59593
2023,1,26,9,132.07816
2023,1,26,10,114.69214
2023,1,26,11,102.14417
2023,1,26,12,91.56333
2023,1,26,13,80.02834
2023,1,26,14,76.36919
2023,1,26,15,83.43045
2023,1,26,16,112.21063
2023,1,26,17,148.87064
2023,1,26,18,178.28795
2023,1,26,19,173.96762
2023,1,26,20,165.26982
2023,1,26,21,162.00049
2023,1,26,22,157.82295
2023,1,26,23,149.08243
2023,1,26,24,140.31682
2023,1,27,1,84.51999
2023,1,27,2,79.51915
2023,1,27,3,76.9522
2023,1,27,4,75.84298
2023,1,27,5,84.71543
2023,1,27,6,103.97721
2023,1,27,7,120.76806
2023,1,27,8,103.51769
2023,1,27,9,77.07155
2023,1,27,10,64.98796
2023,1,27,11,59.58075
2023,1,27,12,49.52732
2023,1,27,13,44.2081
2023,1,27,14,40.23169
2023,1,27,15,38.19259
2023,1,27,16,61.37694
2023,1,27,17,85.1271
2023,1,27,18,106.33727
2023,1,27,19,102.26131
2023,1,27,20,93.91106
2023,1,27,21,92.1981
2023,1,27,22,89.23819
2023,1,27,23,83.98008
2023,1,27,24,80.02967
2023,1,28,1,90.1641
2023,1,28,2,92.33977
2023,1,28,3,90.92015
2023,1,28,4,92.10894
2023,1,28,5,96.14546
2023,1,28,6,106.12308
2023,1,28,7,115.9992
2023,1,28,8,99.05125
2023,1,28,9,75.10549
2023,1,28,10,58.04133
2023,1,28,11,50.10826
2023,1,28,12,34.18092
2023,1,28,13,24.13178
2023,1,28,14,21.00311
2023,1,28,15,22.96337
2023,1,28,16,53.89092
2023,1,28,17,99.46432
2023,1,28,18,117.92025
2023,1,28,19,115.10791
2023,1,28,20,109.31092
2023,1,28,21,103.33652
2023,1,28,22,102.39396
2023,1,28,23,98.72546
2023,1,28,24,94.78139
2023,1,29,1,102.07206
2023,1,29,2,100.7326
2023,1,29,3,96.76105
2023,1,29,4,96.07605
2023,1,29,5,98.06023
2023,1,29,6,97.87113
2023,1,29,7,102.61673
2023,1,29,8,95.89179
2023,1,29,9,75.79102
2023,1,29,10,55.57883
2023,1,29,11,50.03715
2023,1,29,12,47.03827
2023,1,29,13,49.14982
2023,1,29,14,53.04808
2023,1,29,15,58.13422
2023,1,29,16,84.60096
2023,1,29,17,115.71705
2023,1,29,18,132.54774
2023,1,29,19,132.97705
2023,1,29,20,127.1008
2023,1,29,21,123.84444
2023,1,29,22,122.13501
2023,1,29,23,116.21484
2023,1,29,24,104.36124
2023,1,30,1,105.60111
2023,1,30,2,102.06692
2023,1,30,3,101.14782
2023,1,30,4,101.52672
2023,1,30,5,110.60251
2023,1,30,6,130.38277
2023,1,30,7,163.32967
2023,1,30,8,168.16208
2023,1,30,9,128.70673
2023,1,30,10,107.66423
2023,1,30,11,98.28258
2023,1,30,12,96.42782
2023,1,30,13,92.41484
2023,1,30,14,90.17794
2023,1,30,15,92.5083
2023,1,30,16,100.26512
2023,1,30,17,139.97612
2023,1,30,18,174.68942
2023,1,30,19,170.505
2023,1,30,20,162.7738
2023,1,30,21,160.13004
2023,1,30,22,152.73393
2023,1,30,23,134.28719
2023,1,31,24,101.34221
2023,2,1,1,113.36453
2023,2,1,2,109.70364
2023,2,1,3,107.85766
2023,2,1,4,109.3712
2023,2,1,5,114.69519
2023,2,1,6,133.84972
2023,2,1,7,157.5476
2023,2,1,8,141.3894
2023,2,1,9,106.47592
2023,2,1,10,84.55907
2023,2,1,11,73.81587
2023,2,1,12,66.70556
2023,2,1,13,56.98534
2023,2,1,14,50.81975
2023,2,1,15,57.66629
2023,2,1,16,89.37923
2023,2,1,17,115.42092
2023,2,1,18,144.9482
2023,2,1,19,148.59508
2023,2,1,20,139.6886
2023,2,1,21,125.38613
2023,2,1,22,122.42764
2023,2,1,23,114.23626
2023,2,1,24,111.01931
2023,2,2,1,142.4093
2023,2,2,2,142.16151
2023,2,2,3,138.19162
2023,2,2,4,142.89279
2023,2,2,5,149.94373
2023,2,2,6,168.46967
2023,2,2,7,193.07516
2023,2,2,8,178.99152
2023,2,2,9,140.74556
2023,2,2,10,127.74423
2023,2,2,11,118.19665
2023,2,2,12,115.59831
2023,2,2,13,117.02742
2023,2,2,14,114.68754
2023,2,2,15,122.85919
2023,2,2,16,140.32292
2023,2,2,17,166.68028
2023,2,2,18,182.97807
2023,2,2,19,185.83307
2023,2,2,20,182.92458
2023,2,2,21,170.94771
2023,2,2,22,161.98552
2023,2,2,23,149.63795
2023,2,2,24,149.71594
2023,2,3,1,71.96367
2023,2,3,2,65.18968
2023,2,3,3,61.58057
2023,2,3,4,61.7874
2023,2,3,5,61.78682
2023,2,3,6,75.94655
2023,2,3,7,95.59281
2023,2,3,8,92.31716
2023,2,3,9,70.97301
2023,2,3,10,61.30928
2023,2,3,11,56.81229
2023,2,3,12,53.38067
2023,2,3,13,50.20391
2023,2,3,14,48.00736
2023,2,3,15,48.46887
2023,2,3,16,50.46806
2023,2,3,17,61.81106
2023,2,3,18,87.56567
2023,2,3,19,90.44788
2023,2,3,20,83.672
2023,2,3,21,79.42428
2023,2,3,22,70.46885
2023,2,3,23,60.41408
2023,2,3,24,62.66513
2023,2,4,1,66.41486
2023,2,4,2,59.09333
2023,2,4,3,58.37855
2023,2,4,4,58.23419
2023,2,4,5,60.31189
2023,2,4,6,61.01712
2023,2,4,7,72.99255
2023,2,4,8,57.35817
2023,2,4,9,42.38219
2023,2,4,10,31.27041
2023,2,4,11,24.00794
2023,2,4,12,22.88083
2023,2,4,13,20.50124
2023,2,4,14,20.23862
2023,2,4,15,21.7563
2023,2,4,16,36.26778
2023,2,4,17,57.16661
2023,2,4,18,77.83335
2023,2,4,19,78.77716
2023,2,4,20,69.34144
2023,2,4,21,62.12679
2023,2,4,22,59.05422
2023,2,4,23,55.62493
2023,2,4,24,54.39708
2023,2,5,1,52.65772
2023,2,5,2,50.84604
2023,2,5,3,50.62236
2023,2,5,4,49.51316
2023,2,5,5,50.16019
2023,2,5,6,50.14985
2023,2,5,7,55.68826
2023,2,5,8,48.26255
2023,2,5,9,27.83384
2023,2,5,10,17.69707
2023,2,5,11,12.33303
2023,2,5,12,13.36149
2023,2,5,13,10.88725
2023,2,5,14,11.76479
2023,2,5,15,13.08753
2023,2,5,16,17.99183
2023,2,5,17,45.75638
2023,2,5,18,70.44808
2023,2,5,19,71.70648
2023,2,5,20,67.26721
2023,2,5,21,60.62841
2023,2,5,22,55.83934
2023,2,5,23,53.40739
2023,2,5,24,52.97171
2023,2,6,1,46.11128
2023,2,6,2,44.82935
2023,2,6,3,44.6092
2023,2,6,4,44.72523
2023,2,6,5,48.58718
2023,2,6,6,59.70106
2023,2,6,7,82.61902
2023,2,6,8,69.13308
2023,2,6,9,44.99315
2023,2,6,10,31.0017
2023,2,6,11,26.44604
2023,2,6,12,21.06984
2023,2,6,13,16.76509
2023,2,6,14,13.44377
2023,2,6,15,15.08199
2023,2,6,16,28.13474
2023,2,6,17,57.5077
2023,2,6,18,84.4149
2023,2,6,19,85.33445
2023,2,6,20,82.58415
2023,2,6,21,76.09147
2023,2,6,22,75.29207
2023,2,6,23,59.85
2023,2,6,24,57.90083
2023,2,7,1,54.36487
2023,2,7,2,51.68286
2023,2,7,3,47.1108
2023,2,7,4,47.14138
2023,2,7,5,52.01871
2023,2,7,6,64.93506
2023,2,7,7,80.16835
2023,2,7,8,62.1209
2023,2,7,9,46.82611
2023,2,7,10,29.23614
2023,2,7,11,23.79649
2023,2,7,12,19.61067
2023,2,7,13,20.22107
2023,2,7,14,18.63472
2023,2,7,15,20.62028
2023,2,7,16,33.31556
2023,2,7,17,56.31893
2023,2,7,18,76.77828
2023,2,7,19,75.57027
2023,2,7,20,70.57949
2023,2,7,21,66.76942
2023,2,7,22,61.95046
2023,2,7,23,55.54297
2023,2,7,24,52.44921
2023,2,8,1,53.43335
2023,2,8,2,52.45622
2023,2,8,3,51.61912
2023,2,8,4,51.53807
2023,2,8,5,54.41963
2023,2,8,6,62.94065
2023,2,8,7,83.77
2023,2,8,8,64.22608
2023,2,8,9,45.98327
2023,2,8,10,30.8632
2023,2,8,11,23.64976
2023,2,8,12,18.75127
2023,2,8,13,15.42926
2023,2,8,14,14.29563
2023,2,8,15,16.61132
2023,2,8,16,32.56811
2023,2,8,17,58.16078
2023,2,8,18,82.71224
2023,2,8,19,80.40911
2023,2,8,20,73.83564
2023,2,8,21,70.0247
2023,2,8,22,65.2026
2023,2,8,23,56.05855
2023,2,8,24,54.62994
2023,2,9,1,58.73121
2023,2,9,2,57.71249
2023,2,9,3,54.4528
2023,2,9,4,54.83037
2023,2,9,5,56.56244
2023,2,9,6,67.42355
2023,2,9,7,87.23471
2023,2,9,8,64.57167
2023,2,9,9,40.45158
2023,2,9,10,28.69155
2023,2,9,11,22.34728
2023,2,9,12,17.29972
2023,2,9,13,14.65814
2023,2,9,14,13.55193
2023,2,9,15,15.70042
2023,2,9,16,30.53577
2023,2,9,17,57.14286
2023,2,9,18,79.59249
2023,2,9,19,80.87699
2023,2,9,20,73.41877
2023,2,9,21,70.33121
2023,2,9,22,66.18571
2023,2,9,23,58.78345
2023,2,9,24,55.59265
2023,2,10,1,57.52234
2023,2,10,2,55.97082
2023,2,10,3,54.88279
2023,2,10,4,53.74469
2023,2,10,5,62.33766
2023,2,10,6,71.06143
2023,2,10,7,85.60406
2023,2,10,8,67.42509
2023,2,10,9,52.11495
2023,2,10,10,36.92697
2023,2,10,11,29.99534
2023,2,10,12,25.78441
2023,2,10,13,24.42045
2023,2,10,14,27.3988
2023,2,10,15,30.86884
2023,2,10,16,45.7207
2023,2,10,17,65.77826
2023,2,10,18,80.52376
2023,2,10,19,78.99726
2023,2,10,20,72.77805
2023,2,10,21,70.396
2023,2,10,22,66.37606
2023,2,10,23,63.87432
2023,2,10,24,60.16176
2023,2,11,1,60.17451
2023,2,11,2,59.03966
2023,2,11,3,58.96212
2023,2,11,4,55.7454
2023,2,11,5,56.44404
2023,2,11,6,59.67907
2023,2,11,7,64.94666
2023,2,11,8,58.33833
2023,2,11,9,51.29333
2023,2,11,10,36.79672
2023,2,11,11,27.29112
2023,2,11,12,22.90008
2023,2,11,13,19.36835
2023,2,11,14,16.0883
2023,2,11,15,19.26464
2023,2,11,16,29.14984
2023,2,11,17,58.70138
2023,2,11,18,78.08752
2023,2,11,19,81.10705
2023,2,11,20,74.62741
2023,2,11,21,73.24689
2023,2,11,22,69.4812
2023,2,11,23,65.15937
2023,2,11,24,61.45042
2023,2,12,1,60.7802
2023,2,12,2,59.08317
2023,2,12,3,58.38534
2023,2,12,4,56.49618
2023,2,12,5,60.06337
2023,2,12,6,62.44175
2023,2,12,7,64.40956
2023,2,12,8,58.28547
2023,2,12,9,51.20101
2023,2,12,10,41.63516
2023,2,12,11,27.38638
2023,2,12,12,18.10479
2023,2,12,13,16.21418
2023,2,12,14,15.00301
2023,2,12,15,23.10892
2023,2,12,16,40.50565
2023,2,12,17,64.6194
2023,2,12,18,74.6736
2023,2,12,19,74.49254
2023,2,12,20,73.39933
2023,2,12,21,71.33557
2023,2,12,22,67.55138
2023,2,12,23,60.77075
2023,2,12,24,59.86203
2023,2,13,1,55.46751
2023,2,13,2,57.37227
2023,2,13,3,56.72776
2023,2,13,4,57.39562
2023,2,13,5,62.01861
2023,2,13,6,75.21095
2023,2,13,7,91.97778
2023,2,13,8,75.83797
2023,2,13,9,56.64042
2023,2,13,10,47.64736
2023,2,13,11,34.59443
2023,2,13,12,24.00315
2023,2,13,13,15.27198
2023,2,13,14,13.18142
2023,2,13,15,15.20565
2023,2,13,16,25.32988
2023,2,13,17,60.81352
2023,2,13,18,78.76497
2023,2,13,19,79.78723
2023,2,13,20,73.09178
2023,2,13,21,68.62122
2023,2,13,22,66.2557
2023,2,13,23,60.7764
2023,2,13,24,59.23656
2023,2,14,1,58.00247
2023,2,14,2,54.66585
2023,2,14,3,54.0496
2023,2,14,4,53.98457
2023,2,14,5,55.69168
2023,2,14,6,65.84341
2023,2,14,7,86.00264
2023,2,14,8,70.88605
2023,2,14,9,59.2496
2023,2,14,10,51.08361
2023,2,14,11,37.80253
2023,2,14,12,26.68601
2023,2,14,13,19.77581
2023,2,14,14,20.01194
2023,2,14,15,20.32889
2023,2,14,16,39.06132
2023,2,14,17,63.74058
2023,2,14,18,85.78321
2023,2,14,19,86.8785
2023,2,14,20,85.61551
2023,2,14,21,83.99288
2023,2,14,22,81.39962
2023,2,14,23,76.57713
2023,2,14,24,71.59672
2023,2,15,1,54.54453
2023,2,15,2,53.4379
2023,2,15,3,53.48933
2023,2,15,4,56.51735
2023,2,15,5,58.27774
2023,2,15,6,77.15155
2023,2,15,7,93.43207
2023,2,15,8,72.1977
2023,2,15,9,52.95316
2023,2,15,10,44.77557
2023,2,15,11,34.52463
2023,2,15,12,27.02164
2023,2,15,13,20.82906
2023,2,15,14,17.47634
2023,2,15,15,19.66188
2023,2,15,16,34.93988
2023,2,15,17,61.58439
2023,2,15,18,86.13778
2023,2,15,19,96.29037
2023,2,15,20,85.86664
2023,2,15,21,82.12935
2023,2,15,22,78.18876
2023,2,15,23,71.50591
2023,2,15,24,62.03639
2023,2,16,1,78.74459
2023,2,16,2,76.97909
2023,2,16,3,76.88495
2023,2,16,4,82.54164
2023,2,16,5,91.7458
2023,2,16,6,99.90535
2023,2,16,7,110.96517
2023,2,16,8,93.52483
2023,2,16,9,70.8287
2023,2,16,10,59.85425
2023,2,16,11,59.45876
2023,2,16,12,55.11896
2023,2,16,13,52.38333
2023,2,16,14,53.37814
2023,2,16,15,53.58906
2023,2,16,16,61.20595
2023,2,16,17,83.9282
2023,2,16,18,104.65116
2023,2,16,19,107.98314
2023,2,16,20,102.70506
2023,2,16,21,100.42283
2023,2,16,22,92.75394
2023,2,16,23,88.48118
2023,2,16,24,80.90468
2023,2,17,1,83.27452
2023,2,17,2,78.93603
2023,2,17,3,76.69196
2023,2,17,4,76.73118
2023,2,17,5,81.7485
2023,2,17,6,90.04197
2023,2,17,7,104.47446
2023,2,17,8,91.83623
2023,2,17,9,71.06599
2023,2,17,10,65.13888
2023,2,17,11,59.9245
2023,2,17,12,54.43084
2023,2,17,13,50.98045
2023,2,17,14,50.57528
2023,2,17,15,51.75024
2023,2,17,16,61.90426
2023,2,17,17,69.59917
2023,2,17,18,85.81291
2023,2,17,19,88.96149
2023,2,17,20,85.00691
2023,2,17,21,81.56769
2023,2,17,22,78.55635
2023,2,17,23,75.5164
2023,2,17,24,71.8593
2023,2,18,1,66.32552
2023,2,18,2,65.74301
2023,2,18,3,65.51816
2023,2,18,4,62.11532
2023,2,18,5,62.35258
2023,2,18,6,65.92854
2023,2,18,7,67.68235
2023,2,18,8,61.71246
2023,2,18,9,50.6409
2023,2,18,10,33.40224
2023,2,18,11,23.72829
2023,2,18,12,19.10342
2023,2,18,13,15.17696
2023,2,18,14,13.72244
2023,2,18,15,17.65395
2023,2,18,16,34.26139
2023,2,18,17,57.55483
2023,2,18,18,80.53259
2023,2,18,19,86.35781
2023,2,18,20,80.53898
2023,2,18,21,75.75163
2023,2,18,22,74.34155
2023,2,18,23,68.7995
2023,2,18,24,63.69617
2023,2,19,1,59.47071
2023,2,19,2,59.13298
2023,2,19,3,60.53023
2023,2,19,4,60.083
2023,2,19,5,59.34718
2023,2,19,6,61.24802
2023,2,19,7,61.70664
2023,2,19,8,54.4186
2023,2,19,9,36.61867
2023,2,19,10,16.98293
2023,2,19,11,10.23985
2023,2,19,12,8.24369
2023,2,19,13,4.87762
2023,2,19,14,4.90923
2023,2,19,15,10.80711
2023,2,19,16,21.75412
2023,2,19,17,53.8619
2023,2,19,18,76.60316
2023,2,19,19,83.75307
2023,2,19,20,76.47344
2023,2,19,21,72.6281
2023,2,19,22,69.98047
2023,2,19,23,61.61949
2023,2,19,24,59.0707
2023,2,20,1,60.95083
2023,2,20,2,55.8716
2023,2,20,3,55.08404
2023,2,20,4,54.10764
2023,2,20,5,54.88146
2023,2,20,6,63.93374
2023,2,20,7,71.23177
2023,2,20,8,61.41353
2023,2,20,9,46.08071
2023,2,20,10,27.72277
2023,2,20,11,19.11102
2023,2,20,12,16.42084
2023,2,20,13,11.80247
2023,2,20,14,11.75176
2023,2,20,15,18.95552
2023,2,20,16,31.54098
2023,2,20,17,57.20481
2023,2,20,18,77.63104
2023,2,20,19,88.36028
2023,2,20,20,76.5208
2023,2,20,21,72.42286
2023,2,20,22,65.54856
2023,2,20,23,61.14355
2023,2,20,24,59.71898
2023,2,21,1,62.19164
2023,2,21,2,61.36386
2023,2,21,3,58.54575
2023,2,21,4,56.14885
2023,2,21,5,57.58861
2023,2,21,6,67.84241
2023,2,21,7,84.80195
2023,2,21,8,75.21651
2023,2,21,9,55.73742
2023,2,21,10,32.16997
2023,2,21,11,28.43203
2023,2,21,12,22.81114
2023,2,21,13,21.88543
2023,2,21,14,21.16208
2023,2,21,15,27.86479
2023,2,21,16,41.30098
2023,2,21,17,57.90161
2023,2,21,18,75.74782
2023,2,21,19,85.68419
2023,2,21,20,75.23232
2023,2,21,21,69.46694
2023,2,21,22,69.89134
2023,2,21,23,65.00617
2023,2,21,24,62.49861
2023,2,22,1,72.15961
2023,2,22,2,65.49064
2023,2,22,3,63.04991
2023,2,22,4,62.7431
2023,2,22,5,65.00125
2023,2,22,6,77.77073
2023,2,22,7,94.41504
2023,2,22,8,79.90983
2023,2,22,9,65.4858
2023,2,22,10,58.5921
2023,2,22,11,58.34898
2023,2,22,12,47.12179
2023,2,22,13,47.48096
2023,2,22,14,46.19917
2023,2,22,15,48.98539
2023,2,22,16,59.96958
2023,2,22,17,73.54947
2023,2,22,18,95.46479
2023,2,22,19,109.37965
2023,2,22,20,99.42007
2023,2,22,21,90.54112
2023,2,22,22,83.25023
2023,2,22,23,75.7304
2023,2,22,24,71.21022
2023,2,23,1,81.39511
2023,2,23,2,81.38684
2023,2,23,3,81.10695
2023,2,23,4,81.41166
2023,2,23,5,91.43457
2023,2,23,6,111.25726
2023,2,23,7,135.596
2023,2,23,8,116.72753
2023,2,23,9,85.84753
2023,2,23,10,75.05991
2023,2,23,11,72.963
2023,2,23,12,71.85661
2023,2,23,13,71.16076
2023,2,23,14,71.35969
2023,2,23,15,72.03983
2023,2,23,16,79.39739
2023,2,23,17,106.04564
2023,2,23,18,131.1291
2023,2,23,19,137.84535
2023,2,23,20,133.15411
2023,2,23,21,125.90432
2023,2,23,22,119.60479
2023,2,23,23,98.55755
2023,2,23,24,87.82151
2023,2,24,1,146.76746
2023,2,24,2,138.72226
2023,2,24,3,130.0782
2023,2,24,4,134.27345
2023,2,24,5,149.85533
2023,2,24,6,160.38513
2023,2,24,7,185.69344
2023,2,24,8,155.7
2023,2,24,9,134.25122
2023,2,24,10,124.21808
2023,2,24,11,120.32075
2023,2,24,12,116.72601
2023,2,24,13,122.83322
2023,2,24,14,120.08547
2023,2,24,15,123.18909
2023,2,24,16,131.31697
2023,2,24,17,161.52983
2023,2,24,18,178.13692
2023,2,24,19,192.7909
2023,2,24,20,177.33139
2023,2,24,21,169.12546
2023,2,24,22,160.8309
2023,2,24,23,155.31065
2023,2,24,24,143.28114
2023,2,25,1,128.9463
2023,2,25,2,130.87036
2023,2,25,3,128.27505
2023,2,25,4,129.70049
2023,2,25,5,144.60448
2023,2,25,6,142.5137
2023,2,25,7,146.50844
2023,2,25,8,133.09311
2023,2,25,9,119.71189
2023,2,25,10,121.1069
2023,2,25,11,112.8231
2023,2,25,12,107.54521
2023,2,25,13,99.72525
2023,2,25,14,98.92097
2023,2,25,15,98.37293
2023,2,25,16,105.75442
2023,2,25,17,128.64102
2023,2,25,18,151.87286
2023,2,25,19,165.972
2023,2,25,20,156.18854
2023,2,25,21,153.00041
2023,2,25,22,149.6206
2023,2,25,23,143.98167
2023,2,25,24,134.26631
2023,2,26,1,112.62043
2023,2,26,2,111.12761
2023,2,26,3,108.97935
2023,2,26,4,105.68959
2023,2,26,5,103.74551
2023,2,26,6,113.52984
2023,2,26,7,108.55898
2023,2,26,8,97.69679
2023,2,26,9,80.51162
2023,2,26,10,66.24716
2023,2,26,11,51.0444
2023,2,26,12,49.33346
2023,2,26,13,48.79224
2023,2,26,14,50.47158
2023,2,26,15,63.13916
2023,2,26,16,75.67406
2023,2,26,17,95.73316
2023,2,26,18,127.01568
2023,2,26,19,142.79518
2023,2,26,20,140.76672
2023,2,26,21,129.74408
2023,2,26,22,125.61442
2023,2,26,23,118.18662
2023,2,26,24,108.80829
2023,2,27,1,115.60081
2023,2,27,2,111.188
2023,2,27,3,111.09979
2023,2,27,4,110.12527
2023,2,27,5,119.169
2023,2,27,6,140.89223
2023,2,27,7,160.8615
2023,2,27,8,131.13474
2023,2,27,9,112.82838
2023,2,27,10,106.74607
2023,2,27,11,105.44766
2023,2,27,12,102.04595
2023,2,27,13,100.66683
2023,2,27,14,98.12825
2023,2,27,15,94.26985
2023,2,27,16,98.65168
2023,2,27,17,121.26009
2023,2,27,18,160.32614
2023,2,27,19,183.05711
2023,2,27,20,160.22116
2023,2,27,21,145.08742
2023,2,27,22,139.28183
2023,2,27,23,133.21965
2023,2,28,24,85.837
2023,3,1,1,95.97435
2023,3,1,2,91.56609
2023,3,1,3,90.99181
2023,3,1,4,91.47282
2023,3,1,5,94.46157
2023,3,1,6,105.73484
2023,3,1,7,125.70603
2023,3,1,8,102.09553
2023,3,1,9,82.67643
2023,3,1,10,72.2312
2023,3,1,11,65.58953
2023,3,1,12,59.11118
2023,3,1,13,54.31607
2023,3,1,14,52.44473
2023,3,1,15,50.20746
2023,3,1,16,61.69364
2023,3,1,17,75.61184
2023,3,1,18,106.70953
2023,3,1,19,120.84312
2023,3,1,20,112.09698
2023,3,1,21,108.58062
2023,3,1,22,98.85183
2023,3,1,23,94.85981
2023,3,1,24,83.44531
2023,3,2,1,99.20757
2023,3,2,2,99.33554
2023,3,2,3,99.20757
2023,3,2,4,100.30954
2023,3,2,5,108.77091
2023,3,2,6,134.47845
2023,3,2,7,159.93849
2023,3,2,8,122.49567
2023,3,2,9,82.67569
2023,3,2,10,67.7315
2023,3,2,11,57.23691
2023,3,2,12,51.697
2023,3,2,13,55.19198
2023,3,2,14,51.73282
2023,3,2,15,44.14921
2023,3,2,16,54.36011
2023,3,2,17,97.40251
2023,3,2,18,139.49239
2023,3,2,19,156.46355
2023,3,2,20,144.89581
2023,3,2,21,137.92104
2023,3,2,22,134.34174
2023,3,2,23,115.93524
2023,3,2,24,106.70595
2023,3,3,1,102.58473
2023,3,3,2,97.92171
2023,3,3,3,96.84631
2023,3,3,4,97.36816
2023,3,3,5,115.47357
2023,3,3,6,128.93143
2023,3,3,7,150.19196
2023,3,3,8,115.95856
2023,3,3,9,89.65379
2023,3,3,10,83.95336
2023,3,3,11,65.90024
2023,3,3,12,49.08043
2023,3,3,13,51.70504
2023,3,3,14,49.86201
2023,3,3,15,47.97636
2023,3,3,16,61.8466
2023,3,3,17,92.15091
2023,3,3,18,136.5724
2023,3,3,19,146.25774
2023,3,3,20,141.79893
2023,3,3,21,136.61618
2023,3,3,22,134.46701
2023,3,3,23,128.14925
2023,3,3,24,115.78792
2023,3,4,1,97.73663
2023,3,4,2,94.25794
2023,3,4,3,94.2901
2023,3,4,4,92.48434
2023,3,4,5,92.10285
2023,3,4,6,97.44343
2023,3,4,7,101.35825
2023,3,4,8,76.68536
2023,3,4,9,56.72397
2023,3,4,10,49.3019
2023,3,4,11,38.78404
2023,3,4,12,36.06689
2023,3,4,13,26.8457
2023,3,4,14,22.11952
2023,3,4,15,22.72122
2023,3,4,16,34.82106
2023,3,4,17,63.91369
2023,3,4,18,107.7776
2023,3,4,19,122.50172
2023,3,4,20,112.76681
2023,3,4,21,107.07652
2023,3,4,22,102.3496
2023,3,4,23,98.81809
2023,3,4,24,85.1885
2023,3,5,1,85.55819
2023,3,5,2,83.57992
2023,3,5,3,81.52335
2023,3,5,4,81.48891
2023,3,5,5,82.71451
2023,3,5,6,89.61734
2023,3,5,7,89.1377
2023,3,5,8,68.70576
2023,3,5,9,60.94514
2023,3,5,10,52.90011
2023,3,5,11,51.64879
2023,3,5,12,48.30342
2023,3,5,13,42.56989
2023,3,5,14,44.13213
2023,3,5,15,45.85249
2023,3,5,16,53.97489
2023,3,5,17,73.16924
2023,3,5,18,102.48745
2023,3,5,19,119.68238
2023,3,5,20,113.42545
2023,3,5,21,103.39123
2023,3,5,22,102.26075
2023,3,5,23,97.4995
2023,3,5,24,91.55915
2023,3,6,1,92.49457
2023,3,6,2,91.73635
2023,3,6,3,90.10443
2023,3,6,4,93.39363
2023,3,6,5,96.45045
2023,3,6,6,111.65682
2023,3,6,7,140.2386
2023,3,6,8,109.37333
2023,3,6,9,85.15906
2023,3,6,10,67.64771
2023,3,6,11,61.15329
2023,3,6,12,56.09264
2023,3,6,13,53.15328
2023,3,6,14,48.88989
2023,3,6,15,45.26238
2023,3,6,16,57.61173
2023,3,6,17,87.82042
2023,3,6,18,131.08974
2023,3,6,19,144.48875
2023,3,6,20,138.5735
2023,3,6,21,133.07536
2023,3,6,22,123.79067
2023,3,6,23,104.53386
2023,3,6,24,101.04968
2023,3,7,1,100.92805
2023,3,7,2,95.54968
2023,3,7,3,92.04225
2023,3,7,4,95.05241
2023,3,7,5,101.7391
2023,3,7,6,117.47501
2023,3,7,7,134.5895
2023,3,7,8,106.29265
2023,3,7,9,80.28373
2023,3,7,10,59.18529
2023,3,7,11,50.84013
2023,3,7,12,46.38155
2023,3,7,13,43.89219
2023,3,7,14,42.14844
2023,3,7,15,40.92917
2023,3,7,16,47.20896
2023,3,7,17,81.89586
2023,3,7,18,128.06528
2023,3,7,19,143.16011
2023,3,7,20,137.07005
2023,3,7,21,128.51749
2023,3,7,22,123.17192
2023,3,7,23,114.41648
2023,3,7,24,107.61476
2023,3,8,1,93.64402
2023,3,8,2,88.58156
2023,3,8,3,88.38414
2023,3,8,4,88.652
2023,3,8,5,102.8
2023,3,8,6,117.34355
2023,3,8,7,133.40295
2023,3,8,8,87.73689
2023,3,8,9,70.9641
2023,3,8,10,49.94959
2023,3,8,11,38.08624
2023,3,8,12,32.36728
2023,3,8,13,30.17454
2023,3,8,14,28.13686
2023,3,8,15,31.23111
2023,3,8,16,36.71736
2023,3,8,17,73.88309
2023,3,8,18,120.10923
2023,3,8,19,130.49529
2023,3,8,20,126.68226
2023,3,8,21,122.61663
2023,3,8,22,117.86958
2023,3,8,23,111.49706
2023,3,8,24,95.14787
2023,3,9,1,86.76344
2023,3,9,2,86.15523
2023,3,9,3,84.26877
2023,3,9,4,86.56352
2023,3,9,5,99.01633
2023,3,9,6,108.87001
2023,3,9,7,121.5576
2023,3,9,8,97.1668
2023,3,9,9,85.77659
2023,3,9,10,69.22868
2023,3,9,11,62.38632
2023,3,9,12,57.94819
2023,3,9,13,53.961
2023,3,9,14,50.85145
2023,3,9,15,54.51781
2023,3,9,16,68.32239
2023,3,9,17,92.16391
2023,3,9,18,120.90671
2023,3,9,19,127.83816
2023,3,9,20,120.5347
2023,3,9,21,108.19903
2023,3,9,22,105.40552
2023,3,9,23,88.74683
2023,3,9,24,79.1243
2023,3,10,1,65.90556
2023,3,10,2,64.84375
2023,3,10,3,64.68417
2023,3,10,4,64.74499
2023,3,10,5,69.23372
2023,3,10,6,94.10691
2023,3,10,7,104.33938
2023,3,10,8,96.06039
2023,3,10,9,86.09487
2023,3,10,10,70.5239
2023,3,10,11,67.77902
2023,3,10,12,62.73507
2023,3,10,13,61.62791
2023,3,10,14,58.57322
2023,3,10,15,58.25953
2023,3,10,16,63.07489
2023,3,10,17,81.98163
2023,3,10,18,103.52776
2023,3,10,19,105.55236
2023,3,10,20,100.33833
2023,3,10,21,96.29739
2023,3,10,22,92.43597
2023,3,10,23,80.19939
2023,3,10,24,71.66052
2023,3,11,1,61.09343
2023,3,11,2,57.38143
2023,3,11,3,57.53482
2023,3,11,4,57.229
2023,3,11,5,59.96476
2023,3,11,6,61.93896
2023,3,11,7,61.5291
2023,3,11,8,55.81545
2023,3,11,9,51.9581
2023,3,11,10,44.60916
2023,3,11,11,41.49737
2023,3,11,12,32.57975
2023,3,11,13,30.0993
2023,3,11,14,24.95655
2023,3,11,15,26.54315
2023,3,11,16,44.06634
2023,3,11,17,53.85455
2023,3,11,18,79.78967
2023,3,11,19,90.01779
2023,3,11,20,83.11444
2023,3,11,21,73.62402
2023,3,11,22,71.34405
2023,3,11,23,61.31834
2023,3,11,24,60.09117
2023,3,12,1,76.68854
2023,3,12,2,70.86496
2023,3,12,4,60.1873
2023,3,12,5,59.83937
2023,3,12,6,60.3335
2023,3,12,7,66.56883
2023,3,12,8,74.27703
2023,3,12,9,51.96327
2023,3,12,10,30.35653
2023,3,12,11,17.23636
2023,3,12,12,13.25388
2023,3,12,13,7.45953
2023,3,12,14,5.99824
2023,3,12,15,7.39515
2023,3,12,16,11.14802
2023,3,12,17,28.56755
2023,3,12,18,53.07009
2023,3,12,19,87.54533
2023,3,12,20,97.58002
2023,3,12,21,87.66581
2023,3,12,22,79.86289
2023,3,12,23,74.6176
2023,3,12,24,62.05795
2023,3,13,1,68.88147
2023,3,13,2,68.77153
2023,3,13,3,68.12227
2023,3,13,4,68.26564
2023,3,13,5,70.67776
2023,3,13,6,90.09009
2023,3,13,7,107.64795
2023,3,13,8,109.74636
2023,3,13,9,75.03519
2023,3,13,10,53.61949
2023,3,13,11,41.83
2023,3,13,12,32.98745
2023,3,13,13,33.38637
2023,3,13,14,30.97597
2023,3,13,15,30.34753
2023,3,13,16,38.88283
2023,3,13,17,51.67348
2023,3,13,18,67.50581
2023,3,13,19,98.50625
2023,3,13,20,117.08403
2023,3,13,21,105.62645
2023,3,13,22,98.75702
2023,3,13,23,94.20794
2023,3,13,24,83.45658
2023,3,14,1,78.21841
2023,3,14,2,76.01884
2023,3,14,3,72.89
2023,3,14,4,75.84152
2023,3,14,5,82.27782
2023,3,14,6,90.55157
2023,3,14,7,109.99176
2023,3,14,8,115.21521
2023,3,14,9,92.48429
2023,3,14,10,81.12276
2023,3,14,11,78.48949
2023,3,14,12,75.1073
2023,3,14,13,74.78765
2023,3,14,14,74.09845
2023,3,14,15,73.27409
2023,3,14,16,75.0
2023,3,14,17,88.08392
2023,3,14,18,100.33048
2023,3,14,19,112.6444
2023,3,14,20,120.76026
2023,3,14,21,112.04464
2023,3,14,22,98.83689
2023,3,14,23,90.66408
2023,3,14,24,83.0335
2023,3,15,1,66.76418
2023,3,15,2,63.16406
2023,3,15,3,62.74099
2023,3,15,4,63.05692
2023,3,15,5,65.74408
2023,3,15,6,70.37654
2023,3,15,7,93.45333
2023,3,15,8,114.2122
2023,3,15,9,91.63776
2023,3,15,10,73.89154
2023,3,15,11,68.45268
2023,3,15,12,61.31257
2023,3,15,13,51.26238
2023,3,15,14,48.50253
2023,3,15,15,43.80987
2023,3,15,16,43.86357
2023,3,15,17,53.46149
2023,3,15,18,66.4877
2023,3,15,19,94.1598
2023,3,15,20,115.11763
2023,3,15,21,99.58155
2023,3,15,22,94.20211
2023,3,15,23,85.75758
2023,3,15,24,74.12573
2023,3,16,1,71.79005
2023,3,16,2,69.46422
2023,3,16,3,68.87712
2023,3,16,4,67.1
2023,3,16,5,77.81787
2023,3,16,6,100.44407
2023,3,16,7,109.77173
2023,3,16,8,113.49221
2023,3,16,9,80.37433
2023,3,16,10,61.37797
2023,3,16,11,52.9567
2023,3,16,12,46.91633
2023,3,16,13,40.06267
2023,3,16,14,34.26639
2023,3,16,15,31.86444
2023,3,16,16,34.38045
2023,3,16,17,44.47497
2023,3,16,18,65.7823
2023,3,16,19,100.57665
2023,3,16,20,116.99164
2023,3,16,21,103.87722
2023,3,16,22,101.40384
2023,3,16,23,100.17676
2023,3,16,24,91.37568
2023,3,17,1,72.58617
2023,3,17,2,71.0465
2023,3,17,3,70.14151
2023,3,17,4,71.6206
2023,3,17,5,80.36289
2023,3,17,6,92.72569
2023,3,17,7,105.86388
2023,3,17,8,111.05602
2023,3,17,9,69.23998
2023,3,17,10,54.70757
2023,3,17,11,45.7281
2023,3,17,12,38.85584
2023,3,17,13,34.58041
2023,3,17,14,30.2463
2023,3,17,15,30.83389
2023,3,17,16,33.25665
2023,3,17,17,38.57295
2023,3,17,18,63.80639
2023,3,17,19,93.29502
2023,3,17,20,103.36028
2023,3,17,21,108.42844
2023,3,17,22,95.74946
2023,3,17,23,92.61059
2023,3,17,24,83.16471
2023,3,18,1,82.13778
2023,3,18,2,77.33928
2023,3,18,3,69.64889
2023,3,18,4,68.16308
2023,3,18,5,70.75296
2023,3,18,6,78.51683
2023,3,18,7,89.6957
2023,3,18,8,79.94254
2023,3,18,9,55.34309
2023,3,18,10,32.46424
2023,3,18,11,20.83507
2023,3,18,12,16.59959
2023,3,18,13,12.83397
2023,3,18,14,11.0406
2023,3,18,15,12.36504
2023,3,18,16,18.66383
2023,3,18,17,28.15005
2023,3,18,18,56.1665
2023,3,18,19,89.76234
2023,3,18,20,90.05291
2023,3,18,21,92.82242
2023,3,18,22,83.73
2023,3,18,23,81.69719
2023,3,18,24,74.5555
2023,3,19,1,72.96688
2023,3,19,2,67.64856
2023,3,19,3,64.70167
2023,3,19,4,60.55489
2023,3,19,5,60.61851
2023,3,19,6,64.71669
2023,3,19,7,70.06403
2023,3,19,8,69.53412
2023,3,19,9,62.21943
2023,3,19,10,57.73672
2023,3,19,11,50.09633
2023,3,19,12,42.75028
2023,3,19,13,40.84036
2023,3,19,14,39.08205
2023,3,19,15,38.35207
2023,3,19,16,45.52277
2023,3,19,17,40.37573
2023,3,19,18,55.901
2023,3,19,19,78.82901
2023,3,19,20,93.8591
2023,3,19,21,91.35141
2023,3,19,22,79.372
2023,3,19,23,71.70932
2023,3,19,24,64.11837
2023,3,20,1,58.37181
2023,3,20,2,58.35488
2023,3,20,3,58.06314
2023,3,20,4,57.29167
2023,3,20,5,57.78842
2023,3,20,6,65.94065
2023,3,20,7,89.9739
2023,3,20,8,108.29621
2023,3,20,9,73.84616
2023,3,20,10,59.09999
2023,3,20,11,52.37736
2023,3,20,12,46.49221
2023,3,20,13,43.31748
2023,3,20,14,39.92048
2023,3,20,15,35.19345
2023,3,20,16,36.48191
2023,3,20,17,43.28575
2023,3,20,18,62.80257
2023,3,20,19,95.60572
2023,3,20,20,104.73398
2023,3,20,21,103.82547
2023,3,20,22,91.96645
2023,3,20,23,79.45843
2023,3,20,24,72.9741
2023,3,21,1,82.10483
2023,3,21,2,78.92987
2023,3,21,3,78.0073
2023,3,21,4,78.36735
2023,3,21,5,84.78443
2023,3,21,6,102.66095
2023,3,21,7,125.71162
2023,3,21,8,133.67314
2023,3,21,9,129.87952
2023,3,21,10,114.91641
2023,3,21,11,108.06657
2023,3,21,12,95.27746
2023,3,21,13,91.80532
2023,3,21,14,78.13706
2023,3,21,15,73.65802
2023,3,21,16,73.64546
2023,3,21,17,84.2504
2023,3,21,18,96.80135
2023,3,21,19,113.45255
2023,3,21,20,126.63302
2023,3,21,21,120.58526
2023,3,21,22,110.69361
2023,3,21,23,101.60988
2023,3,21,24,92.4759
2023,3,22,1,76.34419
2023,3,22,2,73.97146
2023,3,22,3,72.50365
2023,3,22,4,71.26786
2023,3,22,5,74.32056
2023,3,22,6,94.67002
2023,3,22,7,117.34227
2023,3,22,8,121.16317
2023,3,22,9,99.69018
2023,3,22,10,79.22405
2023,3,22,11,67.48126
2023,3,22,12,62.49637
2023,3,22,13,61.10425
2023,3,22,14,55.38407
2023,3,22,15,55.32327
2023,3,22,16,57.43898
2023,3,22,17,64.12715
2023,3,22,18,77.80355
2023,3,22,19,108.9405
2023,3,22,20,121.9615
2023,3,22,21,116.42605
2023,3,22,22,108.08661
2023,3,22,23,98.93092
2023,3,22,24,84.02483
2023,3,23,1,76.90602
2023,3,23,2,70.82253
2023,3,23,3,70.05844
2023,3,23,4,69.93736
2023,3,23,5,73.38173
2023,3,23,6,85.6
2023,3,23,7,106.0
2023,3,23,8,103.68664
2023,3,23,9,72.21656
2023,3,23,10,61.01396
2023,3,23,11,44.57719
2023,3,23,12,37.06081
2023,3,23,13,29.56491
2023,3,23,14,28.13267
2023,3,23,15,23.91282
2023,3,23,16,23.77625
2023,3,23,17,26.01595
2023,3,23,18,57.1656
2023,3,23,19,91.63539
2023,3,23,20,109.97788
2023,3,23,21,107.62026
2023,3,23,22,94.4913
2023,3,23,23,86.46997
2023,3,23,24,67.89761
2023,3,24,1,60.91308
2023,3,24,2,59.67791
2023,3,24,3,56.84726
2023,3,24,4,55.83407
2023,3,24,5,62.45104
2023,3,24,6,74.67607
2023,3,24,7,106.23439
2023,3,24,8,94.6955
2023,3,24,9,52.68697
2023,3,24,10,30.45822
2023,3,24,11,17.64819
2023,3,24,12,8.38106
2023,3,24,13,5.92257
2023,3,24,14,3.98307
2023,3,24,15,3.59251
2023,3,24,16,7.28174
2023,3,24,17,7.01075
2023,3,24,18,24.69919
2023,3,24,19,81.26722
2023,3,24,20,95.9491
2023,3,24,21,95.17998
2023,3,24,22,88.22327
2023,3,24,23,79.92036
2023,3,24,24,76.67905
2023,3,25,1,73.32086
2023,3,25,2,67.95868
2023,3,25,3,65.85228
2023,3,25,4,65.79603
2023,3,25,5,69.19102
2023,3,25,6,78.46619
2023,3,25,7,94.25417
2023,3,25,8,79.97598
2023,3,25,9,30.36328
2023,3,25,10,2.71488
2023,3,25,11,-0.011
2023,3,25,12,-2.19835
2023,3,25,13,-3.74467
2023,3,25,14,-5.0982
2023,3,25,15,-5.48667
2023,3,25,16,-3.73929
2023,3,25,17,-0.01103
2023,3,25,18,11.01404
2023,3,25,19,76.00324
2023,3,25,20,91.76211
2023,3,25,21,89.20529
2023,3,25,22,83.52647
2023,3,25,23,74.79548
2023,3,25,24,67.20241
2023,3,26,1,66.45931
2023,3,26,2,65.80932
2023,3,26,3,61.84541
2023,3,26,4,61.29348
2023,3,26,5,64.88494
2023,3,26,6,72.6056
2023,3,26,7,83.2474
2023,3,26,8,66.89558
2023,3,26,9,21.30676
2023,3,26,10,0.42811
2023,3,26,11,-0.01057
2023,3,26,12,-3.1124
2023,3,26,13,-4.48744
2023,3,26,14,-5.40738
2023,3,26,15,-5.40015
2023,3,26,16,-3.24009
2023,3,26,17,-0.01074
2023,3,26,18,13.57121
2023,3,26,19,76.13636
2023,3,26,20,94.99404
2023,3,26,21,93.76004
2023,3,26,22,84.678
2023,3,26,23,79.41686
2023,3,26,24,75.3451
2023,3,27,1,96.07706
2023,3,27,2,95.45174
2023,3,27,3,95.23905
2023,3,27,4,95.50022
2023,3,27,5,100.93801
2023,3,27,6,116.87172
2023,3,27,7,150.25378
2023,3,27,8,127.32534
2023,3,27,9,66.27786
2023,3,27,10,36.38632
2023,3,27,11,25.24318
2023,3,27,12,17.73975
2023,3,27,13,13.86308
2023,3,27,14,10.32338
2023,3,27,15,10.00839
2023,3,27,16,14.58397
2023,3,27,17,21.51199
2023,3,27,18,60.10159
2023,3,27,19,109.08727
2023,3,27,20,134.5679
2023,3,27,21,126.00713
2023,3,27,22,112.51966
2023,3,27,23,106.47366
2023,3,27,24,101.81452
2023,3,28,1,86.68162
2023,3,28,2,81.20239
2023,3,28,3,81.18567
2023,3,28,4,81.15001
2023,3,28,5,83.92679
2023,3,28,6,106.29632
2023,3,28,7,141.2431
2023,3,28,8,116.27066
2023,3,28,9,63.61986
2023,3,28,10,38.85613
2023,3,28,11,32.27061
2023,3,28,12,24.85036
2023,3,28,13,22.41094
2023,3,28,14,19.99114
2023,3,28,15,19.44605
2023,3,28,16,19.60174
2023,3,28,17,28.4078
2023,3,28,18,64.40745
2023,3,28,19,102.89519
2023,3,28,20,121.32074
2023,3,28,21,115.17036
2023,3,28,22,105.94621
2023,3,28,23,98.69517
2023,3,28,24,82.52118
2023,3,29,1,73.85432
2023,3,29,2,72.79139
2023,3,29,3,72.90232
2023,3,29,4,72.95784
2023,3,29,5,79.2258
2023,3,29,6,92.32922
2023,3,29,7,116.18899
2023,3,29,8,112.72314
2023,3,29,9,78.13119
2023,3,29,10,69.20485
2023,3,29,11,56.81704
2023,3,29,12,45.72833
2023,3,29,13,40.56853
2023,3,29,14,39.25627
2023,3,29,15,33.8829
2023,3,29,16,34.46764
2023,3,29,17,49.87297
2023,3,29,18,71.03248
2023,3,29,19,107.27312
2023,3,29,20,121.54233
2023,3,29,21,122.68705
2023,3,29,22,107.69071
2023,3,29,23,95.38932
2023,3,29,24,84.61351
2023,3,30,1,78.83823
2023,3,30,2,79.58733
2023,3,30,3,76.72325
2023,3,30,4,76.34422
2023,3,30,5,79.63189
2023,3,30,6,99.60224
2023,3,30,7,113.62325
2023,3,30,8,117.95901
2023,3,30,9,80.21373
2023,3,30,10,68.72208
2023,3,30,11,56.18281
2023,3,30,12,44.11325
2023,3,30,13,36.95924
2023,3,30,14,31.31946
2023,3,30,15,22.16281
2023,3,30,16,21.10361
2023,3,30,17,28.39184
2023,3,30,18,47.25917
2023,3,30,19,85.36977
2023,3,30,20,103.60438
2023,3,30,21,102.67932
2023,3,30,22,94.00321
2023,3,30,23,81.30895
2023,3,30,24,73.43205
2023,4,1,1,68.97328
2023,4,1,2,67.96817
2023,4,1,3,64.9537
2023,4,1,4,64.17925
2023,4,1,5,66.15163
2023,4,1,6,75.31958
2023,4,1,7,85.57898
2023,4,1,8,70.19194
2023,4,1,9,36.59017
2023,4,1,10,23.93779
2023,4,1,11,21.14884
2023,4,1,12,15.90429
2023,4,1,13,11.30653
2023,4,1,14,8.86983
2023,4,1,15,7.67455
2023,4,1,16,9.09576
2023,4,1,17,11.79603
2023,4,1,18,22.56626
2023,4,1,19,71.01073
2023,4,1,20,91.84409
2023,4,1,21,91.44222
2023,4,1,22,79.60767
2023,4,1,23,68.81016
2023,4,1,24,62.05399
2023,4,2,1,64.85008
2023,4,2,2,60.41539
2023,4,2,3,59.72151
2023,4,2,4,58.72297
2023,4,2,5,61.14604
2023,4,2,6,65.87007
2023,4,2,7,68.86993
2023,4,2,8,53.95535
2023,4,2,9,16.55823
2023,4,2,10,17.97327
2023,4,2,11,9.87173
2023,4,2,12,12.464
2023,4,2,13,9.08042
2023,4,2,14,5.56471
2023,4,2,15,8.82987
2023,4,2,16,9.49063
2023,4,2,17,-1.01831
2023,4,2,18,13.54896
2023,4,2,19,68.76995
2023,4,2,20,86.18832
2023,4,2,21,89.8632
2023,4,2,22,81.486
2023,4,2,23,69.04388
2023,4,2,24,63.91138
2023,4,3,1,60.23894
2023,4,3,2,57.34386
2023,4,3,3,56.3014
2023,4,3,4,55.6286
2023,4,3,5,56.8853
2023,4,3,6,62.85499
2023,4,3,7,96.8728
2023,4,3,8,83.3313
2023,4,3,9,39.20263
2023,4,3,10,30.77191
2023,4,3,11,20.71718
2023,4,3,12,10.58721
2023,4,3,13,8.04338
2023,4,3,14,3.38778
2023,4,3,15,3.02396
2023,4,3,16,5.09124
2023,4,3,17,8.54249
2023,4,3,18,36.99611
2023,4,3,19,79.28396
2023,4,3,20,106.44651
2023,4,3,21,102.03586
2023,4,3,22,87.65726
2023,4,3,23,77.30429
2023,4,3,24,68.81688
2023,4,4,1,73.25404
2023,4,4,2,69.91821
2023,4,4,3,69.18574
2023,4,4,4,71.9054
2023,4,4,5,74.30391
2023,4,4,6,87.26203
2023,4,4,7,115.95323
2023,4,4,8,101.89019
2023,4,4,9,49.78676
2023,4,4,10,34.03991
2023,4,4,11,25.1642
2023,4,4,12,18.01682
2023,4,4,13,13.16816
2023,4,4,14,11.04449
2023,4,4,15,12.07789
2023,4,4,16,12.47278
2023,4,4,17,16.38193
2023,4,4,18,32.11678
2023,4,4,19,85.94639
2023,4,4,20,115.51651
2023,4,4,21,115.59892
2023,4,4,22,101.42673
2023,4,4,23,82.80333
2023,4,4,24,77.31374
2023,4,5,1,94.08397
2023,4,5,2,93.5802
2023,4,5,3,95.79992
2023,4,5,4,95.7606
2023,4,5,5,106.60264
2023,4,5,6,126.58314
2023,4,5,7,157.19975
2023,4,5,8,131.77469
2023,4,5,9,77.18826
2023,4,5,10,52.50866
2023,4,5,11,35.10321
2023,4,5,12,23.53381
2023,4,5,13,19.02985
2023,4,5,14,17.80894
2023,4,5,15,18.59105
2023,4,5,16,21.88479
2023,4,5,17,31.28045
2023,4,5,18,74.16419
2023,4,5,19,123.98732
2023,4,5,20,144.314
2023,4,5,21,139.82445
2023,4,5,22,129.41124
2023,4,5,23,115.3007
2023,4,5,24,107.45351
2023,4,6,1,106.58113
2023,4,6,2,105.58688
2023,4,6,3,98.06273
2023,4,6,4,100.43375
2023,4,6,5,106.26225
2023,4,6,6,128.05035
2023,4,6,7,171.51767
2023,4,6,8,139.73213
2023,4,6,9,93.16297
2023,4,6,10,62.72544
2023,4,6,11,42.57668
2023,4,6,12,29.50592
2023,4,6,13,24.46634
2023,4,6,14,23.49321
2023,4,6,15,23.82334
2023,4,6,16,27.77409
2023,4,6,17,36.511
2023,4,6,18,74.22775
2023,4,6,19,122.15108
2023,4,6,20,143.82796
2023,4,6,21,139.91306
2023,4,6,22,111.04474
2023,4,6,23,104.30344
2023,4,6,24,94.46995
2023,4,7,1,78.05195
2023,4,7,2,75.1121
2023,4,7,3,73.30784
2023,4,7,4,72.3573
2023,4,7,5,76.62512
2023,4,7,6,85.85339
2023,4,7,7,109.5576
2023,4,7,8,95.83908
2023,4,7,9,57.64617
2023,4,7,10,45.52928
2023,4,7,11,30.64916
2023,4,7,12,25.44703
2023,4,7,13,21.53878
2023,4,7,14,18.85593
2023,4,7,15,16.26907
2023,4,7,16,19.24936
2023,4,7,17,22.95859
2023,4,7,18,56.47797
2023,4,7,19,84.76372
2023,4,7,20,101.44078
2023,4,7,21,102.63977
2023,4,7,22,91.79804
2023,4,7,23,81.4107
2023,4,7,24,74.9177
2023,4,8,1,66.54157
2023,4,8,2,65.36877
2023,4,8,3,62.74133
2023,4,8,4,59.5058
2023,4,8,5,64.49887
2023,4,8,6,66.71696
2023,4,8,7,72.73474
2023,4,8,8,63.32914
2023,4,8,9,37.25226
2023,4,8,10,19.66705
2023,4,8,11,11.39488
2023,4,8,12,7.256
2023,4,8,13,5.65816
2023,4,8,14,5.32721
2023,4,8,15,5.37774
2023,4,8,16,5.34179
2023,4,8,17,9.72695
2023,4,8,18,39.94706
2023,4,8,19,83.42177
2023,4,8,20,97.08551
2023,4,8,21,96.53209
2023,4,8,22,87.76939
2023,4,8,23,80.96644
2023,4,8,24,73.07203
2023,4,9,1,58.02347
2023,4,9,2,57.90894
2023,4,9,3,56.4248
2023,4,9,4,54.98206
2023,4,9,5,57.47018
2023,4,9,6,59.45025
2023,4,9,7,64.32113
2023,4,9,8,47.5511
2023,4,9,9,11.60466
2023,4,9,10,5.9784
2023,4,9,11,1.43731
2023,4,9,12,-2.20948
2023,4,9,13,-3.3454
2023,4,9,14,-2.71562
2023,4,9,15,-2.15587
2023,4,9,16,-0.01063
2023,4,9,17,0.53186
2023,4,9,18,33.45713
2023,4,9,19,89.38285
2023,4,9,20,104.18837
2023,4,9,21,96.42751
2023,4,9,22,88.19951
2023,4,9,23,82.98272
2023,4,9,24,70.42889
2023,4,10,1,81.57499
2023,4,10,2,74.64687
2023,4,10,3,74.27927
2023,4,10,4,74.30453
2023,4,10,5,74.78421
2023,4,10,6,89.5087
2023,4,10,7,114.77073
2023,4,10,8,93.49883
2023,4,10,9,58.49482
2023,4,10,10,40.52876
2023,4,10,11,28.68675
2023,4,10,12,17.63262
2023,4,10,13,16.95473
2023,4,10,14,19.28324
2023,4,10,15,23.59333
2023,4,10,16,29.98509
2023,4,10,17,45.87893
2023,4,10,18,71.81968
2023,4,10,19,110.59617
2023,4,10,20,135.49144
2023,4,10,21,113.9518
2023,4,10,22,105.45973
2023,4,10,23,81.31667
2023,4,10,24,78.28143
2023,4,11,1,60.15641
2023,4,11,2,58.12252
2023,4,11,3,55.65063
2023,4,11,4,54.91284
2023,4,11,5,57.41046
2023,4,11,6,65.65996
2023,4,11,7,96.51704
2023,4,11,8,72.23897
2023,4,11,9,46.20144
2023,4,11,10,27.37261
2023,4,11,11,19.10079
2023,4,11,12,14.91786
2023,4,11,13,12.13493
2023,4,11,14,12.76537
2023,4,11,15,12.76633
2023,4,11,16,19.67464
2023,4,11,17,39.09304
2023,4,11,18,68.91252
2023,4,11,19,98.82989
2023,4,11,20,119.35466
2023,4,11,21,103.42217
2023,4,11,22,92.44043
2023,4,11,23,80.22399
2023,4,11,24,69.85605
2023,4,12,1,63.0632
2023,4,12,2,58.81415
2023,4,12,3,58.00822
2023,4,12,4,57.62176
2023,4,12,5,62.33215
2023,4,12,6,80.93176
2023,4,12,7,103.40405
2023,4,12,8,87.95555
2023,4,12,9,70.73715
2023,4,12,10,59.28725
2023,4,12,11,45.31396
2023,4,12,12,38.168
2023,4,12,13,33.91302
2023,4,12,14,32.23604
2023,4,12,15,30.36432
2023,4,12,16,36.83976
2023,4,12,17,54.65317
2023,4,12,18,78.31299
2023,4,12,19,99.815
2023,4,12,20,121.04742
2023,4,12,21,111.65243
2023,4,12,22,99.74864
2023,4,12,23,84.86809
2023,4,12,24,71.35144
2023,4,13,1,62.72287
2023,4,13,2,61.62896
2023,4,13,3,55.53283
2023,4,13,4,54.58113
2023,4,13,5,57.13578
2023,4,13,6,70.94419
2023,4,13,7,100.07402
2023,4,13,8,73.81983
2023,4,13,9,51.20601
2023,4,13,10,32.44716
2023,4,13,11,20.09977
2023,4,13,12,15.43553
2023,4,13,13,12.47564
2023,4,13,14,13.14833
2023,4,13,15,10.85896
2023,4,13,16,12.51988
2023,4,13,17,17.40715
2023,4,13,18,44.11423
2023,4,13,19,83.66514
2023,4,13,20,107.08039
2023,4,13,21,104.71766
2023,4,13,22,90.06725
2023,4,13,23,77.06847
2023,4,13,24,67.6309
2023,4,14,1,64.50273
2023,4,14,2,59.76478
2023,4,14,3,59.56295
2023,4,14,4,55.72681
2023,4,14,5,64.36765
2023,4,14,6,73.61768
2023,4,14,7,96.8598
2023,4,14,8,64.7691
2023,4,14,9,42.40095
2023,4,14,10,26.32704
2023,4,14,11,16.67268
2023,4,14,12,10.30353
2023,4,14,13,6.89804
2023,4,14,14,5.74353
2023,4,14,15,4.50179
2023,4,14,16,4.28101
2023,4,14,17,9.09256
2023,4,14,18,33.74926
2023,4,14,19,76.26305
2023,4,14,20,101.98156
2023,4,14,21,98.97436
2023,4,14,22,82.82308
2023,4,14,23,76.18216
2023,4,14,24,67.99493
2023,4,15,1,66.78458
2023,4,15,2,64.96872
2023,4,15,3,66.22145
2023,4,15,4,66.22145
2023,4,15,5,72.80286
2023,4,15,6,83.88099
2023,4,15,7,81.26736
2023,4,15,8,50.70503
2023,4,15,9,18.68111
2023,4,15,10,12.31173
2023,4,15,11,7.22379
2023,4,15,12,0.67999
2023,4,15,13,-1.98403
2023,4,15,14,-2.77022
2023,4,15,15,-3.97115
2023,4,15,16,-2.36098
2023,4,15,17,1.41791
2023,4,15,18,29.6233
2023,4,15,19,80.64548
2023,4,15,20,105.00304
2023,4,15,21,100.83269
2023,4,15,22,86.92984
2023,4,15,23,80.98274
2023,4,15,24,75.03999
2023,4,16,1,80.58242
2023,4,16,2,75.60396
2023,4,16,3,75.79475
2023,4,16,4,74.97401
2023,4,16,5,72.30611
2023,4,16,6,73.3945
2023,4,16,7,70.40754
2023,4,16,8,43.13691
2023,4,16,9,13.44139
2023,4,16,10,6.765
2023,4,16,11,0.01056
2023,4,16,12,-1.3236
2023,4,16,13,-2.58243
2023,4,16,14,-2.65973
2023,4,16,15,-4.89682
2023,4,16,16,-1.09664
2023,4,16,17,0.99641
2023,4,16,18,26.90466
2023,4,16,19,73.17254
2023,4,16,20,96.18473
2023,4,16,21,92.6283
2023,4,16,22,77.41765
2023,4,16,23,72.40074
2023,4,16,24,63.70268
2023,4,17,1,66.38708
2023,4,17,2,62.63302
2023,4,17,3,59.203
2023,4,17,4,57.78578
2023,4,17,5,66.4838
2023,4,17,6,79.41526
2023,4,17,7,102.06175
2023,4,17,8,68.84294
2023,4,17,9,44.01041
2023,4,17,10,28.12402
2023,4,17,11,16.00872
2023,4,17,12,12.33267
2023,4,17,13,8.21742
2023,4,17,14,6.71855
2023,4,17,15,5.67997
2023,4,17,16,7.74839
2023,4,17,17,12.20089
2023,4,17,18,42.01239
2023,4,17,19,80.20854
2023,4,17,20,105.53724
2023,4,17,21,105.20427
2023,4,17,22,86.03551
2023,4,17,23,77.32476
2023,4,17,24,69.50833
2023,4,18,1,58.15844
2023,4,18,2,56.16055
2023,4,18,3,52.77318
2023,4,18,4,53.02415
2023,4,18,5,58.0621
2023,4,18,6,73.95144
2023,4,18,7,100.65659
2023,4,18,8,70.87379
2023,4,18,9,40.619
2023,4,18,10,23.04724
2023,4,18,11,12.82308
2023,4,18,12,5.3676
2023,4,18,13,1.4635
2023,4,18,14,1.51803
2023,4,18,15,0.95688
2023,4,18,16,3.21583
2023,4,18,17,10.95455
2023,4,18,18,45.14843
2023,4,18,19,79.93013
2023,4,18,20,111.27023
2023,4,18,21,108.30658
2023,4,18,22,91.10634
2023,4,18,23,78.66846
2023,4,18,24,68.00264
2023,4,19,1,64.31975
2023,4,19,2,61.87132
2023,4,19,3,59.8564
2023,4,19,4,59.81632
2023,4,19,5,66.3941
2023,4,19,6,83.02985
2023,4,19,7,105.2954
2023,4,19,8,63.71875
2023,4,19,9,29.40396
2023,4,19,10,18.67693
2023,4,19,11,10.97485
2023,4,19,12,6.08534
2023,4,19,13,0.96438
2023,4,19,14,0.09654
2023,4,19,15,-1.12902
2023,4,19,16,0.82693
2023,4,19,17,5.28706
2023,4,19,18,31.41224
2023,4,19,19,76.41392
2023,4,19,20,103.06091
2023,4,19,21,105.50749
2023,4,19,22,86.90356
2023,4,19,23,74.66249
2023,4,19,24,66.75567
2023,4,20,1,66.55744
2023,4,20,2,63.15252
2023,4,20,3,61.46183
2023,4,20,4,62.44988
2023,4,20,5,65.68391
2023,4,20,6,89.79945
2023,4,20,7,107.74201
2023,4,20,8,68.35975
2023,4,20,9,40.60272
2023,4,20,10,23.61054
2023,4,20,11,16.38241
2023,4,20,12,11.67561
2023,4,20,13,10.02757
2023,4,20,14,8.86699
2023,4,20,15,8.42442
2023,4,20,16,9.68263
2023,4,20,17,17.36379
2023,4,20,18,43.05841
2023,4,20,19,88.57143
2023,4,20,20,122.26393
2023,4,20,21,115.74658
2023,4,20,22,98.90909
2023,4,20,23,87.1671
2023,4,20,24,79.52084
2023,4,21,1,66.57112
2023,4,21,2,65.99621
2023,4,21,3,65.60682
2023,4,21,4,66.43006
2023,4,21,5,76.73477
2023,4,21,6,92.17489
2023,4,21,7,112.79034
2023,4,21,8,67.19363
2023,4,21,9,37.82804
2023,4,21,10,24.51187
2023,4,21,11,15.10064
2023,4,21,12,18.60795
2023,4,21,13,17.00786
2023,4,21,14,18.84789
2023,4,21,15,19.54136
2023,4,21,16,22.95414
2023,4,21,17,34.13768
2023,4,21,18,57.03849
2023,4,21,19,97.53561
2023,4,21,20,121.37447
2023,4,21,21,117.0857
2023,4,21,22,98.85948
2023,4,21,23,88.95785
2023,4,21,24,79.23145
2023,4,22,1,69.88965
2023,4,22,2,65.55894
2023,4,22,3,62.44663
2023,4,22,4,56.11046
2023,4,22,5,63.32132
2023,4,22,6,66.90181
2023,4,22,7,67.96519
2023,4,22,8,42.47186
2023,4,22,9,17.48331
2023,4,22,10,11.27424
2023,4,22,11,6.64317
2023,4,22,12,6.67988
2023,4,22,13,7.78686
2023,4,22,14,10.12658
2023,4,22,15,13.59121
2023,4,22,16,21.15019
2023,4,22,17,33.73882
2023,4,22,18,54.29668
2023,4,22,19,94.62289
2023,4,22,20,106.29805
2023,4,22,21,98.07484
2023,4,22,22,93.61697
2023,4,22,23,78.48321
2023,4,22,24,70.70738
2023,4,23,1,55.04265
2023,4,23,2,53.06366
2023,4,23,3,51.19363
2023,4,23,4,50.28736
2023,4,23,5,53.13455
2023,4,23,6,56.29
2023,4,23,7,53.3667
2023,4,23,8,31.27868
2023,4,23,9,7.88741
2023,4,23,10,0.32378
2023,4,23,11,-4.98258
2023,4,23,12,-5.80362
2023,4,23,13,-6.64811
2023,4,23,14,-6.78313
2023,4,23,15,-6.40171
2023,4,23,16,-4.06811
2023,4,23,17,3.37162
2023,4,23,18,30.2694
2023,4,23,19,62.96268
2023,4,23,20,83.04419
2023,4,23,21,87.86999
2023,4,23,22,72.30966
2023,4,23,23,59.62494
2023,4,23,24,54.74291
2023,4,24,1,50.33385
2023,4,24,2,47.94066
2023,4,24,3,46.77602
2023,4,24,4,46.67767
2023,4,24,5,50.24095
2023,4,24,6,57.61375
2023,4,24,7,75.35416
2023,4,24,8,42.4967
2023,4,24,9,17.94989
2023,4,24,10,11.88992
2023,4,24,11,6.33818
2023,4,24,12,3.0678
2023,4,24,13,1.33768
2023,4,24,14,0.0
2023,4,24,15,0.0
2023,4,24,16,1.92691
2023,4,24,17,11.98388
2023,4,24,18,39.66597
2023,4,24,19,69.74568
2023,4,24,20,100.44606
2023,4,24,21,97.93197
2023,4,24,22,82.40695
2023,4,24,23,67.69979
2023,4,24,24,61.43135
2023,4,25,1,59.44737
2023,4,25,2,54.394
2023,4,25,3,53.38662
2023,4,25,4,53.14216
2023,4,25,5,53.1865
2023,4,25,6,72.09732
2023,4,25,7,87.85818
2023,4,25,8,56.79089
2023,4,25,9,29.52386
2023,4,25,10,18.8489
2023,4,25,11,11.85389
2023,4,25,12,7.11801
2023,4,25,13,6.45763
2023,4,25,14,7.53228
2023,4,25,15,7.31744
2023,4,25,16,14.71496
2023,4,25,17,35.73578
2023,4,25,18,54.95308
2023,4,25,19,90.72333
2023,4,25,20,120.61658
2023,4,25,21,119.33747
2023,4,25,22,96.75783
2023,4,25,23,84.90943
2023,4,25,24,78.77039
2023,4,26,1,74.51215
2023,4,26,2,71.39457
2023,4,26,3,68.62269
2023,4,26,4,66.08524
2023,4,26,5,65.02
2023,4,26,6,80.08955
2023,4,26,7,88.32005
2023,4,26,8,55.0681
2023,4,26,9,32.90277
2023,4,26,10,23.59045
2023,4,26,11,15.55775
2023,4,26,12,13.44447
2023,4,26,13,12.72408
2023,4,26,14,22.1266
2023,4,26,15,24.0934
2023,4,26,16,30.41782
2023,4,26,17,48.19071
2023,4,26,18,68.50421
2023,4,26,19,116.07263
2023,4,26,20,180.40771
2023,4,26,21,161.47359
2023,4,26,22,106.35789
2023,4,26,23,86.11166
2023,4,26,24,78.21167
2023,4,27,1,62.04387
2023,4,27,2,59.14257
2023,4,27,3,57.22074
2023,4,27,4,57.36957
2023,4,27,5,58.81192
2023,4,27,6,73.01351
2023,4,27,7,88.45565
2023,4,27,8,62.33984
2023,4,27,9,40.1144
2023,4,27,10,29.4981
2023,4,27,11,24.56495
2023,4,27,12,22.1349
2023,4,27,13,23.21621
2023,4,27,14,28.91055
2023,4,27,15,36.69351
2023,4,27,16,48.06374
2023,4,27,17,62.46499
2023,4,27,18,82.75143
2023,4,27,19,124.9131
2023,4,27,20,198.89626
2023,4,27,21,170.36952
2023,4,27,22,103.70217
2023,4,27,23,79.60175
2023,4,27,24,72.65423
2023,4,28,1,61.63961
2023,4,28,2,53.97639
2023,4,28,3,51.53161
2023,4,28,4,50.19893
2023,4,28,5,52.369
2023,4,28,6,62.12775
2023,4,28,7,78.85592
2023,4,28,8,50.19538
2023,4,28,9,32.10771
2023,4,28,10,22.26059
2023,4,28,11,21.11777
2023,4,28,12,20.25494
2023,4,28,13,20.305
2023,4,28,14,26.7277
2023,4,28,15,34.12108
2023,4,28,16,43.49531
2023,4,28,17,55.26527
2023,4,28,18,74.83326
2023,4,28,19,104.94646
2023,4,28,20,173.41864
2023,4,28,21,126.58454
2023,4,28,22,96.25922
2023,4,28,23,81.66353
2023,4,28,24,70.18145
2023,4,29,1,58.17507
2023,4,29,2,53.20677
2023,4,29,3,49.33886
2023,4,29,4,49.57594
2023,4,29,5,49.29508
2023,4,29,6,53.53033
2023,4,29,7,52.8206
2023,4,29,8,36.22481
2023,4,29,9,15.98625
2023,4,29,10,7.65803
2023,4,29,11,4.1108
2023,4,29,12,4.1054
2023,4,29,13,4.88475
2023,4,29,14,9.31597
2023,4,29,15,17.45017
2023,4,29,16,26.77549
2023,4,29,17,37.59093
2023,4,29,18,57.8508
2023,4,29,19,84.33248
2023,4,29,20,109.96092
2023,4,29,21,89.36426
2023,4,29,22,73.48942
2023,4,29,23,65.07754
2023,4,29,24,52.8829
2023,5,1,1,29.5099
2023,5,1,2,29.49048
2023,5,1,3,28.25028
2023,5,1,4,26.79045
2023,5,1,5,30.66231
2023,5,1,6,41.16073
2023,5,1,7,59.30649
2023,5,1,8,36.41004
2023,5,1,9,21.91927
2023,5,1,10,14.59575
2023,5,1,11,8.72547
2023,5,1,12,5.70427
2023,5,1,13,2.65035
2023,5,1,14,4.00855
2023,5,1,15,4.02749
2023,5,1,16,9.86826
2023,5,1,17,17.5716
2023,5,1,18,35.7032
2023,5,1,19,53.63522
2023,5,1,20,73.11047
2023,5,1,21,74.30209
2023,5,1,22,59.52706
2023,5,1,23,50.93051
2023,5,1,24,44.56894
2023,5,2,1,36.9033
2023,5,2,2,36.12549
2023,5,2,3,35.95539
2023,5,2,4,35.89375
2023,5,2,5,38.98525
2023,5,2,6,50.89266
2023,5,2,7,67.17107
2023,5,2,8,47.11488
2023,5,2,9,39.77821
2023,5,2,10,32.41146
2023,5,2,11,26.54889
2023,5,2,12,20.15868
2023,5,2,13,12.91572
2023,5,2,14,11.02243
2023,5,2,15,10.4706
2023,5,2,16,14.48
2023,5,2,17,22.87107
2023,5,2,18,39.46218
2023,5,2,19,56.09901
2023,5,2,20,67.82412
2023,5,2,21,75.18908
2023,5,2,22,63.40879
2023,5,2,23,49.84839
2023,5,2,24,46.07199
2023,5,3,1,41.31143
2023,5,3,2,37.34141
2023,5,3,3,34.39366
2023,5,3,4,31.94104
2023,5,3,5,36.04654
2023,5,3,6,54.16741
2023,5,3,7,60.62197
2023,5,3,8,42.203
2023,5,3,9,31.74047
2023,5,3,10,28.82112
2023,5,3,11,21.60366
2023,5,3,12,16.16031
2023,5,3,13,12.9795
2023,5,3,14,10.18489
2023,5,3,15,11.30123
2023,5,3,16,16.22129
2023,5,3,17,24.94331
2023,5,3,18,37.68759
2023,5,3,19,48.26188
2023,5,3,20,62.24221
2023,5,3,21,67.34098
2023,5,3,22,57.595
2023,5,3,23,44.79101
2023,5,3,24,39.07163
2023,5,4,1,28.24924
2023,5,4,2,26.22389
2023,5,4,3,24.80082
2023,5,4,4,24.77207
2023,5,4,5,27.357
2023,5,4,6,40.0708
2023,5,4,7,45.00934
2023,5,4,8,33.79404
2023,5,4,9,23.61112
2023,5,4,10,25.99422
2023,5,4,11,16.8506
2023,5,4,12,11.00886
2023,5,4,13,5.64298
2023,5,4,14,3.66436
2023,5,4,15,2.13974
2023,5,4,16,4.77256
2023,5,4,17,10.11897
2023,5,4,18,24.22366
2023,5,4,19,32.9132
2023,5,4,20,43.39808
2023,5,4,21,49.43425
2023,5,4,22,42.68054
2023,5,4,23,35.74483
2023,5,4,24,31.5905
2023,5,5,1,23.47194
2023,5,5,2,21.04858
2023,5,5,3,20.32738
2023,5,5,4,20.57239
2023,5,5,5,22.77765
2023,5,5,6,34.12627
2023,5,5,7,36.74537
2023,5,5,8,24.92698
2023,5,5,9,15.41004
2023,5,5,10,12.62693
2023,5,5,11,1.85504
2023,5,5,12,0.96285
2023,5,5,13,-3.44587
2023,5,5,14,-4.17786
2023,5,5,15,-4.45084
2023,5,5,16,-0.66776
2023,5,5,17,1.51704
2023,5,5,18,12.55133
2023,5,5,19,26.98496
2023,5,5,20,38.16794
2023,5,5,21,45.58958
2023,5,5,22,39.51291
2023,5,5,23,30.63748
2023,5,5,24,28.23325
2023,5,6,1,19.62
2023,5,6,2,17.63256
2023,5,6,3,16.25172
2023,5,6,4,16.97999
2023,5,6,5,18.37441
2023,5,6,6,22.05385
2023,5,6,7,19.82583
2023,5,6,8,5.17438
2023,5,6,9,0.0
2023,5,6,10,-5.58729
2023,5,6,11,-10.97775
2023,5,6,12,-12.7451
2023,5,6,13,-13.69934
2023,5,6,14,-13.63437
2023,5,6,15,-13.67557
2023,5,6,16,-12.83627
2023,5,6,17,-6.715
2023,5,6,18,0.0
2023,5,6,19,15.91422
2023,5,6,20,31.70438
2023,5,6,21,37.10973
2023,5,6,22,32.0183
2023,5,6,23,25.68678
2023,5,6,24,21.8436
2023,5,7,1,11.84707
2023,5,7,2,11.166
2023,5,7,3,9.97805
2023,5,7,4,8.50673
2023,5,7,5,7.16397
2023,5,7,6,9.54555
2023,5,7,7,5.90488
2023,5,7,8,0.0
2023,5,7,9,-11.75081
2023,5,7,10,-12.98741
2023,5,7,11,-14.69583
2023,5,7,12,-16.64894
2023,5,7,13,-18.78122
2023,5,7,14,-19.11133
2023,5,7,15,-19.21083
2023,5,7,16,-16.86341
2023,5,7,17,-13.57277
2023,5,7,18,-7.20703
2023,5,7,19,14.32408
2023,5,7,20,30.2435
2023,5,7,21,36.75692
2023,5,7,22,30.46794
2023,5,7,23,21.47859
2023,5,7,24,18.94784
2023,5,8,1,16.518
2023,5,8,2,14.42239
2023,5,8,3,12.80125
2023,5,8,4,12.77139
2023,5,8,5,15.70023
2023,5,8,6,21.14822
2023,5,8,7,30.60992
2023,5,8,8,12.61547
2023,5,8,9,2.80298
2023,5,8,10,-0.3183
2023,5,8,11,-3.99985
2023,5,8,12,-4.43585
2023,5,8,13,-5.95151
2023,5,8,14,-6.87734
2023,5,8,15,-7.94882
2023,5,8,16,-6.60363
2023,5,8,17,-1.31945
2023,5,8,18,5.29973
2023,5,8,19,29.9372
2023,5,8,20,47.3872
2023,5,8,21,51.75448
2023,5,8,22,41.32227
2023,5,8,23,30.31615
2023,5,8,24,24.59397
2023,5,9,1,16.41265
2023,5,9,2,16.12982
2023,5,9,3,14.07344
2023,5,9,4,14.07917
2023,5,9,5,15.98623
2023,5,9,6,28.38669
2023,5,9,7,31.63842
2023,5,9,8,15.57629
2023,5,9,9,10.11052
2023,5,9,10,5.61946
2023,5,9,11,3.4032
2023,5,9,12,1.14807
2023,5,9,13,-0.51344
2023,5,9,14,-0.38669
2023,5,9,15,-1.29899
2023,5,9,16,0.09776
2023,5,9,17,2.32531
2023,5,9,18,14.08935
2023,5,9,19,31.55843
2023,5,9,20,43.86778
2023,5,9,21,48.84933
2023,5,9,22,39.77567
2023,5,9,23,30.82361
2023,5,9,24,24.20819
2023,5,10,1,11.76053
2023,5,10,2,11.55827
2023,5,10,3,10.21659
2023,5,10,4,10.56137
2023,5,10,5,11.66356
2023,5,10,6,18.23252
2023,5,10,7,26.07845
2023,5,10,8,8.56141
2023,5,10,9,-1.65946
2023,5,10,10,-5.33364
2023,5,10,11,-7.64494
2023,5,10,12,-8.05873
2023,5,10,13,-8.41331
2023,5,10,14,-8.27762
2023,5,10,15,-8.93581
2023,5,10,16,-9.73477
2023,5,10,17,-6.92754
2023,5,10,18,0.80822
2023,5,10,19,24.98063
2023,5,10,20,44.50506
2023,5,10,21,50.3732
2023,5,10,22,38.93997
2023,5,10,23,24.88628
2023,5,10,24,18.46044
2023,5,11,1,9.28087
2023,5,11,2,7.12943
2023,5,11,3,6.62126
2023,5,11,4,7.11736
2023,5,11,5,10.41389
2023,5,11,6,18.27892
2023,5,11,7,25.58659
2023,5,11,8,8.45785
2023,5,11,9,1.36216
2023,5,11,10,-2.29695
2023,5,11,11,-3.76258
2023,5,11,12,-7.20156
2023,5,11,13,-8.10289
2023,5,11,14,-6.39353
2023,5,11,15,-2.52594
2023,5,11,16,-2.41598
2023,5,11,17,0.41892
2023,5,11,18,10.34935
2023,5,11,19,30.58202
2023,5,11,20,46.85371
2023,5,11,21,51.47147
2023,5,11,22,40.72879
2023,5,11,23,29.0242
2023,5,11,24,20.56831
2023,5,12,1,14.40959
2023,5,12,2,12.5433
2023,5,12,3,12.44422
2023,5,12,4,14.64749
2023,5,12,5,19.35895
2023,5,12,6,30.23679
2023,5,12,7,32.97112
2023,5,12,8,14.58907
2023,5,12,9,3.08922
2023,5,12,10,1.05865
2023,5,12,11,0.12762
2023,5,12,12,0.64909
2023,5,12,13,0.01039
2023,5,12,14,1.08221
2023,5,12,15,1.57842
2023,5,12,16,4.72542
2023,5,12,17,11.13876
2023,5,12,18,22.18743
2023,5,12,19,40.14054
2023,5,12,20,58.9432
2023,5,12,21,57.02344
2023,5,12,22,42.46637
2023,5,12,23,27.97709
2023,5,12,24,22.07801
2023,5,13,1,21.27245
2023,5,13,2,17.32615
2023,5,13,3,15.38697
2023,5,13,4,17.39705
2023,5,13,5,20.94022
2023,5,13,6,25.07917
2023,5,13,7,20.73414
2023,5,13,8,1.77536
2023,5,13,9,-4.2832
2023,5,13,10,-6.43433
2023,5,13,11,-10.54956
2023,5,13,12,-10.35827
2023,5,13,13,-10.33724
2023,5,13,14,-6.45658
2023,5,13,15,-2.93339
2023,5,13,16,0.63211
2023,5,13,17,5.09188
2023,5,13,18,22.86263
2023,5,13,19,43.93627
2023,5,13,20,63.41259
2023,5,13,21,57.65199
2023,5,13,22,44.40621
2023,5,13,23,39.07817
2023,5,13,24,28.94601
2023,5,14,1,20.41951
2023,5,14,2,16.86388
2023,5,14,3,15.43125
2023,5,14,4,15.14845
2023,5,14,5,15.86152
2023,5,14,6,14.52053
2023,5,14,7,12.98999
2023,5,14,8,-0.51589
2023,5,14,9,-12.05082
2023,5,14,10,-12.95288
2023,5,14,11,-13.61845
2023,5,14,12,-13.64579
2023,5,14,13,-13.60159
2023,5,14,14,-13.3924
2023,5,14,15,-11.16405
2023,5,14,16,-2.6722
2023,5,14,17,1.83496
2023,5,14,18,16.1273
2023,5,14,19,41.13981
2023,5,14,20,62.78554
2023,5,14,21,58.70563
2023,5,14,22,41.70541
2023,5,14,23,30.66922
2023,5,14,24,21.98681
2023,5,15,1,26.22532
2023,5,15,2,22.96084
2023,5,15,3,21.73623
2023,5,15,4,21.72782
2023,5,15,5,26.01887
2023,5,15,6,36.07237
2023,5,15,7,43.83604
2023,5,15,8,22.15927
2023,5,15,9,11.40496
2023,5,15,10,10.42367
2023,5,15,11,6.84801
2023,5,15,12,10.23528
2023,5,15,13,10.99052
2023,5,15,14,15.08033
2023,5,15,15,19.5281
2023,5,15,16,25.62116
2023,5,15,17,36.5558
2023,5,15,18,49.05301
2023,5,15,19,61.09844
2023,5,15,20,104.48522
2023,5,15,21,92.28876
2023,5,15,22,54.44663
2023,5,15,23,42.00255
2023,5,15,24,36.73953
2023,5,16,1,32.48377
2023,5,16,2,29.27937
2023,5,16,3,28.00725
2023,5,16,4,25.40372
2023,5,16,5,28.58893
2023,5,16,6,37.51276
2023,5,16,7,42.89849
2023,5,16,8,29.99894
2023,5,16,9,20.52995
2023,5,16,10,18.47611
2023,5,16,11,11.38408
2023,5,16,12,14.01879
2023,5,16,13,14.41106
2023,5,16,14,19.56238
2023,5,16,15,24.2659
2023,5,16,16,31.80339
2023,5,16,17,34.16351
2023,5,16,18,41.83695
2023,5,16,19,59.8965
2023,5,16,20,100.38077
2023,5,16,21,86.64628
2023,5,16,22,51.61629
2023,5,16,23,41.30856
2023,5,16,24,38.06794
2023,5,17,1,31.58254
2023,5,17,2,25.58854
2023,5,17,3,24.42339
2023,5,17,4,24.17795
2023,5,17,5,27.10537
2023,5,17,6,35.89115
2023,5,17,7,40.16239
2023,5,17,8,24.85319
2023,5,17,9,13.68296
2023,5,17,10,11.16026
2023,5,17,11,7.0631
2023,5,17,12,8.78679
2023,5,17,13,9.95473
2023,5,17,14,15.74139
2023,5,17,15,20.3378
2023,5,17,16,29.4149
2023,5,17,17,32.23194
2023,5,17,18,40.29415
2023,5,17,19,54.48637
2023,5,17,20,88.85552
2023,5,17,21,77.04599
2023,5,17,22,52.21985
2023,5,17,23,39.96678
2023,5,17,24,31.73079
2023,5,18,1,27.31463
2023,5,18,2,22.59304
2023,5,18,3,22.50409
2023,5,18,4,21.27187
2023,5,18,5,22.16432
2023,5,18,6,32.81662
2023,5,18,7,35.96678
2023,5,18,8,20.91608
2023,5,18,9,13.44767
2023,5,18,10,7.81837
2023,5,18,11,4.13119
2023,5,18,12,4.31738
2023,5,18,13,5.69526
2023,5,18,14,7.15228
2023,5,18,15,10.88795
2023,5,18,16,17.31034
2023,5,18,17,22.58177
2023,5,18,18,32.63509
2023,5,18,19,47.21049
2023,5,18,20,74.36023
2023,5,18,21,68.61239
2023,5,18,22,47.77064
2023,5,18,23,33.31706
2023,5,18,24,27.85596
2023,5,19,1,20.89864
2023,5,19,2,20.28696
2023,5,19,3,17.55819
2023,5,19,4,15.40357
2023,5,19,5,20.28506
2023,5,19,6,30.6002
2023,5,19,7,29.75011
2023,5,19,8,15.66885
2023,5,19,9,6.9655
2023,5,19,10,5.08337
2023,5,19,11,3.20213
2023,5,19,12,0.99552
2023,5,19,13,1.71908
2023,5,19,14,3.29956
2023,5,19,15,5.33747
2023,5,19,16,11.15961
2023,5,19,17,16.33363
2023,5,19,18,28.8672
2023,5,19,19,38.39609
2023,5,19,20,53.03352
2023,5,19,21,47.39867
2023,5,19,22,40.33889
2023,5,19,23,34.6218
2023,5,19,24,28.60646
2023,5,20,1,20.97975
2023,5,20,2,20.33347
2023,5,20,3,21.39651
2023,5,20,4,19.94145
2023,5,20,5,22.16704
2023,5,20,6,23.74927
2023,5,20,7,15.35155
2023,5,20,8,1.45217
2023,5,20,9,0.01005
2023,5,20,10,0.00093
2023,5,20,11,0.0
2023,5,20,12,-0.94056
2023,5,20,13,-2.47393
2023,5,20,14,-1.29342
2023,5,20,15,0.0
2023,5,20,16,0.21837
2023,5,20,17,3.1453
2023,5,20,18,19.92032
2023,5,20,19,32.60417
2023,5,20,20,47.6897
2023,5,20,21,43.43524
2023,5,20,22,40.01433
2023,5,20,23,31.62278
2023,5,20,24,27.52007
2023,5,21,1,19.20089
2023,5,21,2,19.25018
2023,5,21,3,17.3039
2023,5,21,4,15.98249
2023,5,21,5,16.763
2023,5,21,6,18.4412
2023,5,21,7,10.34661
2023,5,21,8,0.0
2023,5,21,9,-5.32765
2023,5,21,10,-8.73672
2023,5,21,11,-10.23936
2023,5,21,12,-10.98462
2023,5,21,13,-10.59472
2023,5,21,14,-8.68635
2023,5,21,15,-6.37463
2023,5,21,16,-2.48031
2023,5,21,17,0.07429
2023,5,21,18,16.22338
2023,5,21,19,31.4004
2023,5,21,20,50.73418
2023,5,21,21,48.16845
2023,5,21,22,40.19588
2023,5,21,23,31.62823
2023,5,21,24,28.54477
2023,5,22,1,22.77846
2023,5,22,2,18.21415
2023,5,22,3,16.5554
2023,5,22,4,16.42671
2023,5,22,5,19.37664
2023,5,22,6,30.50986
2023,5,22,7,28.96955
2023,5,22,8,14.27467
2023,5,22,9,6.37381
2023,5,22,10,4.31909
2023,5,22,11,3.58703
2023,5,22,12,3.93074
2023,5,22,13,3.16957
2023,5,22,14,4.2326
2023,5,22,15,4.94412
2023,5,22,16,8.45584
2023,5,22,17,15.62013
2023,5,22,18,27.42278
2023,5,22,19,45.27538
2023,5,22,20,70.88346
2023,5,22,21,64.97779
2023,5,22,22,43.18904
2023,5,22,23,39.03842
2023,5,22,24,29.94263
2023,5,23,1,29.54647
2023,5,23,2,25.86051
2023,5,23,3,24.5786
2023,5,23,4,22.73385
2023,5,23,5,26.33528
2023,5,23,6,34.29473
2023,5,23,7,35.97523
2023,5,23,8,25.88083
2023,5,23,9,13.60413
2023,5,23,10,10.89231
2023,5,23,11,7.73782
2023,5,23,12,6.0766
2023,5,23,13,4.02462
2023,5,23,14,3.67102
2023,5,23,15,4.75907
2023,5,23,16,7.71344
2023,5,23,17,11.99795
2023,5,23,18,24.89596
2023,5,23,19,43.8264
2023,5,23,20,64.63428
2023,5,23,21,64.73063
2023,5,23,22,49.92013
2023,5,23,23,40.33478
2023,5,23,24,31.69572
2023,5,24,1,29.8267
2023,5,24,2,26.55014
2023,5,24,3,24.83667
2023,5,24,4,23.35948
2023,5,24,5,25.75509
2023,5,24,6,41.54127
2023,5,24,7,35.53518
2023,5,24,8,26.29365
2023,5,24,9,10.54519
2023,5,24,10,7.41297
2023,5,24,11,5.24894
2023,5,24,12,2.24386
2023,5,24,13,2.38419
2023,5,24,14,2.2756
2023,5,24,15,2.55826
2023,5,24,16,5.89352
2023,5,24,17,8.93137
2023,5,24,18,25.2593
2023,5,24,19,46.25113
2023,5,24,20,64.41196
2023,5,24,21,66.97385
2023,5,24,22,50.07572
2023,5,24,23,35.06466
2023,5,24,24,29.19673
2023,5,25,1,24.29836
2023,5,25,2,21.91347
2023,5,25,3,18.6585
2023,5,25,4,18.33554
2023,5,25,5,21.09145
2023,5,25,6,32.17164
2023,5,25,7,39.1142
2023,5,25,8,25.44012
2023,5,25,9,8.89883
2023,5,25,10,5.61276
2023,5,25,11,1.75015
2023,5,25,12,0.68852
2023,5,25,13,0.99345
2023,5,25,14,0.57198
2023,5,25,15,0.71828
2023,5,25,16,1.88446
2023,5,25,17,5.2532
2023,5,25,18,19.33667
2023,5,25,19,38.39733
2023,5,25,20,55.3562
2023,5,25,21,54.84675
2023,5,25,22,43.33232
2023,5,25,23,31.10772
2023,5,25,24,27.40345
2023,5,26,1,21.88239
2023,5,26,2,17.85757
2023,5,26,3,16.48031
2023,5,26,4,15.93748
2023,5,26,5,17.76865
2023,5,26,6,25.34515
2023,5,26,7,31.2164
2023,5,26,8,17.29673
2023,5,26,9,8.34298
2023,5,26,10,3.50391
2023,5,26,11,1.17347
2023,5,26,12,-0.47116
2023,5,26,13,-0.84486
2023,5,26,14,-1.06417
2023,5,26,15,-1.25769
2023,5,26,16,0.0
2023,5,26,17,0.60055
2023,5,26,18,9.60881
2023,5,26,19,29.95698
2023,5,26,20,45.72401
2023,5,26,21,47.04972
2023,5,26,22,40.10817
2023,5,26,23,27.4817
2023,5,26,24,21.78829
2023,5,27,1,16.57217
2023,5,27,2,13.69755
2023,5,27,3,13.43486
2023,5,27,4,10.50473
2023,5,27,5,11.7967
2023,5,27,6,13.2168
2023,5,27,7,8.36995
2023,5,27,8,-0.52062
2023,5,27,9,-10.2301
2023,5,27,10,-12.03132
2023,5,27,11,-12.00668
2023,5,27,12,-12.07499
2023,5,27,13,-14.30206
2023,5,27,14,-13.5011
2023,5,27,15,-12.48157
2023,5,27,16,-11.96604
2023,5,27,17,-7.9904
2023,5,27,18,0.0
2023,5,27,19,16.70669
2023,5,27,20,34.1101
2023,5,27,21,38.22743
2023,5,27,22,30.42905
2023,5,27,23,22.52483
2023,5,27,24,16.94788
2023,5,28,1,12.2212
2023,5,28,2,10.75153
2023,5,28,3,10.80076
2023,5,28,4,10.04218
2023,5,28,5,10.03915
2023,5,28,6,9.8912
2023,5,28,7,5.21975
2023,5,28,8,-2.13904
2023,5,28,9,-11.27075
2023,5,28,10,-12.0583
2023,5,28,11,-12.71931
2023,5,28,12,-12.75505
2023,5,28,13,-12.7072
2023,5,28,14,-12.77955
2023,5,28,15,-13.06558
2023,5,28,16,-12.65145
2023,5,28,17,-10.16984
2023,5,28,18,0.01076
2023,5,28,19,17.21519
2023,5,28,20,31.68903
2023,5,28,21,34.94038
2023,5,28,22,27.48856
2023,5,28,23,19.70361
2023,5,28,24,16.32026
2023,5,29,1,22.14022
2023,5,29,2,19.83501
2023,5,29,3,18.43189
2023,5,29,4,17.47914
2023,5,29,5,18.38651
2023,5,29,6,19.23485
2023,5,29,7,13.56427
2023,5,29,8,0.04266
2023,5,29,9,-3.16122
2023,5,29,10,-6.99431
2023,5,29,11,-9.98632
2023,5,29,12,-10.4824
2023,5,29,13,-11.091
2023,5,29,14,-11.16966
2023,5,29,15,-11.25139
2023,5,29,16,-10.51562
2023,5,29,17,-3.19606
2023,5,29,18,1.18688
2023,5,29,19,25.97403
2023,5,29,20,35.27397
2023,5,29,21,38.99171
2023,5,29,22,30.37064
2023,5,29,23,28.09822
2023,5,29,24,22.60039
2023,5,30,1,20.37822
2023,5,30,2,18.65791
2023,5,30,3,18.27585
2023,5,30,4,18.37582
2023,5,30,5,20.07521
2023,5,30,6,22.32604
2023,5,30,7,26.22469
2023,5,30,8,15.46232
2023,5,30,9,6.94308
2023,5,30,10,4.85632
2023,5,30,11,3.85684
2023,5,30,12,3.16655
2023,5,30,13,3.11704
2023,5,30,14,3.24141
2023,5,30,15,2.90218
2023,5,30,16,3.16056
2023,5,30,17,5.30223
2023,5,30,18,17.02319
2023,5,30,19,27.06093
2023,5,30,20,42.13573
2023,5,30,21,44.33922
2023,5,30,22,34.62098
2023,5,30,23,26.94532
2023,5,30,24,21.57032
2023,6,1,1,29.74407
2023,6,1,2,28.49
2023,6,1,3,26.44383
2023,6,1,4,26.79328
2023,6,1,5,30.75092
2023,6,1,6,37.24621
2023,6,1,7,36.72613
2023,6,1,8,22.50601
2023,6,1,9,10.35411
2023,6,1,10,8.30801
2023,6,1,11,8.17384
2023,6,1,12,7.83563
2023,6,1,13,7.81456
2023,6,1,14,8.21831
2023,6,1,15,8.4453
2023,6,1,16,8.34513
2023,6,1,17,12.10798
2023,6,1,18,23.60142
2023,6,1,19,38.18424
2023,6,1,20,49.922
2023,6,1,21,52.89886
2023,6,1,22,43.76595
2023,6,1,23,36.58662
2023,6,1,24,31.97829
2023,6,2,1,28.62374
2023,6,2,2,26.69121
2023,6,2,3,25.73982
2023,6,2,4,26.54038
2023,6,2,5,28.82442
2023,6,2,6,37.33906
2023,6,2,7,28.55693
2023,6,2,8,16.14265
2023,6,2,9,7.80336
2023,6,2,10,5.23341
2023,6,2,11,4.40358
2023,6,2,12,4.92596
2023,6,2,13,4.34408
2023,6,2,14,4.99631
2023,6,2,15,6.85758
2023,6,2,16,6.93336
2023,6,2,17,10.86308
2023,6,2,18,18.16216
2023,6,2,19,37.79381
2023,6,2,20,45.20502
2023,6,2,21,48.83922
2023,6,2,22,38.52879
2023,6,2,23,37.46964
2023,6,2,24,34.30992
2023,6,3,1,29.77593
2023,6,3,2,27.51074
2023,6,3,3,27.64616
2023,6,3,4,27.57771
2023,6,3,5,28.4868
2023,6,3,6,32.19496
2023,6,3,7,25.34969
2023,6,3,8,5.51977
2023,6,3,9,1.06148
2023,6,3,10,0.76907
2023,6,3,11,0.5176
2023,6,3,12,0.73186
2023,6,3,13,0.34847
2023,6,3,14,1.0627
2023,6,3,15,3.06341
2023,6,3,16,7.9573
2023,6,3,17,10.44168
2023,6,3,18,23.27781
2023,6,3,19,35.45401
2023,6,3,20,50.24621
2023,6,3,21,48.92072
2023,6,3,22,39.07696
2023,6,3,23,35.24896
2023,6,3,24,32.62733
2023,6,4,1,29.0305
2023,6,4,2,29.04464
2023,6,4,3,28.43107
2023,6,4,4,28.38656
2023,6,4,5,28.7589
2023,6,4,6,30.95784
2023,6,4,7,26.6553
2023,6,4,8,8.24487
2023,6,4,9,4.15326
2023,6,4,10,4.29716
2023,6,4,11,4.46512
2023,6,4,12,5.01486
2023,6,4,13,4.54128
2023,6,4,14,5.77443
2023,6,4,15,8.44257
2023,6,4,16,15.5017
2023,6,4,17,22.1269
2023,6,4,18,31.8191
2023,6,4,19,40.97262
2023,6,4,20,62.02946
2023,6,4,21,57.64951
2023,6,4,22,45.63878
2023,6,4,23,38.49385
2023,6,4,24,35.28387
2023,6,5,1,30.30733
2023,6,5,2,28.39482
2023,6,5,3,28.50942
2023,6,5,4,28.37003
2023,6,5,5,30.1
2023,6,5,6,37.11886
2023,6,5,7,43.2277
2023,6,5,8,29.79236
2023,6,5,9,26.75843
2023,6,5,10,26.93595
2023,6,5,11,27.14494
2023,6,5,12,26.61457
2023,6,5,13,27.27903
2023,6,5,14,27.84988
2023,6,5,15,26.16378
2023,6,5,16,27.14904
2023,6,5,17,29.41537
2023,6,5,18,36.4375
2023,6,5,19,48.7412
2023,6,5,20,60.75605
2023,6,5,21,59.032
2023,6,5,22,45.79411
2023,6,5,23,38.22617
2023,6,5,24,34.29625
2023,6,6,1,40.14718
2023,6,6,2,38.13689
2023,6,6,3,34.80181
2023,6,6,4,34.26079
2023,6,6,5,35.94456
2023,6,6,6,41.71242
2023,6,6,7,47.64887
2023,6,6,8,37.37053
2023,6,6,9,34.67337
2023,6,6,10,29.58078
2023,6,6,11,27.13215
2023,6,6,12,26.91875
2023,6,6,13,26.14654
2023,6,6,14,25.10847
2023,6,6,15,26.22801
2023,6,6,16,28.74085
2023,6,6,17,31.89019
2023,6,6,18,40.79373
2023,6,6,19,49.11883
2023,6,6,20,62.68366
2023,6,6,21,62.22648
2023,6,6,22,53.58755
2023,6,6,23,42.82287
2023,6,6,24,40.24174
2023,6,7,1,40.96039
2023,6,7,2,38.5814
2023,6,7,3,36.29592
2023,6,7,4,35.68761
2023,6,7,5,36.42438
2023,6,7,6,40.99111
2023,6,7,7,48.23739
2023,6,7,8,42.06975
2023,6,7,9,38.40713
2023,6,7,10,35.36608
2023,6,7,11,34.53806
2023,6,7,12,33.3778
2023,6,7,13,31.26136
2023,6,7,14,30.9128
2023,6,7,15,31.38393
2023,6,7,16,32.38817
2023,6,7,17,32.22112
2023,6,7,18,38.29215
2023,6,7,19,48.57194
2023,6,7,20,61.65726
2023,6,7,21,64.00081
2023,6,7,22,55.68919
2023,6,7,23,44.40303
2023,6,7,24,40.19134
2023,6,8,1,39.3256
2023,6,8,2,35.97685
2023,6,8,3,34.62656
2023,6,8,4,34.47709
2023,6,8,5,38.51641
2023,6,8,6,44.21402
2023,6,8,7,43.58916
2023,6,8,8,34.30458
2023,6,8,9,28.99863
2023,6,8,10,27.40799
2023,6,8,11,26.72535
2023,6,8,12,26.41018
2023,6,8,13,26.48004
2023,6,8,14,27.3333
2023,6,8,15,27.57131
2023,6,8,16,29.4276
2023,6,8,17,33.36219
2023,6,8,18,37.73391
2023,6,8,19,48.16458
2023,6,8,20,59.80231
2023,6,8,21,60.97937
2023,6,8,22,54.50942
2023,6,8,23,46.1332
2023,6,8,24,39.62056
2023,6,9,1,36.82436
2023,6,9,2,35.24004
2023,6,9,3,35.78366
2023,6,9,4,31.97959
2023,6,9,5,34.13442
2023,6,9,6,39.88935
2023,6,9,7,37.69602
2023,6,9,8,27.40773
2023,6,9,9,24.45653
2023,6,9,10,24.24717
2023,6,9,11,23.74053
2023,6,9,12,23.74398
2023,6,9,13,22.67756
2023,6,9,14,24.12823
2023,6,9,15,24.06163
2023,6,9,16,23.92116
2023,6,9,17,26.72644
2023,6,9,18,33.75874
2023,6,9,19,40.26655
2023,6,9,20,49.62695
2023,6,9,21,51.95662
2023,6,9,22,47.06382
2023,6,9,23,40.52527
2023,6,9,24,35.02796
2023,6,10,1,34.47525
2023,6,10,2,32.64174
2023,6,10,3,31.44984
2023,6,10,4,31.84048
2023,6,10,5,31.08053
2023,6,10,6,33.92255
2023,6,10,7,34.26566
2023,6,10,8,26.08786
2023,6,10,9,23.23126
2023,6,10,10,24.47545
2023,6,10,11,25.4946
2023,6,10,12,22.99557
2023,6,10,13,22.82235
2023,6,10,14,22.5379
2023,6,10,15,23.02434
2023,6,10,16,24.52186
2023,6,10,17,27.59903
2023,6,10,18,32.41877
2023,6,10,19,41.59876
2023,6,10,20,47.43735
2023,6,10,21,46.18986
2023,6,10,22,42.67503
2023,6,10,23,38.34197
2023,6,10,24,36.30794
2023,6,11,1,30.58252
2023,6,11,2,30.18412
2023,6,11,3,29.39283
2023,6,11,4,29.33467
2023,6,11,5,28.21947
2023,6,11,6,29.73712
2023,6,11,7,26.55448
2023,6,11,8,15.6961
2023,6,11,9,12.68
2023,6,11,10,12.66627
2023,6,11,11,12.55524
2023,6,11,12,12.95294
2023,6,11,13,13.0521
2023,6,11,14,13.01137
2023,6,11,15,12.51012
2023,6,11,16,13.12612
2023,6,11,17,14.89987
2023,6,11,18,24.30556
2023,6,11,19,34.95994
2023,6,11,20,42.05233
2023,6,11,21,44.41265
2023,6,11,22,40.07806
2023,6,11,23,36.46544
2023,6,11,24,32.81889
2023,6,12,1,30.04846
2023,6,12,2,30.36859
2023,6,12,3,28.79807
2023,6,12,4,28.49704
2023,6,12,5,31.66313
2023,6,12,6,37.92332
2023,6,12,7,41.39483
2023,6,12,8,30.87316
2023,6,12,9,29.60478
2023,6,12,10,24.9151
2023,6,12,11,24.63869
2023,6,12,12,24.70347
2023,6,12,13,24.44855
2023,6,12,14,23.97443
2023,6,12,15,24.58215
2023,6,12,16,22.53832
2023,6,12,17,24.59367
2023,6,12,18,28.07538
2023,6,12,19,40.26222
2023,6,12,20,52.03874
2023,6,12,21,52.91732
2023,6,12,22,47.71184
2023,6,12,23,39.30736
2023,6,12,24,33.10549
2023,6,13,1,32.10662
2023,6,13,2,30.16619
2023,6,13,3,30.27451
2023,6,13,4,30.166
2023,6,13,5,30.19659
2023,6,13,6,37.49873
2023,6,13,7,31.96847
2023,6,13,8,23.74464
2023,6,13,9,17.64037
2023,6,13,10,13.59599
2023,6,13,11,12.75458
2023,6,13,12,11.39058
2023,6,13,13,11.35784
2023,6,13,14,10.96202
2023,6,13,15,12.34266
2023,6,13,16,15.35666
2023,6,13,17,18.38187
2023,6,13,18,23.31496
2023,6,13,19,36.33211
2023,6,13,20,49.59424
2023,6,13,21,50.62245
2023,6,13,22,47.336
2023,6,13,23,39.99611
2023,6,13,24,35.46931
2023,6,14,1,28.78133
2023,6,14,2,28.16339
2023,6,14,3,27.93135
2023,6,14,4,27.92289
2023,6,14,5,29.2085
2023,6,14,6,34.37052
2023,6,14,7,29.40549
2023,6,14,8,17.62309
2023,6,14,9,14.352
2023,6,14,10,11.29009
2023,6,14,11,9.82808
2023,6,14,12,9.70698
2023,6,14,13,9.51022
2023,6,14,14,9.41443
2023,6,14,15,10.14828
2023,6,14,16,11.07391
2023,6,14,17,15.05537
2023,6,14,18,24.45223
2023,6,14,19,36.73711
2023,6,14,20,50.73242
2023,6,14,21,50.39067
2023,6,14,22,43.68561
2023,6,14,23,36.13463
2023,6,14,24,31.14295
2023,6,15,1,27.82444
2023,6,15,2,28.5238
2023,6,15,3,27.15386
2023,6,15,4,27.15645
2023,6,15,5,28.68703
2023,6,15,6,32.37747
2023,6,15,7,30.03644
2023,6,15,8,20.74082
2023,6,15,9,13.29363
2023,6,15,10,9.76736
2023,6,15,11,7.96787
2023,6,15,12,8.30848
2023,6,15,13,8.35751
2023,6,15,14,8.43361
2023,6,15,15,9.41666
2023,6,15,16,12.59609
2023,6,15,17,15.24128
2023,6,15,18,26.82515
2023,6,15,19,40.30035
2023,6,15,20,53.5041
2023,6,15,21,53.63317
2023,6,15,22,44.95926
2023,6,15,23,37.57155
2023,6,15,24,34.32212
2023,6,16,1,29.12239
2023,6,16,2,28.23391
2023,6,16,3,28.04527
2023,6,16,4,28.52697
2023,6,16,5,29.36265
2023,6,16,6,33.15535
2023,6,16,7,33.20103
2023,6,16,8,27.30924
2023,6,16,9,21.16975
2023,6,16,10,15.00556
2023,6,16,11,14.47
2023,6,16,12,13.14076
2023,6,16,13,14.52
2023,6,16,14,15.36116
2023,6,16,15,15.80611
2023,6,16,16,19.47989
2023,6,16,17,20.0
2023,6,16,18,29.27979
2023,6,16,19,39.01619
2023,6,16,20,55.90169
2023,6,16,21,55.53985
2023,6,16,22,44.4331
2023,6,16,23,37.70333
2023,6,16,24,34.65057
2023,6,17,1,30.74032
2023,6,17,2,29.66316
2023,6,17,3,30.0
2023,6,17,4,28.76518
2023,6,17,5,30.11711
2023,6,17,6,29.42311
2023,6,17,7,25.36932
2023,6,17,8,11.3
2023,6,17,9,4.55276
2023,6,17,10,4.26979
2023,6,17,11,4.20347
2023,6,17,12,4.25478
2023,6,17,13,3.30693
2023,6,17,14,2.75599
2023,6,17,15,4.26979
2023,6,17,16,7.84908
2023,6,17,17,10.31536
2023,6,17,18,20.74043
2023,6,17,19,36.99611
2023,6,17,20,50.67259
2023,6,17,21,56.57522
2023,6,17,22,48.71447
2023,6,17,23,36.20025
2023,6,17,24,31.0
2023,6,18,1,30.42596
2023,6,18,2,27.29451
2023,6,18,3,24.87067
2023,6,18,4,23.54673
2023,6,18,5,24.09803
2023,6,18,6,23.96329
2023,6,18,7,14.90664
2023,6,18,8,0.12
2023,6,18,9,-7.15917
2023,6,18,10,-10.47
2023,6,18,11,-11.01
2023,6,18,12,-11.5
2023,6,18,13,-11.5
2023,6,18,14,-11.66858
2023,6,18,15,-10.90986
2023,6,18,16,-8.0054
2023,6,18,17,-0.02804
2023,6,18,18,7.58864
2023,6,18,19,28.41808
2023,6,18,20,42.32161
2023,6,18,21,43.60306
2023,6,18,22,42.3333
2023,6,18,23,33.85964
2023,6,18,24,30.26176
2023,6,19,1,31.15044
2023,6,19,2,29.71846
2023,6,19,3,29.05904
2023,6,19,4,27.59913
2023,6,19,5,29.42432
2023,6,19,6,33.80196
2023,6,19,7,26.61084
2023,6,19,8,9.28647
2023,6,19,9,1.34979
2023,6,19,10,-1.2941
2023,6,19,11,-2.88317
2023,6,19,12,-4.60664
2023,6,19,13,-3.97034
2023,6,19,14,-3.02433
2023,6,19,15,-2.25469
2023,6,19,16,0.0312
2023,6,19,17,2.28785
2023,6,19,18,12.05852
2023,6,19,19,32.76492
2023,6,19,20,46.91178
2023,6,19,21,48.87822
2023,6,19,22,40.83154
2023,6,19,23,36.815
2023,6,19,24,34.46528
2023,6,20,1,27.46597
2023,6,20,2,25.17877
2023,6,20,3,22.33835
2023,6,20,4,22.1923
2023,6,20,5,25.67649
2023,6,20,6,31.88042
2023,6,20,7,26.29068
2023,6,20,8,9.74819
2023,6,20,9,3.88754
2023,6,20,10,-1.2514
2023,6,20,11,-2.28679
2023,6,20,12,-4.20675
2023,6,20,13,-3.67626
2023,6,20,14,-2.34371
2023,6,20,15,-2.74106
2023,6,20,16,-0.39367
2023,6,20,17,0.49551
2023,6,20,18,8.18309
2023,6,20,19,30.5037
2023,6,20,20,48.16399
2023,6,20,21,57.1664
2023,6,20,22,44.53103
2023,6,20,23,40.39996
2023,6,20,24,38.1382
2023,6,21,1,36.3908
2023,6,21,2,32.83861
2023,6,21,3,30.71384
2023,6,21,4,29.79287
2023,6,21,5,33.11905
2023,6,21,6,40.04036
2023,6,21,7,35.61202
2023,6,21,8,18.13846
2023,6,21,9,13.24117
2023,6,21,10,9.51885
2023,6,21,11,7.80226
2023,6,21,12,6.11339
2023,6,21,13,7.26235
2023,6,21,14,7.6981
2023,6,21,15,7.9191
2023,6,21,16,8.48714
2023,6,21,17,8.83721
2023,6,21,18,23.95876
2023,6,21,19,40.57361
2023,6,21,20,55.44545
2023,6,21,21,63.22812
2023,6,21,22,53.19654
2023,6,21,23,44.63525
2023,6,21,24,41.83028
2023,6,22,1,38.54093
2023,6,22,2,35.61572
2023,6,22,3,33.58779
2023,6,22,4,32.70044
2023,6,22,5,37.34235
2023,6,22,6,42.52987
2023,6,22,7,39.44348
2023,6,22,8,31.12437
2023,6,22,9,23.19305
2023,6,22,10,12.08232
2023,6,22,11,10.00336
2023,6,22,12,6.30465
2023,6,22,13,5.42781
2023,6,22,14,5.32576
2023,6,22,15,4.93114
2023,6,22,16,7.85685
2023,6,22,17,11.13424
2023,6,22,18,21.84165
2023,6,22,19,37.23836
2023,6,22,20,52.40695
2023,6,22,21,62.66068
2023,6,22,22,54.16358
2023,6,22,23,38.78953
2023,6,22,24,36.96558
2023,6,23,1,35.39673
2023,6,23,2,34.18572
2023,6,23,3,32.94554
2023,6,23,4,33.01351
2023,6,23,5,35.5263
2023,6,23,6,40.63802
2023,6,23,7,34.94691
2023,6,23,8,22.15352
2023,6,23,9,14.36299
2023,6,23,10,9.74257
2023,6,23,11,7.3502
2023,6,23,12,5.81888
2023,6,23,13,4.40939
2023,6,23,14,5.06453
2023,6,23,15,5.26936
2023,6,23,16,5.60827
2023,6,23,17,8.79615
2023,6,23,18,14.66444
2023,6,23,19,32.00496
2023,6,23,20,44.46379
2023,6,23,21,52.82865
2023,6,23,22,51.41566
2023,6,23,23,39.08093
2023,6,23,24,36.80694
2023,6,24,1,33.96739
2023,6,24,2,31.58551
2023,6,24,3,31.60636
2023,6,24,4,33.01081
2023,6,24,5,35.23607
2023,6,24,6,37.13857
2023,6,24,7,31.49394
2023,6,24,8,16.86363
2023,6,24,9,6.29024
2023,6,24,10,4.16862
2023,6,24,11,2.38737
2023,6,24,12,0.56156
2023,6,24,13,0.60711
2023,6,24,14,0.51046
2023,6,24,15,1.31607
2023,6,24,16,4.87935
2023,6,24,17,9.21719
2023,6,24,18,23.23529
2023,6,24,19,37.47032
2023,6,24,20,48.49193
2023,6,24,21,59.2702
2023,6,24,22,49.20176
2023,6,24,23,38.1521
2023,6,24,24,37.27359
2023,6,25,1,35.61958
2023,6,25,2,32.7737
2023,6,25,3,31.69479
2023,6,25,4,30.18645
2023,6,25,5,31.65498
2023,6,25,6,31.60205
2023,6,25,7,27.64001
2023,6,25,8,3.1121
2023,6,25,9,-1.64995
2023,6,25,10,-2.18691
2023,6,25,11,-3.27212
2023,6,25,12,-3.61651
2023,6,25,13,-3.14743
2023,6,25,14,-2.75212
2023,6,25,15,-1.87226
2023,6,25,16,0.0463
2023,6,25,17,1.34757
2023,6,25,18,14.1368
2023,6,25,19,31.73526
2023,6,25,20,45.47971
2023,6,25,21,57.2546
2023,6,25,22,45.23862
2023,6,25,23,35.22896
2023,6,25,24,34.82747
2023,6,26,1,32.90905
2023,6,26,2,31.33978
2023,6,26,3,30.62764
2023,6,26,4,30.55388
2023,6,26,5,31.92919
2023,6,26,6,38.76628
2023,6,26,7,35.34164
2023,6,26,8,24.21212
2023,6,26,9,14.46395
2023,6,26,10,12.75034
2023,6,26,11,12.74213
2023,6,26,12,9.37055
2023,6,26,13,11.36526
2023,6,26,14,11.10435
2023,6,26,15,11.49942
2023,6,26,16,13.96405
2023,6,26,17,19.11555
2023,6,26,18,27.22554
2023,6,26,19,40.61038
2023,6,26,20,59.21604
2023,6,26,21,65.59562
2023,6,26,22,57.17394
2023,6,26,23,41.32951
2023,6,26,24,39.63321
2023,6,27,1,35.2
2023,6,27,2,36.42761
2023,6,27,3,33.85352
2023,6,27,4,34.02976
2023,6,27,5,33.36354
2023,6,27,6,38.35943
2023,6,27,7,34.76182
2023,6,27,8,22.46734
2023,6,27,9,14.36851
2023,6,27,10,14.30043
2023,6,27,11,11.26292
2023,6,27,12,12.23
2023,6,27,13,12.23
2023,6,27,14,13.64433
2023,6,27,15,14.8419
2023,6,27,16,18.29255
2023,6,27,17,25.93086
2023,6,27,18,38.21315
2023,6,27,19,52.24177
2023,6,27,20,65.85157
2023,6,27,21,74.79461
2023,6,27,22,62.52858
2023,6,27,23,49.51739
2023,6,27,24,41.01814
2023,6,28,1,39.22477
2023,6,28,2,37.17502
2023,6,28,3,35.35197
2023,6,28,4,35.07891
2023,6,28,5,35.76516
2023,6,28,6,37.59572
2023,6,28,7,35.58149
2023,6,28,8,28.2611
2023,6,28,9,18.36039
2023,6,28,10,15.98486
2023,6,28,11,14.96174
2023,6,28,12,14.91897
2023,6,28,13,14.83575
2023,6,28,14,17.53503
2023,6,28,15,19.08314
2023,6,28,16,25.36681
2023,6,28,17,27.83509
2023,6,28,18,35.10728
2023,6,28,19,47.01187
2023,6,28,20,65.21941
2023,6,28,21,65.93513
2023,6,28,22,59.19254
2023,6,28,23,42.58438
2023,6,28,24,39.86094
2023,6,29,1,38.63645
2023,6,29,2,37.70525
2023,6,29,3,37.67
2023,6,29,4,37.1253
2023,6,29,5,37.85882
2023,6,29,6,42.71734
2023,6,29,7,44.30445
2023,6,29,8,31.66391
2023,6,29,9,27.39441
2023,6,29,10,26.94704
2023,6,29,11,27.11401
2023,6,29,12,27.92088
2023,6,29,13,28.86872
2023,6,29,14,32.58939
2023,6,29,15,36.9321
2023,6,29,16,43.03147
2023,6,29,17,45.04466
2023,6,29,18,49.22465
2023,6,29,19,65.00756
2023,6,29,20,75.82433
2023,6,29,21,76.95487
2023,6,29,22,66.20598
2023,6,29,23,57.18275
2023,6,29,24,47.50597
2023,7,1,1,41.43224
2023,7,1,2,40.92443
2023,7,1,3,40.49235
2023,7,1,4,40.04467
2023,7,1,5,41.67727
2023,7,1,6,42.35579
2023,7,1,7,40.78252
2023,7,1,8,29.30871
2023,7,1,9,24.96888
2023,7,1,10,24.52096
2023,7,1,11,23.77817
2023,7,1,12,29.74989
2023,7,1,13,34.2706
2023,7,1,14,38.3501
2023,7,1,15,41.66328
2023,7,1,16,44.46355
2023,7,1,17,49.01428
2023,7,1,18,54.8417
2023,7,1,19,63.45568
2023,7,1,20,80.74935
2023,7,1,21,73.07491
2023,7,1,22,61.73843
2023,7,1,23,51.08759
2023,7,1,24,45.52992
2023,7,2,1,43.64581
2023,7,2,2,43.65755
2023,7,2,3,41.18842
2023,7,2,4,42.40771
2023,7,2,5,41.26806
2023,7,2,6,43.46208
2023,7,2,7,39.01717
2023,7,2,8,28.94543
2023,7,2,9,23.04833
2023,7,2,10,23.70597
2023,7,2,11,25.46513
2023,7,2,12,29.05199
2023,7,2,13,32.22012
2023,7,2,14,35.89201
2023,7,2,15,39.25858
2023,7,2,16,43.62247
2023,7,2,17,48.56094
2023,7,2,18,55.56018
2023,7,2,19,63.64528
2023,7,2,20,94.77148
2023,7,2,21,78.19733
2023,7,2,22,62.62231
2023,7,2,23,56.35099
2023,7,2,24,46.03734
2023,7,3,1,43.01894
2023,7,3,2,41.76262
2023,7,3,3,41.09575
2023,7,3,4,41.11842
2023,7,3,5,41.30951
2023,7,3,6,43.48958
2023,7,3,7,46.66999
2023,7,3,8,35.7593
2023,7,3,9,35.90936
2023,7,3,10,35.60697
2023,7,3,11,36.379
2023,7,3,12,37.90344
2023,7,3,13,38.82765
2023,7,3,14,41.49808
2023,7,3,15,45.41642
2023,7,3,16,51.62694
2023,7,3,17,56.00148
2023,7,3,18,60.48315
2023,7,3,19,73.92447
2023,7,3,20,101.63091
2023,7,3,21,81.3257
2023,7,3,22,71.64795
2023,7,3,23,53.51368
2023,7,3,24,51.25012
2023,7,4,1,43.27946
2023,7,4,2,42.43471
2023,7,4,3,41.86735
2023,7,4,4,41.10278
2023,7,4,5,41.40426
2023,7,4,6,42.87618
2023,7,4,7,38.74488
2023,7,4,8,28.51324
2023,7,4,9,21.41435
2023,7,4,10,18.28685
2023,7,4,11,20.27184
2023,7,4,12,20.91221
2023,7,4,13,23.53804
2023,7,4,14,25.00302
2023,7,4,15,28.44525
2023,7,4,16,34.28364
2023,7,4,17,36.16438
2023,7,4,18,42.11566
2023,7,4,19,52.66291
2023,7,4,20,68.50489
2023,7,4,21,65.65215
2023,7,4,22,57.41107
2023,7,4,23,46.74466
2023,7,4,24,43.3499
2023,7,5,1,40.75771
2023,7,5,2,39.74181
2023,7,5,3,39.28755
2023,7,5,4,38.25723
2023,7,5,5,39.26141
2023,7,5,6,40.10002
2023,7,5,7,40.7208
2023,7,5,8,32.29927
2023,7,5,9,26.97697
2023,7,5,10,26.57341
2023,7,5,11,26.62399
2023,7,5,12,26.17374
2023,7,5,13,27.41229
2023,7,5,14,31.3878
2023,7,5,15,33.67581
2023,7,5,16,37.84544
2023,7,5,17,39.63589
2023,7,5,18,47.78235
2023,7,5,19,58.29037
2023,7,5,20,71.47755
2023,7,5,21,71.64057
2023,7,5,22,64.03072
2023,7,5,23,46.30106
2023,7,5,24,44.34509
2023,7,6,1,40.20691
2023,7,6,2,39.3908
2023,7,6,3,38.78509
2023,7,6,4,37.7551
2023,7,6,5,38.72485
2023,7,6,6,40.82125
2023,7,6,7,38.59161
2023,7,6,8,30.5711
2023,7,6,9,25.75595
2023,7,6,10,23.95873
2023,7,6,11,24.219
2023,7,6,12,22.55149
2023,7,6,13,23.02568
2023,7,6,14,24.318
2023,7,6,15,27.32673
2023,7,6,16,30.24163
2023,7,6,17,31.67545
2023,7,6,18,39.05571
2023,7,6,19,46.94953
2023,7,6,20,60.75675
2023,7,6,21,60.96084
2023,7,6,22,56.00294
2023,7,6,23,45.95566
2023,7,6,24,43.05613
2023,7,7,1,40.90159
2023,7,7,2,38.46255
2023,7,7,3,37.3066
2023,7,7,4,36.66839
2023,7,7,5,37.19564
2023,7,7,6,38.39599
2023,7,7,7,38.01414
2023,7,7,8,29.91326
2023,7,7,9,22.83348
2023,7,7,10,21.26405
2023,7,7,11,21.5456
2023,7,7,12,22.28316
2023,7,7,13,22.53088
2023,7,7,14,23.94025
2023,7,7,15,26.49386
2023,7,7,16,29.46263
2023,7,7,17,28.39786
2023,7,7,18,33.32261
2023,7,7,19,42.74543
2023,7,7,20,53.69321
2023,7,7,21,54.59593
2023,7,7,22,51.51453
2023,7,7,23,43.16154
2023,7,7,24,40.44457
2023,7,8,1,34.23222
2023,7,8,2,33.1063
2023,7,8,3,32.3872
2023,7,8,4,31.6191
2023,7,8,5,31.66906
2023,7,8,6,33.10741
2023,7,8,7,31.65824
2023,7,8,8,22.1809
2023,7,8,9,16.94659
2023,7,8,10,17.95928
2023,7,8,11,17.24433
2023,7,8,12,17.00577
2023,7,8,13,17.97073
2023,7,8,14,19.17506
2023,7,8,15,20.71425
2023,7,8,16,24.69918
2023,7,8,17,24.45366
2023,7,8,18,30.60288
2023,7,8,19,38.92748
2023,7,8,20,50.79752
2023,7,8,21,52.37796
2023,7,8,22,47.76873
2023,7,8,23,38.89793
2023,7,8,24,37.64496
2023,7,9,1,33.63371
2023,7,9,2,33.34239
2023,7,9,3,32.25314
2023,7,9,4,32.148
2023,7,9,5,32.4275
2023,7,9,6,34.39844
2023,7,9,7,31.0408
2023,7,9,8,20.67397
2023,7,9,9,16.25934
2023,7,9,10,16.33839
2023,7,9,11,15.65075
2023,7,9,12,14.87224
2023,7,9,13,15.35317
2023,7,9,14,16.05502
2023,7,9,15,17.88129
2023,7,9,16,22.1136
2023,7,9,17,24.92327
2023,7,9,18,29.01442
2023,7,9,19,39.73136
2023,7,9,20,53.78676
2023,7,9,21,55.70371
2023,7,9,22,50.0246
2023,7,9,23,39.74741
2023,7,9,24,36.43947
2023,7,10,1,36.25221
2023,7,10,2,34.69605
2023,7,10,3,34.51802
2023,7,10,4,34.45014
2023,7,10,5,35.63862
2023,7,10,6,38.45603
2023,7,10,7,39.65534
2023,7,10,8,32.2229
2023,7,10,9,27.09049
2023,7,10,10,26.83223
2023,7,10,11,26.78932
2023,7,10,12,26.99504
2023,7,10,13,28.8525
2023,7,10,14,31.64613
2023,7,10,15,35.19162
2023,7,10,16,38.47494
2023,7,10,17,39.59371
2023,7,10,18,45.0
2023,7,10,19,54.9102
2023,7,10,20,70.18181
2023,7,10,21,68.11346
2023,7,10,22,61.04891
2023,7,10,23,54.92421
2023,7,10,24,46.01537
2023,7,11,1,40.57875
2023,7,11,2,39.39457
2023,7,11,3,38.71838
2023,7,11,4,38.68213
2023,7,11,5,41.04248
2023,7,11,6,44.86442
2023,7,11,7,44.79763
2023,7,11,8,38.20462
2023,7,11,9,34.11038
2023,7,11,10,32.38004
2023,7,11,11,32.1432
2023,7,11,12,31.55739
2023,7,11,13,33.88579
2023,7,11,14,36.5744
2023,7,11,15,42.04621
2023,7,11,16,43.33536
2023,7,11,17,47.74222
2023,7,11,18,53.50726
2023,7,11,19,66.95999
2023,7,11,20,79.60481
2023,7,11,21,77.63241
2023,7,11,22,69.15571
2023,7,11,23,56.6644
2023,7,11,24,48.56108
2023,7,12,1,43.41438
2023,7,12,2,42.20164
2023,7,12,3,41.56114
2023,7,12,4,41.12704
2023,7,12,5,41.11654
2023,7,12,6,44.03524
2023,7,12,7,44.03967
2023,7,12,8,38.66996
2023,7,12,9,34.39992
2023,7,12,10,31.81029
2023,7,12,11,32.2223
2023,7,12,12,32.67399
2023,7,12,13,33.68185
2023,7,12,14,36.60497
2023,7,12,15,41.52844
2023,7,12,16,41.88374
2023,7,12,17,45.64052
2023,7,12,18,53.42596
2023,7,12,19,70.42537
2023,7,12,20,87.04281
2023,7,12,21,80.59278
2023,7,12,22,69.59234
2023,7,12,23,56.8191
2023,7,12,24,49.00199
2023,7,13,1,47.76908
2023,7,13,2,43.47219
2023,7,13,3,43.04657
2023,7,13,4,42.91845
2023,7,13,5,42.81843
2023,7,13,6,44.47522
2023,7,13,7,45.48264
2023,7,13,8,36.19879
2023,7,13,9,31.41691
2023,7,13,10,31.18688
2023,7,13,11,31.66683
2023,7,13,12,32.36676
2023,7,13,13,33.46663
2023,7,13,14,37.45912
2023,7,13,15,40.24789
2023,7,13,16,44.01729
2023,7,13,17,47.01933
2023,7,13,18,55.24771
2023,7,13,19,70.04217
2023,7,13,20,91.50519
2023,7,13,21,79.1884
2023,7,13,22,70.03943
2023,7,13,23,57.249
2023,7,13,24,49.98383
2023,7,14,1,49.35053
2023,7,14,2,46.1732
2023,7,14,3,44.70743
2023,7,14,4,44.00413
2023,7,14,5,44.71853
2023,7,14,6,45.43223
2023,7,14,7,45.56117
2023,7,14,8,38.22696
2023,7,14,9,35.92389
2023,7,14,10,36.01731
2023,7,14,11,38.57863
2023,7,14,12,41.76861
2023,7,14,13,45.57069
2023,7,14,14,52.25111
2023,7,14,15,54.75332
2023,7,14,16,61.61168
2023,7,14,17,67.78526
2023,7,14,18,77.02534
2023,7,14,19,98.07705
2023,7,14,20,139.59978
2023,7,14,21,113.35802
2023,7,14,22,84.02937
2023,7,14,23,68.75938
2023,7,14,24,61.44281
2023,7,15,1,55.18903
2023,7,15,2,52.61428
2023,7,15,3,51.74345
2023,7,15,4,50.66382
2023,7,15,5,51.52149
2023,7,15,6,51.93726
2023,7,15,7,50.83609
2023,7,15,8,39.04159
2023,7,15,9,35.01122
2023,7,15,10,35.03074
2023,7,15,11,38.36616
2023,7,15,12,41.79908
2023,7,15,13,49.40628
2023,7,15,14,52.00208
2023,7,15,15,56.4555
2023,7,15,16,64.89614
2023,7,15,17,75.19405
2023,7,15,18,81.80402
2023,7,15,19,121.39247
2023,7,15,20,199.21754
2023,7,15,21,137.98299
2023,7,15,22,97.29393
2023,7,15,23,78.73418
2023,7,15,24,72.07262
2023,7,16,1,58.32203
2023,7,16,2,54.07296
2023,7,16,3,52.20948
2023,7,16,4,51.11626
2023,7,16,5,52.61659
2023,7,16,6,52.70501
2023,7,16,7,51.27821
2023,7,16,8,42.25911
2023,7,16,9,39.5653
2023,7,16,10,40.39344
2023,7,16,11,42.01236
2023,7,16,12,45.81393
2023,7,16,13,50.94017
2023,7,16,14,53.92241
2023,7,16,15,63.95914
2023,7,16,16,70.59517
2023,7,16,17,77.58901
2023,7,16,18,91.77629
2023,7,16,19,138.96288
2023,7,16,20,216.60373
2023,7,16,21,148.00198
2023,7,16,22,101.31548
2023,7,16,23,77.23064
2023,7,16,24,69.28878
2023,7,17,1,56.78665
2023,7,17,2,50.12698
2023,7,17,3,50.57655
2023,7,17,4,49.85358
2023,7,17,5,50.79117
2023,7,17,6,53.00282
2023,7,17,7,58.94061
2023,7,17,8,48.94781
2023,7,17,9,46.58221
2023,7,17,10,48.85835
2023,7,17,11,49.82873
2023,7,17,12,50.48586
2023,7,17,13,54.70404
2023,7,17,14,61.28621
2023,7,17,15,68.91447
2023,7,17,16,75.12472
2023,7,17,17,82.40728
2023,7,17,18,102.79131
2023,7,17,19,154.53555
2023,7,17,20,244.3777
2023,7,17,21,162.61142
2023,7,17,22,99.50298
2023,7,17,23,79.97108
2023,7,17,24,68.11781
2023,7,18,1,60.80645
2023,7,18,2,58.43814
2023,7,18,3,54.11101
2023,7,18,4,53.46991
2023,7,18,5,53.77556
2023,7,18,6,57.97388
2023,7,18,7,62.0327
2023,7,18,8,50.72287
2023,7,18,9,47.58559
2023,7,18,10,49.19533
2023,7,18,11,49.60651
2023,7,18,12,50.9698
2023,7,18,13,53.17448
2023,7,18,14,58.70361
2023,7,18,15,69.4727
2023,7,18,16,76.10195
2023,7,18,17,79.63367
2023,7,18,18,84.83727
2023,7,18,19,117.21596
2023,7,18,20,180.26723
2023,7,18,21,129.49669
2023,7,18,22,98.85841
2023,7,18,23,84.39366
2023,7,18,24,74.36821
2023,7,19,1,67.76953
2023,7,19,2,59.16158
2023,7,19,3,56.47121
2023,7,19,4,52.47525
2023,7,19,5,53.04484
2023,7,19,6,59.06172
2023,7,19,7,62.18905
2023,7,19,8,51.27923
2023,7,19,9,49.25568
2023,7,19,10,51.10727
2023,7,19,11,51.48789
2023,7,19,12,52.41297
2023,7,19,13,55.92841
2023,7,19,14,62.21379
2023,7,19,15,70.54154
2023,7,19,16,78.69557
2023,7,19,17,80.40096
2023,7,19,18,82.24698
2023,7,19,19,111.16821
2023,7,19,20,166.7009
2023,7,19,21,129.9414
2023,7,19,22,100.38023
2023,7,19,23,81.88604
2023,7,19,24,73.63637
2023,7,20,1,61.73922
2023,7,20,2,57.06505
2023,7,20,3,52.83012
2023,7,20,4,51.9096
2023,7,20,5,52.05794
2023,7,20,6,53.53043
2023,7,20,7,66.13265
2023,7,20,8,51.97788
2023,7,20,9,50.56589
2023,7,20,10,52.66439
2023,7,20,11,53.7687
2023,7,20,12,56.89187
2023,7,20,13,62.88922
2023,7,20,14,70.38295
2023,7,20,15,78.77304
2023,7,20,16,84.95412
2023,7,20,17,88.05971
2023,7,20,18,97.89868
2023,7,20,19,126.41607
2023,7,20,20,204.9332
2023,7,20,21,155.86131
2023,7,20,22,106.44038
2023,7,20,23,82.59434
2023,7,20,24,72.67048
2023,7,21,1,66.41804
2023,7,21,2,58.93979
2023,7,21,3,57.32995
2023,7,21,4,56.93344
2023,7,21,5,56.99799
2023,7,21,6,57.12588
2023,7,21,7,63.14491
2023,7,21,8,56.38406
2023,7,21,9,52.83771
2023,7,21,10,56.43045
2023,7,21,11,57.72243
2023,7,21,12,62.79264
2023,7,21,13,71.39342
2023,7,21,14,77.83741
2023,7,21,15,90.97193
2023,7,21,16,96.42214
2023,7,21,17,106.66
2023,7,21,18,112.10294
2023,7,21,19,150.46812
2023,7,21,20,242.931
2023,7,21,21,159.78323
2023,7,21,22,115.87913
2023,7,21,23,98.24166
2023,7,21,24,85.98221
2023,7,22,1,75.36099
2023,7,22,2,69.46305
2023,7,22,3,61.76794
2023,7,22,4,58.88214
2023,7,22,5,59.31046
2023,7,22,6,61.0998
2023,7,22,7,61.34381
2023,7,22,8,51.78607
2023,7,22,9,49.6158
2023,7,22,10,50.41152
2023,7,22,11,53.89708
2023,7,22,12,57.67368
2023,7,22,13,60.48203
2023,7,22,14,67.73235
2023,7,22,15,78.84392
2023,7,22,16,86.62972
2023,7,22,17,90.46112
2023,7,22,18,104.1905
2023,7,22,19,143.0488
2023,7,22,20,220.39185
2023,7,22,21,150.44159
2023,7,22,22,108.89529
2023,7,22,23,93.83079
2023,7,22,24,85.08934
2023,7,23,1,70.08716
2023,7,23,2,65.22431
2023,7,23,3,59.32902
2023,7,23,4,58.51994
2023,7,23,5,61.36656
2023,7,23,6,59.53019
2023,7,23,7,64.00459
2023,7,23,8,52.88452
2023,7,23,9,49.96882
2023,7,23,10,49.64015
2023,7,23,11,50.36451
2023,7,23,12,52.75775
2023,7,23,13,54.95566
2023,7,23,14,61.08786
2023,7,23,15,70.39663
2023,7,23,16,75.03465
2023,7,23,17,83.91217
2023,7,23,18,94.14756
2023,7,23,19,120.99827
2023,7,23,20,208.21066
2023,7,23,21,134.39543
2023,7,23,22,100.3886
2023,7,23,23,85.74469
2023,7,23,24,72.03761
2023,7,24,1,65.72664
2023,7,24,2,62.19488
2023,7,24,3,57.84814
2023,7,24,4,57.57543
2023,7,24,5,57.50799
2023,7,24,6,61.93292
2023,7,24,7,65.03518
2023,7,24,8,57.15604
2023,7,24,9,55.36225
2023,7,24,10,53.98508
2023,7,24,11,56.34527
2023,7,24,12,58.1049
2023,7,24,13,58.36234
2023,7,24,14,69.55068
2023,7,24,15,79.06563
2023,7,24,16,82.20308
2023,7,24,17,87.79329
2023,7,24,18,102.06679
2023,7,24,19,144.3625
2023,7,24,20,232.86603
2023,7,24,21,156.64795
2023,7,24,22,103.2567
2023,7,24,23,87.86319
2023,7,24,24,80.49289
2023,7,25,1,68.48226
2023,7,25,2,60.91828
2023,7,25,3,58.59577
2023,7,25,4,57.91457
2023,7,25,5,60.24504
2023,7,25,6,61.04255
2023,7,25,7,68.09878
2023,7,25,8,58.02901
2023,7,25,9,56.26147
2023,7,25,10,56.96624
2023,7,25,11,58.31025
2023,7,25,12,59.84193
2023,7,25,13,67.74868
2023,7,25,14,78.10062
2023,7,25,15,86.17603
2023,7,25,16,90.98571
2023,7,25,17,97.38992
2023,7,25,18,107.25319
2023,7,25,19,152.09723
2023,7,25,20,265.68457
2023,7,25,21,181.84348
2023,7,25,22,115.11489
2023,7,25,23,94.94725
2023,7,25,24,87.51236
2023,7,26,1,69.46053
2023,7,26,2,66.93093
2023,7,26,3,57.97768
2023,7,26,4,56.6328
2023,7,26,5,56.58887
2023,7,26,6,58.8309
2023,7,26,7,68.93822
2023,7,26,8,57.22985
2023,7,26,9,52.98387
2023,7,26,10,53.6731
2023,7,26,11,53.97638
2023,7,26,12,57.06167
2023,7,26,13,60.67141
2023,7,26,14,69.01818
2023,7,26,15,78.09616
2023,7,26,16,80.00767
2023,7,26,17,83.27773
2023,7,26,18,96.44598
2023,7,26,19,125.39286
2023,7,26,20,235.71341
2023,7,26,21,138.75845
2023,7,26,22,101.1651
2023,7,26,23,81.18286
2023,7,26,24,75.78428
2023,7,27,1,91.90751
2023,7,27,2,84.47849
2023,7,27,3,76.31201
2023,7,27,4,76.026
2023,7,27,5,75.23378
2023,7,27,6,81.74404
2023,7,27,7,91.13285
2023,7,27,8,72.25018
2023,7,27,9,66.70325
2023,7,27,10,68.69633
2023,7,27,11,72.40761
2023,7,27,12,81.36883
2023,7,27,13,85.28214
2023,7,27,14,94.69879
2023,7,27,15,105.92143
2023,7,27,16,115.8341
2023,7,27,17,117.50572
2023,7,27,18,134.91293
2023,7,27,19,216.0706
2023,7,27,20,336.1017
2023,7,27,21,344.48154
2023,7,27,22,195.21619
2023,7,27,23,121.33572
2023,7,27,24,104.99986
2023,7,28,1,77.057
2023,7,28,2,69.1262
2023,7,28,3,67.57159
2023,7,28,4,64.79552
2023,7,28,5,66.64205
2023,7,28,6,70.91081
2023,7,28,7,82.78942
2023,7,28,8,64.99383
2023,7,28,9,58.2983
2023,7,28,10,58.725
2023,7,28,11,63.90818
2023,7,28,12,63.58141
2023,7,28,13,72.84921
2023,7,28,14,88.15809
2023,7,28,15,100.18257
2023,7,28,16,108.91018
2023,7,28,17,112.41468
2023,7,28,18,139.30286
2023,7,28,19,234.31554
2023,7,28,20,346.3085
2023,7,28,21,267.2793
2023,7,28,22,162.99673
2023,7,28,23,111.49538
2023,7,28,24,94.51996
2023,7,29,1,70.85888
2023,7,29,2,66.20818
2023,7,29,3,62.67546
2023,7,29,4,59.65199
2023,7,29,5,62.70053
2023,7,29,6,62.9774
2023,7,29,7,62.52315
2023,7,29,8,54.82317
2023,7,29,9,49.37396
2023,7,29,10,47.97304
2023,7,29,11,50.33183
2023,7,29,12,54.61225
2023,7,29,13,56.33924
2023,7,29,14,66.16204
2023,7,29,15,78.93663
2023,7,29,16,85.65735
2023,7,29,17,92.54575
2023,7,29,18,105.42839
2023,7,29,19,143.92607
2023,7,29,20,237.59232
2023,7,29,21,167.45038
2023,7,29,22,117.62906
2023,7,29,23,93.23367
2023,7,29,24,81.85749
2023,7,30,1,65.68926
2023,7,30,2,61.28333
2023,7,30,3,56.83007
2023,7,30,4,57.86582
2023,7,30,5,56.6394
2023,7,30,6,55.04005
2023,7,30,7,58.15117
2023,7,30,8,48.08232
2023,7,30,9,41.65365
2023,7,30,10,43.47959
2023,7,30,11,46.07351
2023,7,30,12,54.7221
2023,7,30,13,60.10713
2023,7,30,14,69.13063
2023,7,30,15,78.40991
2023,7,30,16,86.15382
2023,7,30,17,90.61768
2023,7,30,18,99.83208
2023,7,30,19,127.90155
2023,7,30,20,169.9085
2023,7,30,21,130.1486
2023,7,30,22,108.92958
2023,7,30,23,86.26435
2023,7,30,24,73.81197
2023,8,1,1,64.47757
2023,8,1,2,61.83141
2023,8,1,3,60.50163
2023,8,1,4,60.44367
2023,8,1,5,60.41462
2023,8,1,6,62.86327
2023,8,1,7,76.04495
2023,8,1,8,63.08579
2023,8,1,9,59.83585
2023,8,1,10,59.36452
2023,8,1,11,61.07393
2023,8,1,12,61.68981
2023,8,1,13,64.78462
2023,8,1,14,72.07089
2023,8,1,15,75.94777
2023,8,1,16,82.80634
2023,8,1,17,88.65936
2023,8,1,18,94.60216
2023,8,1,19,114.35596
2023,8,1,20,163.29546
2023,8,1,21,128.27448
2023,8,1,22,103.58375
2023,8,1,23,88.01414
2023,8,1,24,76.78752
2023,8,2,1,63.38888
2023,8,2,2,63.09651
2023,8,2,3,59.87164
2023,8,2,4,56.62751
2023,8,2,5,57.96523
2023,8,2,6,62.41796
2023,8,2,7,75.49142
2023,8,2,8,58.96107
2023,8,2,9,52.66177
2023,8,2,10,52.89897
2023,8,2,11,54.51619
2023,8,2,12,56.3465
2023,8,2,13,58.72285
2023,8,2,14,60.88874
2023,8,2,15,68.16374
2023,8,2,16,72.27494
2023,8,2,17,76.85056
2023,8,2,18,88.10131
2023,8,2,19,108.53066
2023,8,2,20,145.79659
2023,8,2,21,113.74996
2023,8,2,22,96.83843
2023,8,2,23,77.89453
2023,8,2,24,68.4779
2023,8,3,1,59.51237
2023,8,3,2,57.25506
2023,8,3,3,54.41398
2023,8,3,4,52.36714
2023,8,3,5,53.12152
2023,8,3,6,57.3933
2023,8,3,7,66.13328
2023,8,3,8,53.67755
2023,8,3,9,49.08591
2023,8,3,10,48.15401
2023,8,3,11,49.27235
2023,8,3,12,49.95806
2023,8,3,13,51.19363
2023,8,3,14,55.114
2023,8,3,15,57.57219
2023,8,3,16,65.74483
2023,8,3,17,71.80552
2023,8,3,18,85.58645
2023,8,3,19,95.02226
2023,8,3,20,116.61277
2023,8,3,21,96.15979
2023,8,3,22,92.7093
2023,8,3,23,73.66986
2023,8,3,24,62.98979
2023,8,4,1,58.09684
2023,8,4,2,55.92832
2023,8,4,3,52.66727
2023,8,4,4,51.47446
2023,8,4,5,51.73661
2023,8,4,6,58.65745
2023,8,4,7,62.58071
2023,8,4,8,48.93419
2023,8,4,9,41.88777
2023,8,4,10,41.45764
2023,8,4,11,41.71192
2023,8,4,12,46.4684
2023,8,4,13,50.83451
2023,8,4,14,55.09663
2023,8,4,15,64.65113
2023,8,4,16,72.10849
2023,8,4,17,73.61745
2023,8,4,18,89.57263
2023,8,4,19,98.98467
2023,8,4,20,114.14521
2023,8,4,21,103.21573
2023,8,4,22,93.73534
2023,8,4,23,78.9937
2023,8,4,24,68.63032
2023,8,5,1,59.38972
2023,8,5,2,58.19167
2023,8,5,3,58.98137
2023,8,5,4,56.02041
2023,8,5,5,57.30887
2023,8,5,6,56.50838
2023,8,5,7,57.54777
2023,8,5,8,46.74839
2023,8,5,9,33.35783
2023,8,5,10,32.20339
2023,8,5,11,34.2905
2023,8,5,12,39.60489
2023,8,5,13,45.74647
2023,8,5,14,54.00173
2023,8,5,15,61.21599
2023,8,5,16,67.47571
2023,8,5,17,70.17687
2023,8,5,18,86.04864
2023,8,5,19,98.58482
2023,8,5,20,131.15869
2023,8,5,21,102.35303
2023,8,5,22,92.16941
2023,8,5,23,76.24776
2023,8,5,24,64.7458
2023,8,6,1,62.83856
2023,8,6,2,58.35666
2023,8,6,3,59.5847
2023,8,6,4,55.53312
2023,8,6,5,56.06452
2023,8,6,6,54.98019
2023,8,6,7,52.42975
2023,8,6,8,43.05412
2023,8,6,9,33.69725
2023,8,6,10,33.91092
2023,8,6,11,37.93103
2023,8,6,12,43.42591
2023,8,6,13,49.21716
2023,8,6,14,57.0615
2023,8,6,15,69.20341
2023,8,6,16,76.1978
2023,8,6,17,87.35924
2023,8,6,18,100.91294
2023,8,6,19,119.9872
2023,8,6,20,153.44604
2023,8,6,21,131.26965
2023,8,6,22,105.86899
2023,8,6,23,85.82444
2023,8,6,24,70.64432
2023,8,7,1,70.85967
2023,8,7,2,66.64583
2023,8,7,3,60.88959
2023,8,7,4,59.84987
2023,8,7,5,60.28786
2023,8,7,6,68.21296
2023,8,7,7,72.15755
2023,8,7,8,59.02699
2023,8,7,9,51.81721
2023,8,7,10,52.18662
2023,8,7,11,54.99376
2023,8,7,12,56.8738
2023,8,7,13,63.36949
2023,8,7,14,81.58432
2023,8,7,15,89.55809
2023,8,7,16,99.69557
2023,8,7,17,104.76097
2023,8,7,18,115.48109
2023,8,7,19,158.46983
2023,8,7,20,209.77867
2023,8,7,21,145.91351
2023,8,7,22,111.93446
2023,8,7,23,92.08145
2023,8,7,24,84.29362
2023,8,8,1,61.16831
2023,8,8,2,61.47762
2023,8,8,3,56.3099
2023,8,8,4,54.9147
2023,8,8,5,56.25255
2023,8,8,6,60.72306
2023,8,8,7,63.70622
2023,8,8,8,54.14619
2023,8,8,9,41.87913
2023,8,8,10,40.8338
2023,8,8,11,43.11803
2023,8,8,12,44.81775
2023,8,8,13,48.21576
2023,8,8,14,54.79481
2023,8,8,15,60.79629
2023,8,8,16,68.67334
2023,8,8,17,70.30568
2023,8,8,18,84.39741
2023,8,8,19,90.45894
2023,8,8,20,113.23958
2023,8,8,21,94.02145
2023,8,8,22,85.78654
2023,8,8,23,71.12126
2023,8,8,24,65.12541
2023,8,9,1,55.35203
2023,8,9,2,52.55761
2023,8,9,3,51.56604
2023,8,9,4,49.67301
2023,8,9,5,50.82476
2023,8,9,6,55.16194
2023,8,9,7,59.03212
2023,8,9,8,51.71166
2023,8,9,9,45.20858
2023,8,9,10,42.08337
2023,8,9,11,41.2145
2023,8,9,12,41.70958
2023,8,9,13,42.52754
2023,8,9,14,46.48533
2023,8,9,15,50.57551
2023,8,9,16,54.23543
2023,8,9,17,56.4433
2023,8,9,18,67.72598
2023,8,9,19,75.45942
2023,8,9,20,88.60334
2023,8,9,21,76.36394
2023,8,9,22,71.88834
2023,8,9,23,63.0862
2023,8,9,24,56.95351
2023,8,10,1,53.57217
2023,8,10,2,51.41393
2023,8,10,3,50.68156
2023,8,10,4,49.8572
2023,8,10,5,51.32735
2023,8,10,6,53.31304
2023,8,10,7,56.47977
2023,8,10,8,51.73901
2023,8,10,9,45.66419
2023,8,10,10,44.39362
2023,8,10,11,43.92012
2023,8,10,12,45.09304
2023,8,10,13,45.05228
2023,8,10,14,48.90773
2023,8,10,15,52.36488
2023,8,10,16,53.56153
2023,8,10,17,56.41697
2023,8,10,18,68.49769
2023,8,10,19,74.99479
2023,8,10,20,86.80535
2023,8,10,21,74.40191
2023,8,10,22,68.63561
2023,8,10,23,59.73275
2023,8,10,24,55.30519
2023,8,11,1,52.91761
2023,8,11,2,51.19411
2023,8,11,3,51.09384
2023,8,11,4,50.87551
2023,8,11,5,51.42192
2023,8,11,6,54.45626
2023,8,11,7,58.48293
2023,8,11,8,51.35154
2023,8,11,9,44.77514
2023,8,11,10,41.38
2023,8,11,11,41.60684
2023,8,11,12,42.325
2023,8,11,13,41.86
2023,8,11,14,43.13991
2023,8,11,15,48.44103
2023,8,11,16,51.23028
2023,8,11,17,52.76966
2023,8,11,18,62.3717
2023,8,11,19,70.15681
2023,8,11,20,77.68747
2023,8,11,21,70.43908
2023,8,11,22,70.05689
2023,8,11,23,58.8649
2023,8,11,24,56.02192
2023,8,12,1,50.91695
2023,8,12,2,50.89313
2023,8,12,3,48.82377
2023,8,12,4,48.22345
2023,8,12,5,49.65311
2023,8,12,6,50.40937
2023,8,12,7,50.61753
2023,8,12,8,41.91554
2023,8,12,9,32.53071
2023,8,12,10,31.51731
2023,8,12,11,30.60104
2023,8,12,12,32.49155
2023,8,12,13,35.13096
2023,8,12,14,41.95983
2023,8,12,15,46.0491
2023,8,12,16,51.05624
2023,8,12,17,54.02092
2023,8,12,18,63.31351
2023,8,12,19,73.91607
2023,8,12,20,88.20513
2023,8,12,21,74.34529
2023,8,12,22,69.86085
2023,8,12,23,57.3591
2023,8,12,24,53.9181
2023,8,13,1,53.03677
2023,8,13,2,51.31363
2023,8,13,3,50.89621
2023,8,13,4,50.58681
2023,8,13,5,50.41209
2023,8,13,6,50.53901
2023,8,13,7,50.27377
2023,8,13,8,44.43374
2023,8,13,9,34.43969
2023,8,13,10,33.03579
2023,8,13,11,33.3204
2023,8,13,12,35.82077
2023,8,13,13,40.09024
2023,8,13,14,48.30342
2023,8,13,15,55.15153
2023,8,13,16,57.98433
2023,8,13,17,65.93143
2023,8,13,18,79.87476
2023,8,13,19,96.78715
2023,8,13,20,125.15249
2023,8,13,21,92.70917
2023,8,13,22,78.97678
2023,8,13,23,71.52006
2023,8,13,24,59.30041
2023,8,14,1,56.89311
2023,8,14,2,54.96536
2023,8,14,3,54.10987
2023,8,14,4,54.03863
2023,8,14,5,54.2688
2023,8,14,6,57.24795
2023,8,14,7,70.33967
2023,8,14,8,55.28861
2023,8,14,9,49.82683
2023,8,14,10,46.20534
2023,8,14,11,48.67434
2023,8,14,12,51.11743
2023,8,14,13,56.34041
2023,8,14,14,68.55138
2023,8,14,15,77.7097
2023,8,14,16,95.51364
2023,8,14,17,110.36
2023,8,14,18,147.82
2023,8,14,19,259.0405
2023,8,14,20,356.92432
2023,8,14,21,199.63066
2023,8,14,22,138.774
2023,8,14,23,82.86129
2023,8,14,24,76.20907
2023,8,15,1,80.23
2023,8,15,2,74.26968
2023,8,15,3,68.83171
2023,8,15,4,68.07888
2023,8,15,5,68.53232
2023,8,15,6,71.05723
2023,8,15,7,89.13022
2023,8,15,8,71.52213
2023,8,15,9,65.36381
2023,8,15,10,64.33368
2023,8,15,11,65.56284
2023,8,15,12,70.66428
2023,8,15,13,86.49458
2023,8,15,14,101.89092
2023,8,15,15,127.09142
2023,8,15,16,151.16052
2023,8,15,17,219.89635
2023,8,15,18,392.35318
2023,8,15,19,717.5597
2023,8,15,20,947.3474
2023,8,15,21,466.0174
2023,8,15,22,206.44324
2023,8,15,23,107.46387
2023,8,15,24,92.59315
2023,8,16,1,79.19749
2023,8,16,2,73.9996
2023,8,16,3,68.76383
2023,8,16,4,68.55368
2023,8,16,5,68.28351
2023,8,16,6,74.88566
2023,8,16,7,88.77
2023,8,16,8,73.27268
2023,8,16,9,68.40721
2023,8,16,10,68.52012
2023,8,16,11,67.6
2023,8,16,12,75.99
2023,8,16,13,89.73459
2023,8,16,14,105.58778
2023,8,16,15,138.02966
2023,8,16,16,236.5558
2023,8,16,17,343.1899
2023,8,16,18,702.46735
2023,8,16,19,1160.9689
2023,8,16,20,1215.3899
2023,8,16,21,667.9709
2023,8,16,22,292.78308
2023,8,16,23,108.83931
2023,8,16,24,99.79779
2023,8,17,1,73.11426
2023,8,17,2,71.53745
2023,8,17,3,65.25778
2023,8,17,4,64.68011
2023,8,17,5,64.73287
2023,8,17,6,74.63739
2023,8,17,7,77.54557
2023,8,17,8,63.60219
2023,8,17,9,53.56166
2023,8,17,10,52.90551
2023,8,17,11,57.23493
2023,8,17,12,63.19305
2023,8,17,13,65.26451
2023,8,17,14,69.30637
2023,8,17,15,82.02742
2023,8,17,16,90.39473
2023,8,17,17,102.24133
2023,8,17,18,121.20626
2023,8,17,19,204.22037
2023,8,17,20,277.6755
2023,8,17,21,139.81233
2023,8,17,22,106.82738
2023,8,17,23,84.62657
2023,8,17,24,74.58405
2023,8,18,1,57.17553
2023,8,18,2,54.22607
2023,8,18,3,53.09027
2023,8,18,4,50.40775
2023,8,18,5,50.37501
2023,8,18,6,57.26899
2023,8,18,7,56.8484
2023,8,18,8,49.58159
2023,8,18,9,42.72573
2023,8,18,10,37.77609
2023,8,18,11,36.15311
2023,8,18,12,38.98998
2023,8,18,13,42.46422
2023,8,18,14,47.7815
2023,8,18,15,52.72545
2023,8,18,16,56.95617
2023,8,18,17,61.47953
2023,8,18,18,68.46275
2023,8,18,19,89.13238
2023,8,18,20,107.58639
2023,8,18,21,85.04368
2023,8,18,22,73.84869
2023,8,18,23,64.26498
2023,8,18,24,62.12139
2023,8,19,1,52.87542
2023,8,19,2,51.68436
2023,8,19,3,49.15341
2023,8,19,4,47.40954
2023,8,19,5,45.86458
2023,8,19,6,51.81682
2023,8,19,7,50.1924
2023,8,19,8,42.69927
2023,8,19,9,38.47972
2023,8,19,10,38.08554
2023,8,19,11,38.00466
2023,8,19,12,37.90559
2023,8,19,13,40.89306
2023,8,19,14,43.97702
2023,8,19,15,50.8979
2023,8,19,16,55.53592
2023,8,19,17,59.47211
2023,8,19,18,65.83327
2023,8,19,19,74.64962
2023,8,19,20,75.79987
2023,8,19,21,67.08836
2023,8,19,22,64.09572
2023,8,19,23,60.77696
2023,8,19,24,52.31767
2023,8,20,1,50.1626
2023,8,20,2,48.84914
2023,8,20,3,45.90733
2023,8,20,4,45.82915
2023,8,20,5,45.62472
2023,8,20,6,46.07767
2023,8,20,7,48.17884
2023,8,20,8,45.82532
2023,8,20,9,45.85143
2023,8,20,10,47.52753
2023,8,20,11,46.30409
2023,8,20,12,45.71195
2023,8,20,13,46.52396
2023,8,20,14,50.37649
2023,8,20,15,53.71892
2023,8,20,16,57.35845
2023,8,20,17,61.06149
2023,8,20,18,64.15174
2023,8,20,19,66.87021
2023,8,20,20,66.73224
2023,8,20,21,63.93801
2023,8,20,22,62.4876
2023,8,20,23,53.99682
2023,8,20,24,51.29045
2023,8,21,1,51.21551
2023,8,21,2,48.89025
2023,8,21,3,48.23091
2023,8,21,4,47.57709
2023,8,21,5,47.68719
2023,8,21,6,54.6231
2023,8,21,7,63.30366
2023,8,21,8,56.37365
2023,8,21,9,52.06983
2023,8,21,10,50.3923
2023,8,21,11,47.30138
2023,8,21,12,44.18236
2023,8,21,13,42.79601
2023,8,21,14,42.63177
2023,8,21,15,44.9057
2023,8,21,16,48.6189
2023,8,21,17,52.72037
2023,8,21,18,58.87968
2023,8,21,19,65.79509
2023,8,21,20,71.15925
2023,8,21,21,66.7124
2023,8,21,22,65.66514
2023,8,21,23,57.94144
2023,8,21,24,53.04638
2023,8,22,1,44.92646
2023,8,22,2,45.3468
2023,8,22,3,44.66504
2023,8,22,4,43.60012
2023,8,22,5,44.30714
2023,8,22,6,49.33529
2023,8,22,7,58.19125
2023,8,22,8,46.19077
2023,8,22,9,41.93968
2023,8,22,10,37.22719
2023,8,22,11,34.36423
2023,8,22,12,32.95547
2023,8,22,13,33.1749
2023,8,22,14,36.03258
2023,8,22,15,41.32687
2023,8,22,16,45.76273
2023,8,22,17,47.64685
2023,8,22,18,55.83311
2023,8,22,19,67.75774
2023,8,22,20,81.26673
2023,8,22,21,66.31163
2023,8,22,22,62.30533
2023,8,22,23,55.54158
2023,8,22,24,51.14541
2023,8,23,1,46.80737
2023,8,23,2,44.92425
2023,8,23,3,43.37955
2023,8,23,4,42.99019
2023,8,23,5,43.20462
2023,8,23,6,47.17567
2023,8,23,7,54.2982
2023,8,23,8,43.13947
2023,8,23,9,35.89063
2023,8,23,10,31.58172
2023,8,23,11,30.55866
2023,8,23,12,31.24808
2023,8,23,13,32.34388
2023,8,23,14,34.92425
2023,8,23,15,40.66299
2023,8,23,16,45.83296
2023,8,23,17,47.56872
2023,8,23,18,56.32586
2023,8,23,19,65.22019
2023,8,23,20,89.89682
2023,8,23,21,65.34449
2023,8,23,22,62.24303
2023,8,23,23,54.92205
2023,8,23,24,49.56787
2023,8,24,1,46.09239
2023,8,24,2,44.73923
2023,8,24,3,43.51498
2023,8,24,4,42.36834
2023,8,24,5,42.31229
2023,8,24,6,46.99454
2023,8,24,7,52.10832
2023,8,24,8,42.56
2023,8,24,9,36.60674
2023,8,24,10,32.18032
2023,8,24,11,31.23185
2023,8,24,12,31.96612
2023,8,24,13,32.48995
2023,8,24,14,34.65682
2023,8,24,15,36.96719
2023,8,24,16,42.44707
2023,8,24,17,43.70783
2023,8,24,18,53.72314
2023,8,24,19,63.77215
2023,8,24,20,85.05033
2023,8,24,21,63.54394
2023,8,24,22,58.31487
2023,8,24,23,48.77236
2023,8,24,24,47.85018
2023,8,25,1,53.34954
2023,8,25,2,50.57192
2023,8,25,3,46.45971
2023,8,25,4,43.58364
2023,8,25,5,43.80814
2023,8,25,6,50.50953
2023,8,25,7,59.26262
2023,8,25,8,47.45229
2023,8,25,9,36.88697
2023,8,25,10,34.34276
2023,8,25,11,32.91662
2023,8,25,12,34.0153
2023,8,25,13,37.38917
2023,8,25,14,39.66368
2023,8,25,15,43.00617
2023,8,25,16,51.41586
2023,8,25,17,52.04472
2023,8,25,18,65.87846
2023,8,25,19,75.07114
2023,8,25,20,90.51985
2023,8,25,21,71.94288
2023,8,25,22,70.1607
2023,8,25,23,57.81374
2023,8,25,24,51.28545
2023,8,26,1,52.51699
2023,8,26,2,50.39336
2023,8,26,3,48.83885
2023,8,26,4,46.81896
2023,8,26,5,45.55109
2023,8,26,6,49.33482
2023,8,26,7,49.14682
2023,8,26,8,39.89093
2023,8,26,9,28.49359
2023,8,26,10,25.93462
2023,8,26,11,24.86182
2023,8,26,12,25.45481
2023,8,26,13,33.12091
2023,8,26,14,36.43414
2023,8,26,15,43.69694
2023,8,26,16,46.21492
2023,8,26,17,49.16961
2023,8,26,18,60.13228
2023,8,26,19,73.04491
2023,8,26,20,88.98175
2023,8,26,21,67.54194
2023,8,26,22,66.26607
2023,8,26,23,56.16908
2023,8,26,24,55.56718
2023,8,27,1,56.01727
2023,8,27,2,53.46586
2023,8,27,3,51.07108
2023,8,27,4,47.64024
2023,8,27,5,46.6625
2023,8,27,6,49.30938
2023,8,27,7,52.90243
2023,8,27,8,40.3592
2023,8,27,9,28.16848
2023,8,27,10,23.36693
2023,8,27,11,23.97041
2023,8,27,12,26.51369
2023,8,27,13,32.14349
2023,8,27,14,36.03446
2023,8,27,15,46.03859
2023,8,27,16,50.72502
2023,8,27,17,51.02599
2023,8,27,18,68.4669
2023,8,27,19,82.53478
2023,8,27,20,109.29222
2023,8,27,21,78.84138
2023,8,27,22,74.89396
2023,8,27,23,62.923
2023,8,27,24,57.39559
2023,8,28,1,62.5382
2023,8,28,2,56.50005
2023,8,28,3,53.32708
2023,8,28,4,51.44382
2023,8,28,5,53.91798
2023,8,28,6,62.19664
2023,8,28,7,76.28228
2023,8,28,8,55.27511
2023,8,28,9,44.56765
2023,8,28,10,44.34395
2023,8,28,11,46.56261
2023,8,28,12,55.10694
2023,8,28,13,62.61394
2023,8,28,14,68.5563
2023,8,28,15,81.30494
2023,8,28,16,87.41776
2023,8,28,17,101.81632
2023,8,28,18,177.945
2023,8,28,19,327.28644
2023,8,28,20,327.40686
2023,8,28,21,170.27261
2023,8,28,22,103.18358
2023,8,28,23,73.27567
2023,8,28,24,66.93452
2023,8,29,1,62.96438
2023,8,29,2,59.69291
2023,8,29,3,57.77373
2023,8,29,4,56.02191
2023,8,29,5,55.37011
2023,8,29,6,61.00876
2023,8,29,7,69.09169
2023,8,29,8,52.7237
2023,8,29,9,41.53572
2023,8,29,10,41.93175
2023,8,29,11,45.96857
2023,8,29,12,51.01252
2023,8,29,13,58.82283
2023,8,29,14,73.06546
2023,8,29,15,88.04742
2023,8,29,16,97.20222
2023,8,29,17,101.84011
2023,8,29,18,128.40004
2023,8,29,19,225.27533
2023,8,29,20,259.53958
2023,8,29,21,141.45187
2023,8,29,22,110.48554
2023,8,29,23,82.65934
2023,8,29,24,77.70353
2023,8,30,1,55.08043
2023,8,30,2,50.41369
2023,8,30,3,49.82035
2023,8,30,4,47.37337
2023,8,30,5,47.89352
2023,8,30,6,56.30485
2023,8,30,7,63.05104
2023,8,30,8,49.74598
2023,8,30,9,39.36967
2023,8,30,10,35.98082
2023,8,30,11,37.95834
2023,8,30,12,42.58727
2023,8,30,13,46.38077
2023,8,30,14,54.60001
2023,8,30,15,63.87838
2023,8,30,16,79.0615
2023,8,30,17,82.33138
2023,8,30,18,100.48157
2023,8,30,19,213.3383
2023,8,30,20,217.35472
2023,8,30,21,102.41679
2023,8,30,22,93.68575
2023,8,30,23,74.47051
2023,8,30,24,64.01819
2023,9,1,1,43.27776
2023,9,1,2,40.44861
2023,9,1,3,39.83323
2023,9,1,4,37.8915
2023,9,1,5,38.15964
2023,9,1,6,44.44877
2023,9,1,7,43.96649
2023,9,1,8,39.08577
2023,9,1,9,32.08798
2023,9,1,10,29.99793
2023,9,1,11,28.28313
2023,9,1,12,28.71611
2023,9,1,13,29.30817
2023,9,1,14,31.46316
2023,9,1,15,33.76385
2023,9,1,16,38.22992
2023,9,1,17,37.85366
2023,9,1,18,49.61089
2023,9,1,19,53.96428
2023,9,1,20,57.94806
2023,9,1,21,53.89319
2023,9,1,22,53.29378
2023,9,1,23,48.82003
2023,9,1,24,44.91323
2023,9,2,1,41.63365
2023,9,2,2,42.10853
2023,9,2,3,40.91468
2023,9,2,4,39.85016
2023,9,2,5,39.67817
2023,9,2,6,43.54548
2023,9,2,7,42.55641
2023,9,2,8,37.20546
2023,9,2,9,31.61579
2023,9,2,10,28.06042
2023,9,2,11,27.03107
2023,9,2,12,26.56016
2023,9,2,13,26.18875
2023,9,2,14,25.87577
2023,9,2,15,27.48611
2023,9,2,16,31.59723
2023,9,2,17,34.17284
2023,9,2,18,43.88021
2023,9,2,19,52.43521
2023,9,2,20,55.89864
2023,9,2,21,50.18573
2023,9,2,22,46.96954
2023,9,2,23,45.54332
2023,9,2,24,42.21161
2023,9,3,1,38.33041
2023,9,3,2,38.2948
2023,9,3,3,36.78725
2023,9,3,4,34.93225
2023,9,3,5,34.41213
2023,9,3,6,34.85494
2023,9,3,7,36.94056
2023,9,3,8,30.72626
2023,9,3,9,21.29854
2023,9,3,10,18.26969
2023,9,3,11,16.74969
2023,9,3,12,15.15466
2023,9,3,13,13.64008
2023,9,3,14,13.41499
2023,9,3,15,13.37248
2023,9,3,16,14.83811
2023,9,3,17,17.46003
2023,9,3,18,30.73166
2023,9,3,19,44.45929
2023,9,3,20,50.01128
2023,9,3,21,47.75042
2023,9,3,22,44.09291
2023,9,3,23,38.39392
2023,9,3,24,37.27694
2023,9,4,1,35.4015
2023,9,4,2,32.91861
2023,9,4,3,32.27211
2023,9,4,4,31.97216
2023,9,4,5,32.90204
2023,9,4,6,35.75442
2023,9,4,7,35.93766
2023,9,4,8,23.62363
2023,9,4,9,9.34556
2023,9,4,10,7.75267
2023,9,4,11,7.12929
2023,9,4,12,7.68259
2023,9,4,13,7.72221
2023,9,4,14,7.77835
2023,9,4,15,9.87063
2023,9,4,16,15.65611
2023,9,4,17,17.88711
2023,9,4,18,32.41358
2023,9,4,19,48.23604
2023,9,4,20,53.151
2023,9,4,21,48.11476
2023,9,4,22,47.88067
2023,9,4,23,45.68517
2023,9,4,24,40.23279
2023,9,5,1,40.00671
2023,9,5,2,38.9213
2023,9,5,3,38.60892
2023,9,5,4,38.61476
2023,9,5,5,39.83938
2023,9,5,6,46.29306
2023,9,5,7,45.6259
2023,9,5,8,35.7014
2023,9,5,9,19.60223
2023,9,5,10,16.20217
2023,9,5,11,15.23429
2023,9,5,12,14.19037
2023,9,5,13,15.89613
2023,9,5,14,17.29396
2023,9,5,15,23.48253
2023,9,5,16,31.66578
2023,9,5,17,35.27002
2023,9,5,18,45.64637
2023,9,5,19,55.61979
2023,9,5,20,64.06078
2023,9,5,21,52.71772
2023,9,5,22,50.13819
2023,9,5,23,48.43474
2023,9,5,24,42.22177
2023,9,6,1,42.0713
2023,9,6,2,41.09505
2023,9,6,3,38.22016
2023,9,6,4,37.69983
2023,9,6,5,37.96173
2023,9,6,6,43.83219
2023,9,6,7,51.43228
2023,9,6,8,38.60096
2023,9,6,9,27.25611
2023,9,6,10,22.17166
2023,9,6,11,20.9513
2023,9,6,12,19.81601
2023,9,6,13,21.91595
2023,9,6,14,24.17667
2023,9,6,15,30.01298
2023,9,6,16,36.15405
2023,9,6,17,36.87205
2023,9,6,18,50.81016
2023,9,6,19,59.88676
2023,9,6,20,67.6062
2023,9,6,21,55.56236
2023,9,6,22,50.88922
2023,9,6,23,48.99812
2023,9,6,24,43.15124
2023,9,7,1,45.63435
2023,9,7,2,42.31721
2023,9,7,3,39.93212
2023,9,7,4,39.68753
2023,9,7,5,39.94411
2023,9,7,6,45.73279
2023,9,7,7,55.27843
2023,9,7,8,41.4176
2023,9,7,9,29.49287
2023,9,7,10,28.43778
2023,9,7,11,27.38411
2023,9,7,12,27.598
2023,9,7,13,29.26847
2023,9,7,14,32.43045
2023,9,7,15,36.98708
2023,9,7,16,40.09096
2023,9,7,17,41.05736
2023,9,7,18,57.47991
2023,9,7,19,66.27092
2023,9,7,20,73.82792
2023,9,7,21,61.99478
2023,9,7,22,59.58529
2023,9,7,23,55.95997
2023,9,7,24,46.72576
2023,9,8,1,47.70318
2023,9,8,2,44.88953
2023,9,8,3,42.03785
2023,9,8,4,41.76194
2023,9,8,5,42.24719
2023,9,8,6,45.65927
2023,9,8,7,58.78123
2023,9,8,8,46.50682
2023,9,8,9,35.28826
2023,9,8,10,31.53258
2023,9,8,11,32.35687
2023,9,8,12,33.92893
2023,9,8,13,37.40276
2023,9,8,14,41.65008
2023,9,8,15,46.36792
2023,9,8,16,49.35381
2023,9,8,17,55.49251
2023,9,8,18,68.57415
2023,9,8,19,85.52391
2023,9,8,20,91.95253
2023,9,8,21,70.76559
2023,9,8,22,67.57155
2023,9,8,23,58.11401
2023,9,8,24,50.24695
2023,9,9,1,47.99555
2023,9,9,2,44.05286
2023,9,9,3,42.95881
2023,9,9,4,41.55831
2023,9,9,5,41.54247
2023,9,9,6,43.54698
2023,9,9,7,48.77578
2023,9,9,8,37.98814
2023,9,9,9,26.74374
2023,9,9,10,27.36872
2023,9,9,11,30.44351
2023,9,9,12,33.13115
2023,9,9,13,36.08714
2023,9,9,14,41.06289
2023,9,9,15,46.60035
2023,9,9,16,47.35318
2023,9,9,17,52.6519
2023,9,9,18,62.77513
2023,9,9,19,90.7057
2023,9,9,20,101.70418
2023,9,9,21,65.14742
2023,9,9,22,61.19349
2023,9,9,23,50.4965
2023,9,9,24,49.96887
2023,9,10,1,48.35513
2023,9,10,2,47.34903
2023,9,10,3,45.93267
2023,9,10,4,45.07012
2023,9,10,5,43.48299
2023,9,10,6,46.4315
2023,9,10,7,48.89132
2023,9,10,8,42.94313
2023,9,10,9,38.88096
2023,9,10,10,39.70528
2023,9,10,11,39.00158
2023,9,10,12,41.51381
2023,9,10,13,42.50206
2023,9,10,14,44.43873
2023,9,10,15,51.08476
2023,9,10,16,57.56541
2023,9,10,17,66.14338
2023,9,10,18,69.2456
2023,9,10,19,95.4605
2023,9,10,20,94.69026
2023,9,10,21,70.26119
2023,9,10,22,65.92103
2023,9,10,23,61.21475
2023,9,10,24,50.9014
2023,9,11,1,47.95054
2023,9,11,2,44.29216
2023,9,11,3,43.59554
2023,9,11,4,43.51744
2023,9,11,5,43.93161
2023,9,11,6,49.50074
2023,9,11,7,62.72633
2023,9,11,8,49.6854
2023,9,11,9,40.33208
2023,9,11,10,41.39501
2023,9,11,11,41.35509
2023,9,11,12,44.20186
2023,9,11,13,49.03299
2023,9,11,14,54.75361
2023,9,11,15,59.57771
2023,9,11,16,70.29817
2023,9,11,17,72.28453
2023,9,11,18,83.35353
2023,9,11,19,108.39506
2023,9,11,20,103.95218
2023,9,11,21,81.27473
2023,9,11,22,75.91064
2023,9,11,23,60.71924
2023,9,11,24,51.49132
2023,9,12,1,49.19023
2023,9,12,2,48.69636
2023,9,12,3,44.47042
2023,9,12,4,44.37852
2023,9,12,5,44.70878
2023,9,12,6,48.13226
2023,9,12,7,54.40743
2023,9,12,8,48.79986
2023,9,12,9,40.07691
2023,9,12,10,34.58973
2023,9,12,11,33.98809
2023,9,12,12,35.74225
2023,9,12,13,36.368
2023,9,12,14,37.19031
2023,9,12,15,40.02554
2023,9,12,16,45.54121
2023,9,12,17,45.19905
2023,9,12,18,54.73788
2023,9,12,19,78.08048
2023,9,12,20,82.99115
2023,9,12,21,69.11184
2023,9,12,22,58.99705
2023,9,12,23,51.1509
2023,9,12,24,50.10427
2023,9,13,1,43.35047
2023,9,13,2,43.38007
2023,9,13,3,42.90513
2023,9,13,4,42.54561
2023,9,13,5,43.18558
2023,9,13,6,47.63647
2023,9,13,7,50.44321
2023,9,13,8,43.57649
2023,9,13,9,29.50154
2023,9,13,10,27.17737
2023,9,13,11,24.86588
2023,9,13,12,24.86611
2023,9,13,13,27.00945
2023,9,13,14,29.49128
2023,9,13,15,34.63189
2023,9,13,16,38.78717
2023,9,13,17,42.66873
2023,9,13,18,54.28665
2023,9,13,19,73.01637
2023,9,13,20,76.19408
2023,9,13,21,63.12347
2023,9,13,22,57.16286
2023,9,13,23,53.84381
2023,9,13,24,51.82915
2023,9,14,1,48.44263
2023,9,14,2,46.74969
2023,9,14,3,45.9872
2023,9,14,4,46.08801
2023,9,14,5,47.43642
2023,9,14,6,52.04256
2023,9,14,7,56.16649
2023,9,14,8,46.24975
2023,9,14,9,32.17657
2023,9,14,10,28.99653
2023,9,14,11,28.22597
2023,9,14,12,27.63143
2023,9,14,13,29.18986
2023,9,14,14,32.1211
2023,9,14,15,37.49872
2023,9,14,16,44.67212
2023,9,14,17,47.99577
2023,9,14,18,69.70789
2023,9,14,19,82.98371
2023,9,14,20,84.31633
2023,9,14,21,72.55676
2023,9,14,22,69.80789
2023,9,14,23,62.04996
2023,9,14,24,52.07107
2023,9,15,1,49.73795
2023,9,15,2,49.25548
2023,9,15,3,48.227
2023,9,15,4,47.20935
2023,9,15,5,48.72624
2023,9,15,6,52.53404
2023,9,15,7,61.01384
2023,9,15,8,48.12338
2023,9,15,9,36.84904
2023,9,15,10,33.71282
2023,9,15,11,32.87
2023,9,15,12,32.21439
2023,9,15,13,33.50658
2023,9,15,14,37.16359
2023,9,15,15,42.31141
2023,9,15,16,48.70108
2023,9,15,17,53.42042
2023,9,15,18,72.85434
2023,9,15,19,85.9804
2023,9,15,20,85.51821
2023,9,15,21,75.9274
2023,9,15,22,73.0799
2023,9,15,23,59.01613
2023,9,15,24,53.24755
2023,9,16,1,50.31962
2023,9,16,2,48.25355
2023,9,16,3,47.64185
2023,9,16,4,47.33374
2023,9,16,5,46.53734
2023,9,16,6,47.8701
2023,9,16,7,47.70297
2023,9,16,8,42.90665
2023,9,16,9,31.3446
2023,9,16,10,28.0997
2023,9,16,11,26.05706
2023,9,16,12,26.72191
2023,9,16,13,27.87637
2023,9,16,14,28.056
2023,9,16,15,31.70078
2023,9,16,16,38.44449
2023,9,16,17,42.33361
2023,9,16,18,57.49436
2023,9,16,19,67.93689
2023,9,16,20,70.92199
2023,9,16,21,63.15638
2023,9,16,22,57.18118
2023,9,16,23,48.90794
2023,9,16,24,47.73148
2023,9,17,1,44.85124
2023,9,17,2,44.909
2023,9,17,3,44.3787
2023,9,17,4,43.25385
2023,9,17,5,43.31488
2023,9,17,6,43.75561
2023,9,17,7,45.17635
2023,9,17,8,37.5635
2023,9,17,9,21.22092
2023,9,17,10,18.38996
2023,9,17,11,16.57039
2023,9,17,12,17.37982
2023,9,17,13,17.47067
2023,9,17,14,18.25446
2023,9,17,15,21.13718
2023,9,17,16,29.58739
2023,9,17,17,34.00582
2023,9,17,18,47.80522
2023,9,17,19,64.7586
2023,9,17,20,64.71847
2023,9,17,21,58.61027
2023,9,17,22,47.89517
2023,9,17,23,47.36896
2023,9,17,24,45.47353
2023,9,18,1,44.13316
2023,9,18,2,42.53478
2023,9,18,3,42.71333
2023,9,18,4,41.48947
2023,9,18,5,44.06456
2023,9,18,6,46.25657
2023,9,18,7,46.90966
2023,9,18,8,41.14918
2023,9,18,9,26.87141
2023,9,18,10,22.02238
2023,9,18,11,18.92576
2023,9,18,12,18.43564
2023,9,18,13,18.07139
2023,9,18,14,18.33187
2023,9,18,15,20.19205
2023,9,18,16,24.33856
2023,9,18,17,27.54331
2023,9,18,18,44.65
2023,9,18,19,62.88
2023,9,18,20,68.47475
2023,9,18,21,57.62225
2023,9,18,22,48.1436
2023,9,18,23,48.24491
2023,9,18,24,45.95216
2023,9,19,1,40.86534
2023,9,19,2,41.54981
2023,9,19,3,40.07293
2023,9,19,4,39.81008
2023,9,19,5,40.9249
2023,9,19,6,45.80696
2023,9,19,7,50.01268
2023,9,19,8,40.69274
2023,9,19,9,26.5723
2023,9,19,10,22.49706
2023,9,19,11,22.07493
2023,9,19,12,21.8483
2023,9,19,13,21.7362
2023,9,19,14,22.60621
2023,9,19,15,23.81811
2023,9,19,16,28.28674
2023,9,19,17,32.51811
2023,9,19,18,48.93072
2023,9,19,19,71.52556
2023,9,19,20,69.68641
2023,9,19,21,57.779
2023,9,19,22,49.78107
2023,9,19,23,47.716
2023,9,19,24,46.13479
2023,9,20,1,40.80987
2023,9,20,2,41.34711
2023,9,20,3,39.47981
2023,9,20,4,39.14415
2023,9,20,5,40.92981
2023,9,20,6,42.29034
2023,9,20,7,49.00832
2023,9,20,8,43.00032
2023,9,20,9,30.65303
2023,9,20,10,26.42452
2023,9,20,11,23.14751
2023,9,20,12,22.66122
2023,9,20,13,21.02096
2023,9,20,14,23.0633
2023,9,20,15,23.42533
2023,9,20,16,24.52525
2023,9,20,17,28.35929
2023,9,20,18,47.44735
2023,9,20,19,60.31489
2023,9,20,20,63.31758
2023,9,20,21,51.06928
2023,9,20,22,47.50831
2023,9,20,23,45.62929
2023,9,20,24,42.67997
2023,9,21,1,44.4176
2023,9,21,2,43.45407
2023,9,21,3,40.81881
2023,9,21,4,39.17398
2023,9,21,5,40.2157
2023,9,21,6,44.72137
2023,9,21,7,52.79503
2023,9,21,8,43.26831
2023,9,21,9,31.65502
2023,9,21,10,24.9579
2023,9,21,11,20.85547
2023,9,21,12,17.59089
2023,9,21,13,18.12853
2023,9,21,14,16.93232
2023,9,21,15,17.26735
2023,9,21,16,18.50152
2023,9,21,17,23.25461
2023,9,21,18,44.39151
2023,9,21,19,59.3434
2023,9,21,20,63.33596
2023,9,21,21,52.92828
2023,9,21,22,47.88635
2023,9,21,23,45.60218
2023,9,21,24,43.42762
2023,9,22,1,41.22579
2023,9,22,2,40.1424
2023,9,22,3,38.51263
2023,9,22,4,38.10505
2023,9,22,5,38.48921
2023,9,22,6,43.54171
2023,9,22,7,49.41842
2023,9,22,8,45.61509
2023,9,22,9,37.70594
2023,9,22,10,34.61169
2023,9,22,11,32.76126
2023,9,22,12,32.25407
2023,9,22,13,32.98272
2023,9,22,14,32.40407
2023,9,22,15,33.76313
2023,9,22,16,39.85507
2023,9,22,17,44.01955
2023,9,22,18,56.85077
2023,9,22,19,62.98502
2023,9,22,20,60.86566
2023,9,22,21,53.4931
2023,9,22,22,52.37506
2023,9,22,23,48.31954
2023,9,22,24,43.84118
2023,9,23,1,40.30546
2023,9,23,2,39.82292
2023,9,23,3,39.11278
2023,9,23,4,36.90476
2023,9,23,5,37.1417
2023,9,23,6,37.79544
2023,9,23,7,40.50304
2023,9,23,8,36.7542
2023,9,23,9,20.30631
2023,9,23,10,13.63574
2023,9,23,11,10.62912
2023,9,23,12,8.5849
2023,9,23,13,7.80812
2023,9,23,14,7.04397
2023,9,23,15,6.94711
2023,9,23,16,11.95
2023,9,23,17,19.21776
2023,9,23,18,39.75272
2023,9,23,19,51.71166
2023,9,23,20,54.86936
2023,9,23,21,48.13709
2023,9,23,22,46.45515
2023,9,23,23,43.65367
2023,9,23,24,41.44219
2023,9,24,1,37.82184
2023,9,24,2,38.08068
2023,9,24,3,38.0298
2023,9,24,4,37.11298
2023,9,24,5,38.14398
2023,9,24,6,38.14011
2023,9,24,7,39.95605
2023,9,24,8,33.56445
2023,9,24,9,13.06191
2023,9,24,10,9.23209
2023,9,24,11,9.08914
2023,9,24,12,7.50758
2023,9,24,13,5.39371
2023,9,24,14,5.88469
2023,9,24,15,9.92338
2023,9,24,16,15.59866
2023,9,24,17,23.54503
2023,9,24,18,44.1093
2023,9,24,19,61.87224
2023,9,24,20,61.63729
2023,9,24,21,51.38218
2023,9,24,22,47.86936
2023,9,24,23,44.46241
2023,9,24,24,41.35299
2023,9,25,1,41.25243
2023,9,25,2,38.77762
2023,9,25,3,38.99206
2023,9,25,4,38.9703
2023,9,25,5,41.73463
2023,9,25,6,46.40261
2023,9,25,7,50.88048
2023,9,25,8,42.18074
2023,9,25,9,30.46323
2023,9,25,10,26.42162
2023,9,25,11,22.24843
2023,9,25,12,21.69374
2023,9,25,13,22.80084
2023,9,25,14,22.30065
2023,9,25,15,25.02952
2023,9,25,16,31.97847
2023,9,25,17,31.65183
2023,9,25,18,52.91981
2023,9,25,19,70.51042
2023,9,25,20,68.65633
2023,9,25,21,56.69517
2023,9,25,22,51.57164
2023,9,25,23,49.55495
2023,9,25,24,42.44818
2023,9,26,1,41.97921
2023,9,26,2,39.61853
2023,9,26,3,38.53082
2023,9,26,4,38.89076
2023,9,26,5,39.78366
2023,9,26,6,43.66055
2023,9,26,7,49.21345
2023,9,26,8,42.3378
2023,9,26,9,27.55316
2023,9,26,10,20.3154
2023,9,26,11,19.83027
2023,9,26,12,19.08952
2023,9,26,13,19.68994
2023,9,26,14,20.68686
2023,9,26,15,26.16882
2023,9,26,16,32.54978
2023,9,26,17,35.69023
2023,9,26,18,53.28
2023,9,26,19,78.21423
2023,9,26,20,74.14323
2023,9,26,21,62.02143
2023,9,26,22,53.82362
2023,9,26,23,46.50202
2023,9,26,24,44.35105
2023,9,27,1,39.9642
2023,9,27,2,38.80943
2023,9,27,3,37.65712
2023,9,27,4,37.26941
2023,9,27,5,37.67954
2023,9,27,6,40.70605
2023,9,27,7,46.61416
2023,9,27,8,37.53233
2023,9,27,9,27.99716
2023,9,27,10,21.96477
2023,9,27,11,21.5482
2023,9,27,12,22.49456
2023,9,27,13,24.16885
2023,9,27,14,26.14729
2023,9,27,15,28.54048
2023,9,27,16,34.9185
2023,9,27,17,36.58379
2023,9,27,18,49.6228
2023,9,27,19,68.35944
2023,9,27,20,67.89891
2023,9,27,21,57.97117
2023,9,27,22,50.73919
2023,9,27,23,43.91168
2023,9,27,24,41.72013
2023,9,28,1,39.32534
2023,9,28,2,38.66852
2023,9,28,3,36.63839
2023,9,28,4,35.96409
2023,9,28,5,38.24269
2023,9,28,6,40.94253
2023,9,28,7,47.53257
2023,9,28,8,39.09508
2023,9,28,9,28.3722
2023,9,28,10,22.98378
2023,9,28,11,22.90826
2023,9,28,12,21.51847
2023,9,28,13,23.15908
2023,9,28,14,23.16287
2023,9,28,15,24.61912
2023,9,28,16,28.50008
2023,9,28,17,33.4387
2023,9,28,18,46.82044
2023,9,28,19,60.95882
2023,9,28,20,60.48245
2023,9,28,21,53.34315
2023,9,28,22,46.74836
2023,9,28,23,43.98658
2023,9,28,24,40.69466
2023,9,29,1,36.20725
2023,9,29,2,36.81635
2023,9,29,3,36.33748
2023,9,29,4,36.16566
2023,9,29,5,36.86365
2023,9,29,6,42.02378
2023,9,29,7,45.55611
2023,9,29,8,41.91287
2023,9,29,9,26.68566
2023,9,29,10,18.96079
2023,9,29,11,16.78722
2023,9,29,12,16.15587
2023,9,29,13,15.88114
2023,9,29,14,16.13938
2023,9,29,15,16.3505
2023,9,29,16,17.62487
2023,9,29,17,24.63282
2023,9,29,18,44.74573
2023,9,29,19,53.19869
2023,9,29,20,53.05616
2023,9,29,21,45.41981
2023,9,29,22,42.72139
2023,9,29,23,42.42231
2023,9,29,24,41.73084
2023,10,1,1,39.95846
2023,10,1,2,39.03314
2023,10,1,3,38.87312
2023,10,1,4,38.70187
2023,10,1,5,36.44851
2023,10,1,6,38.839
2023,10,1,7,39.26149
2023,10,1,8,35.32953
2023,10,1,9,21.58565
2023,10,1,10,12.30903
2023,10,1,11,10.12433
2023,10,1,12,9.51351
2023,10,1,13,9.0984
2023,10,1,14,10.79917
2023,10,1,15,13.64537
2023,10,1,16,15.65494
2023,10,1,17,21.96875
2023,10,1,18,42.27559
2023,10,1,19,48.79459
2023,10,1,20,50.15278
2023,10,1,21,46.86977
2023,10,1,22,46.3324
2023,10,1,23,41.80336
2023,10,1,24,40.94728
2023,10,2,1,35.44191
2023,10,2,2,34.70915
2023,10,2,3,34.69267
2023,10,2,4,34.46878
2023,10,2,5,34.82646
2023,10,2,6,40.39161
2023,10,2,7,50.17517
2023,10,2,8,44.91474
2023,10,2,9,30.51149
2023,10,2,10,23.62884
2023,10,2,11,23.4522
2023,10,2,12,23.05416
2023,10,2,13,21.57239
2023,10,2,14,21.52703
2023,10,2,15,22.37912
2023,10,2,16,22.9549
2023,10,2,17,28.49503
2023,10,2,18,50.75133
2023,10,2,19,58.18472
2023,10,2,20,57.21537
2023,10,2,21,55.6305
2023,10,2,22,52.64488
2023,10,2,23,52.11132
2023,10,2,24,48.21923
2023,10,3,1,46.60479
2023,10,3,2,46.30797
2023,10,3,3,46.08429
2023,10,3,4,45.75458
2023,10,3,5,46.98618
2023,10,3,6,53.75268
2023,10,3,7,65.14292
2023,10,3,8,56.57671
2023,10,3,9,40.14159
2023,10,3,10,32.77623
2023,10,3,11,31.64098
2023,10,3,12,29.7643
2023,10,3,13,27.78428
2023,10,3,14,28.60588
2023,10,3,15,32.56345
2023,10,3,16,39.72753
2023,10,3,17,50.53121
2023,10,3,18,72.08709
2023,10,3,19,86.41805
2023,10,3,20,79.91951
2023,10,3,21,73.11785
2023,10,3,22,71.37077
2023,10,3,23,60.08391
2023,10,3,24,54.24543
2023,10,4,1,52.1016
2023,10,4,2,49.12111
2023,10,4,3,47.25432
2023,10,4,4,48.42865
2023,10,4,5,48.52785
2023,10,4,6,52.96806
2023,10,4,7,58.69603
2023,10,4,8,51.49428
2023,10,4,9,37.51789
2023,10,4,10,30.11761
2023,10,4,11,27.16953
2023,10,4,12,30.58624
2023,10,4,13,33.21776
2023,10,4,14,37.46112
2023,10,4,15,41.34555
2023,10,4,16,47.61178
2023,10,4,17,52.33116
2023,10,4,18,83.84294
2023,10,4,19,109.47899
2023,10,4,20,95.81938
2023,10,4,21,84.12533
2023,10,4,22,79.09793
2023,10,4,23,72.10038
2023,10,4,24,61.89645
2023,10,5,1,66.07864
2023,10,5,2,62.44146
2023,10,5,3,54.40622
2023,10,5,4,54.14311
2023,10,5,5,54.33503
2023,10,5,6,62.80521
2023,10,5,7,72.96104
2023,10,5,8,62.91094
2023,10,5,9,43.47898
2023,10,5,10,42.00418
2023,10,5,11,39.40814
2023,10,5,12,40.25618
2023,10,5,13,44.0376
2023,10,5,14,46.84583
2023,10,5,15,53.87484
2023,10,5,16,64.18289
2023,10,5,17,71.41451
2023,10,5,18,102.49805
2023,10,5,19,151.30779
2023,10,5,20,121.43631
2023,10,5,21,94.52552
2023,10,5,22,83.23757
2023,10,5,23,73.95743
2023,10,5,24,69.79668
2023,10,6,1,66.43258
2023,10,6,2,61.39098
2023,10,6,3,56.26326
2023,10,6,4,55.47872
2023,10,6,5,56.16706
2023,10,6,6,65.20039
2023,10,6,7,76.56128
2023,10,6,8,72.57175
2023,10,6,9,45.97397
2023,10,6,10,43.29771
2023,10,6,11,43.24426
2023,10,6,12,47.72451
2023,10,6,13,51.82144
2023,10,6,14,56.84352
2023,10,6,15,64.79881
2023,10,6,16,76.53358
2023,10,6,17,90.79891
2023,10,6,18,132.03018
2023,10,6,19,191.11328
2023,10,6,20,139.87389
2023,10,6,21,101.77625
2023,10,6,22,93.16436
2023,10,6,23,78.61816
2023,10,6,24,74.3539
2023,10,7,1,69.10155
2023,10,7,2,65.87392
2023,10,7,3,62.09344
2023,10,7,4,59.1745
2023,10,7,5,59.19301
2023,10,7,6,59.2207
2023,10,7,7,64.18297
2023,10,7,8,58.04668
2023,10,7,9,42.00229
2023,10,7,10,34.38205
2023,10,7,11,37.43026
2023,10,7,12,36.53613
2023,10,7,13,42.38302
2023,10,7,14,45.76783
2023,10,7,15,51.60505
2023,10,7,16,64.01151
2023,10,7,17,84.99341
2023,10,7,18,102.12745
2023,10,7,19,172.32216
2023,10,7,20,118.59703
2023,10,7,21,91.91638
2023,10,7,22,87.28656
2023,10,7,23,79.40518
2023,10,7,24,68.80037
2023,10,8,1,63.20318
2023,10,8,2,60.59236
2023,10,8,3,60.00515
2023,10,8,4,57.60369
2023,10,8,5,58.09731
2023,10,8,6,57.76127
2023,10,8,7,61.79197
2023,10,8,8,57.05567
2023,10,8,9,42.51498
2023,10,8,10,36.31892
2023,10,8,11,36.95078
2023,10,8,12,35.48005
2023,10,8,13,37.96114
2023,10,8,14,41.33898
2023,10,8,15,49.02483
2023,10,8,16,59.56478
2023,10,8,17,61.66733
2023,10,8,18,89.19308
2023,10,8,19,136.91785
2023,10,8,20,99.25553
2023,10,8,21,87.66895
2023,10,8,22,86.02456
2023,10,8,23,73.00284
2023,10,8,24,63.81742
2023,10,9,1,59.76619
2023,10,9,2,58.42276
2023,10,9,3,53.17609
2023,10,9,4,53.28914
2023,10,9,5,54.16925
2023,10,9,6,61.75381
2023,10,9,7,73.0384
2023,10,9,8,63.29564
2023,10,9,9,42.86686
2023,10,9,10,36.9316
2023,10,9,11,38.60115
2023,10,9,12,40.26204
2023,10,9,13,40.88076
2023,10,9,14,40.99294
2023,10,9,15,45.76703
2023,10,9,16,50.09659
2023,10,9,17,56.87
2023,10,9,18,73.79162
2023,10,9,19,92.84992
2023,10,9,20,79.53397
2023,10,9,21,78.06159
2023,10,9,22,74.82419
2023,10,9,23,62.57239
2023,10,9,24,60.34979
2023,10,10,1,54.15746
2023,10,10,2,53.35509
2023,10,10,3,49.38611
2023,10,10,4,49.08129
2023,10,10,5,50.44221
2023,10,10,6,54.7996
2023,10,10,7,63.00993
2023,10,10,8,58.67707
2023,10,10,9,46.19127
2023,10,10,10,37.67593
2023,10,10,11,34.13923
2023,10,10,12,32.66149
2023,10,10,13,33.83429
2023,10,10,14,33.06292
2023,10,10,15,33.89132
2023,10,10,16,35.63113
2023,10,10,17,40.79339
2023,10,10,18,66.83716
2023,10,10,19,76.67792
2023,10,10,20,71.3512
2023,10,10,21,70.78492
2023,10,10,22,68.0638
2023,10,10,23,59.95073
2023,10,10,24,53.65304
2023,10,11,1,45.87
2023,10,11,2,45.21883
2023,10,11,3,44.99134
2023,10,11,4,44.8907
2023,10,11,5,45.31246
2023,10,11,6,48.62008
2023,10,11,7,62.46864
2023,10,11,8,61.4364
2023,10,11,9,44.99635
2023,10,11,10,39.24906
2023,10,11,11,37.30264
2023,10,11,12,32.54364
2023,10,11,13,30.29378
2023,10,11,14,30.92484
2023,10,11,15,32.80607
2023,10,11,16,35.76147
2023,10,11,17,38.32825
2023,10,11,18,67.84362
2023,10,11,19,85.10101
2023,10,11,20,73.49853
2023,10,11,21,71.12329
2023,10,11,22,67.83224
2023,10,11,23,57.77077
2023,10,11,24,54.22654
2023,10,12,1,45.38738
2023,10,12,2,46.64341
2023,10,12,3,47.92096
2023,10,12,4,45.04499
2023,10,12,5,48.24331
2023,10,12,6,53.7946
2023,10,12,7,65.88099
2023,10,12,8,58.99405
2023,10,12,9,37.6729
2023,10,12,10,32.51328
2023,10,12,11,26.70084
2023,10,12,12,25.11635
2023,10,12,13,25.38016
2023,10,12,14,31.05936
2023,10,12,15,36.92327
2023,10,12,16,40.01796
2023,10,12,17,45.88857
2023,10,12,18,76.73137
2023,10,12,19,98.00499
2023,10,12,20,82.78278
2023,10,12,21,77.06437
2023,10,12,22,75.57704
2023,10,12,23,65.78749
2023,10,12,24,53.44087
2023,10,13,1,55.10494
2023,10,13,2,50.99822
2023,10,13,3,49.30663
2023,10,13,4,48.89111
2023,10,13,5,49.94717
2023,10,13,6,57.36313
2023,10,13,7,68.1858
2023,10,13,8,60.04684
2023,10,13,9,42.21139
2023,10,13,10,38.10778
2023,10,13,11,39.2499
2023,10,13,12,39.41845
2023,10,13,13,40.38364
2023,10,13,14,40.95108
2023,10,13,15,42.59664
2023,10,13,16,45.93013
2023,10,13,17,54.61988
2023,10,13,18,80.63
2023,10,13,19,98.90529
2023,10,13,20,87.63158
2023,10,13,21,81.78961
2023,10,13,22,78.01274
2023,10,13,23,63.6242
2023,10,13,24,55.20092
2023,10,14,1,59.71121
2023,10,14,2,56.38702
2023,10,14,3,53.61982
2023,10,14,4,52.18025
2023,10,14,5,53.148
2023,10,14,6,52.06371
2023,10,14,7,55.78694
2023,10,14,8,49.13241
2023,10,14,9,41.93348
2023,10,14,10,67.6717
2023,10,14,11,28.45235
2023,10,14,12,16.88947
2023,10,14,13,14.65161
2023,10,14,14,19.2285
2023,10,14,15,23.02247
2023,10,14,16,32.75904
2023,10,14,17,42.44611
2023,10,14,18,74.60374
2023,10,14,19,89.65035
2023,10,14,20,78.90775
2023,10,14,21,75.80901
2023,10,14,22,74.95497
2023,10,14,23,68.19676
2023,10,14,24,62.4442
2023,10,15,1,61.7833
2023,10,15,2,57.74472
2023,10,15,3,54.03421
2023,10,15,4,53.65459
2023,10,15,5,52.67565
2023,10,15,6,54.97779
2023,10,15,7,57.00512
2023,10,15,8,46.11012
2023,10,15,9,24.75214
2023,10,15,10,18.40599
2023,10,15,11,17.37835
2023,10,15,12,13.50602
2023,10,15,13,17.22348
2023,10,15,14,21.75717
2023,10,15,15,28.96641
2023,10,15,16,36.37402
2023,10,15,17,58.91551
2023,10,15,18,99.42789
2023,10,15,19,116.0005
2023,10,15,20,103.81229
2023,10,15,21,93.68627
2023,10,15,22,85.87794
2023,10,15,23,64.69451
2023,10,15,24,60.19389
2023,10,16,1,65.87437
2023,10,16,2,59.07377
2023,10,16,3,58.32686
2023,10,16,4,58.22534
2023,10,16,5,58.54358
2023,10,16,6,66.06467
2023,10,16,7,83.13637
2023,10,16,8,67.23907
2023,10,16,9,42.81637
2023,10,16,10,37.15603
2023,10,16,11,37.30235
2023,10,16,12,38.77249
2023,10,16,13,43.31295
2023,10,16,14,48.35111
2023,10,16,15,57.60038
2023,10,16,16,68.67857
2023,10,16,17,80.39037
2023,10,16,18,118.39012
2023,10,16,19,143.96614
2023,10,16,20,116.40662
2023,10,16,21,107.36844
2023,10,16,22,95.43547
2023,10,16,23,79.94787
2023,10,16,24,67.94569
2023,10,17,1,67.99795
2023,10,17,2,65.60983
2023,10,17,3,65.10768
2023,10,17,4,65.09812
2023,10,17,5,65.8086
2023,10,17,6,70.88875
2023,10,17,7,84.36312
2023,10,17,8,80.96589
2023,10,17,9,59.19849
2023,10,17,10,52.63553
2023,10,17,11,52.38174
2023,10,17,12,51.8993
2023,10,17,13,52.66069
2023,10,17,14,57.96793
2023,10,17,15,65.5044
2023,10,17,16,77.75228
2023,10,17,17,88.00848
2023,10,17,18,137.52666
2023,10,17,19,167.80547
2023,10,17,20,132.65306
2023,10,17,21,112.12327
2023,10,17,22,100.03159
2023,10,17,23,87.6814
2023,10,17,24,76.94886
2023,10,18,1,73.74195
2023,10,18,2,67.7981
2023,10,18,3,65.76177
2023,10,18,4,65.3574
2023,10,18,5,65.43395
2023,10,18,6,70.34685
2023,10,18,7,89.64429
2023,10,18,8,84.99363
2023,10,18,9,58.55935
2023,10,18,10,49.25476
2023,10,18,11,49.6522
2023,10,18,12,48.75721
2023,10,18,13,54.76681
2023,10,18,14,60.95451
2023,10,18,15,82.01117
2023,10,18,16,82.29401
2023,10,18,17,100.75251
2023,10,18,18,172.30238
2023,10,18,19,229.23212
2023,10,18,20,159.1991
2023,10,18,21,125.55926
2023,10,18,22,118.86927
2023,10,18,23,97.57048
2023,10,18,24,87.49244
2023,10,19,1,77.09842
2023,10,19,2,73.97232
2023,10,19,3,71.77639
2023,10,19,4,72.08853
2023,10,19,5,72.12156
2023,10,19,6,73.97232
2023,10,19,7,98.67135
2023,10,19,8,96.14455
2023,10,19,9,69.52075
2023,10,19,10,54.32217
2023,10,19,11,56.79265
2023,10,19,12,57.93994
2023,10,19,13,61.6752
2023,10,19,14,68.69365
2023,10,19,15,79.11678
2023,10,19,16,100.53461
2023,10,19,17,134.58884
2023,10,19,18,254.95444
2023,10,19,19,344.5338
2023,10,19,20,190.28581
2023,10,19,21,140.5859
2023,10,19,22,131.26868
2023,10,19,23,101.16651
2023,10,19,24,92.67599
2023,10,20,1,81.32646
2023,10,20,2,73.45657
2023,10,20,3,72.69592
2023,10,20,4,72.72898
2023,10,20,5,73.66931
2023,10,20,6,82.4107
2023,10,20,7,110.19421
2023,10,20,8,98.20611
2023,10,20,9,65.80257
2023,10,20,10,50.33281
2023,10,20,11,49.76616
2023,10,20,12,51.8056
2023,10,20,13,57.60483
2023,10,20,14,63.53179
2023,10,20,15,69.47659
2023,10,20,16,76.95522
2023,10,20,17,100.66759
2023,10,20,18,155.87994
2023,10,20,19,189.48094
2023,10,20,20,127.49896
2023,10,20,21,110.49322
2023,10,20,22,106.17027
2023,10,20,23,90.29203
2023,10,20,24,83.42822
2023,10,21,1,65.15374
2023,10,21,2,61.2902
2023,10,21,3,61.13169
2023,10,21,4,56.7654
2023,10,21,5,61.64024
2023,10,21,6,63.41488
2023,10,21,7,67.55352
2023,10,21,8,63.86463
2023,10,21,9,46.35506
2023,10,21,10,37.76583
2023,10,21,11,36.81051
2023,10,21,12,35.06767
2023,10,21,13,34.39149
2023,10,21,14,35.9057
2023,10,21,15,38.65071
2023,10,21,16,48.02979
2023,10,21,17,67.3832
2023,10,21,18,77.79915
2023,10,21,19,94.1908
2023,10,21,20,80.65819
2023,10,21,21,77.63172
2023,10,21,22,72.59457
2023,10,21,23,64.6615
2023,10,21,24,62.68282
2023,10,22,1,53.88596
2023,10,22,2,53.83524
2023,10,22,3,52.31105
2023,10,22,4,50.35185
2023,10,22,5,50.9873
2023,10,22,6,51.51653
2023,10,22,7,51.85526
2023,10,22,8,47.93778
2023,10,22,9,39.36789
2023,10,22,10,24.81598
2023,10,22,11,22.25449
2023,10,22,12,20.45452
2023,10,22,13,21.24843
2023,10,22,14,20.1569
2023,10,22,15,22.19356
2023,10,22,16,29.39464
2023,10,22,17,44.15391
2023,10,22,18,64.85166
2023,10,22,19,80.2494
2023,10,22,20,73.28564
2023,10,22,21,67.12134
2023,10,22,22,64.12743
2023,10,22,23,60.66311
2023,10,22,24,57.26424
2023,10,23,1,50.20793
2023,10,23,2,50.41115
2023,10,23,3,50.35236
2023,10,23,4,49.69395
2023,10,23,5,50.16648
2023,10,23,6,52.94927
2023,10,23,7,63.13097
2023,10,23,8,61.18079
2023,10,23,9,49.94249
2023,10,23,10,42.57205
2023,10,23,11,35.70476
2023,10,23,12,33.35835
2023,10,23,13,33.07855
2023,10,23,14,32.97266
2023,10,23,15,35.01481
2023,10,23,16,41.34103
2023,10,23,17,54.71319
2023,10,23,18,71.24102
2023,10,23,19,77.05929
2023,10,23,20,73.67337
2023,10,23,21,70.67138
2023,10,23,22,69.32795
2023,10,23,23,64.35353
2023,10,23,24,58.16637
2023,10,24,1,57.75053
2023,10,24,2,57.78984
2023,10,24,3,57.278
2023,10,24,4,57.49836
2023,10,24,5,58.20857
2023,10,24,6,67.41247
2023,10,24,7,75.75874
2023,10,24,8,74.69854
2023,10,24,9,54.60236
2023,10,24,10,49.18962
2023,10,24,11,44.94992
2023,10,24,12,40.58004
2023,10,24,13,40.86696
2023,10,24,14,40.94982
2023,10,24,15,44.04266
2023,10,24,16,46.73427
2023,10,24,17,59.96061
2023,10,24,18,81.90284
2023,10,24,19,91.88195
2023,10,24,20,84.11739
2023,10,24,21,81.00392
2023,10,24,22,78.73525
2023,10,24,23,67.78268
2023,10,24,24,66.48543
2023,10,25,1,57.7722
2023,10,25,2,57.3125
2023,10,25,3,57.32444
2023,10,25,4,57.08313
2023,10,25,5,57.1654
2023,10,25,6,65.55101
2023,10,25,7,73.85188
2023,10,25,8,72.35331
2023,10,25,9,58.31049
2023,10,25,10,51.42469
2023,10,25,11,45.93693
2023,10,25,12,42.05716
2023,10,25,13,39.30559
2023,10,25,14,40.89214
2023,10,25,15,41.21023
2023,10,25,16,43.23035
2023,10,25,17,54.5377
2023,10,25,18,75.42287
2023,10,25,19,77.92208
2023,10,25,20,76.0081
2023,10,25,21,75.16371
2023,10,25,22,73.76164
2023,10,25,23,63.47295
2023,10,25,24,63.01503
2023,10,26,1,61.15089
2023,10,26,2,59.59657
2023,10,26,3,57.53302
2023,10,26,4,57.6513
2023,10,26,5,57.5101
2023,10,26,6,66.89884
2023,10,26,7,73.84007
2023,10,26,8,69.95048
2023,10,26,9,60.58555
2023,10,26,10,42.7342
2023,10,26,11,38.34565
2023,10,26,12,35.16507
2023,10,26,13,32.79188
2023,10,26,14,33.62085
2023,10,26,15,35.88047
2023,10,26,16,39.51092
2023,10,26,17,59.51447
2023,10,26,18,81.02978
2023,10,26,19,87.95493
2023,10,26,20,81.54693
2023,10,26,21,80.23704
2023,10,26,22,79.02446
2023,10,26,23,78.28338
2023,10,26,24,71.89955
2023,10,27,1,65.9012
2023,10,27,2,60.57852
2023,10,27,3,59.51546
2023,10,27,4,59.23472
2023,10,27,5,59.66271
2023,10,27,6,69.07955
2023,10,27,7,74.4961
2023,10,27,8,71.95918
2023,10,27,9,62.1709
2023,10,27,10,48.27906
2023,10,27,11,43.88254
2023,10,27,12,40.92051
2023,10,27,13,37.11621
2023,10,27,14,37.33702
2023,10,27,15,37.74097
2023,10,27,16,39.96381
2023,10,27,17,50.5625
2023,10,27,18,76.08101
2023,10,27,19,79.48929
2023,10,27,20,77.06348
2023,10,27,21,74.0976
2023,10,27,22,72.13398
2023,10,27,23,72.2182
2023,10,27,24,66.87017
2023,10,28,1,63.73496
2023,10,28,2,60.75169
2023,10,28,3,60.75032
2023,10,28,4,60.87995
2023,10,28,5,62.76899
2023,10,28,6,65.12469
2023,10,28,7,74.4059
2023,10,28,8,69.93789
2023,10,28,9,44.44261
2023,10,28,10,25.87333
2023,10,28,11,23.18468
2023,10,28,12,20.40763
2023,10,28,13,19.40931
2023,10,28,14,18.04351
2023,10,28,15,16.0283
2023,10,28,16,15.89379
2023,10,28,17,35.34094
2023,10,28,18,71.64964
2023,10,28,19,78.27569
2023,10,28,20,77.37587
2023,10,28,21,76.52712
2023,10,28,22,76.73604
2023,10,28,23,75.04016
2023,10,28,24,73.03697
2023,10,29,1,63.83188
2023,10,29,2,63.12522
2023,10,29,3,59.69119
2023,10,29,4,59.61998
2023,10,29,5,60.93046
2023,10,29,6,62.11265
2023,10,29,7,63.14561
2023,10,29,8,66.75969
2023,10,29,9,37.66767
2023,10,29,10,20.50278
2023,10,29,11,16.69514
2023,10,29,12,15.49137
2023,10,29,13,14.99269
2023,10,29,14,15.85482
2023,10,29,15,15.73965
2023,10,29,16,20.09517
2023,10,29,17,33.86615
2023,10,29,18,77.01677
2023,10,29,19,81.35932
2023,10,29,20,78.80836
2023,10,29,21,78.77425
2023,10,29,22,77.22637
2023,10,29,23,77.11201
2023,10,29,24,76.47391
2023,10,30,1,73.90619
2023,10,30,2,69.1191
2023,10,30,3,68.49403
2023,10,30,4,66.95741
2023,10,30,5,68.44018
2023,10,30,6,78.12591
2023,10,30,7,88.12856
2023,10,30,8,88.43963
2023,10,30,9,63.5043
2023,10,30,10,44.5486
2023,10,30,11,37.05254
2023,10,30,12,35.96229
2023,10,30,13,33.00894
2023,10,30,14,32.00773
2023,10,30,15,35.29668
2023,10,30,16,40.28182
2023,10,30,17,59.53211
2023,10,30,18,87.30611
2023,10,30,19,96.27291
2023,10,30,20,90.11058
2023,10,30,21,86.80435
2023,10,30,22,85.55221
2023,10,30,23,84.58792
2023,10,30,24,79.26286
2023,11,1,1,85.52999
2023,11,1,2,77.14658
2023,11,1,3,76.58903
2023,11,1,4,76.4747
2023,11,1,5,80.22725
2023,11,1,6,88.66632
2023,11,1,7,102.67452
2023,11,1,8,99.66238
2023,11,1,9,71.15096
2023,11,1,10,49.07041
2023,11,1,11,44.40824
2023,11,1,12,40.34629
2023,11,1,13,41.55015
2023,11,1,14,40.99677
2023,11,1,15,44.90455
2023,11,1,16,53.23617
2023,11,1,17,70.80342
2023,11,1,18,101.1958
2023,11,1,19,107.54808
2023,11,1,20,98.40497
2023,11,1,21,97.53185
2023,11,1,22,96.9486
2023,11,1,23,92.43021
2023,11,1,24,76.62225
2023,11,2,1,74.25562
2023,11,2,2,69.62955
2023,11,2,3,69.20809
2023,11,2,4,69.27323
2023,11,2,5,71.54193
2023,11,2,6,75.91208
2023,11,2,7,87.83275
2023,11,2,8,89.96169
2023,11,2,9,65.74183
2023,11,2,10,42.82678
2023,11,2,11,33.57853
2023,11,2,12,33.86859
2023,11,2,13,34.61911
2023,11,2,14,35.28912
2023,11,2,15,38.63296
2023,11,2,16,49.49283
2023,11,2,17,71.58165
2023,11,2,18,98.1298
2023,11,2,19,101.12707
2023,11,2,20,97.65493
2023,11,2,21,96.5105
2023,11,2,22,95.84919
2023,11,2,23,84.94383
2023,11,2,24,72.40203
2023,11,3,1,68.78712
2023,11,3,2,69.33518
2023,11,3,3,67.07265
2023,11,3,4,66.07323
2023,11,3,5,67.1762
2023,11,3,6,75.34126
2023,11,3,7,86.55796
2023,11,3,8,85.42215
2023,11,3,9,65.63765
2023,11,3,10,39.08806
2023,11,3,11,33.1392
2023,11,3,12,33.62583
2023,11,3,13,33.84915
2023,11,3,14,35.30629
2023,11,3,15,39.23968
2023,11,3,16,50.62748
2023,11,3,17,68.92189
2023,11,3,18,99.07124
2023,11,3,19,95.85299
2023,11,3,20,88.57593
2023,11,3,21,86.77202
2023,11,3,22,85.4261
2023,11,3,23,76.83768
2023,11,3,24,72.0004
2023,11,4,1,63.12899
2023,11,4,2,65.36613
2023,11,4,3,63.85819
2023,11,4,4,58.65892
2023,11,4,5,59.24344
2023,11,4,6,62.57688
2023,11,4,7,63.9866
2023,11,4,8,60.6413
2023,11,4,9,51.27009
2023,11,4,10,34.434
2023,11,4,11,27.75826
2023,11,4,12,26.19399
2023,11,4,13,25.30699
2023,11,4,14,26.41585
2023,11,4,15,28.36537
2023,11,4,16,38.17489
2023,11,4,17,63.84637
2023,11,4,18,76.24633
2023,11,4,19,76.1035
2023,11,4,20,74.44727
2023,11,4,21,73.50137
2023,11,4,22,70.81425
2023,11,4,23,69.41609
2023,11,4,24,59.36333
2023,11,5,1,66.26837
2023,11,5,2,64.23054
2023,11,5,3,58.15628
2023,11,5,4,54.856
2023,11,5,5,57.23754
2023,11,5,6,57.1529
2023,11,5,7,56.22357
2023,11,5,8,41.15794
2023,11,5,9,19.93556
2023,11,5,10,18.63052
2023,11,5,11,16.26887
2023,11,5,12,16.20228
2023,11,5,13,15.83808
2023,11,5,14,17.5607
2023,11,5,15,25.92603
2023,11,5,16,51.22559
2023,11,5,17,71.51736
2023,11,5,18,81.51387
2023,11,5,19,71.12346
2023,11,5,20,70.0476
2023,11,5,21,69.72656
2023,11,5,22,69.44981
2023,11,5,23,66.17916
2023,11,5,24,67.93002
2023,11,5,25,63.74937
2023,11,6,1,65.23718
2023,11,6,2,60.60419
2023,11,6,3,59.17208
2023,11,6,4,58.12988
2023,11,6,5,63.47992
2023,11,6,6,75.40685
2023,11,6,7,67.97811
2023,11,6,8,64.15429
2023,11,6,9,44.20411
2023,11,6,10,33.83879
2023,11,6,11,32.02412
2023,11,6,12,35.80439
2023,11,6,13,32.18296
2023,11,6,14,38.43741
2023,11,6,15,47.3209
2023,11,6,16,63.5167
2023,11,6,17,95.60132
2023,11,6,18,104.31052
2023,11,6,19,83.44598
2023,11,6,20,83.06762
2023,11,6,21,82.8768
2023,11,6,22,80.77449
2023,11,6,23,69.31842
2023,11,6,24,63.87106
2023,11,7,1,60.22589
2023,11,7,2,53.53056
2023,11,7,3,50.25175
2023,11,7,4,49.45761
2023,11,7,5,55.12547
2023,11,7,6,62.8016
2023,11,7,7,66.1461
2023,11,7,8,55.14091
2023,11,7,9,32.33583
2023,11,7,10,27.01541
2023,11,7,11,22.5352
2023,11,7,12,20.37014
2023,11,7,13,18.38081
2023,11,7,14,19.13005
2023,11,7,15,20.77362
2023,11,7,16,49.21006
2023,11,7,17,75.51058
2023,11,7,18,96.66566
2023,11,7,19,75.2587
2023,11,7,20,74.91982
2023,11,7,21,74.40094
2023,11,7,22,73.54444
2023,11,7,23,60.25553
2023,11,7,24,56.57023
2023,11,8,1,50.92882
2023,11,8,2,47.28695
2023,11,8,3,47.24353
2023,11,8,4,47.79765
2023,11,8,5,52.35018
2023,11,8,6,65.96829
2023,11,8,7,70.62076
2023,11,8,8,52.91117
2023,11,8,9,32.38307
2023,11,8,10,25.38346
2023,11,8,11,22.4964
2023,11,8,12,22.35562
2023,11,8,13,21.32802
2023,11,8,14,21.32739
2023,11,8,15,26.13463
2023,11,8,16,46.94593
2023,11,8,17,82.38235
2023,11,8,18,99.50238
2023,11,8,19,84.17159
2023,11,8,20,81.76121
2023,11,8,21,80.46835
2023,11,8,22,79.3218
2023,11,8,23,71.27916
2023,11,8,24,68.4658
2023,11,9,1,68.15083
2023,11,9,2,64.05486
2023,11,9,3,61.42376
2023,11,9,4,61.35307
2023,11,9,5,67.14083
2023,11,9,6,81.20538
2023,11,9,7,76.43947
2023,11,9,8,62.16476
2023,11,9,9,41.6952
2023,11,9,10,33.57387
2023,11,9,11,32.45405
2023,11,9,12,29.70097
2023,11,9,13,30.26914
2023,11,9,14,32.12816
2023,11,9,15,36.84416
2023,11,9,16,62.90991
2023,11,9,17,91.32487
2023,11,9,18,110.79204
2023,11,9,19,85.45129
2023,11,9,20,84.45813
2023,11,9,21,84.0511
2023,11,9,22,80.82671
2023,11,9,23,76.53918
2023,11,9,24,68.43734
2023,11,10,1,61.07105
2023,11,10,2,57.4425
2023,11,10,3,55.8579
2023,11,10,4,55.7251
2023,11,10,5,60.20901
2023,11,10,6,69.58212
2023,11,10,7,72.45254
2023,11,10,8,53.54974
2023,11,10,9,38.53639
2023,11,10,10,32.28755
2023,11,10,11,32.60321
2023,11,10,12,31.70713
2023,11,10,13,29.22822
2023,11,10,14,31.64662
2023,11,10,15,39.03758
2023,11,10,16,51.06884
2023,11,10,17,73.71533
2023,11,10,18,85.71125
2023,11,10,19,74.10944
2023,11,10,20,72.14742
2023,11,10,21,71.93177
2023,11,10,22,70.57636
2023,11,10,23,66.17883
2023,11,10,24,62.46425
2023,11,11,1,52.63081
2023,11,11,2,52.24402
2023,11,11,3,51.46645
2023,11,11,4,51.52953
2023,11,11,5,47.73729
2023,11,11,6,51.46445
2023,11,11,7,52.21204
2023,11,11,8,43.55984
2023,11,11,9,23.28428
2023,11,11,10,15.74203
2023,11,11,11,13.47844
2023,11,11,12,12.23515
2023,11,11,13,9.48093
2023,11,11,14,8.40956
2023,11,11,15,20.78103
2023,11,11,16,45.49827
2023,11,11,17,66.82106
2023,11,11,18,73.07006
2023,11,11,19,65.82618
2023,11,11,20,65.73114
2023,11,11,21,65.61286
2023,11,11,22,63.75263
2023,11,11,23,64.19038
2023,11,11,24,63.8909
2023,11,12,1,49.48711
2023,11,12,2,48.08449
2023,11,12,3,47.27387
2023,11,12,4,46.61392
2023,11,12,5,46.41217
2023,11,12,6,48.85536
2023,11,12,7,50.61241
2023,11,12,8,40.34804
2023,11,12,9,20.24971
2023,11,12,10,14.26841
2023,11,12,11,12.92654
2023,11,12,12,9.36651
2023,11,12,13,9.19619
2023,11,12,14,9.65137
2023,11,12,15,22.49647
2023,11,12,16,50.61532
2023,11,12,17,67.94988
2023,11,12,18,72.78719
2023,11,12,19,67.96521
2023,11,12,20,67.90796
2023,11,12,21,67.40695
2023,11,12,22,67.35289
2023,11,12,23,58.02073
2023,11,12,24,56.07318
2023,11,13,1,52.44389
2023,11,13,2,49.34111
2023,11,13,3,48.07966
2023,11,13,4,48.00864
2023,11,13,5,49.3385
2023,11,13,6,57.79911
2023,11,13,7,70.85156
2023,11,13,8,57.25129
2023,11,13,9,44.94774
2023,11,13,10,39.77912
2023,11,13,11,39.27427
2023,11,13,12,37.45136
2023,11,13,13,39.22755
2023,11,13,14,39.23975
2023,11,13,15,43.7707
2023,11,13,16,61.63048
2023,11,13,17,79.59711
2023,11,13,18,88.8152
2023,11,13,19,79.57305
2023,11,13,20,78.06145
2023,11,13,21,77.71837
2023,11,13,22,75.68395
2023,11,13,23,67.48435
2023,11,13,24,60.53065
2023,11,14,1,64.46169
2023,11,14,2,59.42868
2023,11,14,3,59.03401
2023,11,14,4,58.61592
2023,11,14,5,59.47951
2023,11,14,6,73.61862
2023,11,14,7,82.48881
2023,11,14,8,67.66512
2023,11,14,9,52.51037
2023,11,14,10,46.67471
2023,11,14,11,45.42437
2023,11,14,12,42.55004
2023,11,14,13,43.51092
2023,11,14,14,44.03403
2023,11,14,15,51.13094
2023,11,14,16,66.42372
2023,11,14,17,85.19386
2023,11,14,18,92.58048
2023,11,14,19,84.43308
2023,11,14,20,83.7259
2023,11,14,21,83.25042
2023,11,14,22,82.44611
2023,11,14,23,69.92008
2023,11,14,24,63.24217
2023,11,15,1,70.21963
2023,11,15,2,65.17164
2023,11,15,3,65.14838
2023,11,15,4,64.87148
2023,11,15,5,66.63399
2023,11,15,6,75.29301
2023,11,15,7,84.74891
2023,11,15,8,79.80084
2023,11,15,9,70.12789
2023,11,15,10,67.08165
2023,11,15,11,62.61218
2023,11,15,12,61.61585
2023,11,15,13,61.97302
2023,11,15,14,62.97581
2023,11,15,15,68.51027
2023,11,15,16,89.16232
2023,11,15,17,94.99348
2023,11,15,18,94.75992
2023,11,15,19,89.4223
2023,11,15,20,86.19311
2023,11,15,21,87.86154
2023,11,15,22,81.8071
2023,11,15,23,71.58441
2023,11,15,24,69.25062
2023,11,16,1,69.73492
2023,11,16,2,66.15018
2023,11,16,3,65.86948
2023,11,16,4,64.98168
2023,11,16,5,66.11821
2023,11,16,6,75.13228
2023,11,16,7,84.19937
2023,11,16,8,77.96062
2023,11,16,9,68.93932
2023,11,16,10,59.4279
2023,11,16,11,57.42797
2023,11,16,12,54.74724
2023,11,16,13,55.77714
2023,11,16,14,57.0158
2023,11,16,15,62.72534
2023,11,16,16,76.72621
2023,11,16,17,94.79603
2023,11,16,18,95.96334
2023,11,16,19,90.65556
2023,11,16,20,89.87899
2023,11,16,21,89.92218
2023,11,16,22,89.53977
2023,11,16,23,81.01266
2023,11,16,24,70.86391
2023,11,17,1,68.87554
2023,11,17,2,63.83539
2023,11,17,3,63.48575
2023,11,17,4,63.16541
2023,11,17,5,63.64077
2023,11,17,6,72.25278
2023,11,17,7,82.51676
2023,11,17,8,72.02291
2023,11,17,9,62.43161
2023,11,17,10,56.91516
2023,11,17,11,51.62974
2023,11,17,12,50.5421
2023,11,17,13,50.48184
2023,11,17,14,52.06352
2023,11,17,15,59.51105
2023,11,17,16,83.7991
2023,11,17,17,94.25186
2023,11,17,18,91.08019
2023,11,17,19,87.22741
2023,11,17,20,85.83563
2023,11,17,21,85.91472
2023,11,17,22,84.10102
2023,11,17,23,72.37325
2023,11,17,24,71.89073
2023,11,18,1,61.83659
2023,11,18,2,61.24375
2023,11,18,3,60.94545
2023,11,18,4,58.8432
2023,11,18,5,61.03433
2023,11,18,6,61.08378
2023,11,18,7,63.77837
2023,11,18,8,58.58658
2023,11,18,9,45.13661
2023,11,18,10,43.80715
2023,11,18,11,40.66412
2023,11,18,12,38.12615
2023,11,18,13,37.22824
2023,11,18,14,36.95491
2023,11,18,15,41.70098
2023,11,18,16,62.07166
2023,11,18,17,68.13602
2023,11,18,18,69.17794
2023,11,18,19,65.46676
2023,11,18,20,63.84573
2023,11,18,21,62.4866
2023,11,18,22,61.32974
2023,11,18,23,58.65324
2023,11,18,24,58.59349
2023,11,19,1,54.14026
2023,11,19,2,53.20855
2023,11,19,3,52.18075
2023,11,19,4,52.00282
2023,11,19,5,52.93826
2023,11,19,6,53.21014
2023,11,19,7,51.47931
2023,11,19,8,34.66643
2023,11,19,9,7.88332
2023,11,19,10,2.81613
2023,11,19,11,0.46392
2023,11,19,12,-2.13632
2023,11,19,13,-3.08916
2023,11,19,14,-2.14223
2023,11,19,15,0.40317
2023,11,19,16,27.14651
2023,11,19,17,62.60105
2023,11,19,18,64.22677
2023,11,19,19,62.9022
2023,11,19,20,63.11965
2023,11,19,21,63.13887
2023,11,19,22,62.72092
2023,11,19,23,62.99541
2023,11,19,24,62.49639
2023,11,20,1,63.98876
2023,11,20,2,58.94962
2023,11,20,3,55.42616
2023,11,20,4,55.25672
2023,11,20,5,60.23435
2023,11,20,6,68.03723
2023,11,20,7,72.68691
2023,11,20,8,59.94105
2023,11,20,9,38.69038
2023,11,20,10,24.78865
2023,11,20,11,24.32078
2023,11,20,12,23.18089
2023,11,20,13,22.17691
2023,11,20,14,21.53345
2023,11,20,15,26.64628
2023,11,20,16,55.73484
2023,11,20,17,78.60805
2023,11,20,18,81.40281
2023,11,20,19,79.36958
2023,11,20,20,78.7011
2023,11,20,21,78.41866
2023,11,20,22,78.04703
2023,11,20,23,69.66257
2023,11,20,24,65.93386
2023,11,21,1,57.31906
2023,11,21,2,57.25774
2023,11,21,3,56.23484
2023,11,21,4,56.62818
2023,11,21,5,60.22981
2023,11,21,6,65.34857
2023,11,21,7,71.33845
2023,11,21,8,61.47173
2023,11,21,9,42.58906
2023,11,21,10,33.49044
2023,11,21,11,33.56197
2023,11,21,12,33.46132
2023,11,21,13,34.04257
2023,11,21,14,33.70766
2023,11,21,15,42.40045
2023,11,21,16,63.49556
2023,11,21,17,82.04667
2023,11,21,18,83.54729
2023,11,21,19,77.66387
2023,11,21,20,77.14462
2023,11,21,21,76.3684
2023,11,21,22,76.09589
2023,11,21,23,67.74227
2023,11,21,24,64.03412
2023,11,22,1,57.40417
2023,11,22,2,53.93168
2023,11,22,3,53.11528
2023,11,22,4,53.01998
2023,11,22,5,58.40956
2023,11,22,6,62.3998
2023,11,22,7,62.90253
2023,11,22,8,57.26067
2023,11,22,9,38.95728
2023,11,22,10,30.73934
2023,11,22,11,28.24012
2023,11,22,12,25.44543
2023,11,22,13,27.5735
2023,11,22,14,27.06072
2023,11,22,15,39.60661
2023,11,22,16,60.19853
2023,11,22,17,74.1195
2023,11,22,18,74.03476
2023,11,22,19,72.35013
2023,11,22,20,71.11984
2023,11,22,21,71.20009
2023,11,22,22,69.43803
2023,11,22,23,62.00736
2023,11,22,24,60.21403
2023,11,23,1,52.18653
2023,11,23,2,52.26638
2023,11,23,3,51.48763
2023,11,23,4,51.09561
2023,11,23,5,51.15536
2023,11,23,6,51.39719
2023,11,23,7,53.03399
2023,11,23,8,50.48085
2023,11,23,9,30.9835
2023,11,23,10,18.54579
2023,11,23,11,15.38474
2023,11,23,12,12.97249
2023,11,23,13,11.71064
2023,11,23,14,12.69549
2023,11,23,15,13.85064
2023,11,23,16,43.9667
2023,11,23,17,55.58562
2023,11,23,18,55.63696
2023,11,23,19,54.80859
2023,11,23,20,54.94505
2023,11,23,21,54.72657
2023,11,23,22,54.74363
2023,11,23,23,54.45965
2023,11,23,24,54.16332
2023,11,24,1,45.17436
2023,11,24,2,46.63438
2023,11,24,3,45.2538
2023,11,24,4,45.3073
2023,11,24,5,49.2707
2023,11,24,6,50.01214
2023,11,24,7,54.73753
2023,11,24,8,45.83451
2023,11,24,9,21.68776
2023,11,24,10,16.47691
2023,11,24,11,15.17831
2023,11,24,12,13.74192
2023,11,24,13,12.21224
2023,11,24,14,12.90772
2023,11,24,15,17.42125
2023,11,24,16,50.6686
2023,11,24,17,60.04135
2023,11,24,18,59.95193
2023,11,24,19,58.93505
2023,11,24,20,58.69917
2023,11,24,21,58.57207
2023,11,24,22,58.89805
2023,11,24,23,58.24593
2023,11,24,24,57.97673
2023,11,25,1,56.66014
2023,11,25,2,56.29671
2023,11,25,3,56.00211
2023,11,25,4,56.00211
2023,11,25,5,56.22289
2023,11,25,6,56.46681
2023,11,25,7,56.55522
2023,11,25,8,48.33066
2023,11,25,9,24.08095
2023,11,25,10,17.18616
2023,11,25,11,16.33885
2023,11,25,12,12.88288
2023,11,25,13,13.26102
2023,11,25,14,13.20469
2023,11,25,15,16.35188
2023,11,25,16,46.20806
2023,11,25,17,58.10314
2023,11,25,18,59.67266
2023,11,25,19,59.4536
2023,11,25,20,59.39392
2023,11,25,21,59.55802
2023,11,25,22,58.69706
2023,11,25,23,58.63011
2023,11,25,24,58.51483
2023,11,26,1,63.02707
2023,11,26,2,62.90411
2023,11,26,3,62.29326
2023,11,26,4,58.7178
2023,11,26,5,60.5877
2023,11,26,6,62.22864
2023,11,26,7,62.38205
2023,11,26,8,52.84911
2023,11,26,9,43.33211
2023,11,26,10,34.95222
2023,11,26,11,32.44517
2023,11,26,12,32.05254
2023,11,26,13,31.65111
2023,11,26,14,33.73052
2023,11,26,15,39.64059
2023,11,26,16,50.85492
2023,11,26,17,66.1161
2023,11,26,18,66.65299
2023,11,26,19,66.27578
2023,11,26,20,66.39796
2023,11,26,21,66.04083
2023,11,26,22,65.62207
2023,11,26,23,65.00629
2023,11,26,24,60.8581
2023,11,27,1,60.25114
2023,11,27,2,57.41659
2023,11,27,3,57.49821
2023,11,27,4,56.88082
2023,11,27,5,60.3804
2023,11,27,6,68.03347
2023,11,27,7,77.22631
2023,11,27,8,67.44872
2023,11,27,9,53.03622
2023,11,27,10,45.67364
2023,11,27,11,43.62644
2023,11,27,12,38.70956
2023,11,27,13,39.78076
2023,11,27,14,39.66051
2023,11,27,15,45.08776
2023,11,27,16,61.46297
2023,11,27,17,75.6272
2023,11,27,18,78.73838
2023,11,27,19,75.32944
2023,11,27,20,75.2528
2023,11,27,21,74.63944
2023,11,27,22,73.86056
2023,11,27,23,73.83982
2023,11,27,24,67.06636
2023,11,28,1,79.92327
2023,11,28,2,78.88587
2023,11,28,3,78.32666
2023,11,28,4,76.63925
2023,11,28,5,79.87
2023,11,28,6,85.06262
2023,11,28,7,88.14762
2023,11,28,8,83.22082
2023,11,28,9,64.39966
2023,11,28,10,50.58009
2023,11,28,11,49.25952
2023,11,28,12,46.69409
2023,11,28,13,44.31875
2023,11,28,14,43.42173
2023,11,28,15,49.27469
2023,11,28,16,78.64375
2023,11,28,17,89.91589
2023,11,28,18,91.76372
2023,11,28,19,88.92685
2023,11,28,20,88.42913
2023,11,28,21,88.46563
2023,11,28,22,87.63895
2023,11,28,23,86.20865
2023,11,28,24,79.73564
2023,11,29,1,79.35773
2023,11,29,2,74.87697
2023,11,29,3,75.76804
2023,11,29,4,74.80994
2023,11,29,5,78.4374
2023,11,29,6,84.47541
2023,11,29,7,92.66774
2023,11,29,8,83.56503
2023,11,29,9,78.25815
2023,11,29,10,63.96697
2023,11,29,11,59.73545
2023,11,29,12,56.95179
2023,11,29,13,53.76839
2023,11,29,14,53.14772
2023,11,29,15,59.19665
2023,11,29,16,76.89636
2023,11,29,17,90.39311
2023,11,29,18,90.1
2023,11,29,19,90.45565
2023,11,29,20,88.97801
2023,11,29,21,89.25506
2023,11,29,22,86.65992
2023,11,29,23,82.66171
2023,11,30,24,74.79258
2023,12,1,1,58.0257
2023,12,1,2,57.86824
2023,12,1,3,57.73541
2023,12,1,4,56.72281
2023,12,1,5,58.10744
2023,12,1,6,71.66052
2023,12,1,7,80.20118
2023,12,1,8,68.29981
2023,12,1,9,56.15917
2023,12,1,10,46.41548
2023,12,1,11,40.97585
2023,12,1,12,37.5281
2023,12,1,13,35.62153
2023,12,1,14,35.1344
2023,12,1,15,40.5168
2023,12,1,16,55.76867
2023,12,1,17,74.65475
2023,12,1,18,76.55763
2023,12,1,19,74.5738
2023,12,1,20,73.86027
2023,12,1,21,73.90495
2023,12,1,22,73.89978
2023,12,1,23,72.08342
2023,12,1,24,60.63283
2023,12,2,1,52.11193
2023,12,2,2,49.22358
2023,12,2,3,49.11326
2023,12,2,4,48.96011
2023,12,2,5,48.95049
2023,12,2,6,56.49234
2023,12,2,7,59.54473
2023,12,2,8,53.98631
2023,12,2,9,44.22824
2023,12,2,10,27.44613
2023,12,2,11,25.8952
2023,12,2,12,26.33894
2023,12,2,13,22.96355
2023,12,2,14,23.90292
2023,12,2,15,26.41074
2023,12,2,16,51.86804
2023,12,2,17,64.89711
2023,12,2,18,65.5711
2023,12,2,19,64.74235
2023,12,2,20,63.35605
2023,12,2,21,63.31026
2023,12,2,22,63.95869
2023,12,2,23,63.2407
2023,12,2,24,57.49075
2023,12,3,1,51.23595
2023,12,3,2,51.14635
2023,12,3,3,50.99867
2023,12,3,4,48.62837
2023,12,3,5,51.71668
2023,12,3,6,55.2993
2023,12,3,7,52.72254
2023,12,3,8,49.19642
2023,12,3,9,27.92849
2023,12,3,10,20.93145
2023,12,3,11,20.1103
2023,12,3,12,19.25153
2023,12,3,13,19.02331
2023,12,3,14,19.22121
2023,12,3,15,26.09904
2023,12,3,16,53.37209
2023,12,3,17,65.57031
2023,12,3,18,65.9814
2023,12,3,19,65.46733
2023,12,3,20,64.73962
2023,12,3,21,63.81028
2023,12,3,22,63.28815
2023,12,3,23,57.60202
2023,12,3,24,56.17307
2023,12,4,1,61.05887
2023,12,4,2,58.43967
2023,12,4,3,56.38072
2023,12,4,4,56.33343
2023,12,4,5,57.34049
2023,12,4,6,61.6382
2023,12,4,7,80.07755
2023,12,4,8,71.06527
2023,12,4,9,59.72879
2023,12,4,10,48.22201
2023,12,4,11,44.32966
2023,12,4,12,43.34508
2023,12,4,13,42.23914
2023,12,4,14,42.3674
2023,12,4,15,45.73077
2023,12,4,16,66.93614
2023,12,4,17,84.74934
2023,12,4,18,87.2716
2023,12,4,19,81.83509
2023,12,4,20,79.40835
2023,12,4,21,78.68683
2023,12,4,22,78.07866
2023,12,4,23,67.21983
2023,12,4,24,62.32926
2023,12,5,1,51.84623
2023,12,5,2,50.63634
2023,12,5,3,50.0934
2023,12,5,4,50.02829
2023,12,5,5,50.63957
2023,12,5,6,57.62402
2023,12,5,7,75.20031
2023,12,5,8,65.54927
2023,12,5,9,48.41875
2023,12,5,10,41.02582
2023,12,5,11,38.39371
2023,12,5,12,36.14994
2023,12,5,13,35.41367
2023,12,5,14,35.96354
2023,12,5,15,38.80423
2023,12,5,16,64.23652
2023,12,5,17,79.87489
2023,12,5,18,82.83028
2023,12,5,19,74.31792
2023,12,5,20,73.50003
2023,12,5,21,73.15605
2023,12,5,22,72.38818
2023,12,5,23,62.01928
2023,12,5,24,57.61067
2023,12,6,1,54.86734
2023,12,6,2,53.13283
2023,12,6,3,52.59608
2023,12,6,4,52.65915
2023,12,6,5,53.56749
2023,12,6,6,61.21342
2023,12,6,7,72.50657
2023,12,6,8,65.37166
2023,12,6,9,50.23163
2023,12,6,10,42.91261
2023,12,6,11,39.78191
2023,12,6,12,36.4435
2023,12,6,13,35.63937
2023,12,6,14,35.61953
2023,12,6,15,44.35062
2023,12,6,16,63.23305
2023,12,6,17,70.86817
2023,12,6,18,70.97603
2023,12,6,19,65.74521
2023,12,6,20,65.35638
2023,12,6,21,64.73988
2023,12,6,22,64.13502
2023,12,6,23,55.64055
2023,12,6,24,55.12871
2023,12,7,1,48.96139
2023,12,7,2,45.34279
2023,12,7,3,45.43693
2023,12,7,4,45.54374
2023,12,7,5,46.06185
2023,12,7,6,52.36862
2023,12,7,7,65.98331
2023,12,7,8,53.93507
2023,12,7,9,43.60738
2023,12,7,10,31.40463
2023,12,7,11,33.16989
2023,12,7,12,28.48462
2023,12,7,13,28.12848
2023,12,7,14,29.59257
2023,12,7,15,33.91389
2023,12,7,16,53.2162
2023,12,7,17,63.51904
2023,12,7,18,67.39494
2023,12,7,19,62.42252
2023,12,7,20,62.15338
2023,12,7,21,61.4894
2023,12,7,22,61.49552
2023,12,7,23,56.98996
2023,12,7,24,55.60132
2023,12,8,1,48.73825
2023,12,8,2,46.95099
2023,12,8,3,44.91292
2023,12,8,4,44.66314
2023,12,8,5,44.7869
2023,12,8,6,48.67584
2023,12,8,7,64.41185
2023,12,8,8,55.31071
2023,12,8,9,37.97733
2023,12,8,10,30.65644
2023,12,8,11,27.35253
2023,12,8,12,22.37017
2023,12,8,13,20.88121
2023,12,8,14,22.71497
2023,12,8,15,27.63127
2023,12,8,16,52.84384
2023,12,8,17,66.23954
2023,12,8,18,68.16195
2023,12,8,19,66.52217
2023,12,8,20,66.65374
2023,12,8,21,66.66068
2023,12,8,22,66.63501
2023,12,8,23,65.37502
2023,12,8,24,60.61831
2023,12,9,1,47.98081
2023,12,9,2,48.01211
2023,12,9,3,47.90469
2023,12,9,4,45.23746
2023,12,9,5,44.93987
2023,12,9,6,48.6218
2023,12,9,7,57.37936
2023,12,9,8,45.75617
2023,12,9,9,39.93628
2023,12,9,10,20.07579
2023,12,9,11,19.55722
2023,12,9,12,18.18684
2023,12,9,13,18.31427
2023,12,9,14,18.7637
2023,12,9,15,19.80985
2023,12,9,16,40.79074
2023,12,9,17,60.75355
2023,12,9,18,61.77538
2023,12,9,19,59.68327
2023,12,9,20,59.08866
2023,12,9,21,59.39083
2023,12,9,22,59.47102
2023,12,9,23,58.55679
2023,12,9,24,56.67441
2023,12,10,1,47.80876
2023,12,10,2,46.95606
2023,12,10,3,47.03167
2023,12,10,4,45.94462
2023,12,10,5,47.10417
2023,12,10,6,48.48485
2023,12,10,7,50.58784
2023,12,10,8,46.61382
2023,12,10,9,33.69987
2023,12,10,10,23.59056
2023,12,10,11,22.20913
2023,12,10,12,21.26425
2023,12,10,13,20.87922
2023,12,10,14,21.22505
2023,12,10,15,24.0527
2023,12,10,16,50.10759
2023,12,10,17,62.20427
2023,12,10,18,64.41277
2023,12,10,19,62.56561
2023,12,10,20,62.68383
2023,12,10,21,61.87029
2023,12,10,22,61.76261
2023,12,10,23,59.91331
2023,12,10,24,55.38826
2023,12,11,1,56.94767
2023,12,11,2,54.4328
2023,12,11,3,54.1194
2023,12,11,4,53.85603
2023,12,11,5,59.47154
2023,12,11,6,67.28545
2023,12,11,7,74.45251
2023,12,11,8,72.20898
2023,12,11,9,57.957
2023,12,11,10,48.62424
2023,12,11,11,47.55261
2023,12,11,12,45.83756
2023,12,11,13,44.86859
2023,12,11,14,46.61646
2023,12,11,15,47.64669
2023,12,11,16,66.86199
2023,12,11,17,75.47041
2023,12,11,18,77.3089
2023,12,11,19,75.45352
2023,12,11,20,74.79994
2023,12,11,21,73.94204
2023,12,11,22,73.30402
2023,12,11,23,68.28203
2023,12,11,24,62.09355
2023,12,12,1,54.01765
2023,12,12,2,53.75254
2023,12,12,3,53.51287
2023,12,12,4,53.57855
2023,12,12,5,56.56842
2023,12,12,6,69.7548
2023,12,12,7,73.99264
2023,12,12,8,70.48654
2023,12,12,9,54.29472
2023,12,12,10,41.39868
2023,12,12,11,39.88212
2023,12,12,12,38.36528
2023,12,12,13,37.72357
2023,12,12,14,37.51071
2023,12,12,15,39.85137
2023,12,12,16,55.14463
2023,12,12,17,71.86597
2023,12,12,18,73.52924
2023,12,12,19,71.99686
2023,12,12,20,71.59089
2023,12,12,21,70.76878
2023,12,12,22,69.14545
2023,12,12,23,67.39856
2023,12,12,24,64.9337
2023,12,13,1,59.74172
2023,12,13,2,57.73478
2023,12,13,3,57.31872
2023,12,13,4,57.56069
2023,12,13,5,59.27609
2023,12,13,6,70.8663
2023,12,13,7,76.77338
2023,12,13,8,73.26229
2023,12,13,9,53.16269
2023,12,13,10,38.88924
2023,12,13,11,38.21526
2023,12,13,12,37.04877
2023,12,13,13,35.63945
2023,12,13,14,35.69507
2023,12,13,15,38.62219
2023,12,13,16,57.03003
2023,12,13,17,75.68386
2023,12,13,18,79.33152
2023,12,13,19,75.67582
2023,12,13,20,75.45656
2023,12,13,21,75.10965
2023,12,13,22,73.78762
2023,12,13,23,73.13928
2023,12,13,24,69.84378
2023,12,14,1,62.11377
2023,12,14,2,60.14229
2023,12,14,3,59.8663
2023,12,14,4,59.67157
2023,12,14,5,63.40142
2023,12,14,6,72.05748
2023,12,14,7,77.52472
2023,12,14,8,73.06892
2023,12,14,9,52.80688
2023,12,14,10,46.60458
2023,12,14,11,44.70849
2023,12,14,12,43.54006
2023,12,14,13,42.31277
2023,12,14,14,44.00937
2023,12,14,15,45.66823
2023,12,14,16,63.44133
2023,12,14,17,76.53811
2023,12,14,18,78.1208
2023,12,14,19,76.45295
2023,12,14,20,75.92192
2023,12,14,21,75.66335
2023,12,14,22,74.69941
2023,12,14,23,74.31892
2023,12,14,24,69.99896
2023,12,15,1,59.67311
2023,12,15,2,58.10013
2023,12,15,3,57.24934
2023,12,15,4,57.24934
2023,12,15,5,59.14
2023,12,15,6,66.02356
2023,12,15,7,75.14239
2023,12,15,8,68.62072
2023,12,15,9,47.38174
2023,12,15,10,43.77405
2023,12,15,11,41.45849
2023,12,15,12,40.68907
2023,12,15,13,40.5431
2023,12,15,14,40.85861
2023,12,15,15,44.6931
2023,12,15,16,59.09182
2023,12,15,17,71.58557
2023,12,15,18,74.39432
2023,12,15,19,71.44045
2023,12,15,20,71.05156
2023,12,15,21,70.79789
2023,12,15,22,70.52238
2023,12,15,23,68.22607
2023,12,15,24,66.42699
2023,12,16,1,60.23162
2023,12,16,2,57.70294
2023,12,16,3,58.75814
2023,12,16,4,57.70624
2023,12,16,5,57.05769
2023,12,16,6,58.81776
2023,12,16,7,61.03359
2023,12,16,8,56.11835
2023,12,16,9,42.76076
2023,12,16,10,35.16481
2023,12,16,11,33.20879
2023,12,16,12,29.29111
2023,12,16,13,26.58138
2023,12,16,14,27.28632
2023,12,16,15,33.45341
2023,12,16,16,44.38331
2023,12,16,17,62.41716
2023,12,16,18,63.34519
2023,12,16,19,61.09277
2023,12,16,20,60.85668
2023,12,16,21,60.88831
2023,12,16,22,60.81877
2023,12,16,23,60.50806
2023,12,16,24,57.00781
2023,12,17,1,53.98432
2023,12,17,2,53.1107
2023,12,17,3,48.94545
2023,12,17,4,49.22836
2023,12,17,5,51.4245
2023,12,17,6,50.1845
2023,12,17,7,54.97848
2023,12,17,8,48.55531
2023,12,17,9,42.90515
2023,12,17,10,35.86014
2023,12,17,11,35.54795
2023,12,17,12,34.46418
2023,12,17,13,33.74761
2023,12,17,14,35.374
2023,12,17,15,40.42864
2023,12,17,16,59.1904
2023,12,17,17,64.12581
2023,12,17,18,64.42935
2023,12,17,19,64.16368
2023,12,17,20,63.8914
2023,12,17,21,63.65321
2023,12,17,22,62.90142
2023,12,17,23,61.73367
2023,12,17,24,57.2
2023,12,18,1,59.38001
2023,12,18,2,55.73666
2023,12,18,3,56.08158
2023,12,18,4,55.62768
2023,12,18,5,55.69228
2023,12,18,6,60.7462
2023,12,18,7,65.17031
2023,12,18,8,70.61434
2023,12,18,9,61.66143
2023,12,18,10,59.04504
2023,12,18,11,57.40898
2023,12,18,12,54.8247
2023,12,18,13,54.71269
2023,12,18,14,57.41397
2023,12,18,15,58.11958
2023,12,18,16,70.31642
2023,12,18,17,73.75468
2023,12,18,18,74.3278
2023,12,18,19,72.43377
2023,12,18,20,70.61751
2023,12,18,21,67.03364
2023,12,18,22,64.51449
2023,12,18,23,62.1118
2023,12,18,24,56.18084
2023,12,19,1,45.14906
2023,12,19,2,44.46225
2023,12,19,3,44.42157
2023,12,19,4,44.27314
2023,12,19,5,44.50185
2023,12,19,6,48.77496
2023,12,19,7,54.23082
2023,12,19,8,55.2527
2023,12,19,9,53.57143
2023,12,19,10,45.06991
2023,12,19,11,44.73485
2023,12,19,12,43.88781
2023,12,19,13,43.67488
2023,12,19,14,44.43254
2023,12,19,15,44.79279
2023,12,19,16,58.78675
2023,12,19,17,63.88187
2023,12,19,18,65.95102
2023,12,19,19,64.50492
2023,12,19,20,63.91563
2023,12,19,21,62.21991
2023,12,19,22,61.59213
2023,12,19,23,53.35662
2023,12,19,24,52.60944
2023,12,20,1,47.19455
2023,12,20,2,46.23818
2023,12,20,3,45.92098
2023,12,20,4,45.78253
2023,12,20,5,46.8406
2023,12,20,6,53.59266
2023,12,20,7,55.558
2023,12,20,8,53.64756
2023,12,20,9,49.08092
2023,12,20,10,48.58197
2023,12,20,11,46.91788
2023,12,20,12,46.07901
2023,12,20,13,44.62646
2023,12,20,14,46.17681
2023,12,20,15,48.10521
2023,12,20,16,56.53065
2023,12,20,17,65.36784
2023,12,20,18,65.84525
2023,12,20,19,64.37308
2023,12,20,20,62.85942
2023,12,20,21,62.47651
2023,12,20,22,60.88444
2023,12,20,23,53.59866
2023,12,20,24,52.86131
2023,12,21,1,45.88502
2023,12,21,2,43.78145
2023,12,21,3,43.84889
2023,12,21,4,43.83631
2023,12,21,5,43.80981
2023,12,21,6,51.3782
2023,12,21,7,53.33542
2023,12,21,8,52.55475
2023,12,21,9,46.66598
2023,12,21,10,44.63657
2023,12,21,11,43.81463
2023,12,21,12,43.57865
2023,12,21,13,43.40478
2023,12,21,14,43.44656
2023,12,21,15,44.26156
2023,12,21,16,50.75167
2023,12,21,17,59.17889
2023,12,21,18,60.43434
2023,12,21,19,57.65776
2023,12,21,20,57.21366
2023,12,21,21,56.80644
2023,12,21,22,54.27114
2023,12,21,23,53.49764
2023,12,21,24,49.52898
2023,12,22,1,43.51771
2023,12,22,2,41.21793
2023,12,22,3,41.09143
2023,12,22,4,40.66427
2023,12,22,5,41.50328
2023,12,22,6,48.5279
2023,12,22,7,51.32262
2023,12,22,8,51.69316
2023,12,22,9,50.96579
2023,12,22,10,43.39859
2023,12,22,11,43.39859
2023,12,22,12,40.60027
2023,12,22,13,38.74147
2023,12,22,14,38.94412
2023,12,22,15,38.69427
2023,12,22,16,42.52269
2023,12,22,17,50.6216
2023,12,22,18,52.62782
2023,12,22,19,47.46801
2023,12,22,20,48.01226
2023,12,22,21,47.49248
2023,12,22,22,47.20585
2023,12,22,23,42.79431
2023,12,22,24,41.52977
2023,12,23,1,38.80561
2023,12,23,2,37.93
2023,12,23,3,37.57254
2023,12,23,4,36.87
2023,12,23,5,37.00573
2023,12,23,6,39.80063
2023,12,23,7,43.46904
2023,12,23,8,41.54302
2023,12,23,9,32.62244
2023,12,23,10,23.31481
2023,12,23,11,19.33522
2023,12,23,12,19.00349
2023,12,23,13,17.60928
2023,12,23,14,17.87237
2023,12,23,15,18.56358
2023,12,23,16,34.23353
2023,12,23,17,50.52578
2023,12,23,18,51.30353
2023,12,23,19,51.41632
2023,12,23,20,50.7679
2023,12,23,21,51.13793
2023,12,23,22,51.28206
2023,12,23,23,50.64086
2023,12,23,24,50.61867
2023,12,24,1,42.88066
2023,12,24,2,42.53918
2023,12,24,3,41.12743
2023,12,24,4,41.42689
2023,12,24,5,42.55224
2023,12,24,6,43.4368
2023,12,24,7,46.80655
2023,12,24,8,40.86
2023,12,24,9,28.21442
2023,12,24,10,23.4284
2023,12,24,11,22.67324
2023,12,24,12,20.66129
2023,12,24,13,19.69435
2023,12,24,14,20.2737
2023,12,24,15,21.75906
2023,12,24,16,41.2039
2023,12,24,17,51.26472
2023,12,24,18,51.51801
2023,12,24,19,51.90135
2023,12,24,20,51.62505
2023,12,24,21,51.68856
2023,12,24,22,51.43866
2023,12,24,23,51.1725
2023,12,24,24,50.97628
2023,12,25,1,49.62806
2023,12,25,2,48.13954
2023,12,25,3,44.98436
2023,12,25,4,44.26761
2023,12,25,5,48.10677
2023,12,25,6,49.58934
2023,12,25,7,51.79388
2023,12,25,8,38.56325
2023,12,25,9,34.20253
2023,12,25,10,24.7662
2023,12,25,11,22.77943
2023,12,25,12,21.56743
2023,12,25,13,20.35786
2023,12,25,14,21.92024
2023,12,25,15,23.24405
2023,12,25,16,40.62717
2023,12,25,17,50.69266
2023,12,25,18,51.9417
2023,12,25,19,50.87469
2023,12,25,20,51.23302
2023,12,25,21,51.15244
2023,12,25,22,51.33537
2023,12,25,23,50.43382
2023,12,25,24,48.88517
2023,12,26,1,47.10835
2023,12,26,2,41.48798
2023,12,26,3,41.6117
2023,12,26,4,41.50003
2023,12,26,5,45.03603
2023,12,26,6,47.90802
2023,12,26,7,50.55612
2023,12,26,8,50.46157
2023,12,26,9,39.83595
2023,12,26,10,37.25433
2023,12,26,11,35.6192
2023,12,26,12,35.06632
2023,12,26,13,33.03792
2023,12,26,14,32.18009
2023,12,26,15,35.38493
2023,12,26,16,41.45298
2023,12,26,17,55.42059
2023,12,26,18,57.83876
2023,12,26,19,56.58671
2023,12,26,20,54.95231
2023,12,26,21,53.83016
2023,12,26,22,53.21117
2023,12,26,23,52.43536
2023,12,26,24,46.20152
2023,12,27,1,43.11809
2023,12,27,2,41.3081
2023,12,27,3,40.1872
2023,12,27,4,40.19789
2023,12,27,5,40.71723
2023,12,27,6,46.94946
2023,12,27,7,50.38731
2023,12,27,8,49.26532
2023,12,27,9,40.54332
2023,12,27,10,37.9963
2023,12,27,11,37.47988
2023,12,27,12,36.77416
2023,12,27,13,38.29104
2023,12,27,14,39.72989
2023,12,27,15,40.88746
2023,12,27,16,47.06522
2023,12,27,17,53.4601
2023,12,27,18,56.33294
2023,12,27,19,53.08166
2023,12,27,20,53.03622
2023,12,27,21,52.25526
2023,12,27,22,51.26635
2023,12,27,23,48.6824
2023,12,27,24,44.83103
2023,12,28,1,47.34334
2023,12,28,2,43.01513
2023,12,28,3,45.35668
2023,12,28,4,42.29183
2023,12,28,5,45.51549
2023,12,28,6,50.46903
2023,12,28,7,51.48991
2023,12,28,8,49.60946
2023,12,28,9,40.32972
2023,12,28,10,36.91076
2023,12,28,11,33.46387
2023,12,28,12,31.24211
2023,12,28,13,28.6238
2023,12,28,14,28.78974
2023,12,28,15,31.96094
2023,12,28,16,42.85793
2023,12,28,17,55.46837
2023,12,28,18,56.30871
2023,12,28,19,56.26152
2023,12,28,20,55.88249
2023,12,28,21,55.36576
2023,12,28,22,55.16185
2023,12,28,23,54.41002
2023,12,28,24,51.33184
2023,12,29,1,47.07693
2023,12,29,2,43.14995
2023,12,29,3,40.98927
2023,12,29,4,40.54715
2023,12,29,5,40.83057
2023,12,29,6,47.26862
2023,12,29,7,49.32707
2023,12,29,8,47.62208
2023,12,29,9,41.10152
2023,12,29,10,39.34997
2023,12,29,11,38.75948
2023,12,29,12,37.96409
2023,12,29,13,37.53417
2023,12,29,14,37.38421
2023,12,29,15,38.98281
2023,12,29,16,41.80912
2023,12,29,17,52.36756
2023,12,29,18,55.33944
2023,12,29,19,52.89747
2023,12,29,20,52.4102
2023,12,29,21,51.86905
2023,12,29,22,51.40076
2023,12,29,23,50.97426
2023,12,29,24,48.82857
2023,12,30,1,44.98406
2023,12,30,2,44.66484
2023,12,30,3,44.52863
2023,12,30,4,44.32594
2023,12,30,5,42.96794
2023,12,30,6,40.79008
2023,12,30,7,42.94442
2023,12,30,8,40.87452
2023,12,30,9,40.23073
2023,12,30,10,36.27323
2023,12,30,11,35.3324
2023,12,30,12,32.78476
2023,12,30,13,28.86977
2023,12,30,14,28.14947
2023,12,30,15,27.91114
2023,12,30,16,39.79477
2023,12,30,17,46.78687
2023,12,30,18,47.11798
2023,12,30,19,47.12305
2023,12,30,20,46.7986
2023,12,30,21,46.80187
2023,12,30,22,46.52605
2023,12,30,23,45.61055
2023,12,31,24,46.57705
2024,1,1,1,47.42616
2024,1,1,2,46.65594
2024,1,1,3,46.02649
2024,1,1,4,45.70215
2024,1,1,5,45.30814
2024,1,1,6,43.71113
2024,1,1,7,45.60769
2024,1,1,8,47.22899
2024,1,1,9,40.5457
2024,1,1,10,34.10291
2024,1,1,11,31.83598
2024,1,1,12,29.26317
2024,1,1,13,28.00136
2024,1,1,14,27.91519
2024,1,1,15,29.41841
2024,1,1,16,39.76538
2024,1,1,17,50.88979
2024,1,1,18,51.87867
2024,1,1,19,52.21821
2024,1,1,20,52.30453
2024,1,1,21,52.11657
2024,1,1,22,51.40463
2024,1,1,23,51.19074
2024,1,1,24,48.24307
2024,1,2,1,45.99467
2024,1,2,2,45.34462
2024,1,2,3,45.09303
2024,1,2,4,45.32178
2024,1,2,5,45.70791
2024,1,2,6,49.63978
2024,1,2,7,58.37316
2024,1,2,8,59.67305
2024,1,2,9,47.27675
2024,1,2,10,41.9271
2024,1,2,11,39.21263
2024,1,2,12,38.98096
2024,1,2,13,36.33666
2024,1,2,14,35.43502
2024,1,2,15,37.48844
2024,1,2,16,47.81092
2024,1,2,17,57.28782
2024,1,2,18,60.26789
2024,1,2,19,58.45087
2024,1,2,20,58.2408
2024,1,2,21,57.08124
2024,1,2,22,56.57498
2024,1,2,23,49.85963
2024,1,2,24,48.65687
2024,1,3,1,50.66535
2024,1,3,2,50.45617
2024,1,3,3,47.01746
2024,1,3,4,46.11126
2024,1,3,5,45.68532
2024,1,3,6,50.59461
2024,1,3,7,54.37022
2024,1,3,8,55.06998
2024,1,3,9,51.2939
2024,1,3,10,46.38482
2024,1,3,11,43.59326
2024,1,3,12,42.18996
2024,1,3,13,37.45968
2024,1,3,14,35.59509
2024,1,3,15,39.21941
2024,1,3,16,46.75044
2024,1,3,17,57.26708
2024,1,3,18,59.50167
2024,1,3,19,57.56413
2024,1,3,20,57.02044
2024,1,3,21,56.49272
2024,1,3,22,55.81174
2024,1,3,23,51.54807
2024,1,3,24,49.84706
2024,1,4,1,47.78734
2024,1,4,2,46.58524
2024,1,4,3,46.33856
2024,1,4,4,45.90357
2024,1,4,5,46.78732
2024,1,4,6,53.03281
2024,1,4,7,61.36986
2024,1,4,8,55.75267
2024,1,4,9,46.01005
2024,1,4,10,36.29628
2024,1,4,11,31.84165
2024,1,4,12,29.52503
2024,1,4,13,27.67646
2024,1,4,14,25.06444
2024,1,4,15,29.39494
2024,1,4,16,45.27766
2024,1,4,17,64.1508
2024,1,4,18,65.10836
2024,1,4,19,65.14105
2024,1,4,20,65.26353
2024,1,4,21,65.09229
2024,1,4,22,64.55719
2024,1,4,23,64.07731
2024,1,4,24,62.90835
2024,1,5,1,68.89764
2024,1,5,2,61.347
2024,1,5,3,61.26564
2024,1,5,4,60.58504
2024,1,5,5,61.97317
2024,1,5,6,69.68431
2024,1,5,7,79.47152
2024,1,5,8,73.19416
2024,1,5,9,59.81963
2024,1,5,10,50.00656
2024,1,5,11,43.40578
2024,1,5,12,39.13567
2024,1,5,13,38.08542
2024,1,5,14,36.65736
2024,1,5,15,42.1449
2024,1,5,16,57.55252
2024,1,5,17,76.82095
2024,1,5,18,77.86163
2024,1,5,19,77.94938
2024,1,5,20,77.82066
2024,1,5,21,77.7556
2024,1,5,22,77.25825
2024,1,5,23,76.48793
2024,1,5,24,76.22798
2024,1,6,1,70.56671
2024,1,6,2,70.03759
2024,1,6,3,69.42724
2024,1,6,4,68.59552
2024,1,6,5,67.18997
2024,1,6,6,70.45163
2024,1,6,7,70.76177
2024,1,6,8,67.87522
2024,1,6,9,55.89101
2024,1,6,10,48.21112
2024,1,6,11,43.81732
2024,1,6,12,41.70241
2024,1,6,13,33.79301
2024,1,6,14,32.68439
2024,1,6,15,41.80662
2024,1,6,16,55.31086
2024,1,6,17,69.86815
2024,1,6,18,70.82966
2024,1,6,19,70.81039
2024,1,6,20,69.95533
2024,1,6,21,69.49871
2024,1,6,22,70.13579
2024,1,6,23,69.81125
2024,1,6,24,68.50517
2024,1,7,1,71.57334
2024,1,7,2,66.73271
2024,1,7,3,63.59653
2024,1,7,4,62.85543
2024,1,7,5,64.44246
2024,1,7,6,71.01145
2024,1,7,7,72.95153
2024,1,7,8,68.18111
2024,1,7,9,57.56526
2024,1,7,10,39.84084
2024,1,7,11,36.86877
2024,1,7,12,34.25022
2024,1,7,13,30.73667
2024,1,7,14,31.27991
2024,1,7,15,33.69038
2024,1,7,16,55.53089
2024,1,7,17,75.45436
2024,1,7,18,78.63577
2024,1,7,19,78.96507
2024,1,7,20,79.06173
2024,1,7,21,78.31133
2024,1,7,22,78.56461
2024,1,7,23,77.64159
2024,1,7,24,75.65196
2024,1,8,1,74.04156
2024,1,8,2,73.5738
2024,1,8,3,73.35606
2024,1,8,4,73.2524
2024,1,8,5,74.85392
2024,1,8,6,93.23267
2024,1,8,7,110.04256
2024,1,8,8,106.9846
2024,1,8,9,78.01349
2024,1,8,10,75.36367
2024,1,8,11,67.03883
2024,1,8,12,64.66085
2024,1,8,13,58.86386
2024,1,8,14,59.01293
2024,1,8,15,61.24672
2024,1,8,16,77.26172
2024,1,8,17,105.65826
2024,1,8,18,111.69418
2024,1,8,19,111.30362
2024,1,8,20,108.80303
2024,1,8,21,107.57647
2024,1,8,22,106.13571
2024,1,8,23,98.84946
2024,1,8,24,94.87553
2024,1,9,1,78.48466
2024,1,9,2,72.89187
2024,1,9,3,72.74222
2024,1,9,4,72.78014
2024,1,9,5,74.70299
2024,1,9,6,83.51741
2024,1,9,7,96.03597
2024,1,9,8,87.32629
2024,1,9,9,65.33932
2024,1,9,10,55.37719
2024,1,9,11,52.08319
2024,1,9,12,48.47951
2024,1,9,13,43.43283
2024,1,9,14,38.75283
2024,1,9,15,39.67725
2024,1,9,16,59.80319
2024,1,9,17,75.93662
2024,1,9,18,79.61663
2024,1,9,19,78.49548
2024,1,9,20,77.79221
2024,1,9,21,76.30538
2024,1,9,22,76.6473
2024,1,9,23,75.28241
2024,1,9,24,68.72179
2024,1,10,1,69.87805
2024,1,10,2,68.88637
2024,1,10,3,68.9967
2024,1,10,4,68.52291
2024,1,10,5,68.90041
2024,1,10,6,78.90185
2024,1,10,7,92.89958
2024,1,10,8,85.58425
2024,1,10,9,70.20825
2024,1,10,10,62.77279
2024,1,10,11,56.79272
2024,1,10,12,53.816
2024,1,10,13,48.77652
2024,1,10,14,46.60518
2024,1,10,15,50.03896
2024,1,10,16,69.38471
2024,1,10,17,91.51091
2024,1,10,18,95.5314
2024,1,10,19,95.16616
2024,1,10,20,93.52757
2024,1,10,21,92.35772
2024,1,10,22,92.38601
2024,1,10,23,79.99474
2024,1,10,24,75.3593
2024,1,11,1,72.56868
2024,1,11,2,72.02088
2024,1,11,3,71.78654
2024,1,11,4,72.043
2024,1,11,5,72.97487
2024,1,11,6,85.07957
2024,1,11,7,102.0419
2024,1,11,8,95.81491
2024,1,11,9,82.29002
2024,1,11,10,69.76093
2024,1,11,11,64.59215
2024,1,11,12,61.72109
2024,1,11,13,54.08282
2024,1,11,14,51.2889
2024,1,11,15,55.82982
2024,1,11,16,78.82523
2024,1,11,17,102.1678
2024,1,11,18,109.93431
2024,1,11,19,110.4997
2024,1,11,20,108.28177
2024,1,11,21,106.78792
2024,1,11,22,105.13649
2024,1,11,23,102.31867
2024,1,11,24,97.56265
2024,1,12,1,79.14486
2024,1,12,2,78.92156
2024,1,12,3,77.90884
2024,1,12,4,78.01749
2024,1,12,5,85.15609
2024,1,12,6,90.19794
2024,1,12,7,102.29659
2024,1,12,8,98.14427
2024,1,12,9,80.07289
2024,1,12,10,71.90557
2024,1,12,11,66.36107
2024,1,12,12,61.03944
2024,1,12,13,57.85085
2024,1,12,14,54.02229
2024,1,12,15,58.06878
2024,1,12,16,75.09431
2024,1,12,17,91.69164
2024,1,12,18,95.95906
2024,1,12,19,95.09941
2024,1,12,20,94.32054
2024,1,12,21,93.58536
2024,1,12,22,88.747
2024,1,12,23,87.33933
2024,1,12,24,77.81283
2024,1,13,1,188.2333
2024,1,13,2,171.8396
2024,1,13,3,169.91393
2024,1,13,4,169.94373
2024,1,13,5,170.29326
2024,1,13,6,187.45082
2024,1,13,7,189.42844
2024,1,13,8,180.69975
2024,1,13,9,139.48294
2024,1,13,10,131.0583
2024,1,13,11,123.69602
2024,1,13,12,115.65353
2024,1,13,13,108.72971
2024,1,13,14,107.10767
2024,1,13,15,114.25199
2024,1,13,16,151.78352
2024,1,13,17,195.96312
2024,1,13,18,197.93253
2024,1,13,19,196.18387
2024,1,13,20,194.20956
2024,1,13,21,194.9146
2024,1,13,22,193.47289
2024,1,13,23,184.35947
2024,1,13,24,181.0657
2024,1,14,1,173.88663
2024,1,14,2,172.21896
2024,1,14,3,165.78593
2024,1,14,4,165.94067
2024,1,14,5,164.8254
2024,1,14,6,170.85954
2024,1,14,7,180.17435
2024,1,14,8,170.04655
2024,1,14,9,140.06703
2024,1,14,10,118.1043
2024,1,14,11,104.73176
2024,1,14,12,99.61051
2024,1,14,13,88.26133
2024,1,14,14,86.25702
2024,1,14,15,95.71611
2024,1,14,16,137.37299
2024,1,14,17,185.07545
2024,1,14,18,200.3718
2024,1,14,19,197.7009
2024,1,14,20,199.77933
2024,1,14,21,199.59567
2024,1,14,22,196.97209
2024,1,14,23,194.47533
2024,1,14,24,185.99281
2024,1,15,1,205.29987
2024,1,15,2,191.28287
2024,1,15,3,190.89426
2024,1,15,4,189.66714
2024,1,15,5,191.3404
2024,1,15,6,210.11247
2024,1,15,7,224.68456
2024,1,15,8,215.54
2024,1,15,9,178.1477
2024,1,15,10,146.11894
2024,1,15,11,146.46678
2024,1,15,12,140.4754
2024,1,15,13,140.07782
2024,1,15,14,135.69524
2024,1,15,15,143.63246
2024,1,15,16,176.01137
2024,1,15,17,241.11906
2024,1,15,18,253.22849
2024,1,15,19,250.0
2024,1,15,20,257.0694
2024,1,15,21,253.3955
2024,1,15,22,250.15163
2024,1,15,23,231.8913
2024,1,15,24,219.6719
2024,1,16,1,210.29823
2024,1,16,2,207.12437
2024,1,16,3,208.80888
2024,1,16,4,208.29568
2024,1,16,5,212.81422
2024,1,16,6,217.4734
2024,1,16,7,224.27763
2024,1,16,8,220.06636
2024,1,16,9,181.17291
2024,1,16,10,160.02321
2024,1,16,11,146.76295
2024,1,16,12,147.35046
2024,1,16,13,137.68962
2024,1,16,14,135.09264
2024,1,16,15,144.73387
2024,1,16,16,162.0677
2024,1,16,17,226.9651
2024,1,16,18,224.95502
2024,1,16,19,231.38782
2024,1,16,20,232.43956
2024,1,16,21,229.4557
2024,1,16,22,222.41675
2024,1,16,23,210.78629
2024,1,16,24,205.61673
2024,1,17,1,80.86367
2024,1,17,2,75.0712
2024,1,17,3,73.6665
2024,1,17,4,73.34589
2024,1,17,5,78.01123
2024,1,17,6,84.14487
2024,1,17,7,91.82923
2024,1,17,8,90.8061
2024,1,17,9,80.59725
2024,1,17,10,68.48311
2024,1,17,11,64.14627
2024,1,17,12,54.84853
2024,1,17,13,46.8983
2024,1,17,14,44.42164
2024,1,17,15,46.96329
2024,1,17,16,61.85981
2024,1,17,17,80.53836
2024,1,17,18,81.58236
2024,1,17,19,80.05644
2024,1,17,20,82.88321
2024,1,17,21,81.41447
2024,1,17,22,81.17302
2024,1,17,23,79.50271
2024,1,17,24,72.8319
2024,1,18,1,48.72956
2024,1,18,2,48.49014
2024,1,18,3,48.33611
2024,1,18,4,49.10697
2024,1,18,5,50.97967
2024,1,18,6,62.51379
2024,1,18,7,76.56726
2024,1,18,8,69.83727
2024,1,18,9,58.25263
2024,1,18,10,49.82864
2024,1,18,11,45.59071
2024,1,18,12,40.82371
2024,1,18,13,35.53819
2024,1,18,14,37.07802
2024,1,18,15,40.71378
2024,1,18,16,56.64781
2024,1,18,17,75.62887
2024,1,18,18,80.18076
2024,1,18,19,79.42116
2024,1,18,20,77.91296
2024,1,18,21,74.24052
2024,1,18,22,73.47161
2024,1,18,23,67.53694
2024,1,18,24,63.78335
2024,1,19,1,64.34132
2024,1,19,2,59.91975
2024,1,19,3,59.20411
2024,1,19,4,59.50766
2024,1,19,5,63.44645
2024,1,19,6,66.92143
2024,1,19,7,78.29639
2024,1,19,8,78.4901
2024,1,19,9,68.08063
2024,1,19,10,57.87691
2024,1,19,11,56.19676
2024,1,19,12,54.3006
2024,1,19,13,51.63116
2024,1,19,14,53.47207
2024,1,19,15,55.43956
2024,1,19,16,65.74305
2024,1,19,17,78.65587
2024,1,19,18,80.66434
2024,1,19,19,79.23762
2024,1,19,20,72.86401
2024,1,19,21,68.86609
2024,1,19,22,66.16617
2024,1,19,23,64.9063
2024,1,19,24,56.06968
2024,1,20,1,56.67564
2024,1,20,2,52.19848
2024,1,20,3,52.08011
2024,1,20,4,51.92247
2024,1,20,5,53.00947
2024,1,20,6,52.83555
2024,1,20,7,58.82653
2024,1,20,8,58.15042
2024,1,20,9,50.89045
2024,1,20,10,50.37426
2024,1,20,11,45.75125
2024,1,20,12,45.4495
2024,1,20,13,44.3127
2024,1,20,14,43.41087
2024,1,20,15,46.80071
2024,1,20,16,58.59905
2024,1,20,17,65.34282
2024,1,20,18,68.63502
2024,1,20,19,66.77
2024,1,20,20,65.4601
2024,1,20,21,65.93653
2024,1,20,22,63.61866
2024,1,20,23,58.36864
2024,1,20,24,52.65059
2024,1,21,1,49.80792
2024,1,21,2,49.53866
2024,1,21,3,48.60163
2024,1,21,4,48.74596
2024,1,21,5,48.41302
2024,1,21,6,48.86352
2024,1,21,7,47.26423
2024,1,21,8,49.24836
2024,1,21,9,46.1146
2024,1,21,10,43.63901
2024,1,21,11,42.55965
2024,1,21,12,41.44292
2024,1,21,13,40.23732
2024,1,21,14,40.19743
2024,1,21,15,41.32417
2024,1,21,16,44.29081
2024,1,21,17,58.49197
2024,1,21,18,63.1446
2024,1,21,19,62.63742
2024,1,21,20,60.09536
2024,1,21,21,59.55857
2024,1,21,22,58.38744
2024,1,21,23,53.50383
2024,1,21,24,49.35486
2024,1,22,1,50.53377
2024,1,22,2,50.28943
2024,1,22,3,50.33577
2024,1,22,4,50.21355
2024,1,22,5,51.10345
2024,1,22,6,53.35299
2024,1,22,7,70.47487
2024,1,22,8,73.2993
2024,1,22,9,74.29421
2024,1,22,10,73.57777
2024,1,22,11,68.65286
2024,1,22,12,65.62468
2024,1,22,13,64.02264
2024,1,22,14,62.50654
2024,1,22,15,62.03566
2024,1,22,16,67.99672
2024,1,22,17,74.43536
2024,1,22,18,78.58894
2024,1,22,19,75.86263
2024,1,22,20,73.56795
2024,1,22,21,66.61051
2024,1,22,22,64.90208
2024,1,22,23,52.55966
2024,1,22,24,51.33286
2024,1,23,1,45.01012
2024,1,23,2,44.62581
2024,1,23,3,44.25311
2024,1,23,4,44.14543
2024,1,23,5,44.50673
2024,1,23,6,51.81451
2024,1,23,7,64.06705
2024,1,23,8,64.34092
2024,1,23,9,52.61754
2024,1,23,10,46.33562
2024,1,23,11,42.96337
2024,1,23,12,41.40421
2024,1,23,13,37.44322
2024,1,23,14,31.99702
2024,1,23,15,34.98783
2024,1,23,16,43.18688
2024,1,23,17,63.72779
2024,1,23,18,67.52411
2024,1,23,19,66.7516
2024,1,23,20,65.33136
2024,1,23,21,64.99387
2024,1,23,22,64.54811
2024,1,23,23,56.05128
2024,1,23,24,50.76153
2024,1,24,1,50.09476
2024,1,24,2,50.09764
2024,1,24,3,49.76508
2024,1,24,4,49.7483
2024,1,24,5,51.21519
2024,1,24,6,64.46194
2024,1,24,7,71.31931
2024,1,24,8,68.94347
2024,1,24,9,52.39669
2024,1,24,10,50.09395
2024,1,24,11,48.00972
2024,1,24,12,46.41178
2024,1,24,13,44.94998
2024,1,24,14,44.41429
2024,1,24,15,46.02443
2024,1,24,16,57.32581
2024,1,24,17,68.49301
2024,1,24,18,72.63788
2024,1,24,19,70.50324
2024,1,24,20,68.32057
2024,1,24,21,67.22162
2024,1,24,22,64.87897
2024,1,24,23,58.92009
2024,1,24,24,49.88231
2024,1,25,1,49.71011
2024,1,25,2,46.9769
2024,1,25,3,45.7729
2024,1,25,4,45.5156
2024,1,25,5,46.12824
2024,1,25,6,52.89862
2024,1,25,7,58.5357
2024,1,25,8,57.111
2024,1,25,9,52.227
2024,1,25,10,42.9063
2024,1,25,11,36.66702
2024,1,25,12,33.81439
2024,1,25,13,30.6046
2024,1,25,14,28.07723
2024,1,25,15,29.85452
2024,1,25,16,40.55678
2024,1,25,17,56.93225
2024,1,25,18,63.61342
2024,1,25,19,63.3138
2024,1,25,20,62.94514
2024,1,25,21,62.62335
2024,1,25,22,62.13684
2024,1,25,23,56.52533
2024,1,25,24,50.86054
2024,1,26,1,53.56212
2024,1,26,2,53.6147
2024,1,26,3,53.07062
2024,1,26,4,53.24152
2024,1,26,5,54.05271
2024,1,26,6,59.76739
2024,1,26,7,71.17242
2024,1,26,8,68.12168
2024,1,26,9,52.44265
2024,1,26,10,41.25518
2024,1,26,11,38.17625
2024,1,26,12,33.96485
2024,1,26,13,33.64668
2024,1,26,14,31.03064
2024,1,26,15,33.22411
2024,1,26,16,45.62898
2024,1,26,17,66.87175
2024,1,26,18,68.34038
2024,1,26,19,68.54858
2024,1,26,20,67.89115
2024,1,26,21,66.16334
2024,1,26,22,65.3052
2024,1,26,23,60.9226
2024,1,26,24,56.03394
2024,1,27,1,48.24588
2024,1,27,2,48.24588
2024,1,27,3,48.13304
2024,1,27,4,43.77678
2024,1,27,5,44.39151
2024,1,27,6,48.0169
2024,1,27,7,50.44496
2024,1,27,8,48.70738
2024,1,27,9,41.52578
2024,1,27,10,30.74888
2024,1,27,11,26.6552
2024,1,27,12,24.6674
2024,1,27,13,22.92132
2024,1,27,14,21.82333
2024,1,27,15,24.84029
2024,1,27,16,32.43043
2024,1,27,17,57.89057
2024,1,27,18,59.76006
2024,1,27,19,59.57091
2024,1,27,20,59.07358
2024,1,27,21,57.96277
2024,1,27,22,57.85663
2024,1,27,23,55.61364
2024,1,27,24,48.76033
2024,1,28,1,45.79858
2024,1,28,2,44.80452
2024,1,28,3,44.19653
2024,1,28,4,44.0115
2024,1,28,5,43.0004
2024,1,28,6,44.95762
2024,1,28,7,45.20534
2024,1,28,8,45.3449
2024,1,28,9,36.27409
2024,1,28,10,24.87277
2024,1,28,11,21.02691
2024,1,28,12,18.63014
2024,1,28,13,16.738
2024,1,28,14,17.66466
2024,1,28,15,21.41124
2024,1,28,16,37.39557
2024,1,28,17,53.66699
2024,1,28,18,56.68735
2024,1,28,19,57.31449
2024,1,28,20,56.02121
2024,1,28,21,55.62022
2024,1,28,22,55.01275
2024,1,28,23,53.10359
2024,1,28,24,50.15366
2024,1,29,1,45.61119
2024,1,29,2,43.25418
2024,1,29,3,43.37089
2024,1,29,4,43.62082
2024,1,29,5,45.74916
2024,1,29,6,50.68938
2024,1,29,7,61.91509
2024,1,29,8,53.41023
2024,1,29,9,45.37041
2024,1,29,10,31.24644
2024,1,29,11,27.87635
2024,1,29,12,26.09747
2024,1,29,13,24.60019
2024,1,29,14,22.46723
2024,1,29,15,25.4858
2024,1,29,16,36.96111
2024,1,29,17,61.13339
2024,1,29,18,63.78316
2024,1,29,19,63.94999
2024,1,29,20,63.58365
2024,1,29,21,62.82631
2024,1,29,22,62.43042
2024,1,29,23,60.65825
2024,1,29,24,51.56766
2024,1,30,1,40.3421
2024,1,30,2,39.40196
2024,1,30,3,38.30662
2024,1,30,4,38.35448
2024,1,30,5,39.57618
2024,1,30,6,44.39626
2024,1,30,7,56.92274
2024,1,30,8,53.02212
2024,1,30,9,36.01766
2024,1,30,10,22.3602
2024,1,30,11,20.32362
2024,1,30,12,18.55662
2024,1,30,13,17.86774
2024,1,30,14,17.73227
2024,1,30,15,19.88422
2024,1,30,16,35.89266
2024,1,30,17,52.67143
2024,1,30,18,58.01762
2024,1,30,19,56.3737
2024,1,30,20,54.10648
2024,1,30,21,53.56993
2024,1,30,22,53.35644
2024,1,30,23,47.35682
2024,1,31,24,41.60273
2024,2,1,1,39.64465
2024,2,1,2,37.64009
2024,2,1,3,37.64824
2024,2,1,4,37.63834
2024,2,1,5,38.0506
2024,2,1,6,42.11596
2024,2,1,7,52.64596
2024,2,1,8,54.76664
2024,2,1,9,55.93938
2024,2,1,10,57.82973
2024,2,1,11,55.02109
2024,2,1,12,48.05428
2024,2,1,13,47.1107
2024,2,1,14,44.99196
2024,2,1,15,44.82227
2024,2,1,16,49.44936
2024,2,1,17,56.56023
2024,2,1,18,60.72647
2024,2,1,19,56.50676
2024,2,1,20,54.82824
2024,2,1,21,53.87719
2024,2,1,22,52.64344
2024,2,1,23,47.34523
2024,2,1,24,42.49789
2024,2,2,1,41.63359
2024,2,2,2,39.08369
2024,2,2,3,37.88871
2024,2,2,4,37.65015
2024,2,2,5,38.83169
2024,2,2,6,46.84932
2024,2,2,7,53.96481
2024,2,2,8,52.7299
2024,2,2,9,42.6015
2024,2,2,10,35.50924
2024,2,2,11,28.84068
2024,2,2,12,25.70514
2024,2,2,13,23.90831
2024,2,2,14,22.05505
2024,2,2,15,23.28553
2024,2,2,16,32.18927
2024,2,2,17,48.67611
2024,2,2,18,54.59457
2024,2,2,19,52.02608
2024,2,2,20,51.57114
2024,2,2,21,50.6968
2024,2,2,22,49.67915
2024,2,2,23,46.99292
2024,2,2,24,44.24202
2024,2,3,1,39.44233
2024,2,3,2,42.30327
2024,2,3,3,39.4906
2024,2,3,4,42.31327
2024,2,3,5,43.18159
2024,2,3,6,41.59412
2024,2,3,7,49.79362
2024,2,3,8,42.68189
2024,2,3,9,23.49329
2024,2,3,10,18.53572
2024,2,3,11,18.23067
2024,2,3,12,17.89082
2024,2,3,13,16.73266
2024,2,3,14,16.69955
2024,2,3,15,17.6786
2024,2,3,16,29.8527
2024,2,3,17,48.88436
2024,2,3,18,51.58365
2024,2,3,19,51.06274
2024,2,3,20,50.75474
2024,2,3,21,50.53055
2024,2,3,22,50.09688
2024,2,3,23,47.38017
2024,2,3,24,44.93397
2024,2,4,1,44.82737
2024,2,4,2,44.33213
2024,2,4,3,44.46499
2024,2,4,4,44.21698
2024,2,4,5,43.74977
2024,2,4,6,45.05854
2024,2,4,7,46.27455
2024,2,4,8,42.32184
2024,2,4,9,39.24501
2024,2,4,10,35.53001
2024,2,4,11,36.70139
2024,2,4,12,35.81949
2024,2,4,13,35.22098
2024,2,4,14,33.76896
2024,2,4,15,35.58128
2024,2,4,16,41.58216
2024,2,4,17,53.2321
2024,2,4,18,54.27786
2024,2,4,19,54.24595
2024,2,4,20,53.92098
2024,2,4,21,53.39036
2024,2,4,22,52.08608
2024,2,4,23,47.37596
2024,2,4,24,45.44187
2024,2,5,1,47.98504
2024,2,5,2,48.19995
2024,2,5,3,46.35924
2024,2,5,4,45.94621
2024,2,5,5,47.19601
2024,2,5,6,51.58192
2024,2,5,7,56.64382
2024,2,5,8,58.03886
2024,2,5,9,54.56316
2024,2,5,10,54.1697
2024,2,5,11,46.47665
2024,2,5,12,45.65456
2024,2,5,13,45.33867
2024,2,5,14,45.39935
2024,2,5,15,46.1527
2024,2,5,16,56.21423
2024,2,5,17,63.53082
2024,2,5,18,65.35339
2024,2,5,19,63.84993
2024,2,5,20,62.78488
2024,2,5,21,61.35911
2024,2,5,22,59.44106
2024,2,5,23,52.46443
2024,2,5,24,52.57828
2024,2,6,1,49.57699
2024,2,6,2,44.6576
2024,2,6,3,44.38434
2024,2,6,4,44.34875
2024,2,6,5,44.83408
2024,2,6,6,53.54347
2024,2,6,7,56.62147
2024,2,6,8,57.34202
2024,2,6,9,54.09778
2024,2,6,10,51.43446
2024,2,6,11,47.7205
2024,2,6,12,43.48103
2024,2,6,13,43.28723
2024,2,6,14,43.21518
2024,2,6,15,43.19714
2024,2,6,16,46.99132
2024,2,6,17,53.62633
2024,2,6,18,54.57972
2024,2,6,19,54.85206
2024,2,6,20,53.62273
2024,2,6,21,53.28522
2024,2,6,22,52.02372
2024,2,6,23,50.27991
2024,2,6,24,48.6618
2024,2,7,1,45.46082
2024,2,7,2,43.90157
2024,2,7,3,43.65929
2024,2,7,4,42.61737
2024,2,7,5,43.93849
2024,2,7,6,46.27726
2024,2,7,7,55.77534
2024,2,7,8,51.48774
2024,2,7,9,42.4221
2024,2,7,10,34.05122
2024,2,7,11,28.84422
2024,2,7,12,25.86803
2024,2,7,13,25.14301
2024,2,7,14,29.98661
2024,2,7,15,30.97054
2024,2,7,16,40.53386
2024,2,7,17,49.67124
2024,2,7,18,56.13
2024,2,7,19,58.15497
2024,2,7,20,56.53509
2024,2,7,21,54.3709
2024,2,7,22,52.45716
2024,2,7,23,51.26798
2024,2,7,24,47.21909
2024,2,8,1,40.27971
2024,2,8,2,40.29667
2024,2,8,3,39.82839
2024,2,8,4,39.82978
2024,2,8,5,40.46349
2024,2,8,6,48.03038
2024,2,8,7,58.12063
2024,2,8,8,52.26648
2024,2,8,9,33.12796
2024,2,8,10,19.37846
2024,2,8,11,17.52844
2024,2,8,12,15.30612
2024,2,8,13,15.65189
2024,2,8,14,15.75416
2024,2,8,15,17.88973
2024,2,8,16,20.75997
2024,2,8,17,46.45881
2024,2,8,18,60.73671
2024,2,8,19,59.86552
2024,2,8,20,59.74497
2024,2,8,21,59.03188
2024,2,8,22,58.20091
2024,2,8,23,47.4206
2024,2,8,24,46.92388
2024,2,9,1,48.89468
2024,2,9,2,48.33299
2024,2,9,3,48.22057
2024,2,9,4,47.85914
2024,2,9,5,49.48588
2024,2,9,6,62.62042
2024,2,9,7,69.67707
2024,2,9,8,63.82635
2024,2,9,9,41.3678
2024,2,9,10,28.38503
2024,2,9,11,24.75151
2024,2,9,12,22.19885
2024,2,9,13,21.7238
2024,2,9,14,19.99553
2024,2,9,15,19.99068
2024,2,9,16,28.07056
2024,2,9,17,52.63158
2024,2,9,18,61.56181
2024,2,9,19,61.61841
2024,2,9,20,61.06234
2024,2,9,21,60.82102
2024,2,9,22,59.5201
2024,2,9,23,57.98913
2024,2,9,24,48.77281
2024,2,10,1,50.04529
2024,2,10,2,48.89963
2024,2,10,3,48.222
2024,2,10,4,47.67458
2024,2,10,5,48.41418
2024,2,10,6,50.14885
2024,2,10,7,58.11971
2024,2,10,8,48.25018
2024,2,10,9,23.44452
2024,2,10,10,14.94147
2024,2,10,11,10.64501
2024,2,10,12,6.95876
2024,2,10,13,5.70018
2024,2,10,14,3.3297
2024,2,10,15,4.81032
2024,2,10,16,13.23455
2024,2,10,17,45.60836
2024,2,10,18,59.72257
2024,2,10,19,60.40512
2024,2,10,20,59.99291
2024,2,10,21,59.7561
2024,2,10,22,59.55712
2024,2,10,23,56.69659
2024,2,10,24,52.30215
2024,2,11,1,51.28064
2024,2,11,2,50.67279
2024,2,11,3,50.44903
2024,2,11,4,50.25631
2024,2,11,5,48.92982
2024,2,11,6,50.61854
2024,2,11,7,50.94005
2024,2,11,8,43.95069
2024,2,11,9,17.28233
2024,2,11,10,5.78001
2024,2,11,11,5.16029
2024,2,11,12,4.5192
2024,2,11,13,3.47979
2024,2,11,14,2.08266
2024,2,11,15,2.04886
2024,2,11,16,9.02882
2024,2,11,17,42.52409
2024,2,11,18,54.68964
2024,2,11,19,55.35289
2024,2,11,20,55.08156
2024,2,11,21,55.03552
2024,2,11,22,54.82446
2024,2,11,23,54.75214
2024,2,11,24,53.57921
2024,2,12,1,50.64948
2024,2,12,2,49.16619
2024,2,12,3,48.89623
2024,2,12,4,48.83905
2024,2,12,5,53.65415
2024,2,12,6,58.47619
2024,2,12,7,65.12768
2024,2,12,8,54.67518
2024,2,12,9,30.77937
2024,2,12,10,19.54129
2024,2,12,11,17.30182
2024,2,12,12,15.69975
2024,2,12,13,14.43951
2024,2,12,14,14.24079
2024,2,12,15,15.24345
2024,2,12,16,22.36499
2024,2,12,17,51.49495
2024,2,12,18,65.84595
2024,2,12,19,66.34971
2024,2,12,20,66.09645
2024,2,12,21,65.03186
2024,2,12,22,64.18219
2024,2,12,23,61.82649
2024,2,12,24,55.17346
2024,2,13,1,46.12583
2024,2,13,2,46.16983
2024,2,13,3,45.73875
2024,2,13,4,45.6799
2024,2,13,5,47.87524
2024,2,13,6,53.32456
2024,2,13,7,64.05909
2024,2,13,8,50.09739
2024,2,13,9,35.93344
2024,2,13,10,23.33011
2024,2,13,11,18.72049
2024,2,13,12,16.43589
2024,2,13,13,14.76437
2024,2,13,14,14.14141
2024,2,13,15,15.01442
2024,2,13,16,21.02098
2024,2,13,17,47.94159
2024,2,13,18,61.93709
2024,2,13,19,61.1088
2024,2,13,20,57.88304
2024,2,13,21,57.525
2024,2,13,22,56.94963
2024,2,13,23,52.31393
2024,2,13,24,49.99513
2024,2,14,1,47.01493
2024,2,14,2,44.81734
2024,2,14,3,44.69635
2024,2,14,4,45.0883
2024,2,14,5,48.68549
2024,2,14,6,52.31501
2024,2,14,7,60.06649
2024,2,14,8,50.13329
2024,2,14,9,30.3605
2024,2,14,10,22.2244
2024,2,14,11,19.62972
2024,2,14,12,16.51923
2024,2,14,13,15.72389
2024,2,14,14,16.46294
2024,2,14,15,18.24541
2024,2,14,16,24.3745
2024,2,14,17,46.74544
2024,2,14,18,61.79284
2024,2,14,19,61.34994
2024,2,14,20,61.34883
2024,2,14,21,58.3826
2024,2,14,22,57.60411
2024,2,14,23,50.59018
2024,2,14,24,48.16764
2024,2,15,1,44.50942
2024,2,15,2,42.63489
2024,2,15,3,42.0606
2024,2,15,4,43.75769
2024,2,15,5,45.05949
2024,2,15,6,51.09803
2024,2,15,7,59.40154
2024,2,15,8,48.95874
2024,2,15,9,29.17149
2024,2,15,10,18.7251
2024,2,15,11,14.09526
2024,2,15,12,12.5829
2024,2,15,13,10.27377
2024,2,15,14,9.56243
2024,2,15,15,11.02887
2024,2,15,16,13.51096
2024,2,15,17,40.44118
2024,2,15,18,53.64807
2024,2,15,19,54.84143
2024,2,15,20,51.97361
2024,2,15,21,51.65089
2024,2,15,22,51.0423
2024,2,15,23,45.95659
2024,2,15,24,44.8524
2024,2,16,1,45.18931
2024,2,16,2,44.24566
2024,2,16,3,42.20411
2024,2,16,4,44.00695
2024,2,16,5,45.19248
2024,2,16,6,49.10173
2024,2,16,7,56.53398
2024,2,16,8,46.73886
2024,2,16,9,30.76845
2024,2,16,10,23.61368
2024,2,16,11,22.0863
2024,2,16,12,20.77914
2024,2,16,13,19.07984
2024,2,16,14,19.24868
2024,2,16,15,21.68564
2024,2,16,16,31.00528
2024,2,16,17,45.35629
2024,2,16,18,56.28975
2024,2,16,19,54.34084
2024,2,16,20,53.62731
2024,2,16,21,53.35356
2024,2,16,22,52.79599
2024,2,16,23,49.73736
2024,2,16,24,45.82966
2024,2,17,1,46.32714
2024,2,17,2,45.52457
2024,2,17,3,44.88509
2024,2,17,4,45.4924
2024,2,17,5,45.29968
2024,2,17,6,45.81212
2024,2,17,7,45.81482
2024,2,17,8,34.45487
2024,2,17,9,23.53376
2024,2,17,10,17.48416
2024,2,17,11,17.24367
2024,2,17,12,17.34022
2024,2,17,13,16.3362
2024,2,17,14,16.61672
2024,2,17,15,17.58784
2024,2,17,16,20.43113
2024,2,17,17,45.48051
2024,2,17,18,51.63038
2024,2,17,19,48.30782
2024,2,17,20,46.95884
2024,2,17,21,46.69878
2024,2,17,22,46.31335
2024,2,17,23,45.52408
2024,2,17,24,42.54581
2024,2,18,1,46.65209
2024,2,18,2,43.60442
2024,2,18,3,43.17046
2024,2,18,4,43.19257
2024,2,18,5,43.17046
2024,2,18,6,43.15731
2024,2,18,7,44.52427
2024,2,18,8,33.99
2024,2,18,9,14.6332
2024,2,18,10,7.84498
2024,2,18,11,7.96999
2024,2,18,12,6.08314
2024,2,18,13,4.92421
2024,2,18,14,5.42979
2024,2,18,15,9.15197
2024,2,18,16,17.14915
2024,2,18,17,42.36884
2024,2,18,18,53.89434
2024,2,18,19,53.89434
2024,2,18,20,53.81076
2024,2,18,21,53.62261
2024,2,18,22,53.11794
2024,2,18,23,48.47713
2024,2,18,24,43.88862
2024,2,19,1,46.03336
2024,2,19,2,44.08613
2024,2,19,3,43.8929
2024,2,19,4,44.05941
2024,2,19,5,45.43745
2024,2,19,6,50.9124
2024,2,19,7,52.72953
2024,2,19,8,45.87119
2024,2,19,9,37.06563
2024,2,19,10,35.03558
2024,2,19,11,34.23818
2024,2,19,12,33.93905
2024,2,19,13,32.58199
2024,2,19,14,32.57503
2024,2,19,15,33.56011
2024,2,19,16,36.79147
2024,2,19,17,51.30836
2024,2,19,18,58.27832
2024,2,19,19,58.63608
2024,2,19,20,57.83386
2024,2,19,21,56.84702
2024,2,19,22,55.33486
2024,2,19,23,46.32966
2024,2,19,24,43.12705
2024,2,20,1,39.64891
2024,2,20,2,39.01475
2024,2,20,3,38.93392
2024,2,20,4,38.91078
2024,2,20,5,38.99576
2024,2,20,6,45.66294
2024,2,20,7,53.09735
2024,2,20,8,53.02113
2024,2,20,9,42.22973
2024,2,20,10,39.33042
2024,2,20,11,36.65982
2024,2,20,12,35.28834
2024,2,20,13,34.00719
2024,2,20,14,35.11189
2024,2,20,15,36.88018
2024,2,20,16,41.55545
2024,2,20,17,56.65381
2024,2,20,18,62.18818
2024,2,20,19,61.94748
2024,2,20,20,58.18524
2024,2,20,21,57.67296
2024,2,20,22,56.93765
2024,2,20,23,47.86265
2024,2,20,24,43.06738
2024,2,21,1,42.93784
2024,2,21,2,39.10141
2024,2,21,3,37.60531
2024,2,21,4,37.4963
2024,2,21,5,38.5055
2024,2,21,6,44.70674
2024,2,21,7,56.19564
2024,2,21,8,44.2351
2024,2,21,9,31.27782
2024,2,21,10,16.21103
2024,2,21,11,12.78087
2024,2,21,12,11.59084
2024,2,21,13,11.25833
2024,2,21,14,11.23392
2024,2,21,15,11.68515
2024,2,21,16,16.32268
2024,2,21,17,40.35217
2024,2,21,18,51.31497
2024,2,21,19,52.59686
2024,2,21,20,51.07363
2024,2,21,21,51.09415
2024,2,21,22,50.03112
2024,2,21,23,44.60037
2024,2,21,24,42.4457
2024,2,22,1,35.26896
2024,2,22,2,35.44411
2024,2,22,3,34.96874
2024,2,22,4,35.27619
2024,2,22,5,41.60609
2024,2,22,6,48.43635
2024,2,22,7,64.78998
2024,2,22,8,46.4061
2024,2,22,9,25.38646
2024,2,22,10,16.08325
2024,2,22,11,10.20781
2024,2,22,12,6.41882
2024,2,22,13,4.45351
2024,2,22,14,4.00763
2024,2,22,15,5.66566
2024,2,22,16,13.53476
2024,2,22,17,40.91603
2024,2,22,18,61.60797
2024,2,22,19,63.21645
2024,2,22,20,60.10657
2024,2,22,21,59.88222
2024,2,22,22,58.79931
2024,2,22,23,49.21583
2024,2,22,24,43.72278
2024,2,23,1,40.22238
2024,2,23,2,38.11559
2024,2,23,3,35.67402
2024,2,23,4,35.77525
2024,2,23,5,39.4226
2024,2,23,6,45.37021
2024,2,23,7,55.35865
2024,2,23,8,47.65163
2024,2,23,9,33.34573
2024,2,23,10,22.36763
2024,2,23,11,15.69417
2024,2,23,12,10.36589
2024,2,23,13,7.90895
2024,2,23,14,9.415
2024,2,23,15,11.86159
2024,2,23,16,19.74445
2024,2,23,17,40.34618
2024,2,23,18,55.12606
2024,2,23,19,54.56006
2024,2,23,20,52.72079
2024,2,23,21,52.75945
2024,2,23,22,51.05812
2024,2,23,23,42.09919
2024,2,23,24,41.80037
2024,2,24,1,36.71255
2024,2,24,2,36.43268
2024,2,24,3,36.20971
2024,2,24,4,35.92369
2024,2,24,5,36.43636
2024,2,24,6,37.34093
2024,2,24,7,41.97328
2024,2,24,8,32.99254
2024,2,24,9,24.13687
2024,2,24,10,11.70104
2024,2,24,11,5.97318
2024,2,24,12,1.96113
2024,2,24,13,-1.5703
2024,2,24,14,-2.77471
2024,2,24,15,-1.4
2024,2,24,16,5.83135
2024,2,24,17,31.18179
2024,2,24,18,46.61843
2024,2,24,19,46.70651
2024,2,24,20,45.70989
2024,2,24,21,45.58545
2024,2,24,22,42.02564
2024,2,24,23,40.52982
2024,2,24,24,36.81111
2024,2,25,1,33.37291
2024,2,25,2,33.12905
2024,2,25,3,33.17212
2024,2,25,4,32.41322
2024,2,25,5,33.09668
2024,2,25,6,33.55048
2024,2,25,7,32.2011
2024,2,25,8,22.30957
2024,2,25,9,4.40811
2024,2,25,10,0.32004
2024,2,25,11,-3.14275
2024,2,25,12,-5.33068
2024,2,25,13,-10.04925
2024,2,25,14,-6.85726
2024,2,25,15,-0.94179
2024,2,25,16,2.32413
2024,2,25,17,32.63345
2024,2,25,18,41.80715
2024,2,25,19,42.76141
2024,2,25,20,42.35477
2024,2,25,21,41.61346
2024,2,25,22,40.94876
2024,2,25,23,36.09594
2024,2,25,24,31.61222
2024,2,26,1,30.39206
2024,2,26,2,30.52926
2024,2,26,3,29.37166
2024,2,26,4,29.89305
2024,2,26,5,31.48615
2024,2,26,6,36.02714
2024,2,26,7,39.30045
2024,2,26,8,36.51322
2024,2,26,9,31.46505
2024,2,26,10,26.57333
2024,2,26,11,23.37969
2024,2,26,12,21.09185
2024,2,26,13,20.54564
2024,2,26,14,21.4784
2024,2,26,15,23.79262
2024,2,26,16,30.79134
2024,2,26,17,37.19614
2024,2,26,18,47.02194
2024,2,26,19,46.71409
2024,2,26,20,45.31722
2024,2,26,21,44.23982
2024,2,26,22,41.97752
2024,2,26,23,33.81479
2024,2,26,24,31.96133
2024,2,27,1,29.27769
2024,2,27,2,27.64762
2024,2,27,3,28.18805
2024,2,27,4,27.61348
2024,2,27,5,32.1988
2024,2,27,6,36.34026
2024,2,27,7,45.67772
2024,2,27,8,33.5956
2024,2,27,9,11.74054
2024,2,27,10,6.24915
2024,2,27,11,0.8733
2024,2,27,12,-2.27282
2024,2,27,13,-5.26175
2024,2,27,14,-5.5292
2024,2,27,15,-3.27316
2024,2,27,16,1.33936
2024,2,27,17,24.04297
2024,2,27,18,49.31914
2024,2,27,19,51.16212
2024,2,27,20,50.4388
2024,2,27,21,49.87907
2024,2,27,22,48.93972
2024,2,27,23,48.41099
2024,2,27,24,38.39024
2024,2,28,1,32.15602
2024,2,28,2,31.01417
2024,2,28,3,30.73317
2024,2,28,4,31.47524
2024,2,28,5,32.87347
2024,2,28,6,44.91823
2024,2,28,7,49.23012
2024,2,28,8,34.34353
2024,2,28,9,13.03969
2024,2,28,10,1.96729
2024,2,28,11,-4.47552
2024,2,28,12,-7.21188
2024,2,28,13,-8.71012
2024,2,28,14,-7.69684
2024,2,28,15,-6.06475
2024,2,28,16,-0.59614
2024,2,28,17,26.00293
2024,2,28,18,47.38589
2024,2,28,19,49.88758
2024,2,28,20,46.8573
2024,2,28,21,46.25347
2024,2,28,22,44.09272
2024,2,28,23,35.87738
2024,2,29,24,30.63963
2024,3,1,1,30.36903
2024,3,1,2,29.99143
2024,3,1,3,29.8276
2024,3,1,4,29.81544
2024,3,1,5,30.90265
2024,3,1,6,41.87237
2024,3,1,7,40.19959
2024,3,1,8,27.77074
2024,3,1,9,17.86503
2024,3,1,10,13.18198
2024,3,1,11,11.39733
2024,3,1,12,9.97196
2024,3,1,13,8.47942
2024,3,1,14,8.56573
2024,3,1,15,8.88369
2024,3,1,16,15.69718
2024,3,1,17,37.13573
2024,3,1,18,47.83922
2024,3,1,19,49.07563
2024,3,1,20,44.92949
2024,3,1,21,44.73689
2024,3,1,22,44.6027
2024,3,1,23,41.26454
2024,3,1,24,38.85256
2024,3,2,1,33.51274
2024,3,2,2,32.75965
2024,3,2,3,32.93639
2024,3,2,4,32.83989
2024,3,2,5,33.02072
2024,3,2,6,34.18443
2024,3,2,7,33.71452
2024,3,2,8,20.92436
2024,3,2,9,15.34795
2024,3,2,10,15.82582
2024,3,2,11,13.74251
2024,3,2,12,11.19764
2024,3,2,13,6.53269
2024,3,2,14,4.63471
2024,3,2,15,8.01596
2024,3,2,16,16.02268
2024,3,2,17,32.04039
2024,3,2,18,44.35851
2024,3,2,19,47.30122
2024,3,2,20,44.35851
2024,3,2,21,43.8708
2024,3,2,22,43.38586
2024,3,2,23,40.55997
2024,3,2,24,38.97523
2024,3,3,1,38.54346
2024,3,3,2,34.27206
2024,3,3,3,33.04855
2024,3,3,4,33.15991
2024,3,3,5,33.69843
2024,3,3,6,33.94817
2024,3,3,7,33.72829
2024,3,3,8,13.97234
2024,3,3,9,-0.03567
2024,3,3,10,-6.57783
2024,3,3,11,-13.60603
2024,3,3,12,-17.37687
2024,3,3,13,-17.66008
2024,3,3,14,-17.61838
2024,3,3,15,-17.2885
2024,3,3,16,-4.44148
2024,3,3,17,13.18731
2024,3,3,18,43.02141
2024,3,3,19,47.94873
2024,3,3,20,44.07098
2024,3,3,21,43.29783
2024,3,3,22,43.1033
2024,3,3,23,41.6303
2024,3,3,24,40.67218
2024,3,4,1,39.62451
2024,3,4,2,39.04752
2024,3,4,3,39.60452
2024,3,4,4,39.67789
2024,3,4,5,39.59638
2024,3,4,6,44.20816
2024,3,4,7,45.67382
2024,3,4,8,36.05824
2024,3,4,9,14.00223
2024,3,4,10,1.79806
2024,3,4,11,-1.99793
2024,3,4,12,-3.70052
2024,3,4,13,-5.75868
2024,3,4,14,-4.83834
2024,3,4,15,-3.16751
2024,3,4,16,3.29983
2024,3,4,17,20.96798
2024,3,4,18,52.74374
2024,3,4,19,58.36941
2024,3,4,20,57.38132
2024,3,4,21,54.92056
2024,3,4,22,51.37919
2024,3,4,23,49.57603
2024,3,4,24,46.28903
2024,3,5,1,43.9962
2024,3,5,2,42.69835
2024,3,5,3,42.7129
2024,3,5,4,42.73408
2024,3,5,5,44.57868
2024,3,5,6,54.07654
2024,3,5,7,59.81181
2024,3,5,8,34.87901
2024,3,5,9,12.35761
2024,3,5,10,5.64278
2024,3,5,11,4.74237
2024,3,5,12,3.07056
2024,3,5,13,2.90133
2024,3,5,14,2.54945
2024,3,5,15,2.4153
2024,3,5,16,8.72855
2024,3,5,17,26.69504
2024,3,5,18,58.36163
2024,3,5,19,61.5981
2024,3,5,20,59.85873
2024,3,5,21,58.29981
2024,3,5,22,56.90727
2024,3,5,23,54.06528
2024,3,5,24,47.03371
2024,3,6,1,45.806
2024,3,6,2,42.90816
2024,3,6,3,42.1971
2024,3,6,4,44.25979
2024,3,6,5,49.03676
2024,3,6,6,56.70696
2024,3,6,7,62.23155
2024,3,6,8,43.47485
2024,3,6,9,26.86152
2024,3,6,10,21.17314
2024,3,6,11,18.87441
2024,3,6,12,15.41566
2024,3,6,13,14.91571
2024,3,6,14,14.48233
2024,3,6,15,19.21827
2024,3,6,16,32.04406
2024,3,6,17,46.70173
2024,3,6,18,55.57554
2024,3,6,19,56.49854
2024,3,6,20,55.39539
2024,3,6,21,55.12707
2024,3,6,22,53.75942
2024,3,6,23,45.48488
2024,3,6,24,43.4502
2024,3,7,1,42.19887
2024,3,7,2,41.99396
2024,3,7,3,39.88396
2024,3,7,4,39.65711
2024,3,7,5,41.78493
2024,3,7,6,43.5427
2024,3,7,7,53.10738
2024,3,7,8,39.34459
2024,3,7,9,16.78213
2024,3,7,10,8.29088
2024,3,7,11,1.98539
2024,3,7,12,-0.84187
2024,3,7,13,-3.11117
2024,3,7,14,-4.04253
2024,3,7,15,-2.63737
2024,3,7,16,1.10663
2024,3,7,17,17.89599
2024,3,7,18,51.01306
2024,3,7,19,51.07447
2024,3,7,20,50.91692
2024,3,7,21,49.93427
2024,3,7,22,48.92971
2024,3,7,23,41.84235
2024,3,7,24,38.53679
2024,3,8,1,43.55633
2024,3,8,2,43.18728
2024,3,8,3,42.47186
2024,3,8,4,43.55847
2024,3,8,5,52.12727
2024,3,8,6,59.08783
2024,3,8,7,59.44744
2024,3,8,8,36.88883
2024,3,8,9,10.27012
2024,3,8,10,-1.25051
2024,3,8,11,-6.9581
2024,3,8,12,-10.30156
2024,3,8,13,-11.87509
2024,3,8,14,-10.57888
2024,3,8,15,-9.87405
2024,3,8,16,-6.56631
2024,3,8,17,13.87042
2024,3,8,18,55.9522
2024,3,8,19,61.4332
2024,3,8,20,56.21559
2024,3,8,21,56.08959
2024,3,8,22,54.78251
2024,3,8,23,54.70339
2024,3,8,24,48.19241
2024,3,9,1,43.28827
2024,3,9,2,41.68825
2024,3,9,3,41.26721
2024,3,9,4,38.99249
2024,3,9,5,40.79419
2024,3,9,6,45.58959
2024,3,9,7,49.07631
2024,3,9,8,28.00321
2024,3,9,9,3.34822
2024,3,9,10,-7.04113
2024,3,9,11,-13.10475
2024,3,9,12,-15.18405
2024,3,9,13,-16.33098
2024,3,9,14,-15.99643
2024,3,9,15,-15.08899
2024,3,9,16,-6.8932
2024,3,9,17,20.69985
2024,3,9,18,47.94821
2024,3,9,19,48.67915
2024,3,9,20,48.63414
2024,3,9,21,47.76133
2024,3,9,22,46.95891
2024,3,9,23,43.34443
2024,3,9,24,40.67682
2024,3,10,1,47.40786
2024,3,10,2,46.97723
2024,3,10,4,42.73686
2024,3,10,5,42.33001
2024,3,10,6,40.24145
2024,3,10,7,44.88222
2024,3,10,8,43.7352
2024,3,10,9,16.04191
2024,3,10,10,2.99975
2024,3,10,11,-0.17957
2024,3,10,12,-6.44728
2024,3,10,13,-7.12773
2024,3,10,14,-8.04123
2024,3,10,15,-6.04368
2024,3,10,16,-5.2498
2024,3,10,17,3.81547
2024,3,10,18,19.69128
2024,3,10,19,43.98632
2024,3,10,20,47.22922
2024,3,10,21,47.16843
2024,3,10,22,44.7332
2024,3,10,23,43.79082
2024,3,10,24,43.12543
2024,3,11,1,34.88275
2024,3,11,2,34.13671
2024,3,11,3,32.16219
2024,3,11,4,31.61652
2024,3,11,5,32.14432
2024,3,11,6,36.91366
2024,3,11,7,55.07711
2024,3,11,8,57.98768
2024,3,11,9,33.58793
2024,3,11,10,14.77346
2024,3,11,11,4.27919
2024,3,11,12,-4.67644
2024,3,11,13,-5.12897
2024,3,11,14,-8.14599
2024,3,11,15,-7.00124
2024,3,11,16,-5.63114
2024,3,11,17,1.6384
2024,3,11,18,18.7929
2024,3,11,19,44.42649
2024,3,11,20,48.58152
2024,3,11,21,46.68344
2024,3,11,22,44.90783
2024,3,11,23,41.52435
2024,3,11,24,38.39948
2024,3,12,1,28.35944
2024,3,12,2,28.7828
2024,3,12,3,28.4392
2024,3,12,4,28.38862
2024,3,12,5,29.53859
2024,3,12,6,32.83375
2024,3,12,7,47.61845
2024,3,12,8,49.19035
2024,3,12,9,33.84079
2024,3,12,10,23.84174
2024,3,12,11,13.58541
2024,3,12,12,4.03321
2024,3,12,13,-0.38944
2024,3,12,14,-4.35216
2024,3,12,15,-6.17261
2024,3,12,16,-6.87173
2024,3,12,17,3.42602
2024,3,12,18,23.56063
2024,3,12,19,42.68787
2024,3,12,20,48.18848
2024,3,12,21,47.84218
2024,3,12,22,44.32076
2024,3,12,23,36.51489
2024,3,12,24,30.79828
2024,3,13,1,29.39388
2024,3,13,2,26.68947
2024,3,13,3,28.00758
2024,3,13,4,27.95993
2024,3,13,5,29.7072
2024,3,13,6,38.6985
2024,3,13,7,45.27477
2024,3,13,8,47.45103
2024,3,13,9,30.06009
2024,3,13,10,5.15331
2024,3,13,11,-6.95504
2024,3,13,12,-12.26649
2024,3,13,13,-16.53908
2024,3,13,14,-17.25518
2024,3,13,15,-16.54398
2024,3,13,16,-16.05208
2024,3,13,17,-12.04958
2024,3,13,18,13.55242
2024,3,13,19,41.4998
2024,3,13,20,45.20418
2024,3,13,21,45.13559
2024,3,13,22,41.2821
2024,3,13,23,41.07514
2024,3,13,24,39.92503
2024,3,14,1,41.33361
2024,3,14,2,41.20966
2024,3,14,3,34.41802
2024,3,14,4,40.73927
2024,3,14,5,39.36051
2024,3,14,6,41.97867
2024,3,14,7,51.52471
2024,3,14,8,50.5753
2024,3,14,9,30.68217
2024,3,14,10,2.98882
2024,3,14,11,-5.53225
2024,3,14,12,-9.97933
2024,3,14,13,-12.73081
2024,3,14,14,-13.18972
2024,3,14,15,-12.45816
2024,3,14,16,-14.15958
2024,3,14,17,-6.31151
2024,3,14,18,18.99018
2024,3,14,19,43.85694
2024,3,14,20,51.18278
2024,3,14,21,47.05341
2024,3,14,22,44.93626
2024,3,14,23,41.58137
2024,3,14,24,39.25988
2024,3,15,1,33.02802
2024,3,15,2,32.07698
2024,3,15,3,32.83376
2024,3,15,4,31.70955
2024,3,15,5,31.88493
2024,3,15,6,37.65044
2024,3,15,7,51.45621
2024,3,15,8,52.93246
2024,3,15,9,38.41608
2024,3,15,10,26.44738
2024,3,15,11,15.51049
2024,3,15,12,10.89428
2024,3,15,13,7.39351
2024,3,15,14,7.65363
2024,3,15,15,10.62934
2024,3,15,16,13.42159
2024,3,15,17,20.48074
2024,3,15,18,36.48058
2024,3,15,19,49.37983
2024,3,15,20,50.74567
2024,3,15,21,50.13226
2024,3,15,22,48.7064
2024,3,15,23,47.99463
2024,3,15,24,41.6589
2024,3,16,1,49.84566
2024,3,16,2,46.45842
2024,3,16,3,42.62327
2024,3,16,4,43.00151
2024,3,16,5,41.3039
2024,3,16,6,49.37711
2024,3,16,7,51.57916
2024,3,16,8,50.15269
2024,3,16,9,31.49251
2024,3,16,10,19.89086
2024,3,16,11,4.89165
2024,3,16,12,-4.58469
2024,3,16,13,-6.87925
2024,3,16,14,-7.79764
2024,3,16,15,-7.53218
2024,3,16,16,-5.70835
2024,3,16,17,3.05542
2024,3,16,18,30.65963
2024,3,16,19,46.77016
2024,3,16,20,48.32551
2024,3,16,21,48.34062
2024,3,16,22,47.90993
2024,3,16,23,43.74738
2024,3,16,24,39.17526
2024,3,17,1,34.87109
2024,3,17,2,33.99782
2024,3,17,3,33.97959
2024,3,17,4,33.92792
2024,3,17,5,33.90353
2024,3,17,6,34.90941
2024,3,17,7,36.07614
2024,3,17,8,33.37561
2024,3,17,9,11.26856
2024,3,17,10,-5.67407
2024,3,17,11,-15.1982
2024,3,17,12,-19.51757
2024,3,17,13,-19.92532
2024,3,17,14,-21.54087
2024,3,17,15,-19.57113
2024,3,17,16,-21.25372
2024,3,17,17,-6.16141
2024,3,17,18,21.51105
2024,3,17,19,43.24828
2024,3,17,20,49.41486
2024,3,17,21,48.3559
2024,3,17,22,48.9306
2024,3,17,23,44.17311
2024,3,17,24,43.29744
2024,3,18,1,40.93874
2024,3,18,2,38.83982
2024,3,18,3,39.04387
2024,3,18,4,38.44208
2024,3,18,5,43.64037
2024,3,18,6,50.04907
2024,3,18,7,57.00906
2024,3,18,8,56.14598
2024,3,18,9,37.25436
2024,3,18,10,14.3976
2024,3,18,11,8.62552
2024,3,18,12,1.66435
2024,3,18,13,0.11398
2024,3,18,14,-1.28907
2024,3,18,15,-2.73481
2024,3,18,16,3.59418
2024,3,18,17,15.27836
2024,3,18,18,35.06408
2024,3,18,19,54.99414
2024,3,18,20,67.02776
2024,3,18,21,57.10133
2024,3,18,22,53.69056
2024,3,18,23,50.93348
2024,3,18,24,39.73195
2024,3,19,1,35.48321
2024,3,19,2,32.70009
2024,3,19,3,31.73757
2024,3,19,4,31.66769
2024,3,19,5,32.86107
2024,3,19,6,41.20495
2024,3,19,7,49.54042
2024,3,19,8,44.5552
2024,3,19,9,30.0971
2024,3,19,10,11.96625
2024,3,19,11,2.7036
2024,3,19,12,-3.4706
2024,3,19,13,-6.21896
2024,3,19,14,-6.76261
2024,3,19,15,-7.51472
2024,3,19,16,-5.61143
2024,3,19,17,3.84977
2024,3,19,18,25.79898
2024,3,19,19,42.52361
2024,3,19,20,51.79737
2024,3,19,21,47.68582
2024,3,19,22,42.55494
2024,3,19,23,38.47018
2024,3,19,24,31.45026
2024,3,20,1,30.6653
2024,3,20,2,30.22304
2024,3,20,3,29.75914
2024,3,20,4,29.42849
2024,3,20,5,30.20045
2024,3,20,6,34.81541
2024,3,20,7,43.25438
2024,3,20,8,40.29155
2024,3,20,9,15.82077
2024,3,20,10,1.1509
2024,3,20,11,-6.37139
2024,3,20,12,-10.99708
2024,3,20,13,-15.63367
2024,3,20,14,-17.37875
2024,3,20,15,-17.85097
2024,3,20,16,-16.5384
2024,3,20,17,-7.50671
2024,3,20,18,14.22806
2024,3,20,19,37.11721
2024,3,20,20,44.72541
2024,3,20,21,39.59845
2024,3,20,22,39.47475
2024,3,20,23,35.97668
2024,3,20,24,32.60112
2024,3,21,1,26.46171
2024,3,21,2,26.25663
2024,3,21,3,26.22389
2024,3,21,4,26.15522
2024,3,21,5,30.0102
2024,3,21,6,36.83435
2024,3,21,7,48.2332
2024,3,21,8,42.94175
2024,3,21,9,13.38396
2024,3,21,10,-7.27048
2024,3,21,11,-13.53723
2024,3,21,12,-16.45277
2024,3,21,13,-19.04467
2024,3,21,14,-20.58587
2024,3,21,15,-20.20129
2024,3,21,16,-19.23205
2024,3,21,17,-14.64706
2024,3,21,18,12.19304
2024,3,21,19,36.5133
2024,3,21,20,46.63084
2024,3,21,21,42.63029
2024,3,21,22,41.57964
2024,3,21,23,35.39219
2024,3,21,24,33.71152
2024,3,22,1,37.96027
2024,3,22,2,31.77296
2024,3,22,3,30.97107
2024,3,22,4,31.12137
2024,3,22,5,35.75896
2024,3,22,6,48.76586
2024,3,22,7,50.54702
2024,3,22,8,50.84881
2024,3,22,9,26.6904
2024,3,22,10,14.5357
2024,3,22,11,7.62002
2024,3,22,12,0.02705
2024,3,22,13,-5.47555
2024,3,22,14,-7.47319
2024,3,22,15,-6.53889
2024,3,22,16,-3.89669
2024,3,22,17,3.80792
2024,3,22,18,29.12238
2024,3,22,19,41.22148
2024,3,22,20,42.44119
2024,3,22,21,40.89971
2024,3,22,22,40.71904
2024,3,22,23,39.46722
2024,3,22,24,38.92535
2024,3,23,1,29.26359
2024,3,23,2,29.32043
2024,3,23,3,29.08473
2024,3,23,4,28.4684
2024,3,23,5,29.12846
2024,3,23,6,29.3771
2024,3,23,7,34.08599
2024,3,23,8,34.15003
2024,3,23,9,29.64907
2024,3,23,10,22.66114
2024,3,23,11,10.73638
2024,3,23,12,1.29884
2024,3,23,13,-7.25773
2024,3,23,14,-11.67608
2024,3,23,15,-12.46565
2024,3,23,16,-8.63348
2024,3,23,17,-4.22825
2024,3,23,18,10.5393
2024,3,23,19,29.98146
2024,3,23,20,30.69585
2024,3,23,21,30.12086
2024,3,23,22,30.02567
2024,3,23,23,29.39941
2024,3,23,24,27.05618
2024,3,24,1,26.61077
2024,3,24,2,26.01186
2024,3,24,3,24.33532
2024,3,24,4,21.81263
2024,3,24,5,23.43488
2024,3,24,6,24.54693
2024,3,24,7,28.74173
2024,3,24,8,22.01098
2024,3,24,9,1.81214
2024,3,24,10,-7.58523
2024,3,24,11,-15.25922
2024,3,24,12,-18.2545
2024,3,24,13,-19.35344
2024,3,24,14,-21.97458
2024,3,24,15,-23.46042
2024,3,24,16,-19.67338
2024,3,24,17,-11.78738
2024,3,24,18,5.7629
2024,3,24,19,29.70397
2024,3,24,20,31.36982
2024,3,24,21,31.33784
2024,3,24,22,30.34697
2024,3,24,23,29.52635
2024,3,24,24,26.16157
2024,3,25,1,28.06751
2024,3,25,2,25.87724
2024,3,25,3,25.51802
2024,3,25,4,25.87992
2024,3,25,5,28.00948
2024,3,25,6,31.92975
2024,3,25,7,52.85789
2024,3,25,8,38.94627
2024,3,25,9,11.01578
2024,3,25,10,-4.06029
2024,3,25,11,-12.66926
2024,3,25,12,-17.25414
2024,3,25,13,-20.60988
2024,3,25,14,-24.59368
2024,3,25,15,-24.55221
2024,3,25,16,-21.0233
2024,3,25,17,-11.14859
2024,3,25,18,10.67398
2024,3,25,19,33.78506
2024,3,25,20,39.4244
2024,3,25,21,39.75252
2024,3,25,22,35.2776
2024,3,25,23,32.82904
2024,3,25,24,29.78354
2024,3,26,1,30.02043
2024,3,26,2,26.4481
2024,3,26,3,23.72794
2024,3,26,4,23.89144
2024,3,26,5,25.4399
2024,3,26,6,31.47548
2024,3,26,7,39.91333
2024,3,26,8,37.32319
2024,3,26,9,6.71443
2024,3,26,10,-11.49187
2024,3,26,11,-15.73983
2024,3,26,12,-21.939
2024,3,26,13,-25.43383
2024,3,26,14,-26.07505
2024,3,26,15,-25.72896
2024,3,26,16,-24.90927
2024,3,26,17,-21.9588
2024,3,26,18,-1.58916
2024,3,26,19,33.66802
2024,3,26,20,37.99173
2024,3,26,21,38.02806
2024,3,26,22,37.36159
2024,3,26,23,33.90736
2024,3,26,24,33.12701
2024,3,27,1,31.06567
2024,3,27,2,30.89423
2024,3,27,3,30.89107
2024,3,27,4,31.16559
2024,3,27,5,34.30962
2024,3,27,6,47.33657
2024,3,27,7,51.57405
2024,3,27,8,50.3395
2024,3,27,9,25.71204
2024,3,27,10,5.7164
2024,3,27,11,-2.19123
2024,3,27,12,-5.84767
2024,3,27,13,-7.06781
2024,3,27,14,-8.29466
2024,3,27,15,-6.69888
2024,3,27,16,-4.47272
2024,3,27,17,0.89077
2024,3,27,18,17.15627
2024,3,27,19,47.50164
2024,3,27,20,48.84139
2024,3,27,21,47.32532
2024,3,27,22,46.70614
2024,3,27,23,45.64738
2024,3,27,24,41.31654
2024,3,28,1,35.55275
2024,3,28,2,31.80492
2024,3,28,3,30.76532
2024,3,28,4,30.90686
2024,3,28,5,31.73678
2024,3,28,6,40.33055
2024,3,28,7,45.42274
2024,3,28,8,39.57336
2024,3,28,9,22.42906
2024,3,28,10,1.41363
2024,3,28,11,-7.13853
2024,3,28,12,-12.61555
2024,3,28,13,-15.8682
2024,3,28,14,-19.40403
2024,3,28,15,-18.29229
2024,3,28,16,-17.51286
2024,3,28,17,-10.85864
2024,3,28,18,15.37592
2024,3,28,19,39.45164
2024,3,28,20,43.52877
2024,3,28,21,43.54689
2024,3,28,22,41.22295
2024,3,28,23,40.29415
2024,3,28,24,36.61425
2024,3,29,1,31.73217
2024,3,29,2,30.35927
2024,3,29,3,31.64325
2024,3,29,4,31.67391
2024,3,29,5,30.53582
2024,3,29,6,36.78608
2024,3,29,7,43.14527
2024,3,29,8,37.38517
2024,3,29,9,17.76315
2024,3,29,10,3.36649
2024,3,29,11,-4.39233
2024,3,29,12,-8.81489
2024,3,29,13,-10.05429
2024,3,29,14,-12.16779
2024,3,29,15,-11.29978
2024,3,29,16,-9.86751
2024,3,29,17,-1.83282
2024,3,29,18,25.59258
2024,3,29,19,39.61217
2024,3,29,20,43.64497
2024,3,29,21,42.38186
2024,3,29,22,42.26965
2024,3,29,23,39.01127
2024,3,29,24,37.56848
2024,3,30,1,39.31624
2024,3,30,2,37.31308
2024,3,30,3,35.03305
2024,3,30,4,35.80348
2024,3,30,5,34.82295
2024,3,30,6,40.76218
2024,3,30,7,41.23602
2024,3,30,8,35.64196
2024,3,30,9,29.61999
2024,3,30,10,18.86329
2024,3,30,11,13.00931
2024,3,30,12,7.81434
2024,3,30,13,1.2491
2024,3,30,14,1.08186
2024,3,30,15,4.74852
2024,3,30,16,10.37073
2024,3,30,17,21.95821
2024,3,30,18,34.18383
2024,3,30,19,40.8
2024,3,30,20,42.93833
2024,3,30,21,42.04772
2024,3,30,22,41.93351
2024,3,30,23,41.51081
2024,3,30,24,38.9251
2024,4,1,1,45.51916
2024,4,1,2,38.91735
2024,4,1,3,35.65199
2024,4,1,4,34.68685
2024,4,1,5,35.98602
2024,4,1,6,49.88633
2024,4,1,7,55.94859
2024,4,1,8,50.0148
2024,4,1,9,33.54352
2024,4,1,10,22.4807
2024,4,1,11,4.78417
2024,4,1,12,0.13174
2024,4,1,13,-6.22119
2024,4,1,14,-7.32918
2024,4,1,15,-6.77235
2024,4,1,16,-6.08333
2024,4,1,17,3.00605
2024,4,1,18,23.81394
2024,4,1,19,43.47876
2024,4,1,20,50.35714
2024,4,1,21,47.65698
2024,4,1,22,46.52005
2024,4,1,23,44.54778
2024,4,1,24,43.06738
2024,4,2,1,37.13752
2024,4,2,2,34.99668
2024,4,2,3,36.98728
2024,4,2,4,40.19679
2024,4,2,5,44.24398
2024,4,2,6,48.10151
2024,4,2,7,59.18562
2024,4,2,8,47.16817
2024,4,2,9,29.75689
2024,4,2,10,8.50045
2024,4,2,11,-4.31532
2024,4,2,12,-8.22682
2024,4,2,13,-13.16395
2024,4,2,14,-13.5504
2024,4,2,15,-14.00036
2024,4,2,16,-12.8019
2024,4,2,17,-3.17001
2024,4,2,18,23.73017
2024,4,2,19,44.76351
2024,4,2,20,53.1547
2024,4,2,21,48.16994
2024,4,2,22,44.35971
2024,4,2,23,43.29693
2024,4,2,24,39.9946
2024,4,3,1,35.22003
2024,4,3,2,36.47611
2024,4,3,3,34.66157
2024,4,3,4,37.01879
2024,4,3,5,37.67696
2024,4,3,6,39.14051
2024,4,3,7,50.52335
2024,4,3,8,39.71016
2024,4,3,9,11.52597
2024,4,3,10,-8.03739
2024,4,3,11,-12.59903
2024,4,3,12,-14.54086
2024,4,3,13,-17.76993
2024,4,3,14,-17.4597
2024,4,3,15,-20.37082
2024,4,3,16,-20.98515
2024,4,3,17,-17.09358
2024,4,3,18,8.22223
2024,4,3,19,43.53127
2024,4,3,20,55.15638
2024,4,3,21,52.1004
2024,4,3,22,50.3656
2024,4,3,23,43.65859
2024,4,3,24,42.18991
2024,4,4,1,44.77881
2024,4,4,2,41.01368
2024,4,4,3,38.49512
2024,4,4,4,38.34487
2024,4,4,5,36.50092
2024,4,4,6,46.73
2024,4,4,7,48.91448
2024,4,4,8,44.22263
2024,4,4,9,30.19814
2024,4,4,10,19.27376
2024,4,4,11,12.41631
2024,4,4,12,9.82955
2024,4,4,13,7.24601
2024,4,4,14,6.61914
2024,4,4,15,4.43364
2024,4,4,16,1.82423
2024,4,4,17,7.43354
2024,4,4,18,26.52586
2024,4,4,19,44.71065
2024,4,4,20,48.57
2024,4,4,21,49.27745
2024,4,4,22,47.43631
2024,4,4,23,44.46668
2024,4,4,24,43.56221
2024,4,5,1,37.64359
2024,4,5,2,34.25024
2024,4,5,3,32.82632
2024,4,5,4,32.78732
2024,4,5,5,37.67088
2024,4,5,6,43.44462
2024,4,5,7,50.54388
2024,4,5,8,46.24665
2024,4,5,9,20.55226
2024,4,5,10,8.13931
2024,4,5,11,1.9708
2024,4,5,12,-2.35092
2024,4,5,13,-4.66394
2024,4,5,14,-8.44935
2024,4,5,15,-3.83142
2024,4,5,16,-4.98508
2024,4,5,17,2.34701
2024,4,5,18,17.28522
2024,4,5,19,39.49176
2024,4,5,20,43.06965
2024,4,5,21,42.53962
2024,4,5,22,43.43484
2024,4,5,23,39.72169
2024,4,5,24,37.57784
2024,4,6,1,32.67002
2024,4,6,2,30.70267
2024,4,6,3,30.34282
2024,4,6,4,29.86217
2024,4,6,5,29.89666
2024,4,6,6,34.95666
2024,4,6,7,37.56977
2024,4,6,8,22.34464
2024,4,6,9,-11.37016
2024,4,6,10,-18.55717
2024,4,6,11,-24.5624
2024,4,6,12,-27.24824
2024,4,6,13,-27.90414
2024,4,6,14,-29.73129
2024,4,6,15,-29.47945
2024,4,6,16,-27.26434
2024,4,6,17,-29.73323
2024,4,6,18,-10.5258
2024,4,6,19,31.79987
2024,4,6,20,40.49675
2024,4,6,21,41.01024
2024,4,6,22,40.56161
2024,4,6,23,39.20849
2024,4,6,24,38.80868
2024,4,7,1,47.87637
2024,4,7,2,47.1852
2024,4,7,3,43.75056
2024,4,7,4,43.65934
2024,4,7,5,44.4172
2024,4,7,6,46.48569
2024,4,7,7,46.55975
2024,4,7,8,24.23108
2024,4,7,9,-7.54059
2024,4,7,10,-17.77239
2024,4,7,11,-23.04669
2024,4,7,12,-27.06806
2024,4,7,13,-28.0012
2024,4,7,14,-30.37191
2024,4,7,15,-29.69965
2024,4,7,16,-30.36535
2024,4,7,17,-25.58962
2024,4,7,18,-2.9891
2024,4,7,19,36.46221
2024,4,7,20,41.80009
2024,4,7,21,43.47008
2024,4,7,22,41.17363
2024,4,7,23,39.81648
2024,4,7,24,39.50061
2024,4,8,1,35.35154
2024,4,8,2,34.40742
2024,4,8,3,34.49271
2024,4,8,4,34.57094
2024,4,8,5,37.40612
2024,4,8,6,41.24554
2024,4,8,7,58.64692
2024,4,8,8,36.93406
2024,4,8,9,16.44579
2024,4,8,10,8.42721
2024,4,8,11,9.95957
2024,4,8,12,11.80458
2024,4,8,13,-6.13726
2024,4,8,14,-9.18809
2024,4,8,15,-9.14013
2024,4,8,16,-7.0201
2024,4,8,17,-4.5354
2024,4,8,18,7.07908
2024,4,8,19,40.0823
2024,4,8,20,55.54823
2024,4,8,21,52.96059
2024,4,8,22,43.60753
2024,4,8,23,41.55343
2024,4,8,24,39.89728
2024,4,9,1,35.87513
2024,4,9,2,35.27148
2024,4,9,3,34.50507
2024,4,9,4,34.50507
2024,4,9,5,39.78953
2024,4,9,6,51.10803
2024,4,9,7,55.1692
2024,4,9,8,42.17135
2024,4,9,9,10.44676
2024,4,9,10,-1.42337
2024,4,9,11,-8.48993
2024,4,9,12,-12.96011
2024,4,9,13,-16.32248
2024,4,9,14,-17.38202
2024,4,9,15,-16.18559
2024,4,9,16,-14.1614
2024,4,9,17,-4.58273
2024,4,9,18,17.34414
2024,4,9,19,48.02855
2024,4,9,20,56.77365
2024,4,9,21,54.58179
2024,4,9,22,48.53049
2024,4,9,23,44.59235
2024,4,9,24,42.91864
2024,4,10,1,46.29685
2024,4,10,2,43.17971
2024,4,10,3,41.92126
2024,4,10,4,41.84225
2024,4,10,5,42.22302
2024,4,10,6,47.76637
2024,4,10,7,54.73905
2024,4,10,8,41.95505
2024,4,10,9,15.60987
2024,4,10,10,3.9642
2024,4,10,11,1.83408
2024,4,10,12,-2.52693
2024,4,10,13,-3.3569
2024,4,10,14,-2.61617
2024,4,10,15,-1.68166
2024,4,10,16,1.91523
2024,4,10,17,10.63437
2024,4,10,18,29.62959
2024,4,10,19,55.73582
2024,4,10,20,67.07054
2024,4,10,21,61.97771
2024,4,10,22,53.51966
2024,4,10,23,49.30986
2024,4,10,24,43.67643
2024,4,11,1,44.76104
2024,4,11,2,40.10578
2024,4,11,3,39.54664
2024,4,11,4,40.40008
2024,4,11,5,40.57093
2024,4,11,6,50.4215
2024,4,11,7,58.35519
2024,4,11,8,42.18885
2024,4,11,9,19.19247
2024,4,11,10,10.68185
2024,4,11,11,5.63432
2024,4,11,12,2.15706
2024,4,11,13,-0.29207
2024,4,11,14,-0.6312
2024,4,11,15,1.99245
2024,4,11,16,5.8275
2024,4,11,17,15.19919
2024,4,11,18,34.32211
2024,4,11,19,55.09273
2024,4,11,20,65.0
2024,4,11,21,57.24444
2024,4,11,22,51.26995
2024,4,11,23,43.54316
2024,4,11,24,40.17402
2024,4,12,1,37.52649
2024,4,12,2,36.50144
2024,4,12,3,35.97326
2024,4,12,4,35.87274
2024,4,12,5,36.13685
2024,4,12,6,41.72625
2024,4,12,7,46.6521
2024,4,12,8,36.61092
2024,4,12,9,14.97444
2024,4,12,10,10.14024
2024,4,12,11,5.15141
2024,4,12,12,-1.50491
2024,4,12,13,-2.07429
2024,4,12,14,-4.55403
2024,4,12,15,-4.19416
2024,4,12,16,-3.08869
2024,4,12,17,3.04066
2024,4,12,18,20.82065
2024,4,12,19,38.54134
2024,4,12,20,48.59079
2024,4,12,21,45.6307
2024,4,12,22,41.99887
2024,4,12,23,38.73137
2024,4,12,24,37.84696
2024,4,13,1,44.21791
2024,4,13,2,40.88018
2024,4,13,3,38.11429
2024,4,13,4,35.75077
2024,4,13,5,35.77635
2024,4,13,6,41.04245
2024,4,13,7,47.57608
2024,4,13,8,28.30651
2024,4,13,9,11.72121
2024,4,13,10,9.78664
2024,4,13,11,8.6764
2024,4,13,12,9.39035
2024,4,13,13,8.72666
2024,4,13,14,8.37594
2024,4,13,15,9.03845
2024,4,13,16,9.89749
2024,4,13,17,18.77518
2024,4,13,18,31.48218
2024,4,13,19,45.31147
2024,4,13,20,47.06455
2024,4,13,21,48.73163
2024,4,13,22,49.43412
2024,4,13,23,44.66234
2024,4,13,24,43.32597
2024,4,14,1,36.9053
2024,4,14,2,36.43126
2024,4,14,3,36.82864
2024,4,14,4,36.70099
2024,4,14,5,37.03353
2024,4,14,6,37.88676
2024,4,14,7,37.06034
2024,4,14,8,22.73069
2024,4,14,9,5.25683
2024,4,14,10,4.30965
2024,4,14,11,1.0024
2024,4,14,12,-4.65885
2024,4,14,13,-8.80012
2024,4,14,14,-11.25846
2024,4,14,15,-10.86405
2024,4,14,16,-10.54255
2024,4,14,17,-4.97645
2024,4,14,18,6.01238
2024,4,14,19,34.40297
2024,4,14,20,38.92467
2024,4,14,21,38.96683
2024,4,14,22,38.22062
2024,4,14,23,33.92245
2024,4,14,24,30.02014
2024,4,15,1,28.9395
2024,4,15,2,28.85714
2024,4,15,3,28.77543
2024,4,15,4,28.76065
2024,4,15,5,28.86216
2024,4,15,6,33.3
2024,4,15,7,40.0
2024,4,15,8,28.29272
2024,4,15,9,3.99435
2024,4,15,10,-7.57889
2024,4,15,11,-13.80536
2024,4,15,12,-15.97603
2024,4,15,13,-17.83442
2024,4,15,14,-20.73058
2024,4,15,15,-20.91894
2024,4,15,16,-18.72579
2024,4,15,17,-11.93141
2024,4,15,18,3.53563
2024,4,15,19,43.8349
2024,4,15,20,50.91023
2024,4,15,21,52.55634
2024,4,15,22,47.46151
2024,4,15,23,44.89301
2024,4,15,24,38.07427
2024,4,16,1,30.72965
2024,4,16,2,30.23687
2024,4,16,3,30.22011
2024,4,16,4,29.96928
2024,4,16,5,35.16156
2024,4,16,6,45.37976
2024,4,16,7,48.28577
2024,4,16,8,31.4409
2024,4,16,9,0.85646
2024,4,16,10,-6.52564
2024,4,16,11,-10.50827
2024,4,16,12,-15.47634
2024,4,16,13,-17.92109
2024,4,16,14,-18.26509
2024,4,16,15,-17.42654
2024,4,16,16,-14.8726
2024,4,16,17,-8.64225
2024,4,16,18,11.8399
2024,4,16,19,42.86452
2024,4,16,20,52.70514
2024,4,16,21,46.37119
2024,4,16,22,44.14173
2024,4,16,23,40.91872
2024,4,16,24,37.06034
2024,4,17,1,32.34015
2024,4,17,2,31.76186
2024,4,17,3,31.53846
2024,4,17,4,31.75348
2024,4,17,5,33.93814
2024,4,17,6,39.10337
2024,4,17,7,43.73333
2024,4,17,8,28.08275
2024,4,17,9,4.42892
2024,4,17,10,-3.82294
2024,4,17,11,-6.90977
2024,4,17,12,-12.3538
2024,4,17,13,-15.7655
2024,4,17,14,-14.96496
2024,4,17,15,-11.16236
2024,4,17,16,-2.2792
2024,4,17,17,-4.12926
2024,4,17,18,20.73545
2024,4,17,19,48.29477
2024,4,17,20,55.7815
2024,4,17,21,51.69504
2024,4,17,22,48.25784
2024,4,17,23,44.15725
2024,4,17,24,36.50714
2024,4,18,1,31.80246
2024,4,18,2,31.44971
2024,4,18,3,30.52499
2024,4,18,4,31.71064
2024,4,18,5,32.88122
2024,4,18,6,42.26753
2024,4,18,7,49.29267
2024,4,18,8,38.475
2024,4,18,9,28.75439
2024,4,18,10,14.05738
2024,4,18,11,7.18821
2024,4,18,12,3.48892
2024,4,18,13,0.56477
2024,4,18,14,-0.99877
2024,4,18,15,-0.29106
2024,4,18,16,5.63444
2024,4,18,17,6.25156
2024,4,18,18,25.2229
2024,4,18,19,47.30155
2024,4,18,20,56.58086
2024,4,18,21,47.80326
2024,4,18,22,44.56821
2024,4,18,23,37.15053
2024,4,18,24,32.12811
2024,4,19,1,31.92512
2024,4,19,2,32.38314
2024,4,19,3,31.66135
2024,4,19,4,31.68586
2024,4,19,5,33.85892
2024,4,19,6,38.2786
2024,4,19,7,41.61935
2024,4,19,8,29.29106
2024,4,19,9,6.74152
2024,4,19,10,6.44365
2024,4,19,11,-5.95279
2024,4,19,12,-9.1784
2024,4,19,13,-14.59771
2024,4,19,14,-18.35482
2024,4,19,15,-19.9159
2024,4,19,16,-16.82814
2024,4,19,17,-9.79993
2024,4,19,18,3.03092
2024,4,19,19,36.93976
2024,4,19,20,44.42094
2024,4,19,21,44.75859
2024,4,19,22,41.80392
2024,4,19,23,37.00937
2024,4,19,24,34.81908
2024,4,20,1,32.23858
2024,4,20,2,30.09329
2024,4,20,3,29.00343
2024,4,20,4,29.07816
2024,4,20,5,30.26945
2024,4,20,6,32.23858
2024,4,20,7,33.44584
2024,4,20,8,13.77878
2024,4,20,9,-12.0653
2024,4,20,10,-25.60571
2024,4,20,11,-25.17156
2024,4,20,12,-27.11025
2024,4,20,13,-27.61513
2024,4,20,14,-28.60288
2024,4,20,15,-29.29437
2024,4,20,16,-27.57726
2024,4,20,17,-18.25866
2024,4,20,18,3.39149
2024,4,20,19,30.55301
2024,4,20,20,33.93381
2024,4,20,21,34.73632
2024,4,20,22,33.80978
2024,4,20,23,30.13849
2024,4,20,24,29.1705
2024,4,21,1,28.94092
2024,4,21,2,28.16074
2024,4,21,3,27.40329
2024,4,21,4,26.05252
2024,4,21,5,28.35326
2024,4,21,6,28.95456
2024,4,21,7,28.93806
2024,4,21,8,6.45971
2024,4,21,9,-10.69965
2024,4,21,10,-17.81582
2024,4,21,11,-22.98246
2024,4,21,12,-22.73693
2024,4,21,13,-24.00713
2024,4,21,14,-22.02425
2024,4,21,15,-21.54367
2024,4,21,16,-19.59246
2024,4,21,17,-5.03012
2024,4,21,18,9.74944
2024,4,21,19,41.96157
2024,4,21,20,46.3159
2024,4,21,21,45.54602
2024,4,21,22,42.14964
2024,4,21,23,36.80806
2024,4,21,24,30.92725
2024,4,22,1,33.35719
2024,4,22,2,31.99463
2024,4,22,3,33.08028
2024,4,22,4,31.52556
2024,4,22,5,34.29599
2024,4,22,6,44.58315
2024,4,22,7,46.42047
2024,4,22,8,25.66132
2024,4,22,9,7.19751
2024,4,22,10,4.08464
2024,4,22,11,1.39642
2024,4,22,12,0.0
2024,4,22,13,-0.25224
2024,4,22,14,0.55341
2024,4,22,15,1.28048
2024,4,22,16,1.42643
2024,4,22,17,6.66907
2024,4,22,18,23.4861
2024,4,22,19,44.27772
2024,4,22,20,59.34986
2024,4,22,21,54.87637
2024,4,22,22,47.30146
2024,4,22,23,39.89306
2024,4,22,24,31.9638
2024,4,23,1,39.19071
2024,4,23,2,33.24427
2024,4,23,3,31.83699
2024,4,23,4,31.20628
2024,4,23,5,33.00681
2024,4,23,6,42.39534
2024,4,23,7,45.67982
2024,4,23,8,26.79257
2024,4,23,9,7.31501
2024,4,23,10,3.02175
2024,4,23,11,0.68628
2024,4,23,12,-4.66272
2024,4,23,13,-7.24234
2024,4,23,14,-9.05432
2024,4,23,15,-7.21567
2024,4,23,16,-7.20095
2024,4,23,17,-1.08579
2024,4,23,18,8.11215
2024,4,23,19,40.14613
2024,4,23,20,50.90909
2024,4,23,21,50.86908
2024,4,23,22,44.45466
2024,4,23,23,39.19047
2024,4,23,24,34.70981
2024,4,24,1,32.64661
2024,4,24,2,30.72229
2024,4,24,3,30.48471
2024,4,24,4,29.46126
2024,4,24,5,30.3613
2024,4,24,6,36.47398
2024,4,24,7,37.99529
2024,4,24,8,22.02431
2024,4,24,9,7.95067
2024,4,24,10,-3.88245
2024,4,24,11,-9.10575
2024,4,24,12,-12.075
2024,4,24,13,-14.84178
2024,4,24,14,-15.41881
2024,4,24,15,-14.03766
2024,4,24,16,-11.53657
2024,4,24,17,-7.22131
2024,4,24,18,5.12136
2024,4,24,19,35.69729
2024,4,24,20,47.27532
2024,4,24,21,46.49241
2024,4,24,22,40.41693
2024,4,24,23,34.96032
2024,4,24,24,31.49996
2024,4,25,1,29.75558
2024,4,25,2,30.26453
2024,4,25,3,27.62724
2024,4,25,4,26.9819
2024,4,25,5,28.4923
2024,4,25,6,37.79278
2024,4,25,7,41.10152
2024,4,25,8,23.36389
2024,4,25,9,9.01537
2024,4,25,10,-0.19706
2024,4,25,11,-6.03875
2024,4,25,12,-8.96954
2024,4,25,13,-11.49808
2024,4,25,14,-12.06548
2024,4,25,15,-11.02818
2024,4,25,16,-11.86831
2024,4,25,17,-7.87728
2024,4,25,18,6.31801
2024,4,25,19,33.69469
2024,4,25,20,46.43249
2024,4,25,21,47.7722
2024,4,25,22,41.85454
2024,4,25,23,34.93402
2024,4,25,24,33.18679
2024,4,26,1,26.30865
2024,4,26,2,24.86274
2024,4,26,3,25.80949
2024,4,26,4,23.73307
2024,4,26,5,25.80069
2024,4,26,6,31.38432
2024,4,26,7,36.9905
2024,4,26,8,22.92119
2024,4,26,9,14.69456
2024,4,26,10,11.76263
2024,4,26,11,1.14347
2024,4,26,12,-2.97677
2024,4,26,13,-6.34991
2024,4,26,14,-8.30044
2024,4,26,15,-6.97489
2024,4,26,16,-7.34743
2024,4,26,17,-1.24212
2024,4,26,18,8.5788
2024,4,26,19,30.37331
2024,4,26,20,35.31025
2024,4,26,21,37.38118
2024,4,26,22,34.95808
2024,4,26,23,30.6202
2024,4,26,24,27.13116
2024,4,27,1,27.02602
2024,4,27,2,26.68207
2024,4,27,3,24.48111
2024,4,27,4,22.49522
2024,4,27,5,26.54603
2024,4,27,6,25.04428
2024,4,27,7,27.06828
2024,4,27,8,3.14178
2024,4,27,9,-21.3839
2024,4,27,10,-26.88811
2024,4,27,11,-31.85876
2024,4,27,12,-35.94928
2024,4,27,13,-39.0326
2024,4,27,14,-38.74839
2024,4,27,15,-38.83408
2024,4,27,16,-37.69517
2024,4,27,17,-33.89719
2024,4,27,18,-11.44577
2024,4,27,19,20.76432
2024,4,27,20,28.29522
2024,4,27,21,30.92886
2024,4,27,22,29.71404
2024,4,27,23,27.44769
2024,4,27,24,26.24396
2024,4,28,1,29.05412
2024,4,28,2,28.37935
2024,4,28,3,27.46
2024,4,28,4,27.8915
2024,4,28,5,28.17277
2024,4,28,6,28.34887
2024,4,28,7,26.36699
2024,4,28,8,-6.08059
2024,4,28,9,-19.49579
2024,4,28,10,-24.27939
2024,4,28,11,-29.21767
2024,4,28,12,-31.00261
2024,4,28,13,-32.06238
2024,4,28,14,-31.45529
2024,4,28,15,-30.81927
2024,4,28,16,-31.52447
2024,4,28,17,-26.24716
2024,4,28,18,-8.4436
2024,4,28,19,21.88264
2024,4,28,20,29.97724
2024,4,28,21,31.72905
2024,4,28,22,28.80078
2024,4,28,23,27.70313
2024,4,28,24,27.25223
2024,4,29,1,32.21649
2024,4,29,2,30.07308
2024,4,29,3,30.68581
2024,4,29,4,30.26373
2024,4,29,5,32.26681
2024,4,29,6,38.2661
2024,4,29,7,38.57786
2024,4,29,8,18.78507
2024,4,29,9,1.56206
2024,4,29,10,-2.75865
2024,4,29,11,-10.55958
2024,4,29,12,-11.00379
2024,4,29,13,-11.14523
2024,4,29,14,-11.14979
2024,4,29,15,-11.64883
2024,4,29,16,-11.76438
2024,4,29,17,-6.56211
2024,4,29,18,3.47465
2024,4,29,19,33.5167
2024,4,29,20,45.97947
2024,4,29,21,46.40745
2024,4,29,22,39.33383
2024,4,29,23,34.28251
2024,4,29,24,31.08486
2024,5,1,1,40.13274
2024,5,1,2,34.54621
2024,5,1,3,32.37294
2024,5,1,4,30.38237
2024,5,1,5,35.54886
2024,5,1,6,40.51864
2024,5,1,7,41.53686
2024,5,1,8,20.37032
2024,5,1,9,3.74538
2024,5,1,10,-5.06093
2024,5,1,11,-6.64495
2024,5,1,12,-9.79603
2024,5,1,13,-9.56108
2024,5,1,14,-10.84905
2024,5,1,15,-8.55693
2024,5,1,16,-10.18506
2024,5,1,17,-1.32287
2024,5,1,18,11.41224
2024,5,1,19,39.45741
2024,5,1,20,50.36649
2024,5,1,21,51.33703
2024,5,1,22,43.47511
2024,5,1,23,38.12861
2024,5,1,24,36.18628
2024,5,2,1,36.70045
2024,5,2,2,34.98657
2024,5,2,3,33.70538
2024,5,2,4,32.60176
2024,5,2,5,35.24869
2024,5,2,6,44.30474
2024,5,2,7,44.97541
2024,5,2,8,25.55571
2024,5,2,9,7.41935
2024,5,2,10,6.96189
2024,5,2,11,0.08662
2024,5,2,12,1.77133
2024,5,2,13,-1.67028
2024,5,2,14,-0.19147
2024,5,2,15,-0.96506
2024,5,2,16,4.26926
2024,5,2,17,6.4568
2024,5,2,18,17.63469
2024,5,2,19,39.01141
2024,5,2,20,49.80422
2024,5,2,21,47.78085
2024,5,2,22,42.36377
2024,5,2,23,38.72615
2024,5,2,24,35.76324
2024,5,3,1,32.58744
2024,5,3,2,31.41991
2024,5,3,3,31.11683
2024,5,3,4,30.87433
2024,5,3,5,31.52715
2024,5,3,6,39.32669
2024,5,3,7,39.17417
2024,5,3,8,22.47165
2024,5,3,9,11.26885
2024,5,3,10,6.59184
2024,5,3,11,4.98047
2024,5,3,12,4.41505
2024,5,3,13,4.18565
2024,5,3,14,3.8115
2024,5,3,15,3.52171
2024,5,3,16,3.86536
2024,5,3,17,5.23322
2024,5,3,18,10.33693
2024,5,3,19,33.23967
2024,5,3,20,46.55718
2024,5,3,21,46.49768
2024,5,3,22,44.1698
2024,5,3,23,35.09752
2024,5,3,24,34.37416
2024,5,4,1,34.49354
2024,5,4,2,32.17767
2024,5,4,3,30.09729
2024,5,4,4,29.37615
2024,5,4,5,30.56921
2024,5,4,6,34.82774
2024,5,4,7,34.5951
2024,5,4,8,18.95664
2024,5,4,9,9.89769
2024,5,4,10,11.12531
2024,5,4,11,11.56808
2024,5,4,12,12.33362
2024,5,4,13,12.5214
2024,5,4,14,13.78898
2024,5,4,15,12.3768
2024,5,4,16,12.45054
2024,5,4,17,12.17167
2024,5,4,18,27.96331
2024,5,4,19,34.92386
2024,5,4,20,36.50777
2024,5,4,21,37.62282
2024,5,4,22,36.39389
2024,5,4,23,34.69299
2024,5,4,24,34.04368
2024,5,5,1,27.58318
2024,5,5,2,25.21034
2024,5,5,3,25.1231
2024,5,5,4,24.66901
2024,5,5,5,27.03399
2024,5,5,6,27.66262
2024,5,5,7,26.3241
2024,5,5,8,1.58357
2024,5,5,9,-5.6334
2024,5,5,10,-14.32173
2024,5,5,11,-18.537
2024,5,5,12,-23.04387
2024,5,5,13,-24.20255
2024,5,5,14,-25.58624
2024,5,5,15,-25.42396
2024,5,5,16,-24.06379
2024,5,5,17,-17.71654
2024,5,5,18,-7.58854
2024,5,5,19,17.06667
2024,5,5,20,31.31524
2024,5,5,21,32.62288
2024,5,5,22,32.29626
2024,5,5,23,30.05527
2024,5,5,24,29.06696
2024,5,6,1,27.10478
2024,5,6,2,28.47501
2024,5,6,3,27.41748
2024,5,6,4,26.85631
2024,5,6,5,28.95165
2024,5,6,6,36.73498
2024,5,6,7,38.22378
2024,5,6,8,26.9156
2024,5,6,9,4.99259
2024,5,6,10,-2.05026
2024,5,6,11,-3.84787
2024,5,6,12,-5.96459
2024,5,6,13,-6.24697
2024,5,6,14,-6.12328
2024,5,6,15,-8.91813
2024,5,6,16,-6.9267
2024,5,6,17,-6.09962
2024,5,6,18,-1.00918
2024,5,6,19,29.67351
2024,5,6,20,37.99071
2024,5,6,21,41.63188
2024,5,6,22,37.9867
2024,5,6,23,32.77041
2024,5,6,24,31.94015
2024,5,7,1,24.45309
2024,5,7,2,23.67076
2024,5,7,3,23.16033
2024,5,7,4,23.33455
2024,5,7,5,24.42801
2024,5,7,6,28.99326
2024,5,7,7,34.58046
2024,5,7,8,20.32508
2024,5,7,9,3.1663
2024,5,7,10,-5.04323
2024,5,7,11,-11.01049
2024,5,7,12,-16.40532
2024,5,7,13,-18.38403
2024,5,7,14,-18.31922
2024,5,7,15,-18.17945
2024,5,7,16,-17.69902
2024,5,7,17,-11.31719
2024,5,7,18,2.3495
2024,5,7,19,30.30753
2024,5,7,20,42.38248
2024,5,7,21,45.12968
2024,5,7,22,41.74246
2024,5,7,23,34.59896
2024,5,7,24,30.45989
2024,5,8,1,27.54613
2024,5,8,2,27.02494
2024,5,8,3,26.48472
2024,5,8,4,27.11244
2024,5,8,5,28.9011
2024,5,8,6,37.06621
2024,5,8,7,37.41735
2024,5,8,8,21.42811
2024,5,8,9,4.37692
2024,5,8,10,-2.50733
2024,5,8,11,-8.1151
2024,5,8,12,-9.21543
2024,5,8,13,-9.87658
2024,5,8,14,-9.75212
2024,5,8,15,-9.1833
2024,5,8,16,-6.91629
2024,5,8,17,-0.7297
2024,5,8,18,11.63114
2024,5,8,19,40.29746
2024,5,8,20,52.97405
2024,5,8,21,53.98675
2024,5,8,22,45.1545
2024,5,8,23,39.992
2024,5,8,24,40.88742
2024,5,9,1,38.5299
2024,5,9,2,38.47718
2024,5,9,3,39.22091
2024,5,9,4,35.96049
2024,5,9,5,37.43537
2024,5,9,6,39.6402
2024,5,9,7,41.06434
2024,5,9,8,26.16097
2024,5,9,9,14.09554
2024,5,9,10,6.30717
2024,5,9,11,1.17164
2024,5,9,12,-3.03155
2024,5,9,13,-2.56195
2024,5,9,14,-1.66689
2024,5,9,15,2.56991
2024,5,9,16,5.88158
2024,5,9,17,13.84986
2024,5,9,18,23.86563
2024,5,9,19,40.24826
2024,5,9,20,52.64083
2024,5,9,21,53.67481
2024,5,9,22,44.60534
2024,5,9,23,39.01609
2024,5,9,24,38.21984
2024,5,10,1,38.74266
2024,5,10,2,37.4003
2024,5,10,3,36.25978
2024,5,10,4,36.9913
2024,5,10,5,37.07832
2024,5,10,6,40.01125
2024,5,10,7,40.39441
2024,5,10,8,24.62422
2024,5,10,9,9.47557
2024,5,10,10,8.46335
2024,5,10,11,4.8972
2024,5,10,12,4.00983
2024,5,10,13,4.46091
2024,5,10,14,5.80812
2024,5,10,15,7.31549
2024,5,10,16,9.40411
2024,5,10,17,14.10377
2024,5,10,18,34.9666
2024,5,10,19,49.56077
2024,5,10,20,56.80148
2024,5,10,21,55.61204
2024,5,10,22,49.47569
2024,5,10,23,42.94995
2024,5,10,24,38.51875
2024,5,11,1,39.22459
2024,5,11,2,38.92234
2024,5,11,3,35.8056
2024,5,11,4,36.57148
2024,5,11,5,37.32714
2024,5,11,6,41.17947
2024,5,11,7,39.14848
2024,5,11,8,9.82932
2024,5,11,9,1.08343
2024,5,11,10,-3.8849
2024,5,11,11,-5.74832
2024,5,11,12,-7.32923
2024,5,11,13,-7.5932
2024,5,11,14,-7.13225
2024,5,11,15,-4.43145
2024,5,11,16,-0.38854
2024,5,11,17,6.47685
2024,5,11,18,15.23632
2024,5,11,19,37.12517
2024,5,11,20,45.47224
2024,5,11,21,45.9599
2024,5,11,22,43.39118
2024,5,11,23,36.41985
2024,5,11,24,35.3108
2024,5,12,1,37.34892
2024,5,12,2,36.82472
2024,5,12,3,34.12086
2024,5,12,4,32.54266
2024,5,12,5,35.77746
2024,5,12,6,37.30947
2024,5,12,7,31.17952
2024,5,12,8,1.8847
2024,5,12,9,-8.71552
2024,5,12,10,-12.34529
2024,5,12,11,-14.49783
2024,5,12,12,-16.3415
2024,5,12,13,-16.1943
2024,5,12,14,-13.70087
2024,5,12,15,-12.06698
2024,5,12,16,-7.84082
2024,5,12,17,1.75779
2024,5,12,18,9.25984
2024,5,12,19,35.35307
2024,5,12,20,46.3205
2024,5,12,21,47.96071
2024,5,12,22,41.83998
2024,5,12,23,35.74622
2024,5,12,24,33.06742
2024,5,13,1,31.87267
2024,5,13,2,31.38205
2024,5,13,3,31.27413
2024,5,13,4,31.16052
2024,5,13,5,32.10769
2024,5,13,6,39.67414
2024,5,13,7,33.99659
2024,5,13,8,14.91665
2024,5,13,9,8.3773
2024,5,13,10,6.87242
2024,5,13,11,7.20668
2024,5,13,12,6.56769
2024,5,13,13,6.68857
2024,5,13,14,7.31511
2024,5,13,15,7.00988
2024,5,13,16,12.32145
2024,5,13,17,15.38009
2024,5,13,18,28.96361
2024,5,13,19,42.20414
2024,5,13,20,56.07585
2024,5,13,21,54.47696
2024,5,13,22,44.76961
2024,5,13,23,38.9967
2024,5,13,24,34.57196
2024,5,14,1,35.21878
2024,5,14,2,33.55393
2024,5,14,3,32.17527
2024,5,14,4,32.06294
2024,5,14,5,32.33551
2024,5,14,6,38.50479
2024,5,14,7,37.68205
2024,5,14,8,20.71282
2024,5,14,9,9.73628
2024,5,14,10,10.18154
2024,5,14,11,10.69348
2024,5,14,12,9.32691
2024,5,14,13,9.89174
2024,5,14,14,9.55973
2024,5,14,15,10.02919
2024,5,14,16,10.2089
2024,5,14,17,11.75
2024,5,14,18,27.6825
2024,5,14,19,39.68207
2024,5,14,20,51.5791
2024,5,14,21,51.9882
2024,5,14,22,43.71859
2024,5,14,23,38.32366
2024,5,14,24,37.17994
2024,5,15,1,32.24337
2024,5,15,2,32.05797
2024,5,15,3,31.84485
2024,5,15,4,31.96165
2024,5,15,5,33.30268
2024,5,15,6,36.09456
2024,5,15,7,35.54156
2024,5,15,8,20.85831
2024,5,15,9,10.62367
2024,5,15,10,9.6443
2024,5,15,11,8.55
2024,5,15,12,8.55187
2024,5,15,13,7.48183
2024,5,15,14,8.54513
2024,5,15,15,8.6881
2024,5,15,16,9.04508
2024,5,15,17,14.66255
2024,5,15,18,29.40614
2024,5,15,19,36.6102
2024,5,15,20,48.13618
2024,5,15,21,51.87142
2024,5,15,22,44.32772
2024,5,15,23,35.63223
2024,5,15,24,34.29311
2024,5,16,1,29.12086
2024,5,16,2,28.74962
2024,5,16,3,25.93206
2024,5,16,4,26.63349
2024,5,16,5,28.81622
2024,5,16,6,31.73944
2024,5,16,7,33.67872
2024,5,16,8,14.44184
2024,5,16,9,7.05106
2024,5,16,10,5.99253
2024,5,16,11,3.49343
2024,5,16,12,0.92607
2024,5,16,13,-0.70685
2024,5,16,14,-0.94837
2024,5,16,15,1.69482
2024,5,16,16,5.64104
2024,5,16,17,10.24124
2024,5,16,18,17.72483
2024,5,16,19,35.1056
2024,5,16,20,44.49408
2024,5,16,21,44.63893
2024,5,16,22,42.93478
2024,5,16,23,33.95893
2024,5,16,24,32.37909
2024,5,17,1,32.60296
2024,5,17,2,31.62506
2024,5,17,3,31.14621
2024,5,17,4,30.99119
2024,5,17,5,32.79058
2024,5,17,6,34.66245
2024,5,17,7,26.6203
2024,5,17,8,5.73664
2024,5,17,9,0.0
2024,5,17,10,-6.32509
2024,5,17,11,-8.18831
2024,5,17,12,-8.61394
2024,5,17,13,-8.83461
2024,5,17,14,-9.26366
2024,5,17,15,-8.23824
2024,5,17,16,-7.90208
2024,5,17,17,-4.48123
2024,5,17,18,2.48596
2024,5,17,19,29.22025
2024,5,17,20,41.5918
2024,5,17,21,42.05927
2024,5,17,22,40.01747
2024,5,17,23,35.90848
2024,5,17,24,34.74079
2024,5,18,1,29.60635
2024,5,18,2,29.18033
2024,5,18,3,27.95612
2024,5,18,4,26.73351
2024,5,18,5,24.13548
2024,5,18,6,27.52779
2024,5,18,7,20.94159
2024,5,18,8,0.54856
2024,5,18,9,-13.25625
2024,5,18,10,-19.97306
2024,5,18,11,-25.38912
2024,5,18,12,-27.81246
2024,5,18,13,-28.13781
2024,5,18,14,-28.06416
2024,5,18,15,-27.74046
2024,5,18,16,-25.40632
2024,5,18,17,-18.41197
2024,5,18,18,-4.41486
2024,5,18,19,17.19882
2024,5,18,20,30.45628
2024,5,18,21,33.92354
2024,5,18,22,32.08556
2024,5,18,23,28.88318
2024,5,18,24,27.72441
2024,5,19,1,20.9617
2024,5,19,2,20.70064
2024,5,19,3,20.43105
2024,5,19,4,19.96243
2024,5,19,5,18.82058
2024,5,19,6,15.73317
2024,5,19,7,8.35265
2024,5,19,8,-16.51444
2024,5,19,9,-32.67702
2024,5,19,10,-39.56522
2024,5,19,11,-40.32493
2024,5,19,12,-40.57539
2024,5,19,13,-40.67147
2024,5,19,14,-40.98744
2024,5,19,15,-40.90145
2024,5,19,16,-40.94351
2024,5,19,17,-32.61395
2024,5,19,18,-10.15423
2024,5,19,19,12.15719
2024,5,19,20,26.06322
2024,5,19,21,30.6392
2024,5,19,22,28.72431
2024,5,19,23,24.55051
2024,5,19,24,23.33788
2024,5,20,1,21.65842
2024,5,20,2,20.8294
2024,5,20,3,20.74904
2024,5,20,4,20.71466
2024,5,20,5,22.95918
2024,5,20,6,27.75536
2024,5,20,7,27.05811
2024,5,20,8,8.88902
2024,5,20,9,1.39356
2024,5,20,10,-6.44098
2024,5,20,11,-12.39612
2024,5,20,12,-15.89721
2024,5,20,13,-17.65956
2024,5,20,14,-17.96875
2024,5,20,15,-18.26166
2024,5,20,16,-12.03638
2024,5,20,17,-7.56837
2024,5,20,18,-0.17825
2024,5,20,19,21.20666
2024,5,20,20,35.12538
2024,5,20,21,36.22072
2024,5,20,22,30.9562
2024,5,20,23,27.17347
2024,5,20,24,25.13547
2024,5,21,1,19.39837
2024,5,21,2,17.16521
2024,5,21,3,17.11729
2024,5,21,4,17.31514
2024,5,21,5,18.62665
2024,5,21,6,25.79181
2024,5,21,7,25.08088
2024,5,21,8,8.02626
2024,5,21,9,-2.4357
2024,5,21,10,-9.55789
2024,5,21,11,-11.47032
2024,5,21,12,-13.48616
2024,5,21,13,-14.28508
2024,5,21,14,-13.26843
2024,5,21,15,-11.8529
2024,5,21,16,-9.09631
2024,5,21,17,-3.11701
2024,5,21,18,7.88394
2024,5,21,19,32.13905
2024,5,21,20,41.07196
2024,5,21,21,43.70008
2024,5,21,22,40.51605
2024,5,21,23,31.3894
2024,5,21,24,31.00489
2024,5,22,1,23.75686
2024,5,22,2,19.6827
2024,5,22,3,16.69962
2024,5,22,4,14.87779
2024,5,22,5,16.84771
2024,5,22,6,19.98707
2024,5,22,7,22.13925
2024,5,22,8,7.73187
2024,5,22,9,-4.287
2024,5,22,10,-11.1181
2024,5,22,11,-13.44104
2024,5,22,12,-14.76532
2024,5,22,13,-15.5141
2024,5,22,14,-16.32438
2024,5,22,15,-15.16767
2024,5,22,16,-13.22092
2024,5,22,17,-8.36313
2024,5,22,18,4.40259
2024,5,22,19,22.49094
2024,5,22,20,36.00763
2024,5,22,21,40.82832
2024,5,22,22,34.02073
2024,5,22,23,24.27011
2024,5,22,24,22.49817
2024,5,23,1,21.09269
2024,5,23,2,18.25415
2024,5,23,3,17.09076
2024,5,23,4,16.40335
2024,5,23,5,16.85024
2024,5,23,6,24.06264
2024,5,23,7,22.68405
2024,5,23,8,5.63559
2024,5,23,9,-4.30807
2024,5,23,10,-10.05884
2024,5,23,11,-14.88778
2024,5,23,12,-16.47907
2024,5,23,13,-17.62186
2024,5,23,14,-17.41168
2024,5,23,15,-17.76998
2024,5,23,16,-14.2707
2024,5,23,17,-10.28051
2024,5,23,18,0.13025
2024,5,23,19,18.22275
2024,5,23,20,34.57079
2024,5,23,21,39.44142
2024,5,23,22,32.39882
2024,5,23,23,25.85461
2024,5,23,24,23.82373
2024,5,24,1,19.56891
2024,5,24,2,19.1172
2024,5,24,3,17.72088
2024,5,24,4,16.96822
2024,5,24,5,19.54629
2024,5,24,6,27.66387
2024,5,24,7,23.56434
2024,5,24,8,5.06546
2024,5,24,9,-0.94494
2024,5,24,10,-7.79169
2024,5,24,11,-12.51514
2024,5,24,12,-15.84431
2024,5,24,13,-18.41369
2024,5,24,14,-20.08903
2024,5,24,15,-21.31032
2024,5,24,16,-17.62858
2024,5,24,17,-15.18907
2024,5,24,18,-4.48628
2024,5,24,19,12.71267
2024,5,24,20,27.54529
2024,5,24,21,30.6526
2024,5,24,22,27.77046
2024,5,24,23,20.53371
2024,5,24,24,19.12363
2024,5,25,1,22.21331
2024,5,25,2,19.29012
2024,5,25,3,18.13306
2024,5,25,4,18.07459
2024,5,25,5,18.18172
2024,5,25,6,17.01237
2024,5,25,7,10.58338
2024,5,25,8,-14.95999
2024,5,25,9,-30.92409
2024,5,25,10,-34.13848
2024,5,25,11,-37.27191
2024,5,25,12,-38.058
2024,5,25,13,-38.89196
2024,5,25,14,-39.5831
2024,5,25,15,-38.57956
2024,5,25,16,-38.40716
2024,5,25,17,-36.85245
2024,5,25,18,-21.52419
2024,5,25,19,5.19751
2024,5,25,20,20.69536
2024,5,25,21,25.59324
2024,5,25,22,22.14973
2024,5,25,23,18.72222
2024,5,25,24,17.96683
2024,5,26,1,19.65772
2024,5,26,2,16.78075
2024,5,26,3,15.82896
2024,5,26,4,15.33425
2024,5,26,5,17.81153
2024,5,26,6,15.9371
2024,5,26,7,9.0823
2024,5,26,8,-12.75403
2024,5,26,9,-26.72741
2024,5,26,10,-30.55082
2024,5,26,11,-32.91843
2024,5,26,12,-33.82629
2024,5,26,13,-35.77695
2024,5,26,14,-33.92196
2024,5,26,15,-33.50641
2024,5,26,16,-28.40446
2024,5,26,17,-22.26017
2024,5,26,18,-6.13342
2024,5,26,19,16.16764
2024,5,26,20,28.81651
2024,5,26,21,36.08251
2024,5,26,22,32.18444
2024,5,26,23,26.57314
2024,5,26,24,25.86003
2024,5,27,1,34.24351
2024,5,27,2,31.49793
2024,5,27,3,29.13087
2024,5,27,4,30.21212
2024,5,27,5,35.23693
2024,5,27,6,37.45997
2024,5,27,7,23.69547
2024,5,27,8,-1.70222
2024,5,27,9,-14.535
2024,5,27,10,-18.20986
2024,5,27,11,-19.94793
2024,5,27,12,-20.83567
2024,5,27,13,-20.83228
2024,5,27,14,-20.55586
2024,5,27,15,-18.86774
2024,5,27,16,-17.04737
2024,5,27,17,-9.2809
2024,5,27,18,5.72553
2024,5,27,19,27.64777
2024,5,27,20,44.3689
2024,5,27,21,47.42269
2024,5,27,22,39.41724
2024,5,27,23,30.62632
2024,5,27,24,28.77619
2024,5,28,1,31.77761
2024,5,28,2,30.5779
2024,5,28,3,31.55897
2024,5,28,4,31.13692
2024,5,28,5,34.18905
2024,5,28,6,37.38029
2024,5,28,7,27.97497
2024,5,28,8,7.87493
2024,5,28,9,-1.56012
2024,5,28,10,-2.95259
2024,5,28,11,-6.21217
2024,5,28,12,-6.80241
2024,5,28,13,-8.16596
2024,5,28,14,-8.35667
2024,5,28,15,-6.28879
2024,5,28,16,1.64343
2024,5,28,17,-0.45709
2024,5,28,18,5.15566
2024,5,28,19,27.21166
2024,5,28,20,40.30633
2024,5,28,21,48.95577
2024,5,28,22,40.84805
2024,5,28,23,29.82345
2024,5,28,24,26.83917
2024,5,29,1,23.20478
2024,5,29,2,21.11336
2024,5,29,3,20.35458
2024,5,29,4,20.21506
2024,5,29,5,22.55864
2024,5,29,6,25.52219
2024,5,29,7,27.31507
2024,5,29,8,2.33906
2024,5,29,9,-4.53104
2024,5,29,10,-9.23722
2024,5,29,11,-10.44059
2024,5,29,12,-11.9038
2024,5,29,13,-12.55527
2024,5,29,14,-11.06698
2024,5,29,15,-8.50661
2024,5,29,16,-3.33993
2024,5,29,17,-0.3303
2024,5,29,18,8.22399
2024,5,29,19,26.01565
2024,5,29,20,45.04938
2024,5,29,21,47.12535
2024,5,29,22,39.87948
2024,5,29,23,29.60561
2024,5,29,24,28.46009
2024,5,30,1,31.7885
2024,5,30,2,30.26396
2024,5,30,3,29.96957
2024,5,30,4,30.20471
2024,5,30,5,31.88718
2024,5,30,6,33.81807
2024,5,30,7,31.62999
2024,5,30,8,13.43665
2024,5,30,9,11.27378
2024,5,30,10,9.14959
2024,5,30,11,9.52655
2024,5,30,12,7.46608
2024,5,30,13,9.09833
2024,5,30,14,8.56531
2024,5,30,15,12.46215
2024,5,30,16,18.14321
2024,5,30,17,19.67058
2024,5,30,18,34.47242
2024,5,30,19,36.9161
2024,5,30,20,53.3949
2024,5,30,21,50.07211
2024,5,30,22,38.61392
2024,5,30,23,34.3531
2024,5,30,24,32.39984
2024,6,1,1,29.08959
2024,6,1,2,26.53524
2024,6,1,3,26.5824
2024,6,1,4,26.87124
2024,6,1,5,23.36365
2024,6,1,6,27.39008
2024,6,1,7,17.10948
2024,6,1,8,-0.43776
2024,6,1,9,-10.66881
2024,6,1,10,-14.03161
2024,6,1,11,-15.22902
2024,6,1,12,-17.65272
2024,6,1,13,-18.86424
2024,6,1,14,-17.12931
2024,6,1,15,-16.5318
2024,6,1,16,-13.79335
2024,6,1,17,-11.27652
2024,6,1,18,0.86992
2024,6,1,19,15.15019
2024,6,1,20,29.94044
2024,6,1,21,40.31852
2024,6,1,22,37.24989
2024,6,1,23,24.61758
2024,6,1,24,23.72914
2024,6,2,1,30.18298
2024,6,2,2,27.77498
2024,6,2,3,23.9334
2024,6,2,4,20.53166
2024,6,2,5,20.94421
2024,6,2,6,19.57072
2024,6,2,7,6.92533
2024,6,2,8,-11.78245
2024,6,2,9,-20.47822
2024,6,2,10,-22.49164
2024,6,2,11,-22.86781
2024,6,2,12,-23.36793
2024,6,2,13,-25.3297
2024,6,2,14,-21.5853
2024,6,2,15,-20.4958
2024,6,2,16,-16.74405
2024,6,2,17,-7.2628
2024,6,2,18,3.75876
2024,6,2,19,22.48802
2024,6,2,20,37.49784
2024,6,2,21,47.54344
2024,6,2,22,40.54467
2024,6,2,23,28.7444
2024,6,2,24,27.9561
2024,6,3,1,31.17855
2024,6,3,2,28.67828
2024,6,3,3,29.83421
2024,6,3,4,27.17138
2024,6,3,5,31.33159
2024,6,3,6,34.93996
2024,6,3,7,23.55896
2024,6,3,8,7.78385
2024,6,3,9,5.56191
2024,6,3,10,2.23596
2024,6,3,11,3.2611
2024,6,3,12,0.59048
2024,6,3,13,-2.19605
2024,6,3,14,0.83833
2024,6,3,15,0.35386
2024,6,3,16,6.12436
2024,6,3,17,10.75121
2024,6,3,18,20.44937
2024,6,3,19,35.16101
2024,6,3,20,48.91467
2024,6,3,21,47.63579
2024,6,3,22,35.19343
2024,6,3,23,33.06992
2024,6,3,24,32.26401
2024,6,4,1,26.88481
2024,6,4,2,25.79424
2024,6,4,3,25.63012
2024,6,4,4,25.82327
2024,6,4,5,25.80249
2024,6,4,6,29.13194
2024,6,4,7,28.09866
2024,6,4,8,20.2169
2024,6,4,9,13.33269
2024,6,4,10,10.4765
2024,6,4,11,9.48831
2024,6,4,12,7.08407
2024,6,4,13,5.19993
2024,6,4,14,6.10476
2024,6,4,15,11.56012
2024,6,4,16,16.98244
2024,6,4,17,21.25057
2024,6,4,18,32.14294
2024,6,4,19,40.30145
2024,6,4,20,57.89519
2024,6,4,21,57.14735
2024,6,4,22,49.19091
2024,6,4,23,34.9616
2024,6,4,24,33.64943
2024,6,5,1,32.15679
2024,6,5,2,31.79294
2024,6,5,3,31.61578
2024,6,5,4,30.77146
2024,6,5,5,31.7864
2024,6,5,6,34.47485
2024,6,5,7,30.25352
2024,6,5,8,18.28052
2024,6,5,9,16.38648
2024,6,5,10,17.24629
2024,6,5,11,17.30624
2024,6,5,12,17.25776
2024,6,5,13,17.76298
2024,6,5,14,19.71406
2024,6,5,15,22.26201
2024,6,5,16,30.26416
2024,6,5,17,31.56371
2024,6,5,18,37.58739
2024,6,5,19,53.29082
2024,6,5,20,66.7721
2024,6,5,21,63.35797
2024,6,5,22,51.29852
2024,6,5,23,35.38495
2024,6,5,24,35.47356
2024,6,6,1,31.13008
2024,6,6,2,31.21562
2024,6,6,3,30.64984
2024,6,6,4,29.8661
2024,6,6,5,30.28145
2024,6,6,6,34.18516
2024,6,6,7,31.14326
2024,6,6,8,16.5586
2024,6,6,9,15.07911
2024,6,6,10,15.66642
2024,6,6,11,17.49492
2024,6,6,12,19.17331
2024,6,6,13,17.44359
2024,6,6,14,20.18666
2024,6,6,15,19.91252
2024,6,6,16,23.53517
2024,6,6,17,28.90244
2024,6,6,18,36.35406
2024,6,6,19,45.16714
2024,6,6,20,58.12584
2024,6,6,21,54.41328
2024,6,6,22,42.44329
2024,6,6,23,32.12556
2024,6,6,24,30.60008
2024,6,7,1,29.36602
2024,6,7,2,28.71459
2024,6,7,3,29.6368
2024,6,7,4,28.97006
2024,6,7,5,30.14281
2024,6,7,6,32.60383
2024,6,7,7,29.7621
2024,6,7,8,13.96563
2024,6,7,9,13.645
2024,6,7,10,14.25685
2024,6,7,11,12.33433
2024,6,7,12,11.57643
2024,6,7,13,9.83055
2024,6,7,14,11.28087
2024,6,7,15,14.52854
2024,6,7,16,19.69739
2024,6,7,17,24.97218
2024,6,7,18,31.61934
2024,6,7,19,39.09526
2024,6,7,20,46.59671
2024,6,7,21,45.85345
2024,6,7,22,38.68793
2024,6,7,23,33.20199
2024,6,7,24,30.41331
2024,6,8,1,30.4398
2024,6,8,2,29.10277
2024,6,8,3,28.09665
2024,6,8,4,29.15259
2024,6,8,5,29.81515
2024,6,8,6,29.96937
2024,6,8,7,23.10439
2024,6,8,8,3.31498
2024,6,8,9,0.2562
2024,6,8,10,-1.26034
2024,6,8,11,-0.7547
2024,6,8,12,-1.47653
2024,6,8,13,-1.0967
2024,6,8,14,-0.44933
2024,6,8,15,2.28103
2024,6,8,16,6.11612
2024,6,8,17,10.90566
2024,6,8,18,19.36137
2024,6,8,19,32.20523
2024,6,8,20,40.38364
2024,6,8,21,43.24837
2024,6,8,22,40.14854
2024,6,8,23,31.6703
2024,6,8,24,31.0872
2024,6,9,1,26.65435
2024,6,9,2,25.82583
2024,6,9,3,26.43889
2024,6,9,4,25.2582
2024,6,9,5,23.27187
2024,6,9,6,25.2582
2024,6,9,7,10.82882
2024,6,9,8,-1.82939
2024,6,9,9,-9.03969
2024,6,9,10,-12.19512
2024,6,9,11,-13.03761
2024,6,9,12,-14.07438
2024,6,9,13,-15.96944
2024,6,9,14,-14.17826
2024,6,9,15,-10.35638
2024,6,9,16,-6.6322
2024,6,9,17,2.2105
2024,6,9,18,9.49225
2024,6,9,19,28.56825
2024,6,9,20,35.39304
2024,6,9,21,41.00302
2024,6,9,22,36.33071
2024,6,9,23,31.20802
2024,6,9,24,30.66293
2024,6,10,1,29.24368
2024,6,10,2,30.34087
2024,6,10,3,27.7848
2024,6,10,4,29.41468
2024,6,10,5,30.67477
2024,6,10,6,35.40317
2024,6,10,7,29.08851
2024,6,10,8,13.62973
2024,6,10,9,9.11784
2024,6,10,10,8.82372
2024,6,10,11,8.45225
2024,6,10,12,9.39126
2024,6,10,13,7.43753
2024,6,10,14,8.82328
2024,6,10,15,9.72087
2024,6,10,16,15.02239
2024,6,10,17,18.50171
2024,6,10,18,30.26587
2024,6,10,19,38.99946
2024,6,10,20,54.392
2024,6,10,21,47.85685
2024,6,10,22,37.984
2024,6,10,23,33.34106
2024,6,10,24,30.80297
2024,6,11,1,29.81341
2024,6,11,2,29.14578
2024,6,11,3,28.39209
2024,6,11,4,28.16986
2024,6,11,5,29.70003
2024,6,11,6,33.07393
2024,6,11,7,29.12422
2024,6,11,8,14.36844
2024,6,11,9,12.47174
2024,6,11,10,10.97825
2024,6,11,11,12.0694
2024,6,11,12,13.02054
2024,6,11,13,12.94602
2024,6,11,14,14.71181
2024,6,11,15,16.13002
2024,6,11,16,22.04651
2024,6,11,17,27.03091
2024,6,11,18,32.51562
2024,6,11,19,41.42502
2024,6,11,20,55.01317
2024,6,11,21,55.08508
2024,6,11,22,39.74064
2024,6,11,23,34.375
2024,6,11,24,31.96693
2024,6,12,1,30.33629
2024,6,12,2,30.7716
2024,6,12,3,29.54017
2024,6,12,4,31.10036
2024,6,12,5,32.15868
2024,6,12,6,33.91946
2024,6,12,7,30.57913
2024,6,12,8,14.9205
2024,6,12,9,13.3831
2024,6,12,10,13.44246
2024,6,12,11,13.20458
2024,6,12,12,12.76246
2024,6,12,13,12.68376
2024,6,12,14,14.44296
2024,6,12,15,14.8691
2024,6,12,16,18.2604
2024,6,12,17,23.28531
2024,6,12,18,33.37131
2024,6,12,19,41.8289
2024,6,12,20,57.1662
2024,6,12,21,57.84464
2024,6,12,22,42.40191
2024,6,12,23,37.84536
2024,6,12,24,32.71237
2024,6,13,1,33.55874
2024,6,13,2,32.24722
2024,6,13,3,31.28244
2024,6,13,4,31.41483
2024,6,13,5,33.7795
2024,6,13,6,36.83835
2024,6,13,7,31.2268
2024,6,13,8,19.93747
2024,6,13,9,15.26017
2024,6,13,10,14.42614
2024,6,13,11,14.22794
2024,6,13,12,14.6554
2024,6,13,13,15.20106
2024,6,13,14,16.37759
2024,6,13,15,17.38022
2024,6,13,16,19.11588
2024,6,13,17,19.19405
2024,6,13,18,25.18572
2024,6,13,19,33.11438
2024,6,13,20,47.13029
2024,6,13,21,50.69266
2024,6,13,22,41.01864
2024,6,13,23,33.1135
2024,6,13,24,30.2303
2024,6,14,1,28.31086
2024,6,14,2,28.74585
2024,6,14,3,28.13255
2024,6,14,4,25.71223
2024,6,14,5,27.11688
2024,6,14,6,29.4602
2024,6,14,7,23.07089
2024,6,14,8,10.25586
2024,6,14,9,8.21138
2024,6,14,10,7.55409
2024,6,14,11,5.88347
2024,6,14,12,5.91693
2024,6,14,13,6.38932
2024,6,14,14,8.12854
2024,6,14,15,10.82135
2024,6,14,16,13.28904
2024,6,14,17,15.82086
2024,6,14,18,24.70898
2024,6,14,19,33.07879
2024,6,14,20,47.42531
2024,6,14,21,50.70148
2024,6,14,22,43.7484
2024,6,14,23,33.77025
2024,6,14,24,32.1096
2024,6,15,1,29.27807
2024,6,15,2,28.13718
2024,6,15,3,28.10009
2024,6,15,4,27.97375
2024,6,15,5,26.88227
2024,6,15,6,27.77232
2024,6,15,7,16.376
2024,6,15,8,-1.81513
2024,6,15,9,-6.71669
2024,6,15,10,-6.95118
2024,6,15,11,-7.51102
2024,6,15,12,-8.26001
2024,6,15,13,-7.37072
2024,6,15,14,-6.92594
2024,6,15,15,-1.91769
2024,6,15,16,0.40712
2024,6,15,17,7.9696
2024,6,15,18,20.97079
2024,6,15,19,31.83617
2024,6,15,20,45.90298
2024,6,15,21,49.54202
2024,6,15,22,42.20367
2024,6,15,23,32.56335
2024,6,15,24,31.69508
2024,6,16,1,27.63542
2024,6,16,2,26.43701
2024,6,16,3,25.1713
2024,6,16,4,24.96599
2024,6,16,5,23.63283
2024,6,16,6,21.85224
2024,6,16,7,7.26744
2024,6,16,8,-15.24932
2024,6,16,9,-20.12533
2024,6,16,10,-21.09098
2024,6,16,11,-21.47658
2024,6,16,12,-21.25968
2024,6,16,13,-21.24856
2024,6,16,14,-21.11615
2024,6,16,15,-20.95057
2024,6,16,16,-12.93432
2024,6,16,17,-6.03218
2024,6,16,18,7.65632
2024,6,16,19,25.83037
2024,6,16,20,36.76857
2024,6,16,21,45.34501
2024,6,16,22,39.62791
2024,6,16,23,30.86233
2024,6,16,24,30.69433
2024,6,17,1,29.27815
2024,6,17,2,26.86456
2024,6,17,3,28.47554
2024,6,17,4,26.16979
2024,6,17,5,28.67399
2024,6,17,6,31.09718
2024,6,17,7,22.11225
2024,6,17,8,2.37379
2024,6,17,9,-1.22313
2024,6,17,10,-3.04721
2024,6,17,11,-4.90838
2024,6,17,12,-5.46944
2024,6,17,13,-9.94859
2024,6,17,14,-7.44935
2024,6,17,15,-5.21237
2024,6,17,16,-1.44281
2024,6,17,17,0.5355
2024,6,17,18,13.97313
2024,6,17,19,29.69706
2024,6,17,20,42.372
2024,6,17,21,45.48211
2024,6,17,22,39.08274
2024,6,17,23,31.18145
2024,6,17,24,30.65539
2024,6,18,1,28.67801
2024,6,18,2,26.91873
2024,6,18,3,26.3519
2024,6,18,4,26.18499
2024,6,18,5,28.94208
2024,6,18,6,31.19984
2024,6,18,7,27.2631
2024,6,18,8,12.2644
2024,6,18,9,8.31737
2024,6,18,10,8.22904
2024,6,18,11,7.40722
2024,6,18,12,6.47551
2024,6,18,13,7.79168
2024,6,18,14,9.51349
2024,6,18,15,10.59844
2024,6,18,16,13.52638
2024,6,18,17,19.17426
2024,6,18,18,26.5868
2024,6,18,19,34.26751
2024,6,18,20,47.06721
2024,6,18,21,51.60393
2024,6,18,22,40.67551
2024,6,18,23,33.23514
2024,6,18,24,30.02015
2024,6,19,1,34.49465
2024,6,19,2,30.2303
2024,6,19,3,29.65599
2024,6,19,4,29.08647
2024,6,19,5,32.04746
2024,6,19,6,33.50585
2024,6,19,7,28.14698
2024,6,19,8,10.48555
2024,6,19,9,3.19557
2024,6,19,10,0.16694
2024,6,19,11,0.0
2024,6,19,12,0.0
2024,6,19,13,0.0
2024,6,19,14,0.0
2024,6,19,15,0.0
2024,6,19,16,2.48278
2024,6,19,17,8.71486
2024,6,19,18,21.13207
2024,6,19,19,31.91655
2024,6,19,20,45.37116
2024,6,19,21,50.28257
2024,6,19,22,42.60224
2024,6,19,23,34.16315
2024,6,19,24,32.73759
2024,6,20,1,31.10698
2024,6,20,2,29.48451
2024,6,20,3,28.9507
2024,6,20,4,28.85199
2024,6,20,5,30.38651
2024,6,20,6,33.45818
2024,6,20,7,28.68318
2024,6,20,8,15.02968
2024,6,20,9,9.18995
2024,6,20,10,8.03913
2024,6,20,11,7.60356
2024,6,20,12,8.29957
2024,6,20,13,7.46154
2024,6,20,14,8.72207
2024,6,20,15,10.35299
2024,6,20,16,14.29011
2024,6,20,17,16.92458
2024,6,20,18,23.71619
2024,6,20,19,33.07664
2024,6,20,20,48.92011
2024,6,20,21,52.7982
2024,6,20,22,41.7154
2024,6,20,23,33.84607
2024,6,20,24,32.85027
2024,6,21,1,33.81942
2024,6,21,2,30.72511
2024,6,21,3,29.91555
2024,6,21,4,30.02772
2024,6,21,5,31.52306
2024,6,21,6,35.98079
2024,6,21,7,33.93839
2024,6,21,8,18.92397
2024,6,21,9,16.67008
2024,6,21,10,16.84143
2024,6,21,11,17.46859
2024,6,21,12,17.44013
2024,6,21,13,17.99385
2024,6,21,14,18.35097
2024,6,21,15,21.53657
2024,6,21,16,26.56932
2024,6,21,17,31.77662
2024,6,21,18,35.51872
2024,6,21,19,48.77568
2024,6,21,20,60.12185
2024,6,21,21,60.66774
2024,6,21,22,52.12443
2024,6,21,23,43.67252
2024,6,21,24,37.05187
2024,6,22,1,40.37242
2024,6,22,2,38.62303
2024,6,22,3,38.2299
2024,6,22,4,36.928
2024,6,22,5,33.81845
2024,6,22,6,35.67982
2024,6,22,7,31.99339
2024,6,22,8,22.0
2024,6,22,9,19.66321
2024,6,22,10,17.54553
2024,6,22,11,19.84755
2024,6,22,12,21.85634
2024,6,22,13,23.31109
2024,6,22,14,25.45942
2024,6,22,15,30.23843
2024,6,22,16,33.00183
2024,6,22,17,35.37359
2024,6,22,18,42.60934
2024,6,22,19,57.75297
2024,6,22,20,70.49097
2024,6,22,21,70.58604
2024,6,22,22,56.9872
2024,6,22,23,53.47546
2024,6,22,24,41.76007
2024,6,23,1,40.57322
2024,6,23,2,39.46325
2024,6,23,3,39.0849
2024,6,23,4,37.03647
2024,6,23,5,36.60445
2024,6,23,6,37.78513
2024,6,23,7,31.4479
2024,6,23,8,21.12739
2024,6,23,9,19.32446
2024,6,23,10,18.7712
2024,6,23,11,20.06693
2024,6,23,12,20.35885
2024,6,23,13,21.18042
2024,6,23,14,21.72526
2024,6,23,15,30.00415
2024,6,23,16,33.16463
2024,6,23,17,36.1392
2024,6,23,18,42.20693
2024,6,23,19,49.64206
2024,6,23,20,60.31204
2024,6,23,21,62.13377
2024,6,23,22,51.5523
2024,6,23,23,47.52127
2024,6,23,24,40.10453
2024,6,24,1,40.35368
2024,6,24,2,40.64301
2024,6,24,3,34.92095
2024,6,24,4,34.66306
2024,6,24,5,34.58828
2024,6,24,6,41.25939
2024,6,24,7,36.4869
2024,6,24,8,29.85538
2024,6,24,9,28.41547
2024,6,24,10,28.5173
2024,6,24,11,29.66697
2024,6,24,12,30.0597
2024,6,24,13,30.17293
2024,6,24,14,30.90006
2024,6,24,15,31.81628
2024,6,24,16,36.0
2024,6,24,17,40.39819
2024,6,24,18,50.12969
2024,6,24,19,63.76707
2024,6,24,20,75.34737
2024,6,24,21,69.84935
2024,6,24,22,58.31967
2024,6,24,23,47.99866
2024,6,24,24,43.37628
2024,6,25,1,43.15946
2024,6,25,2,42.21502
2024,6,25,3,40.31403
2024,6,25,4,40.35334
2024,6,25,5,41.82259
2024,6,25,6,45.4211
2024,6,25,7,48.7749
2024,6,25,8,34.94758
2024,6,25,9,34.20025
2024,6,25,10,34.56332
2024,6,25,11,34.83111
2024,6,25,12,35.59771
2024,6,25,13,35.4896
2024,6,25,14,36.89083
2024,6,25,15,37.25919
2024,6,25,16,43.08806
2024,6,25,17,46.30318
2024,6,25,18,53.89568
2024,6,25,19,62.67052
2024,6,25,20,77.64128
2024,6,25,21,75.46488
2024,6,25,22,68.91297
2024,6,25,23,51.74129
2024,6,25,24,42.92934
2024,6,26,1,42.13612
2024,6,26,2,44.89279
2024,6,26,3,42.56885
2024,6,26,4,39.82307
2024,6,26,5,40.17265
2024,6,26,6,44.92085
2024,6,26,7,41.62814
2024,6,26,8,32.43264
2024,6,26,9,29.28785
2024,6,26,10,27.50243
2024,6,26,11,27.92492
2024,6,26,12,28.68705
2024,6,26,13,30.3475
2024,6,26,14,30.69246
2024,6,26,15,32.52764
2024,6,26,16,35.89295
2024,6,26,17,38.55569
2024,6,26,18,42.63793
2024,6,26,19,53.66997
2024,6,26,20,65.19087
2024,6,26,21,67.17974
2024,6,26,22,55.52983
2024,6,26,23,50.6189
2024,6,26,24,42.59317
2024,6,27,1,41.53402
2024,6,27,2,39.1791
2024,6,27,3,37.91115
2024,6,27,4,36.06111
2024,6,27,5,38.02281
2024,6,27,6,41.59556
2024,6,27,7,36.96272
2024,6,27,8,27.22834
2024,6,27,9,25.80289
2024,6,27,10,23.96916
2024,6,27,11,23.96087
2024,6,27,12,24.8769
2024,6,27,13,25.45137
2024,6,27,14,26.24142
2024,6,27,15,29.0931
2024,6,27,16,30.32465
2024,6,27,17,30.71726
2024,6,27,18,38.6619
2024,6,27,19,46.51096
2024,6,27,20,61.65813
2024,6,27,21,66.03335
2024,6,27,22,54.77707
2024,6,27,23,45.68078
2024,6,27,24,40.14644
2024,6,28,1,37.8695
2024,6,28,2,36.86654
2024,6,28,3,36.13662
2024,6,28,4,35.33422
2024,6,28,5,37.747
2024,6,28,6,41.2557
2024,6,28,7,35.9539
2024,6,28,8,24.42036
2024,6,28,9,23.94686
2024,6,28,10,23.90463
2024,6,28,11,23.94529
2024,6,28,12,23.93678
2024,6,28,13,23.46901
2024,6,28,14,24.03305
2024,6,28,15,26.11628
2024,6,28,16,28.56163
2024,6,28,17,33.79106
2024,6,28,18,36.81111
2024,6,28,19,49.75703
2024,6,28,20,60.64654
2024,6,28,21,62.79745
2024,6,28,22,59.96743
2024,6,28,23,51.36663
2024,6,28,24,47.52406
2024,6,29,1,41.69388
2024,6,29,2,38.96723
2024,6,29,3,39.6343
2024,6,29,4,38.15861
2024,6,29,5,38.55238
2024,6,29,6,39.31807
2024,6,29,7,32.77051
2024,6,29,8,18.94172
2024,6,29,9,18.49904
2024,6,29,10,18.23743
2024,6,29,11,18.21436
2024,6,29,12,18.07879
2024,6,29,13,18.8772
2024,6,29,14,19.89129
2024,6,29,15,22.55423
2024,6,29,16,27.45326
2024,6,29,17,33.16901
2024,6,29,18,37.55907
2024,6,29,19,45.85938
2024,6,29,20,64.05527
2024,6,29,21,63.78907
2024,6,29,22,56.58414
2024,6,29,23,45.07954
2024,6,29,24,43.10008
2024,7,1,1,38.98394
2024,7,1,2,36.36257
2024,7,1,3,35.60257
2024,7,1,4,35.48639
2024,7,1,5,35.8609
2024,7,1,6,39.62161
2024,7,1,7,35.44328
2024,7,1,8,28.54134
2024,7,1,9,25.43292
2024,7,1,10,27.94899
2024,7,1,11,28.79303
2024,7,1,12,29.33044
2024,7,1,13,29.52614
2024,7,1,14,30.2359
2024,7,1,15,34.22178
2024,7,1,16,37.5155
2024,7,1,17,41.14945
2024,7,1,18,44.62704
2024,7,1,19,59.83134
2024,7,1,20,77.46498
2024,7,1,21,75.62788
2024,7,1,22,61.88688
2024,7,1,23,48.11764
2024,7,1,24,43.60331
2024,7,2,1,42.59878
2024,7,2,2,40.60697
2024,7,2,3,39.35044
2024,7,2,4,39.14169
2024,7,2,5,39.6852
2024,7,2,6,43.47066
2024,7,2,7,42.70235
2024,7,2,8,33.28189
2024,7,2,9,32.27148
2024,7,2,10,31.47544
2024,7,2,11,32.54841
2024,7,2,12,31.66916
2024,7,2,13,32.10044
2024,7,2,14,35.54
2024,7,2,15,41.4575
2024,7,2,16,45.09
2024,7,2,17,46.11
2024,7,2,18,57.91902
2024,7,2,19,69.81974
2024,7,2,20,95.98
2024,7,2,21,82.92242
2024,7,2,22,65.39519
2024,7,2,23,54.255
2024,7,2,24,47.41866
2024,7,3,1,44.44553
2024,7,3,2,40.08204
2024,7,3,3,37.3102
2024,7,3,4,36.79149
2024,7,3,5,36.87316
2024,7,3,6,40.9793
2024,7,3,7,41.58535
2024,7,3,8,33.81713
2024,7,3,9,33.87909
2024,7,3,10,32.55026
2024,7,3,11,34.26875
2024,7,3,12,34.9837
2024,7,3,13,34.70752
2024,7,3,14,40.19383
2024,7,3,15,46.23445
2024,7,3,16,52.26495
2024,7,3,17,57.80004
2024,7,3,18,67.09698
2024,7,3,19,83.21524
2024,7,3,20,130.71687
2024,7,3,21,92.90797
2024,7,3,22,67.91364
2024,7,3,23,49.76963
2024,7,3,24,43.16403
2024,7,4,1,46.28968
2024,7,4,2,38.78614
2024,7,4,3,39.90878
2024,7,4,4,39.49701
2024,7,4,5,37.32112
2024,7,4,6,39.78786
2024,7,4,7,33.4775
2024,7,4,8,26.46119
2024,7,4,9,25.22393
2024,7,4,10,25.9058
2024,7,4,11,25.57235
2024,7,4,12,27.1027
2024,7,4,13,29.29143
2024,7,4,14,32.56322
2024,7,4,15,34.70163
2024,7,4,16,40.42756
2024,7,4,17,46.44086
2024,7,4,18,60.76939
2024,7,4,19,68.82722
2024,7,4,20,88.71969
2024,7,4,21,78.15201
2024,7,4,22,64.28529
2024,7,4,23,53.69974
2024,7,4,24,44.60285
2024,7,5,1,40.31991
2024,7,5,2,37.42389
2024,7,5,3,36.82743
2024,7,5,4,36.65683
2024,7,5,5,36.729
2024,7,5,6,36.98078
2024,7,5,7,40.75092
2024,7,5,8,33.73359
2024,7,5,9,33.07152
2024,7,5,10,33.88701
2024,7,5,11,35.87317
2024,7,5,12,36.5794
2024,7,5,13,37.78508
2024,7,5,14,41.71498
2024,7,5,15,47.8904
2024,7,5,16,58.05577
2024,7,5,17,68.56862
2024,7,5,18,81.41585
2024,7,5,19,114.26845
2024,7,5,20,173.58424
2024,7,5,21,143.92361
2024,7,5,22,83.7542
2024,7,5,23,64.75085
2024,7,5,24,53.83263
2024,7,6,1,42.25042
2024,7,6,2,39.52391
2024,7,6,3,38.38299
2024,7,6,4,39.38707
2024,7,6,5,39.12099
2024,7,6,6,38.92216
2024,7,6,7,37.43038
2024,7,6,8,26.81385
2024,7,6,9,24.92678
2024,7,6,10,26.07308
2024,7,6,11,27.29716
2024,7,6,12,27.77066
2024,7,6,13,29.91602
2024,7,6,14,34.09648
2024,7,6,15,36.94295
2024,7,6,16,44.47193
2024,7,6,17,51.68388
2024,7,6,18,58.89912
2024,7,6,19,77.96576
2024,7,6,20,102.75336
2024,7,6,21,87.52993
2024,7,6,22,64.63764
2024,7,6,23,53.74814
2024,7,6,24,43.03304
2024,7,7,1,38.41327
2024,7,7,2,38.16228
2024,7,7,3,37.72519
2024,7,7,4,35.87747
2024,7,7,5,36.23945
2024,7,7,6,35.91502
2024,7,7,7,33.00508
2024,7,7,8,21.44546
2024,7,7,9,17.67486
2024,7,7,10,18.20185
2024,7,7,11,20.5667
2024,7,7,12,21.585
2024,7,7,13,23.33176
2024,7,7,14,25.48761
2024,7,7,15,29.31779
2024,7,7,16,32.47468
2024,7,7,17,37.85957
2024,7,7,18,45.49062
2024,7,7,19,56.26877
2024,7,7,20,67.85223
2024,7,7,21,65.66999
2024,7,7,22,54.59377
2024,7,7,23,44.69859
2024,7,7,24,39.84326
2024,7,8,1,37.28657
2024,7,8,2,36.14049
2024,7,8,3,34.59481
2024,7,8,4,34.17581
2024,7,8,5,34.18253
2024,7,8,6,35.80933
2024,7,8,7,38.59614
2024,7,8,8,32.91778
2024,7,8,9,32.63047
2024,7,8,10,32.82875
2024,7,8,11,33.06341
2024,7,8,12,34.33495
2024,7,8,13,35.10667
2024,7,8,14,39.24535
2024,7,8,15,41.6925
2024,7,8,16,54.9188
2024,7,8,17,61.48335
2024,7,8,18,67.516
2024,7,8,19,87.42358
2024,7,8,20,149.49173
2024,7,8,21,127.57784
2024,7,8,22,78.09835
2024,7,8,23,58.13339
2024,7,8,24,47.46576
2024,7,9,1,39.94436
2024,7,9,2,38.82319
2024,7,9,3,38.16588
2024,7,9,4,37.79977
2024,7,9,5,39.97138
2024,7,9,6,43.16842
2024,7,9,7,44.90982
2024,7,9,8,34.72442
2024,7,9,9,33.96066
2024,7,9,10,33.57663
2024,7,9,11,34.01438
2024,7,9,12,35.33711
2024,7,9,13,36.26366
2024,7,9,14,39.53618
2024,7,9,15,46.47712
2024,7,9,16,55.84716
2024,7,9,17,60.77591
2024,7,9,18,70.024
2024,7,9,19,107.79136
2024,7,9,20,239.96115
2024,7,9,21,165.51314
2024,7,9,22,91.45354
2024,7,9,23,61.78511
2024,7,9,24,52.38622
2024,7,10,1,48.02328
2024,7,10,2,44.73681
2024,7,10,3,43.05094
2024,7,10,4,42.67392
2024,7,10,5,42.90654
2024,7,10,6,45.79053
2024,7,10,7,42.11656
2024,7,10,8,38.62406
2024,7,10,9,39.08613
2024,7,10,10,39.27799
2024,7,10,11,39.48188
2024,7,10,12,40.70774
2024,7,10,13,42.51555
2024,7,10,14,45.15712
2024,7,10,15,57.46186
2024,7,10,16,67.64034
2024,7,10,17,73.14488
2024,7,10,18,106.5091
2024,7,10,19,230.53949
2024,7,10,20,426.01877
2024,7,10,21,248.89973
2024,7,10,22,117.73259
2024,7,10,23,75.04528
2024,7,10,24,63.90832
2024,7,11,1,57.6489
2024,7,11,2,49.04211
2024,7,11,3,46.72416
2024,7,11,4,46.45397
2024,7,11,5,46.65212
2024,7,11,6,48.21448
2024,7,11,7,48.692
2024,7,11,8,41.9234
2024,7,11,9,41.11722
2024,7,11,10,41.51639
2024,7,11,11,41.68413
2024,7,11,12,42.05764
2024,7,11,13,45.34838
2024,7,11,14,51.35976
2024,7,11,15,61.60576
2024,7,11,16,69.92
2024,7,11,17,84.85572
2024,7,11,18,132.86398
2024,7,11,19,292.837
2024,7,11,20,601.3832
2024,7,11,21,261.81815
2024,7,11,22,121.49837
2024,7,11,23,71.85602
2024,7,11,24,65.24068
2024,7,12,1,46.83891
2024,7,12,2,43.2774
2024,7,12,3,41.49783
2024,7,12,4,41.00964
2024,7,12,5,41.49677
2024,7,12,6,42.79592
2024,7,12,7,43.15634
2024,7,12,8,41.03676
2024,7,12,9,40.55972
2024,7,12,10,39.33443
2024,7,12,11,40.11844
2024,7,12,12,42.28097
2024,7,12,13,43.45809
2024,7,12,14,46.59353
2024,7,12,15,60.64566
2024,7,12,16,65.67243
2024,7,12,17,70.40764
2024,7,12,18,85.56838
2024,7,12,19,142.20074
2024,7,12,20,248.21532
2024,7,12,21,116.28433
2024,7,12,22,82.23455
2024,7,12,23,65.73653
2024,7,12,24,59.08226
2024,7,13,1,45.14657
2024,7,13,2,43.02801
2024,7,13,3,40.19778
2024,7,13,4,40.7427
2024,7,13,5,41.14828
2024,7,13,6,40.84392
2024,7,13,7,37.3033
2024,7,13,8,31.5503
2024,7,13,9,31.18955
2024,7,13,10,30.58437
2024,7,13,11,30.68751
2024,7,13,12,31.07834
2024,7,13,13,32.50147
2024,7,13,14,34.18394
2024,7,13,15,38.17276
2024,7,13,16,37.0
2024,7,13,17,42.14629
2024,7,13,18,57.25095
2024,7,13,19,63.45723
2024,7,13,20,85.43701
2024,7,13,21,66.80547
2024,7,13,22,58.32911
2024,7,13,23,50.50721
2024,7,13,24,43.24572
2024,7,14,1,43.08105
2024,7,14,2,41.37293
2024,7,14,3,37.79524
2024,7,14,4,37.15047
2024,7,14,5,38.99906
2024,7,14,6,39.17063
2024,7,14,7,35.41667
2024,7,14,8,28.99402
2024,7,14,9,26.46558
2024,7,14,10,26.18182
2024,7,14,11,26.32917
2024,7,14,12,26.59735
2024,7,14,13,26.15807
2024,7,14,14,27.08422
2024,7,14,15,31.97007
2024,7,14,16,32.90034
2024,7,14,17,33.73809
2024,7,14,18,38.23529
2024,7,14,19,53.7965
2024,7,14,20,71.38326
2024,7,14,21,59.47852
2024,7,14,22,50.61212
2024,7,14,23,44.82759
2024,7,14,24,40.4422
2024,7,15,1,35.54335
2024,7,15,2,35.40573
2024,7,15,3,34.46557
2024,7,15,4,34.17783
2024,7,15,5,34.33361
2024,7,15,6,39.988
2024,7,15,7,37.69617
2024,7,15,8,32.90635
2024,7,15,9,32.2758
2024,7,15,10,31.31099
2024,7,15,11,31.65094
2024,7,15,12,31.52586
2024,7,15,13,32.65175
2024,7,15,14,33.37479
2024,7,15,15,35.54115
2024,7,15,16,39.35039
2024,7,15,17,40.01574
2024,7,15,18,46.09768
2024,7,15,19,55.73305
2024,7,15,20,76.5763
2024,7,15,21,62.65274
2024,7,15,22,52.67847
2024,7,15,23,45.33685
2024,7,15,24,40.84719
2024,7,16,1,42.03522
2024,7,16,2,39.50258
2024,7,16,3,38.98767
2024,7,16,4,38.94679
2024,7,16,5,40.46176
2024,7,16,6,43.32182
2024,7,16,7,42.93032
2024,7,16,8,33.76872
2024,7,16,9,33.21853
2024,7,16,10,32.43587
2024,7,16,11,33.14793
2024,7,16,12,33.90172
2024,7,16,13,34.34641
2024,7,16,14,36.36219
2024,7,16,15,38.89121
2024,7,16,16,40.12274
2024,7,16,17,41.14739
2024,7,16,18,47.68372
2024,7,16,19,59.59349
2024,7,16,20,78.33003
2024,7,16,21,67.36864
2024,7,16,22,58.64562
2024,7,16,23,53.07686
2024,7,16,24,44.42633
2024,7,17,1,40.30139
2024,7,17,2,38.95937
2024,7,17,3,35.83875
2024,7,17,4,35.85474
2024,7,17,5,36.96747
2024,7,17,6,41.96307
2024,7,17,7,40.56977
2024,7,17,8,32.01356
2024,7,17,9,31.42077
2024,7,17,10,31.18866
2024,7,17,11,29.87579
2024,7,17,12,31.54933
2024,7,17,13,31.83519
2024,7,17,14,32.69087
2024,7,17,15,37.60593
2024,7,17,16,37.23656
2024,7,17,17,44.25201
2024,7,17,18,53.41022
2024,7,17,19,59.43178
2024,7,17,20,76.41063
2024,7,17,21,65.15977
2024,7,17,22,56.5976
2024,7,17,23,50.00013
2024,7,17,24,42.8163
2024,7,18,1,43.79345
2024,7,18,2,42.12288
2024,7,18,3,38.85001
2024,7,18,4,37.27184
2024,7,18,5,38.80005
2024,7,18,6,43.37008
2024,7,18,7,40.98864
2024,7,18,8,36.53006
2024,7,18,9,33.41273
2024,7,18,10,32.14639
2024,7,18,11,32.33
2024,7,18,12,34.38783
2024,7,18,13,35.80392
2024,7,18,14,37.44774
2024,7,18,15,43.68278
2024,7,18,16,46.14866
2024,7,18,17,48.99192
2024,7,18,18,58.75995
2024,7,18,19,70.53501
2024,7,18,20,93.72446
2024,7,18,21,73.99591
2024,7,18,22,63.92826
2024,7,18,23,51.36906
2024,7,18,24,48.02304
2024,7,19,1,44.74402
2024,7,19,2,42.64242
2024,7,19,3,41.87046
2024,7,19,4,41.50756
2024,7,19,5,41.58004
2024,7,19,6,44.12038
2024,7,19,7,42.2193
2024,7,19,8,38.65817
2024,7,19,9,34.2423
2024,7,19,10,35.58864
2024,7,19,11,36.30177
2024,7,19,12,37.20029
2024,7,19,13,40.2616
2024,7,19,14,41.29142
2024,7,19,15,47.3071
2024,7,19,16,54.26334
2024,7,19,17,60.44859
2024,7,19,18,71.53641
2024,7,19,19,82.43903
2024,7,19,20,159.96387
2024,7,19,21,91.83798
2024,7,19,22,71.32077
2024,7,19,23,67.83801
2024,7,19,24,58.19141
2024,7,20,1,50.36107
2024,7,20,2,48.34862
2024,7,20,3,43.11102
2024,7,20,4,44.75017
2024,7,20,5,43.94904
2024,7,20,6,43.98321
2024,7,20,7,41.31393
2024,7,20,8,32.92973
2024,7,20,9,30.01342
2024,7,20,10,29.32925
2024,7,20,11,30.38071
2024,7,20,12,32.66734
2024,7,20,13,34.64106
2024,7,20,14,36.2221
2024,7,20,15,41.01974
2024,7,20,16,47.635
2024,7,20,17,50.94783
2024,7,20,18,61.79869
2024,7,20,19,69.81309
2024,7,20,20,110.12711
2024,7,20,21,77.99407
2024,7,20,22,65.9359
2024,7,20,23,61.95384
2024,7,20,24,53.28281
2024,7,21,1,54.92743
2024,7,21,2,45.91368
2024,7,21,3,42.37731
2024,7,21,4,43.78553
2024,7,21,5,42.3659
2024,7,21,6,44.88081
2024,7,21,7,40.90219
2024,7,21,8,31.01157
2024,7,21,9,28.32737
2024,7,21,10,25.96014
2024,7,21,11,26.70582
2024,7,21,12,28.28631
2024,7,21,13,29.51899
2024,7,21,14,30.82191
2024,7,21,15,37.03559
2024,7,21,16,39.08502
2024,7,21,17,40.75111
2024,7,21,18,49.90809
2024,7,21,19,62.11823
2024,7,21,20,83.97837
2024,7,21,21,69.19781
2024,7,21,22,61.78572
2024,7,21,23,54.04519
2024,7,21,24,48.48497
2024,7,22,1,43.32681
2024,7,22,2,42.57066
2024,7,22,3,40.00192
2024,7,22,4,39.38358
2024,7,22,5,39.9191
2024,7,22,6,44.66792
2024,7,22,7,41.4153
2024,7,22,8,36.28822
2024,7,22,9,34.44747
2024,7,22,10,33.28533
2024,7,22,11,34.08166
2024,7,22,12,36.02899
2024,7,22,13,36.92033
2024,7,22,14,38.10037
2024,7,22,15,41.75797
2024,7,22,16,48.05605
2024,7,22,17,59.3942
2024,7,22,18,66.5933
2024,7,22,19,85.97043
2024,7,22,20,157.15208
2024,7,22,21,85.11891
2024,7,22,22,67.83272
2024,7,22,23,60.97918
2024,7,22,24,54.85737
2024,7,23,1,49.47434
2024,7,23,2,46.79078
2024,7,23,3,46.0313
2024,7,23,4,45.6168
2024,7,23,5,45.85581
2024,7,23,6,46.43448
2024,7,23,7,52.32174
2024,7,23,8,41.59216
2024,7,23,9,39.64758
2024,7,23,10,39.45333
2024,7,23,11,40.60237
2024,7,23,12,42.56597
2024,7,23,13,46.03739
2024,7,23,14,51.02241
2024,7,23,15,61.94994
2024,7,23,16,65.62623
2024,7,23,17,69.00718
2024,7,23,18,84.04168
2024,7,23,19,141.43411
2024,7,23,20,302.4255
2024,7,23,21,141.48573
2024,7,23,22,88.39545
2024,7,23,23,69.62436
2024,7,23,24,59.85519
2024,7,24,1,55.15429
2024,7,24,2,49.53694
2024,7,24,3,45.62051
2024,7,24,4,44.93767
2024,7,24,5,45.00256
2024,7,24,6,48.94922
2024,7,24,7,50.23788
2024,7,24,8,42.37824
2024,7,24,9,38.89005
2024,7,24,10,38.79471
2024,7,24,11,39.8346
2024,7,24,12,41.09588
2024,7,24,13,43.40085
2024,7,24,14,49.04792
2024,7,24,15,60.97836
2024,7,24,16,64.84378
2024,7,24,17,68.56872
2024,7,24,18,76.46878
2024,7,24,19,106.82788
2024,7,24,20,229.04367
2024,7,24,21,110.77215
2024,7,24,22,77.49551
2024,7,24,23,65.76568
2024,7,24,24,56.14288
2024,7,25,1,53.5901
2024,7,25,2,48.43979
2024,7,25,3,44.88427
2024,7,25,4,44.19358
2024,7,25,5,44.04076
2024,7,25,6,46.33864
2024,7,25,7,49.32681
2024,7,25,8,41.67579
2024,7,25,9,39.24427
2024,7,25,10,38.2488
2024,7,25,11,38.10213
2024,7,25,12,40.46449
2024,7,25,13,42.55361
2024,7,25,14,47.31553
2024,7,25,15,55.38758
2024,7,25,16,52.80291
2024,7,25,17,63.55541
2024,7,25,18,74.77599
2024,7,25,19,117.66397
2024,7,25,20,238.12889
2024,7,25,21,140.98328
2024,7,25,22,81.77451
2024,7,25,23,62.79805
2024,7,25,24,58.2659
2024,7,26,1,58.45441
2024,7,26,2,50.75513
2024,7,26,3,46.63672
2024,7,26,4,45.23446
2024,7,26,5,45.38971
2024,7,26,6,50.16037
2024,7,26,7,51.33406
2024,7,26,8,40.9366
2024,7,26,9,38.19792
2024,7,26,10,38.25917
2024,7,26,11,38.72714
2024,7,26,12,40.13368
2024,7,26,13,41.1683
2024,7,26,14,42.47034
2024,7,26,15,47.58333
2024,7,26,16,49.55464
2024,7,26,17,52.81726
2024,7,26,18,65.01524
2024,7,26,19,75.20306
2024,7,26,20,134.98953
2024,7,26,21,79.2327
2024,7,26,22,67.13415
2024,7,26,23,54.01573
2024,7,26,24,49.51826
2024,7,27,1,44.15424
2024,7,27,2,41.74839
2024,7,27,3,39.93642
2024,7,27,4,40.45211
2024,7,27,5,41.20679
2024,7,27,6,42.71686
2024,7,27,7,41.26238
2024,7,27,8,32.28613
2024,7,27,9,22.71984
2024,7,27,10,22.31691
2024,7,27,11,21.07006
2024,7,27,12,21.66046
2024,7,27,13,21.25431
2024,7,27,14,22.42449
2024,7,27,15,24.39024
2024,7,27,16,30.48101
2024,7,27,17,31.30409
2024,7,27,18,39.5816
2024,7,27,19,52.6414
2024,7,27,20,65.08777
2024,7,27,21,63.50373
2024,7,27,22,53.82186
2024,7,27,23,51.15733
2024,7,27,24,44.585
2024,7,28,1,40.19134
2024,7,28,2,40.25709
2024,7,28,3,39.81049
2024,7,28,4,36.80842
2024,7,28,5,38.57055
2024,7,28,6,39.09736
2024,7,28,7,35.76152
2024,7,28,8,25.78431
2024,7,28,9,13.94464
2024,7,28,10,12.76574
2024,7,28,11,10.10409
2024,7,28,12,10.68353
2024,7,28,13,11.61327
2024,7,28,14,12.89108
2024,7,28,15,14.45026
2024,7,28,16,19.76644
2024,7,28,17,27.81369
2024,7,28,18,36.03866
2024,7,28,19,48.86316
2024,7,28,20,62.83389
2024,7,28,21,60.08184
2024,7,28,22,50.38302
2024,7,28,23,47.20936
2024,7,28,24,39.30749
2024,7,29,1,37.38306
2024,7,29,2,37.20394
2024,7,29,3,36.2117
2024,7,29,4,36.15655
2024,7,29,5,37.34139
2024,7,29,6,42.57971
2024,7,29,7,42.93711
2024,7,29,8,34.18257
2024,7,29,9,26.50426
2024,7,29,10,25.42374
2024,7,29,11,24.48032
2024,7,29,12,25.40552
2024,7,29,13,25.67324
2024,7,29,14,26.76897
2024,7,29,15,28.87224
2024,7,29,16,32.94049
2024,7,29,17,33.45962
2024,7,29,18,41.11783
2024,7,29,19,48.92641
2024,7,29,20,65.49568
2024,7,29,21,60.0
2024,7,29,22,48.49565
2024,7,29,23,47.69407
2024,7,29,24,41.34293
2024,7,30,1,39.40355
2024,7,30,2,36.7761
2024,7,30,3,34.06593
2024,7,30,4,34.15714
2024,7,30,5,36.26691
2024,7,30,6,36.88705
2024,7,30,7,36.94809
2024,7,30,8,28.31512
2024,7,30,9,20.61006
2024,7,30,10,18.24244
2024,7,30,11,19.03846
2024,7,30,12,19.03151
2024,7,30,13,20.70825
2024,7,30,14,23.05316
2024,7,30,15,26.38042
2024,7,30,16,30.40613
2024,7,30,17,30.66391
2024,7,30,18,36.53492
2024,7,30,19,50.1002
2024,7,30,20,60.84511
2024,7,30,21,55.54489
2024,7,30,22,50.25631
2024,7,30,23,46.9824
2024,7,30,24,39.59516
2024,8,1,1,45.39657
2024,8,1,2,46.89641
2024,8,1,3,43.901
2024,8,1,4,43.24324
2024,8,1,5,43.77613
2024,8,1,6,44.62817
2024,8,1,7,50.15809
2024,8,1,8,42.71071
2024,8,1,9,39.91178
2024,8,1,10,36.75144
2024,8,1,11,38.82282
2024,8,1,12,40.7871
2024,8,1,13,42.14959
2024,8,1,14,43.85518
2024,8,1,15,50.39701
2024,8,1,16,61.81255
2024,8,1,17,68.1174
2024,8,1,18,80.76859
2024,8,1,19,115.89389
2024,8,1,20,180.9857
2024,8,1,21,99.65496
2024,8,1,22,78.23962
2024,8,1,23,62.31166
2024,8,1,24,56.19313
2024,8,2,1,59.28608
2024,8,2,2,57.88183
2024,8,2,3,48.97331
2024,8,2,4,48.2245
2024,8,2,5,48.58713
2024,8,2,6,56.524
2024,8,2,7,57.51244
2024,8,2,8,45.7192
2024,8,2,9,44.45931
2024,8,2,10,43.42953
2024,8,2,11,42.59493
2024,8,2,12,45.14376
2024,8,2,13,45.49546
2024,8,2,14,49.2801
2024,8,2,15,56.43819
2024,8,2,16,65.76567
2024,8,2,17,73.93303
2024,8,2,18,90.38047
2024,8,2,19,141.30322
2024,8,2,20,227.86578
2024,8,2,21,125.57427
2024,8,2,22,83.887
2024,8,2,23,65.89505
2024,8,2,24,59.93514
2024,8,3,1,58.75377
2024,8,3,2,58.03574
2024,8,3,3,51.93037
2024,8,3,4,46.2158
2024,8,3,5,47.03561
2024,8,3,6,46.89231
2024,8,3,7,45.96261
2024,8,3,8,38.38252
2024,8,3,9,34.58523
2024,8,3,10,34.01527
2024,8,3,11,35.90556
2024,8,3,12,36.99408
2024,8,3,13,39.29723
2024,8,3,14,43.12855
2024,8,3,15,45.53971
2024,8,3,16,55.40039
2024,8,3,17,63.26808
2024,8,3,18,71.54335
2024,8,3,19,122.49161
2024,8,3,20,239.62354
2024,8,3,21,100.42333
2024,8,3,22,72.2795
2024,8,3,23,61.24542
2024,8,3,24,56.18858
2024,8,4,1,47.79408
2024,8,4,2,45.37257
2024,8,4,3,42.67945
2024,8,4,4,40.82838
2024,8,4,5,40.8303
2024,8,4,6,42.86363
2024,8,4,7,39.70348
2024,8,4,8,34.44653
2024,8,4,9,30.44958
2024,8,4,10,28.96374
2024,8,4,11,31.07936
2024,8,4,12,33.77223
2024,8,4,13,36.73338
2024,8,4,14,41.18819
2024,8,4,15,44.78914
2024,8,4,16,48.64591
2024,8,4,17,55.70262
2024,8,4,18,68.26335
2024,8,4,19,98.95572
2024,8,4,20,182.84978
2024,8,4,21,91.39484
2024,8,4,22,67.93354
2024,8,4,23,58.11317
2024,8,4,24,51.34248
2024,8,5,1,52.89507
2024,8,5,2,46.97253
2024,8,5,3,44.54923
2024,8,5,4,44.16658
2024,8,5,5,44.53585
2024,8,5,6,48.91352
2024,8,5,7,53.23104
2024,8,5,8,43.89846
2024,8,5,9,41.77706
2024,8,5,10,39.79815
2024,8,5,11,41.7061
2024,8,5,12,43.6758
2024,8,5,13,47.76747
2024,8,5,14,57.50522
2024,8,5,15,64.32996
2024,8,5,16,68.9824
2024,8,5,17,90.55035
2024,8,5,18,111.03316
2024,8,5,19,233.08046
2024,8,5,20,349.02036
2024,8,5,21,134.98859
2024,8,5,22,98.8843
2024,8,5,23,61.71811
2024,8,5,24,55.69478
2024,8,6,1,45.47308
2024,8,6,2,42.78372
2024,8,6,3,41.92261
2024,8,6,4,41.8445
2024,8,6,5,42.25796
2024,8,6,6,46.16805
2024,8,6,7,46.89025
2024,8,6,8,41.71332
2024,8,6,9,40.05054
2024,8,6,10,39.25062
2024,8,6,11,40.86782
2024,8,6,12,41.27246
2024,8,6,13,41.68884
2024,8,6,14,44.92174
2024,8,6,15,49.65518
2024,8,6,16,61.69681
2024,8,6,17,73.01948
2024,8,6,18,97.14037
2024,8,6,19,184.23566
2024,8,6,20,326.02444
2024,8,6,21,138.31259
2024,8,6,22,86.07548
2024,8,6,23,63.16121
2024,8,6,24,51.59411
2024,8,7,1,43.0229
2024,8,7,2,41.40283
2024,8,7,3,41.02363
2024,8,7,4,40.71875
2024,8,7,5,40.82672
2024,8,7,6,41.69738
2024,8,7,7,44.79314
2024,8,7,8,39.83875
2024,8,7,9,35.98263
2024,8,7,10,35.47315
2024,8,7,11,35.89675
2024,8,7,12,36.19571
2024,8,7,13,36.86914
2024,8,7,14,40.32536
2024,8,7,15,42.48719
2024,8,7,16,45.42
2024,8,7,17,48.61
2024,8,7,18,56.85
2024,8,7,19,71.53529
2024,8,7,20,114.25
2024,8,7,21,74.85903
2024,8,7,22,61.13287
2024,8,7,23,52.12066
2024,8,7,24,45.08961
2024,8,8,1,41.97177
2024,8,8,2,39.99381
2024,8,8,3,36.8331
2024,8,8,4,34.91999
2024,8,8,5,36.47444
2024,8,8,6,39.17652
2024,8,8,7,39.53879
2024,8,8,8,33.98446
2024,8,8,9,30.45711
2024,8,8,10,29.42283
2024,8,8,11,29.1935
2024,8,8,12,30.52002
2024,8,8,13,31.73969
2024,8,8,14,33.44099
2024,8,8,15,34.57
2024,8,8,16,37.84624
2024,8,8,17,43.37227
2024,8,8,18,55.83
2024,8,8,19,60.23
2024,8,8,20,71.0
2024,8,8,21,60.23
2024,8,8,22,55.83
2024,8,8,23,54.90215
2024,8,8,24,43.47737
2024,8,9,1,36.59841
2024,8,9,2,34.19586
2024,8,9,3,33.76478
2024,8,9,4,33.50865
2024,8,9,5,33.69267
2024,8,9,6,36.76087
2024,8,9,7,37.19525
2024,8,9,8,31.59975
2024,8,9,9,29.96424
2024,8,9,10,29.16448
2024,8,9,11,29.10385
2024,8,9,12,29.44382
2024,8,9,13,30.03164
2024,8,9,14,31.49408
2024,8,9,15,34.60108
2024,8,9,16,38.32351
2024,8,9,17,40.80934
2024,8,9,18,48.66214
2024,8,9,19,58.6449
2024,8,9,20,71.20583
2024,8,9,21,58.39981
2024,8,9,22,51.53171
2024,8,9,23,49.7564
2024,8,9,24,44.13063
2024,8,10,1,37.82186
2024,8,10,2,37.38485
2024,8,10,3,35.81423
2024,8,10,4,36.56231
2024,8,10,5,36.26019
2024,8,10,6,36.02343
2024,8,10,7,33.2039
2024,8,10,8,28.30289
2024,8,10,9,22.54817
2024,8,10,10,24.20589
2024,8,10,11,24.97719
2024,8,10,12,27.64711
2024,8,10,13,29.41596
2024,8,10,14,30.01373
2024,8,10,15,32.29317
2024,8,10,16,36.32665
2024,8,10,17,34.41296
2024,8,10,18,40.81114
2024,8,10,19,48.24246
2024,8,10,20,59.75059
2024,8,10,21,52.62393
2024,8,10,22,45.81991
2024,8,10,23,45.92145
2024,8,10,24,41.36698
2024,8,11,1,35.70831
2024,8,11,2,35.15057
2024,8,11,3,34.89002
2024,8,11,4,34.6352
2024,8,11,5,34.30379
2024,8,11,6,34.14029
2024,8,11,7,32.94845
2024,8,11,8,22.83153
2024,8,11,9,16.63788
2024,8,11,10,19.18025
2024,8,11,11,19.22386
2024,8,11,12,20.04431
2024,8,11,13,20.53224
2024,8,11,14,22.28996
2024,8,11,15,26.18066
2024,8,11,16,29.88245
2024,8,11,17,31.01764
2024,8,11,18,38.57324
2024,8,11,19,45.63449
2024,8,11,20,57.942
2024,8,11,21,50.00174
2024,8,11,22,45.47288
2024,8,11,23,44.5236
2024,8,11,24,40.24419
2024,8,12,1,34.96834
2024,8,12,2,33.67712
2024,8,12,3,33.29524
2024,8,12,4,33.20555
2024,8,12,5,34.23194
2024,8,12,6,38.48279
2024,8,12,7,38.62505
2024,8,12,8,33.611
2024,8,12,9,27.28456
2024,8,12,10,25.57268
2024,8,12,11,25.50453
2024,8,12,12,26.18283
2024,8,12,13,27.22808
2024,8,12,14,28.24595
2024,8,12,15,30.86146
2024,8,12,16,32.82037
2024,8,12,17,32.7055
2024,8,12,18,42.55845
2024,8,12,19,49.39836
2024,8,12,20,59.23651
2024,8,12,21,52.32379
2024,8,12,22,48.43403
2024,8,12,23,46.2282
2024,8,12,24,39.32955
2024,8,13,1,34.60356
2024,8,13,2,32.89107
2024,8,13,3,32.37979
2024,8,13,4,32.51533
2024,8,13,5,33.00434
2024,8,13,6,34.40816
2024,8,13,7,37.82148
2024,8,13,8,28.967
2024,8,13,9,20.81501
2024,8,13,10,20.58839
2024,8,13,11,19.43999
2024,8,13,12,19.86272
2024,8,13,13,19.60463
2024,8,13,14,22.07401
2024,8,13,15,25.18195
2024,8,13,16,30.4434
2024,8,13,17,30.82623
2024,8,13,18,37.32206
2024,8,13,19,48.67501
2024,8,13,20,57.69344
2024,8,13,21,51.3089
2024,8,13,22,47.04705
2024,8,13,23,44.34485
2024,8,13,24,39.59473
2024,8,14,1,37.3794
2024,8,14,2,34.33113
2024,8,14,3,31.68441
2024,8,14,4,31.57678
2024,8,14,5,31.75149
2024,8,14,6,37.88376
2024,8,14,7,40.78892
2024,8,14,8,30.94
2024,8,14,9,22.06166
2024,8,14,10,20.94014
2024,8,14,11,21.18199
2024,8,14,12,22.0404
2024,8,14,13,21.82
2024,8,14,14,25.00426
2024,8,14,15,25.93133
2024,8,14,16,32.77767
2024,8,14,17,35.06057
2024,8,14,18,41.55425
2024,8,14,19,51.79299
2024,8,14,20,56.09006
2024,8,14,21,50.64534
2024,8,14,22,43.2995
2024,8,14,23,40.9165
2024,8,14,24,38.95788
2024,8,15,1,36.43453
2024,8,15,2,35.18006
2024,8,15,3,32.46497
2024,8,15,4,32.02892
2024,8,15,5,31.74853
2024,8,15,6,35.98723
2024,8,15,7,36.24407
2024,8,15,8,28.47208
2024,8,15,9,19.13865
2024,8,15,10,16.80327
2024,8,15,11,18.81232
2024,8,15,12,21.83169
2024,8,15,13,21.96532
2024,8,15,14,23.59292
2024,8,15,15,25.894
2024,8,15,16,32.28111
2024,8,15,17,33.20321
2024,8,15,18,39.92994
2024,8,15,19,52.4681
2024,8,15,20,60.63006
2024,8,15,21,52.69131
2024,8,15,22,46.25822
2024,8,15,23,42.10763
2024,8,15,24,39.12027
2024,8,16,1,36.33871
2024,8,16,2,33.62522
2024,8,16,3,32.83216
2024,8,16,4,32.54348
2024,8,16,5,32.54018
2024,8,16,6,36.06623
2024,8,16,7,38.49019
2024,8,16,8,31.16791
2024,8,16,9,22.53272
2024,8,16,10,21.15893
2024,8,16,11,23.09832
2024,8,16,12,25.37018
2024,8,16,13,26.75455
2024,8,16,14,30.17348
2024,8,16,15,32.67912
2024,8,16,16,36.11333
2024,8,16,17,38.40811
2024,8,16,18,48.7902
2024,8,16,19,56.56087
2024,8,16,20,63.28225
2024,8,16,21,55.9743
2024,8,16,22,49.85192
2024,8,16,23,48.68452
2024,8,16,24,44.02641
2024,8,17,1,40.73612
2024,8,17,2,39.17701
2024,8,17,3,37.07248
2024,8,17,4,38.81302
2024,8,17,5,36.84315
2024,8,17,6,37.13919
2024,8,17,7,38.08438
2024,8,17,8,29.68827
2024,8,17,9,19.91185
2024,8,17,10,19.19344
2024,8,17,11,18.62937
2024,8,17,12,19.48737
2024,8,17,13,19.91441
2024,8,17,14,21.27115
2024,8,17,15,23.12248
2024,8,17,16,27.29884
2024,8,17,17,28.79699
2024,8,17,18,36.16099
2024,8,17,19,44.32165
2024,8,17,20,51.91256
2024,8,17,21,45.69896
2024,8,17,22,42.84523
2024,8,17,23,41.07749
2024,8,17,24,39.2502
2024,8,18,1,36.1912
2024,8,18,2,35.57376
2024,8,18,3,31.40709
2024,8,18,4,31.11455
2024,8,18,5,33.48293
2024,8,18,6,35.38968
2024,8,18,7,35.68631
2024,8,18,8,26.26618
2024,8,18,9,17.30112
2024,8,18,10,16.61675
2024,8,18,11,15.40739
2024,8,18,12,16.86975
2024,8,18,13,18.62379
2024,8,18,14,19.05486
2024,8,18,15,21.76455
2024,8,18,16,26.45861
2024,8,18,17,28.1122
2024,8,18,18,36.07358
2024,8,18,19,48.68753
2024,8,18,20,56.65285
2024,8,18,21,50.70195
2024,8,18,22,48.26799
2024,8,18,23,42.60375
2024,8,18,24,37.62004
2024,8,19,1,37.69131
2024,8,19,2,34.29484
2024,8,19,3,33.93539
2024,8,19,4,33.66585
2024,8,19,5,33.94815
2024,8,19,6,39.31456
2024,8,19,7,40.35687
2024,8,19,8,32.07132
2024,8,19,9,25.6223
2024,8,19,10,25.05138
2024,8,19,11,25.44956
2024,8,19,12,27.47187
2024,8,19,13,29.37397
2024,8,19,14,30.2392
2024,8,19,15,33.03232
2024,8,19,16,36.04855
2024,8,19,17,37.09544
2024,8,19,18,43.75898
2024,8,19,19,56.21706
2024,8,19,20,71.09074
2024,8,19,21,58.26352
2024,8,19,22,47.55642
2024,8,19,23,45.55603
2024,8,19,24,39.31562
2024,8,20,1,37.2297
2024,8,20,2,34.37373
2024,8,20,3,33.80985
2024,8,20,4,33.34621
2024,8,20,5,33.3059
2024,8,20,6,34.3886
2024,8,20,7,38.6002
2024,8,20,8,31.29803
2024,8,20,9,25.10011
2024,8,20,10,25.59687
2024,8,20,11,25.47231
2024,8,20,12,27.42976
2024,8,20,13,27.83964
2024,8,20,14,29.19009
2024,8,20,15,32.91771
2024,8,20,16,35.93008
2024,8,20,17,37.01674
2024,8,20,18,42.57797
2024,8,20,19,54.33576
2024,8,20,20,74.37926
2024,8,20,21,53.37032
2024,8,20,22,47.47133
2024,8,20,23,41.11758
2024,8,20,24,37.21452
2024,8,21,1,35.96818
2024,8,21,2,33.06427
2024,8,21,3,32.9104
2024,8,21,4,31.50976
2024,8,21,5,31.44616
2024,8,21,6,36.51363
2024,8,21,7,37.25603
2024,8,21,8,30.57944
2024,8,21,9,24.75931
2024,8,21,10,24.34158
2024,8,21,11,24.03025
2024,8,21,12,25.9469
2024,8,21,13,27.39519
2024,8,21,14,28.79046
2024,8,21,15,32.05313
2024,8,21,16,33.47671
2024,8,21,17,37.72666
2024,8,21,18,43.22715
2024,8,21,19,52.44673
2024,8,21,20,62.87084
2024,8,21,21,51.40246
2024,8,21,22,44.09758
2024,8,21,23,43.3285
2024,8,21,24,38.76817
2024,8,22,1,38.04188
2024,8,22,2,37.35326
2024,8,22,3,36.57211
2024,8,22,4,36.26083
2024,8,22,5,36.49126
2024,8,22,6,38.74385
2024,8,22,7,36.92149
2024,8,22,8,31.25326
2024,8,22,9,24.00337
2024,8,22,10,22.35491
2024,8,22,11,20.80516
2024,8,22,12,21.16402
2024,8,22,13,22.18615
2024,8,22,14,23.34319
2024,8,22,15,25.57881
2024,8,22,16,26.42436
2024,8,22,17,27.98496
2024,8,22,18,35.87991
2024,8,22,19,45.01515
2024,8,22,20,52.37364
2024,8,22,21,48.48326
2024,8,22,22,43.00787
2024,8,22,23,42.23435
2024,8,22,24,39.4143
2024,8,23,1,33.28222
2024,8,23,2,32.67307
2024,8,23,3,31.50581
2024,8,23,4,30.22113
2024,8,23,5,30.13863
2024,8,23,6,33.81814
2024,8,23,7,34.70032
2024,8,23,8,27.83495
2024,8,23,9,16.27381
2024,8,23,10,15.32869
2024,8,23,11,14.6958
2024,8,23,12,14.23501
2024,8,23,13,13.49466
2024,8,23,14,14.65266
2024,8,23,15,15.21624
2024,8,23,16,18.28523
2024,8,23,17,22.16193
2024,8,23,18,28.69095
2024,8,23,19,37.33458
2024,8,23,20,39.02345
2024,8,23,21,37.57226
2024,8,23,22,36.73872
2024,8,23,23,36.16951
2024,8,23,24,36.24786
2024,8,24,1,30.47542
2024,8,24,2,30.76023
2024,8,24,3,29.13329
2024,8,24,4,28.37449
2024,8,24,5,29.77667
2024,8,24,6,29.5222
2024,8,24,7,28.14259
2024,8,24,8,8.74586
2024,8,24,9,-0.25697
2024,8,24,10,-0.64701
2024,8,24,11,-1.6331
2024,8,24,12,-2.87801
2024,8,24,13,-3.12705
2024,8,24,14,-3.16946
2024,8,24,15,-2.84009
2024,8,24,16,-2.20186
2024,8,24,17,0.01024
2024,8,24,18,16.50616
2024,8,24,19,29.20467
2024,8,24,20,32.33006
2024,8,24,21,31.60502
2024,8,24,22,30.17509
2024,8,24,23,29.24226
2024,8,24,24,28.80618
2024,8,25,1,26.09603
2024,8,25,2,26.09059
2024,8,25,3,25.85308
2024,8,25,4,25.67526
2024,8,25,5,25.72972
2024,8,25,6,25.3965
2024,8,25,7,25.87188
2024,8,25,8,8.2205
2024,8,25,9,-0.15507
2024,8,25,10,-2.04759
2024,8,25,11,-2.11573
2024,8,25,12,-1.08602
2024,8,25,13,-0.81399
2024,8,25,14,0.0
2024,8,25,15,2.22396
2024,8,25,16,8.59432
2024,8,25,17,19.47365
2024,8,25,18,28.32564
2024,8,25,19,38.13023
2024,8,25,20,41.45148
2024,8,25,21,38.03964
2024,8,25,22,36.75586
2024,8,25,23,36.29353
2024,8,25,24,34.83857
2024,8,26,1,34.69783
2024,8,26,2,34.14778
2024,8,26,3,34.39314
2024,8,26,4,32.52385
2024,8,26,5,35.54301
2024,8,26,6,36.82191
2024,8,26,7,36.95345
2024,8,26,8,28.17137
2024,8,26,9,17.38059
2024,8,26,10,16.34229
2024,8,26,11,16.52066
2024,8,26,12,19.5813
2024,8,26,13,19.87645
2024,8,26,14,21.29394
2024,8,26,15,24.10933
2024,8,26,16,31.48829
2024,8,26,17,31.31003
2024,8,26,18,42.90784
2024,8,26,19,53.80757
2024,8,26,20,66.10771
2024,8,26,21,48.42981
2024,8,26,22,42.87688
2024,8,26,23,41.56046
2024,8,26,24,37.57216
2024,8,27,1,34.69476
2024,8,27,2,34.63573
2024,8,27,3,32.49914
2024,8,27,4,32.09596
2024,8,27,5,32.77063
2024,8,27,6,34.27674
2024,8,27,7,36.54491
2024,8,27,8,26.62325
2024,8,27,9,20.16372
2024,8,27,10,19.20647
2024,8,27,11,18.58871
2024,8,27,12,19.46342
2024,8,27,13,20.12385
2024,8,27,14,21.12664
2024,8,27,15,25.67395
2024,8,27,16,32.28955
2024,8,27,17,36.03692
2024,8,27,18,46.7117
2024,8,27,19,65.05889
2024,8,27,20,75.70999
2024,8,27,21,51.98983
2024,8,27,22,44.79551
2024,8,27,23,40.14138
2024,8,27,24,34.56353
2024,8,28,1,35.25736
2024,8,28,2,33.70442
2024,8,28,3,32.511
2024,8,28,4,31.42248
2024,8,28,5,31.20126
2024,8,28,6,32.94215
2024,8,28,7,36.17523
2024,8,28,8,30.36446
2024,8,28,9,22.13562
2024,8,28,10,20.81132
2024,8,28,11,19.26326
2024,8,28,12,19.4778
2024,8,28,13,21.24999
2024,8,28,14,22.8308
2024,8,28,15,26.00467
2024,8,28,16,32.36548
2024,8,28,17,34.39326
2024,8,28,18,43.2175
2024,8,28,19,56.75832
2024,8,28,20,57.42915
2024,8,28,21,47.73093
2024,8,28,22,42.73682
2024,8,28,23,38.57071
2024,8,28,24,35.26154
2024,8,29,1,36.51617
2024,8,29,2,34.23085
2024,8,29,3,33.64205
2024,8,29,4,32.45179
2024,8,29,5,33.82075
2024,8,29,6,36.42437
2024,8,29,7,36.93795
2024,8,29,8,30.63923
2024,8,29,9,20.06121
2024,8,29,10,18.17927
2024,8,29,11,17.86725
2024,8,29,12,18.31632
2024,8,29,13,18.69764
2024,8,29,14,19.99429
2024,8,29,15,21.80066
2024,8,29,16,30.2618
2024,8,29,17,32.62641
2024,8,29,18,40.53213
2024,8,29,19,53.03289
2024,8,29,20,53.79106
2024,8,29,21,44.66058
2024,8,29,22,39.63798
2024,8,29,23,38.6906
2024,8,29,24,38.13887
2024,8,30,1,32.29217
2024,8,30,2,32.58988
2024,8,30,3,31.62259
2024,8,30,4,31.64222
2024,8,30,5,32.33521
2024,8,30,6,34.98259
2024,8,30,7,37.90133
2024,8,30,8,31.18055
2024,8,30,9,21.36123
2024,8,30,10,19.38308
2024,8,30,11,18.21961
2024,8,30,12,18.33221
2024,8,30,13,19.14604
2024,8,30,14,20.40021
2024,8,30,15,21.63755
2024,8,30,16,29.55853
2024,8,30,17,32.59761
2024,8,30,18,38.8759
2024,8,30,19,50.70981
2024,8,30,20,50.58128
2024,8,30,21,42.0591
2024,8,30,22,38.98036
2024,8,30,23,37.8432
2024,8,30,24,35.8087
2024,9,1,1,36.7548
2024,9,1,2,35.77766
2024,9,1,3,35.60731
2024,9,1,4,35.53244
2024,9,1,5,34.48628
2024,9,1,6,35.05021
2024,9,1,7,35.06811
2024,9,1,8,28.30827
2024,9,1,9,14.63969
2024,9,1,10,14.40757
2024,9,1,11,12.81754
2024,9,1,12,14.35945
2024,9,1,13,14.89058
2024,9,1,14,15.26292
2024,9,1,15,16.55641
2024,9,1,16,23.01349
2024,9,1,17,27.79868
2024,9,1,18,38.44502
2024,9,1,19,50.38841
2024,9,1,20,51.41252
2024,9,1,21,45.62324
2024,9,1,22,42.03
2024,9,1,23,40.1905
2024,9,1,24,36.76403
2024,9,2,1,34.55732
2024,9,2,2,34.31788
2024,9,2,3,34.02494
2024,9,2,4,33.28228
2024,9,2,5,33.4137
2024,9,2,6,33.10076
2024,9,2,7,32.83978
2024,9,2,8,28.74257
2024,9,2,9,17.59191
2024,9,2,10,18.03223
2024,9,2,11,16.48784
2024,9,2,12,17.56138
2024,9,2,13,18.24755
2024,9,2,14,18.05616
2024,9,2,15,20.93871
2024,9,2,16,27.57836
2024,9,2,17,28.85031
2024,9,2,18,42.35838
2024,9,2,19,51.10126
2024,9,2,20,56.49111
2024,9,2,21,48.33305
2024,9,2,22,43.55567
2024,9,2,23,42.43564
2024,9,2,24,36.18379
2024,9,3,1,32.84239
2024,9,3,2,32.52378
2024,9,3,3,32.50928
2024,9,3,4,32.49083
2024,9,3,5,32.56167
2024,9,3,6,38.23995
2024,9,3,7,39.16052
2024,9,3,8,35.46263
2024,9,3,9,27.89446
2024,9,3,10,26.57165
2024,9,3,11,24.99212
2024,9,3,12,26.34352
2024,9,3,13,27.10294
2024,9,3,14,29.60461
2024,9,3,15,33.05086
2024,9,3,16,35.74708
2024,9,3,17,40.48967
2024,9,3,18,55.0517
2024,9,3,19,86.43976
2024,9,3,20,96.4456
2024,9,3,21,58.32292
2024,9,3,22,51.01049
2024,9,3,23,47.80371
2024,9,3,24,42.17235
2024,9,4,1,45.00526
2024,9,4,2,43.12475
2024,9,4,3,41.75517
2024,9,4,4,40.98649
2024,9,4,5,40.98649
2024,9,4,6,43.86327
2024,9,4,7,49.3206
2024,9,4,8,36.76819
2024,9,4,9,33.40577
2024,9,4,10,31.34616
2024,9,4,11,31.00715
2024,9,4,12,34.02626
2024,9,4,13,35.90242
2024,9,4,14,38.99612
2024,9,4,15,42.23825
2024,9,4,16,51.85418
2024,9,4,17,61.22137
2024,9,4,18,88.24919
2024,9,4,19,237.46764
2024,9,4,20,284.93015
2024,9,4,21,109.44469
2024,9,4,22,66.59839
2024,9,4,23,55.55747
2024,9,4,24,48.73392
2024,9,5,1,43.53746
2024,9,5,2,42.9359
2024,9,5,3,42.19488
2024,9,5,4,42.13251
2024,9,5,5,42.029
2024,9,5,6,43.528
2024,9,5,7,54.61178
2024,9,5,8,46.38132
2024,9,5,9,37.61561
2024,9,5,10,36.68859
2024,9,5,11,37.43697
2024,9,5,12,40.04993
2024,9,5,13,41.03357
2024,9,5,14,49.45087
2024,9,5,15,57.48233
2024,9,5,16,71.20471
2024,9,5,17,103.07295
2024,9,5,18,235.67825
2024,9,5,19,509.05542
2024,9,5,20,578.23145
2024,9,5,21,215.4394
2024,9,5,22,106.10151
2024,9,5,23,67.19419
2024,9,5,24,56.45022
2024,9,6,1,52.41487
2024,9,6,2,45.54721
2024,9,6,3,40.29752
2024,9,6,4,39.67543
2024,9,6,5,39.89374
2024,9,6,6,44.38516
2024,9,6,7,47.73218
2024,9,6,8,40.1815
2024,9,6,9,34.307
2024,9,6,10,34.08544
2024,9,6,11,34.88698
2024,9,6,12,36.91967
2024,9,6,13,38.07597
2024,9,6,14,42.843
2024,9,6,15,49.71174
2024,9,6,16,65.19074
2024,9,6,17,76.50808
2024,9,6,18,120.9801
2024,9,6,19,258.69174
2024,9,6,20,234.0516
2024,9,6,21,102.75134
2024,9,6,22,73.25709
2024,9,6,23,58.93083
2024,9,6,24,54.66866
2024,9,7,1,52.85007
2024,9,7,2,47.23678
2024,9,7,3,41.83261
2024,9,7,4,39.05799
2024,9,7,5,39.58472
2024,9,7,6,40.1381
2024,9,7,7,39.74315
2024,9,7,8,37.36158
2024,9,7,9,32.12996
2024,9,7,10,29.20706
2024,9,7,11,29.76881
2024,9,7,12,32.25228
2024,9,7,13,32.73346
2024,9,7,14,36.0178
2024,9,7,15,36.5462
2024,9,7,16,43.1569
2024,9,7,17,49.17759
2024,9,7,18,56.09564
2024,9,7,19,86.42947
2024,9,7,20,81.89739
2024,9,7,21,58.18986
2024,9,7,22,54.12397
2024,9,7,23,48.98566
2024,9,7,24,45.54756
2024,9,8,1,50.16356
2024,9,8,2,46.70809
2024,9,8,3,45.67283
2024,9,8,4,43.01486
2024,9,8,5,40.51249
2024,9,8,6,41.4477
2024,9,8,7,40.79927
2024,9,8,8,33.22627
2024,9,8,9,28.79001
2024,9,8,10,28.08595
2024,9,8,11,28.87141
2024,9,8,12,29.56583
2024,9,8,13,31.02084
2024,9,8,14,32.5896
2024,9,8,15,34.16856
2024,9,8,16,41.73121
2024,9,8,17,46.51443
2024,9,8,18,50.80421
2024,9,8,19,73.43302
2024,9,8,20,68.17349
2024,9,8,21,55.88673
2024,9,8,22,52.83998
2024,9,8,23,47.7973
2024,9,8,24,44.99288
2024,9,9,1,39.67686
2024,9,9,2,40.03203
2024,9,9,3,36.03535
2024,9,9,4,35.60153
2024,9,9,5,35.70814
2024,9,9,6,39.75733
2024,9,9,7,42.27763
2024,9,9,8,37.64341
2024,9,9,9,33.18052
2024,9,9,10,33.01975
2024,9,9,11,32.5257
2024,9,9,12,32.25761
2024,9,9,13,34.09088
2024,9,9,14,35.27296
2024,9,9,15,41.45784
2024,9,9,16,49.05528
2024,9,9,17,53.0328
2024,9,9,18,68.12007
2024,9,9,19,95.93675
2024,9,9,20,91.02262
2024,9,9,21,67.17551
2024,9,9,22,56.58622
2024,9,9,23,47.38591
2024,9,9,24,41.43544
2024,9,10,1,36.3465
2024,9,10,2,35.92616
2024,9,10,3,35.4508
2024,9,10,4,35.02746
2024,9,10,5,35.36788
2024,9,10,6,38.74809
2024,9,10,7,40.80229
2024,9,10,8,35.35096
2024,9,10,9,28.86241
2024,9,10,10,26.56296
2024,9,10,11,26.03178
2024,9,10,12,26.49216
2024,9,10,13,27.85644
2024,9,10,14,29.20269
2024,9,10,15,31.8573
2024,9,10,16,34.47499
2024,9,10,17,37.18319
2024,9,10,18,46.27484
2024,9,10,19,63.86048
2024,9,10,20,61.70641
2024,9,10,21,49.07139
2024,9,10,22,46.96484
2024,9,10,23,40.41777
2024,9,10,24,38.25885
2024,9,11,1,34.06963
2024,9,11,2,33.61082
2024,9,11,3,33.54377
2024,9,11,4,32.93192
2024,9,11,5,33.81883
2024,9,11,6,35.50188
2024,9,11,7,35.55208
2024,9,11,8,31.30486
2024,9,11,9,13.60223
2024,9,11,10,11.49771
2024,9,11,11,10.74391
2024,9,11,12,9.55984
2024,9,11,13,9.38256
2024,9,11,14,11.72473
2024,9,11,15,12.83805
2024,9,11,16,15.75721
2024,9,11,17,21.22673
2024,9,11,18,33.49218
2024,9,11,19,42.01598
2024,9,11,20,46.52718
2024,9,11,21,39.66504
2024,9,11,22,38.13845
2024,9,11,23,37.50682
2024,9,11,24,36.18664
2024,9,12,1,33.56216
2024,9,12,2,33.30644
2024,9,12,3,32.10587
2024,9,12,4,32.87251
2024,9,12,5,33.22364
2024,9,12,6,32.12728
2024,9,12,7,33.22242
2024,9,12,8,29.01297
2024,9,12,9,9.92564
2024,9,12,10,8.95706
2024,9,12,11,6.10491
2024,9,12,12,5.65393
2024,9,12,13,5.97364
2024,9,12,14,8.06567
2024,9,12,15,9.25767
2024,9,12,16,12.21748
2024,9,12,17,15.88026
2024,9,12,18,30.86768
2024,9,12,19,39.18863
2024,9,12,20,43.79709
2024,9,12,21,38.82057
2024,9,12,22,36.93609
2024,9,12,23,36.67542
2024,9,12,24,33.54584
2024,9,13,1,31.76651
2024,9,13,2,31.51871
2024,9,13,3,30.92664
2024,9,13,4,31.10038
2024,9,13,5,31.36516
2024,9,13,6,35.0
2024,9,13,7,39.22006
2024,9,13,8,32.99251
2024,9,13,9,18.69588
2024,9,13,10,18.04104
2024,9,13,11,16.82821
2024,9,13,12,16.78826
2024,9,13,13,15.97
2024,9,13,14,16.51
2024,9,13,15,18.30054
2024,9,13,16,22.15282
2024,9,13,17,27.1499
2024,9,13,18,40.02671
2024,9,13,19,42.34148
2024,9,13,20,43.35405
2024,9,13,21,41.06737
2024,9,13,22,38.64805
2024,9,13,23,38.21074
2024,9,13,24,37.53161
2024,9,14,1,31.05269
2024,9,14,2,32.44844
2024,9,14,3,31.76031
2024,9,14,4,31.32838
2024,9,14,5,32.97221
2024,9,14,6,33.07348
2024,9,14,7,34.15
2024,9,14,8,28.41273
2024,9,14,9,11.57738
2024,9,14,10,9.66787
2024,9,14,11,8.58621
2024,9,14,12,7.29208
2024,9,14,13,6.93059
2024,9,14,14,8.07564
2024,9,14,15,9.73529
2024,9,14,16,13.50971
2024,9,14,17,20.75006
2024,9,14,18,36.34328
2024,9,14,19,42.25787
2024,9,14,20,41.31093
2024,9,14,21,39.2562
2024,9,14,22,37.07364
2024,9,14,23,35.978
2024,9,14,24,35.21837
2024,9,15,1,32.72835
2024,9,15,2,32.98874
2024,9,15,3,32.89501
2024,9,15,4,32.44574
2024,9,15,5,32.85472
2024,9,15,6,32.86136
2024,9,15,7,32.93458
2024,9,15,8,24.64008
2024,9,15,9,5.3059
2024,9,15,10,3.73194
2024,9,15,11,3.36843
2024,9,15,12,2.06001
2024,9,15,13,1.85042
2024,9,15,14,1.81831
2024,9,15,15,0.8951
2024,9,15,16,2.31929
2024,9,15,17,6.95832
2024,9,15,18,29.0951
2024,9,15,19,37.55638
2024,9,15,20,39.86007
2024,9,15,21,37.72641
2024,9,15,22,34.72261
2024,9,15,23,33.9642
2024,9,15,24,33.36044
2024,9,16,1,30.8769
2024,9,16,2,30.9795
2024,9,16,3,29.98201
2024,9,16,4,29.8459
2024,9,16,5,31.85759
2024,9,16,6,37.03691
2024,9,16,7,39.25481
2024,9,16,8,34.51392
2024,9,16,9,16.81064
2024,9,16,10,15.28548
2024,9,16,11,13.19649
2024,9,16,12,12.3447
2024,9,16,13,11.64305
2024,9,16,14,11.79618
2024,9,16,15,10.51817
2024,9,16,16,10.81733
2024,9,16,17,13.57991
2024,9,16,18,29.25323
2024,9,16,19,34.88
2024,9,16,20,36.39088
2024,9,16,21,35.67182
2024,9,16,22,33.79213
2024,9,16,23,34.60873
2024,9,16,24,33.61809
2024,9,17,1,31.95604
2024,9,17,2,31.15401
2024,9,17,3,30.50087
2024,9,17,4,30.10749
2024,9,17,5,31.16047
2024,9,17,6,32.12206
2024,9,17,7,35.22201
2024,9,17,8,32.50377
2024,9,17,9,11.84023
2024,9,17,10,9.71182
2024,9,17,11,6.89097
2024,9,17,12,5.55391
2024,9,17,13,3.71368
2024,9,17,14,3.75758
2024,9,17,15,3.74643
2024,9,17,16,5.7743
2024,9,17,17,10.4771
2024,9,17,18,28.79544
2024,9,17,19,38.11834
2024,9,17,20,37.64138
2024,9,17,21,36.0161
2024,9,17,22,35.16517
2024,9,17,23,35.02731
2024,9,17,24,33.9577
2024,9,18,1,36.77528
2024,9,18,2,34.70601
2024,9,18,3,33.65542
2024,9,18,4,33.64879
2024,9,18,5,33.74126
2024,9,18,6,39.47935
2024,9,18,7,41.81301
2024,9,18,8,36.53277
2024,9,18,9,19.65981
2024,9,18,10,14.29943
2024,9,18,11,13.43016
2024,9,18,12,12.78879
2024,9,18,13,13.05464
2024,9,18,14,12.87527
2024,9,18,15,14.55778
2024,9,18,16,15.53379
2024,9,18,17,21.75065
2024,9,18,18,37.33398
2024,9,18,19,41.9468
2024,9,18,20,42.15148
2024,9,18,21,40.69176
2024,9,18,22,39.38591
2024,9,18,23,39.06746
2024,9,18,24,38.36138
2024,9,19,1,39.38917
2024,9,19,2,38.91864
2024,9,19,3,36.77613
2024,9,19,4,35.59184
2024,9,19,5,38.87935
2024,9,19,6,40.12266
2024,9,19,7,41.34197
2024,9,19,8,35.88869
2024,9,19,9,20.60285
2024,9,19,10,13.56101
2024,9,19,11,13.34767
2024,9,19,12,12.54084
2024,9,19,13,11.49301
2024,9,19,14,10.05004
2024,9,19,15,11.06027
2024,9,19,16,13.79885
2024,9,19,17,19.36791
2024,9,19,18,39.69696
2024,9,19,19,41.55666
2024,9,19,20,40.56786
2024,9,19,21,39.88112
2024,9,19,22,39.54445
2024,9,19,23,38.38858
2024,9,19,24,37.20363
2024,9,20,1,38.36763
2024,9,20,2,36.6171
2024,9,20,3,34.41618
2024,9,20,4,34.23739
2024,9,20,5,34.66593
2024,9,20,6,40.53999
2024,9,20,7,42.17625
2024,9,20,8,38.50036
2024,9,20,9,20.11715
2024,9,20,10,17.11486
2024,9,20,11,16.97442
2024,9,20,12,16.32802
2024,9,20,13,14.78196
2024,9,20,14,16.11517
2024,9,20,15,17.00979
2024,9,20,16,19.12466
2024,9,20,17,27.21159
2024,9,20,18,39.83123
2024,9,20,19,41.44648
2024,9,20,20,41.38338
2024,9,20,21,40.1874
2024,9,20,22,39.58549
2024,9,20,23,39.26095
2024,9,20,24,37.21885
2024,9,21,1,36.97622
2024,9,21,2,37.29369
2024,9,21,3,35.05262
2024,9,21,4,33.60324
2024,9,21,5,34.53787
2024,9,21,6,35.01976
2024,9,21,7,37.25939
2024,9,21,8,27.94314
2024,9,21,9,10.3047
2024,9,21,10,7.70639
2024,9,21,11,6.48142
2024,9,21,12,5.59102
2024,9,21,13,5.24726
2024,9,21,14,6.63109
2024,9,21,15,8.13582
2024,9,21,16,9.77569
2024,9,21,17,18.60825
2024,9,21,18,36.46563
2024,9,21,19,41.4399
2024,9,21,20,41.5175
2024,9,21,21,39.65847
2024,9,21,22,41.26474
2024,9,21,23,40.65867
2024,9,21,24,39.52836
2024,9,22,1,45.13564
2024,9,22,2,44.79685
2024,9,22,3,43.99641
2024,9,22,4,38.88247
2024,9,22,5,41.60905
2024,9,22,6,40.47885
2024,9,22,7,41.17401
2024,9,22,8,30.96693
2024,9,22,9,12.18763
2024,9,22,10,10.71165
2024,9,22,11,10.11403
2024,9,22,12,10.56247
2024,9,22,13,11.31415
2024,9,22,14,11.44724
2024,9,22,15,13.79872
2024,9,22,16,20.54317
2024,9,22,17,31.58405
2024,9,22,18,47.32084
2024,9,22,19,58.8922
2024,9,22,20,55.59
2024,9,22,21,44.46613
2024,9,22,22,43.59669
2024,9,22,23,42.40988
2024,9,22,24,37.7038
2024,9,23,1,37.46392
2024,9,23,2,36.52836
2024,9,23,3,36.18148
2024,9,23,4,35.74446
2024,9,23,5,36.3543
2024,9,23,6,42.91201
2024,9,23,7,42.94741
2024,9,23,8,37.31343
2024,9,23,9,25.36526
2024,9,23,10,22.86758
2024,9,23,11,23.41097
2024,9,23,12,23.66479
2024,9,23,13,25.30739
2024,9,23,14,27.31937
2024,9,23,15,28.58725
2024,9,23,16,36.1066
2024,9,23,17,40.51613
2024,9,23,18,56.50154
2024,9,23,19,74.62687
2024,9,23,20,68.48695
2024,9,23,21,52.83934
2024,9,23,22,50.27839
2024,9,23,23,48.99781
2024,9,23,24,41.59301
2024,9,24,1,37.94714
2024,9,24,2,37.77596
2024,9,24,3,36.4937
2024,9,24,4,36.24648
2024,9,24,5,36.26474
2024,9,24,6,39.99562
2024,9,24,7,44.14017
2024,9,24,8,38.02887
2024,9,24,9,24.74261
2024,9,24,10,24.187
2024,9,24,11,23.35404
2024,9,24,12,24.06213
2024,9,24,13,25.58636
2024,9,24,14,25.94094
2024,9,24,15,29.38038
2024,9,24,16,34.97679
2024,9,24,17,41.59151
2024,9,24,18,51.94805
2024,9,24,19,74.42073
2024,9,24,20,60.58158
2024,9,24,21,47.23672
2024,9,24,22,46.41385
2024,9,24,23,45.68575
2024,9,24,24,44.8836
2024,9,25,1,40.52227
2024,9,25,2,40.43564
2024,9,25,3,39.07534
2024,9,25,4,38.62203
2024,9,25,5,38.52928
2024,9,25,6,43.0018
2024,9,25,7,43.80889
2024,9,25,8,37.29941
2024,9,25,9,23.22998
2024,9,25,10,20.70935
2024,9,25,11,20.1845
2024,9,25,12,20.16111
2024,9,25,13,19.05334
2024,9,25,14,19.41508
2024,9,25,15,20.68266
2024,9,25,16,24.84521
2024,9,25,17,32.77816
2024,9,25,18,43.75492
2024,9,25,19,53.98406
2024,9,25,20,48.79942
2024,9,25,21,45.79682
2024,9,25,22,44.14254
2024,9,25,23,43.22665
2024,9,25,24,39.84444
2024,9,26,1,42.20165
2024,9,26,2,39.22919
2024,9,26,3,39.06972
2024,9,26,4,38.76312
2024,9,26,5,38.85
2024,9,26,6,45.76269
2024,9,26,7,46.27647
2024,9,26,8,39.9634
2024,9,26,9,24.68871
2024,9,26,10,21.98802
2024,9,26,11,21.27105
2024,9,26,12,21.55746
2024,9,26,13,21.16
2024,9,26,14,21.4644
2024,9,26,15,24.11017
2024,9,26,16,27.83946
2024,9,26,17,36.44316
2024,9,26,18,48.04394
2024,9,26,19,62.70452
2024,9,26,20,52.32821
2024,9,26,21,47.52046
2024,9,26,22,46.51189
2024,9,26,23,46.28775
2024,9,26,24,45.26146
2024,9,27,1,37.27273
2024,9,27,2,36.9157
2024,9,27,3,37.13275
2024,9,27,4,37.15385
2024,9,27,5,37.29232
2024,9,27,6,41.91929
2024,9,27,7,43.31458
2024,9,27,8,41.17605
2024,9,27,9,25.61724
2024,9,27,10,24.40955
2024,9,27,11,22.8926
2024,9,27,12,23.28776
2024,9,27,13,24.16764
2024,9,27,14,24.47751
2024,9,27,15,26.74931
2024,9,27,16,33.95291
2024,9,27,17,41.16178
2024,9,27,18,53.94468
2024,9,27,19,65.42137
2024,9,27,20,57.22685
2024,9,27,21,51.45232
2024,9,27,22,49.44367
2024,9,27,23,46.29856
2024,9,27,24,42.87487
2024,9,28,1,43.36066
2024,9,28,2,42.31155
2024,9,28,3,41.76166
2024,9,28,4,41.07143
2024,9,28,5,40.83595
2024,9,28,6,41.65478
2024,9,28,7,41.50819
2024,9,28,8,34.57068
2024,9,28,9,20.29914
2024,9,28,10,17.65185
2024,9,28,11,18.05511
2024,9,28,12,17.80636
2024,9,28,13,18.67665
2024,9,28,14,19.44683
2024,9,28,15,20.48351
2024,9,28,16,26.85073
2024,9,28,17,36.38522
2024,9,28,18,45.2871
2024,9,28,19,57.17688
2024,9,28,20,51.97349
2024,9,28,21,44.3687
2024,9,28,22,43.58711
2024,9,28,23,42.48947
2024,9,28,24,39.50884
2024,9,29,1,37.98906
2024,9,29,2,37.74759
2024,9,29,3,37.6088
2024,9,29,4,37.24111
2024,9,29,5,36.58988
2024,9,29,6,37.8092
2024,9,29,7,39.78547
2024,9,29,8,32.25824
2024,9,29,9,12.03025
2024,9,29,10,10.08415
2024,9,29,11,9.14318
2024,9,29,12,9.15452
2024,9,29,13,10.15619
2024,9,29,14,10.78442
2024,9,29,15,12.20785
2024,9,29,16,19.53978
2024,9,29,17,33.77143
2024,9,29,18,45.95878
2024,9,29,19,56.01677
2024,9,29,20,54.36011
2024,9,29,21,46.51616
2024,9,29,22,45.4879
2024,9,29,23,44.42178
2024,9,29,24,43.71746
2024,10,1,1,51.14267
2024,10,1,2,49.66507
2024,10,1,3,47.39949
2024,10,1,4,47.24415
2024,10,1,5,47.26299
2024,10,1,6,48.98564
2024,10,1,7,57.43138
2024,10,1,8,56.40957
2024,10,1,9,40.39573
2024,10,1,10,33.42989
2024,10,1,11,32.59005
2024,10,1,12,34.46668
2024,10,1,13,35.84094
2024,10,1,14,40.3673
2024,10,1,15,44.1956
2024,10,1,16,57.42267
2024,10,1,17,67.09316
2024,10,1,18,101.99168
2024,10,1,19,156.50134
2024,10,1,20,91.33692
2024,10,1,21,72.78064
2024,10,1,22,63.44414
2024,10,1,23,59.91184
2024,10,1,24,51.67979
2024,10,2,1,49.24177
2024,10,2,2,47.2468
2024,10,2,3,46.02083
2024,10,2,4,45.4307
2024,10,2,5,46.83353
2024,10,2,6,48.67643
2024,10,2,7,54.95893
2024,10,2,8,55.79153
2024,10,2,9,43.10009
2024,10,2,10,39.14226
2024,10,2,11,36.63146
2024,10,2,12,37.27277
2024,10,2,13,41.45928
2024,10,2,14,44.17698
2024,10,2,15,50.19907
2024,10,2,16,61.32653
2024,10,2,17,70.68
2024,10,2,18,121.7887
2024,10,2,19,184.58481
2024,10,2,20,94.50993
2024,10,2,21,76.07511
2024,10,2,22,68.27308
2024,10,2,23,61.87738
2024,10,2,24,53.29904
2024,10,3,1,49.36889
2024,10,3,2,46.33608
2024,10,3,3,45.45811
2024,10,3,4,45.00626
2024,10,3,5,45.01588
2024,10,3,6,45.9155
2024,10,3,7,52.85776
2024,10,3,8,52.59217
2024,10,3,9,43.50207
2024,10,3,10,38.63571
2024,10,3,11,39.27874
2024,10,3,12,40.80706
2024,10,3,13,42.69797
2024,10,3,14,44.41216
2024,10,3,15,46.48249
2024,10,3,16,54.60359
2024,10,3,17,65.22434
2024,10,3,18,90.88211
2024,10,3,19,127.71377
2024,10,3,20,87.31874
2024,10,3,21,71.24885
2024,10,3,22,67.34245
2024,10,3,23,55.07505
2024,10,3,24,52.48155
2024,10,4,1,51.21589
2024,10,4,2,49.04301
2024,10,4,3,48.54079
2024,10,4,4,48.58414
2024,10,4,5,48.58944
2024,10,4,6,50.51055
2024,10,4,7,57.28227
2024,10,4,8,53.16071
2024,10,4,9,39.69619
2024,10,4,10,37.56742
2024,10,4,11,36.9798
2024,10,4,12,39.79849
2024,10,4,13,39.73051
2024,10,4,14,40.25667
2024,10,4,15,42.46654
2024,10,4,16,53.65005
2024,10,4,17,63.6882
2024,10,4,18,80.82171
2024,10,4,19,102.25424
2024,10,4,20,78.78771
2024,10,4,21,69.81026
2024,10,4,22,66.0756
2024,10,4,23,59.88382
2024,10,4,24,56.26507
2024,10,5,1,53.91107
2024,10,5,2,52.82332
2024,10,5,3,50.89556
2024,10,5,4,49.49898
2024,10,5,5,48.97471
2024,10,5,6,49.66393
2024,10,5,7,50.94244
2024,10,5,8,49.32418
2024,10,5,9,38.11311
2024,10,5,10,34.1979
2024,10,5,11,35.51412
2024,10,5,12,34.20015
2024,10,5,13,36.69098
2024,10,5,14,39.6114
2024,10,5,15,42.59838
2024,10,5,16,52.77443
2024,10,5,17,62.78285
2024,10,5,18,94.75904
2024,10,5,19,131.97858
2024,10,5,20,91.40906
2024,10,5,21,73.2179
2024,10,5,22,68.453
2024,10,5,23,64.13003
2024,10,5,24,57.70038
2024,10,6,1,54.93805
2024,10,6,2,52.02372
2024,10,6,3,51.01238
2024,10,6,4,50.86569
2024,10,6,5,50.38271
2024,10,6,6,50.07818
2024,10,6,7,50.65856
2024,10,6,8,48.94011
2024,10,6,9,36.03914
2024,10,6,10,32.56337
2024,10,6,11,33.57161
2024,10,6,12,34.4436
2024,10,6,13,35.40207
2024,10,6,14,39.19895
2024,10,6,15,46.24388
2024,10,6,16,55.18944
2024,10,6,17,72.30607
2024,10,6,18,93.74985
2024,10,6,19,147.97021
2024,10,6,20,91.61427
2024,10,6,21,78.73314
2024,10,6,22,75.14508
2024,10,6,23,70.361
2024,10,6,24,59.76261
2024,10,7,1,55.3882
2024,10,7,2,50.89535
2024,10,7,3,50.82885
2024,10,7,4,50.75522
2024,10,7,5,50.82372
2024,10,7,6,52.77225
2024,10,7,7,66.75685
2024,10,7,8,65.33138
2024,10,7,9,51.59098
2024,10,7,10,48.70061
2024,10,7,11,48.51928
2024,10,7,12,48.55507
2024,10,7,13,49.32035
2024,10,7,14,51.92949
2024,10,7,15,56.74895
2024,10,7,16,72.28085
2024,10,7,17,89.23343
2024,10,7,18,143.14479
2024,10,7,19,189.49406
2024,10,7,20,107.75834
2024,10,7,21,85.06255
2024,10,7,22,76.56052
2024,10,7,23,58.38869
2024,10,7,24,50.78722
2024,10,8,1,52.7944
2024,10,8,2,49.44331
2024,10,8,3,48.30841
2024,10,8,4,47.69308
2024,10,8,5,47.69767
2024,10,8,6,49.34042
2024,10,8,7,59.25597
2024,10,8,8,58.1146
2024,10,8,9,47.4097
2024,10,8,10,42.94104
2024,10,8,11,38.30874
2024,10,8,12,42.13641
2024,10,8,13,42.90795
2024,10,8,14,43.8139
2024,10,8,15,45.6128
2024,10,8,16,53.3192
2024,10,8,17,67.52292
2024,10,8,18,91.59023
2024,10,8,19,124.16393
2024,10,8,20,83.62744
2024,10,8,21,72.55604
2024,10,8,22,67.06707
2024,10,8,23,55.52541
2024,10,8,24,50.28513
2024,10,9,1,55.70457
2024,10,9,2,52.13782
2024,10,9,3,51.05139
2024,10,9,4,50.36239
2024,10,9,5,50.85
2024,10,9,6,55.62112
2024,10,9,7,61.91426
2024,10,9,8,57.07702
2024,10,9,9,44.55661
2024,10,9,10,40.42111
2024,10,9,11,39.25702
2024,10,9,12,40.1007
2024,10,9,13,40.404
2024,10,9,14,41.8781
2024,10,9,15,42.031
2024,10,9,16,51.41439
2024,10,9,17,65.04402
2024,10,9,18,89.58019
2024,10,9,19,119.93645
2024,10,9,20,87.28686
2024,10,9,21,74.42196
2024,10,9,22,71.63786
2024,10,9,23,68.18264
2024,10,9,24,60.74533
2024,10,10,1,50.28132
2024,10,10,2,49.16321
2024,10,10,3,48.38893
2024,10,10,4,48.34853
2024,10,10,5,48.85883
2024,10,10,6,53.18007
2024,10,10,7,61.1338
2024,10,10,8,59.32782
2024,10,10,9,44.69354
2024,10,10,10,40.83207
2024,10,10,11,40.18658
2024,10,10,12,38.56655
2024,10,10,13,39.97628
2024,10,10,14,40.79253
2024,10,10,15,42.57603
2024,10,10,16,52.21869
2024,10,10,17,63.78229
2024,10,10,18,83.57025
2024,10,10,19,89.27608
2024,10,10,20,73.62815
2024,10,10,21,68.78424
2024,10,10,22,66.40495
2024,10,10,23,59.23943
2024,10,10,24,52.59588
2024,10,11,1,47.71425
2024,10,11,2,45.54702
2024,10,11,3,44.91633
2024,10,11,4,44.73575
2024,10,11,5,45.56121
2024,10,11,6,49.0618
2024,10,11,7,54.9143
2024,10,11,8,53.5372
2024,10,11,9,43.33679
2024,10,11,10,38.12165
2024,10,11,11,38.79786
2024,10,11,12,37.69201
2024,10,11,13,39.44516
2024,10,11,14,37.36338
2024,10,11,15,37.68212
2024,10,11,16,42.25313
2024,10,11,17,54.57648
2024,10,11,18,62.63147
2024,10,11,19,64.03505
2024,10,11,20,58.6255
2024,10,11,21,56.95677
2024,10,11,22,56.12953
2024,10,11,23,52.5034
2024,10,11,24,48.12546
2024,10,12,1,46.67687
2024,10,12,2,46.04365
2024,10,12,3,45.51037
2024,10,12,4,42.02854
2024,10,12,5,43.68601
2024,10,12,6,44.43643
2024,10,12,7,46.79264
2024,10,12,8,39.30687
2024,10,12,9,22.56822
2024,10,12,10,16.05413
2024,10,12,11,15.44589
2024,10,12,12,15.77134
2024,10,12,13,15.94093
2024,10,12,14,16.28838
2024,10,12,15,16.21268
2024,10,12,16,19.1443
2024,10,12,17,33.71613
2024,10,12,18,48.66551
2024,10,12,19,54.31735
2024,10,12,20,51.72989
2024,10,12,21,49.44288
2024,10,12,22,48.01208
2024,10,12,23,46.39436
2024,10,12,24,43.03568
2024,10,13,1,41.96775
2024,10,13,2,40.93671
2024,10,13,3,40.76438
2024,10,13,4,39.72661
2024,10,13,5,40.64746
2024,10,13,6,40.92287
2024,10,13,7,42.32583
2024,10,13,8,35.94076
2024,10,13,9,14.29044
2024,10,13,10,12.05749
2024,10,13,11,10.2918
2024,10,13,12,10.46384
2024,10,13,13,10.444
2024,10,13,14,11.44434
2024,10,13,15,12.37636
2024,10,13,16,14.34532
2024,10,13,17,30.57789
2024,10,13,18,52.52744
2024,10,13,19,56.06322
2024,10,13,20,53.86719
2024,10,13,21,51.16808
2024,10,13,22,47.84576
2024,10,13,23,46.58411
2024,10,13,24,44.40102
2024,10,14,1,42.03035
2024,10,14,2,40.33765
2024,10,14,3,40.1618
2024,10,14,4,40.19567
2024,10,14,5,41.54052
2024,10,14,6,46.44535
2024,10,14,7,47.71498
2024,10,14,8,49.01201
2024,10,14,9,29.8958
2024,10,14,10,22.11407
2024,10,14,11,21.91695
2024,10,14,12,21.27782
2024,10,14,13,21.26731
2024,10,14,14,21.0058
2024,10,14,15,21.20021
2024,10,14,16,21.88176
2024,10,14,17,31.92318
2024,10,14,18,56.86183
2024,10,14,19,59.53798
2024,10,14,20,56.32425
2024,10,14,21,51.192
2024,10,14,22,48.53893
2024,10,14,23,47.79544
2024,10,14,24,46.08045
2024,10,15,1,46.53741
2024,10,15,2,46.0673
2024,10,15,3,46.02066
2024,10,15,4,45.76287
2024,10,15,5,46.17964
2024,10,15,6,46.86842
2024,10,15,7,54.98568
2024,10,15,8,54.65023
2024,10,15,9,35.16253
2024,10,15,10,27.58455
2024,10,15,11,26.14142
2024,10,15,12,25.1172
2024,10,15,13,25.09146
2024,10,15,14,25.60414
2024,10,15,15,26.07301
2024,10,15,16,28.05331
2024,10,15,17,38.72507
2024,10,15,18,59.34649
2024,10,15,19,62.23271
2024,10,15,20,55.62501
2024,10,15,21,53.66625
2024,10,15,22,51.15323
2024,10,15,23,47.97093
2024,10,15,24,47.02406
2024,10,16,1,46.87017
2024,10,16,2,44.55004
2024,10,16,3,42.60177
2024,10,16,4,42.66653
2024,10,16,5,42.61094
2024,10,16,6,46.2831
2024,10,16,7,51.13755
2024,10,16,8,51.06409
2024,10,16,9,35.38659
2024,10,16,10,30.60879
2024,10,16,11,29.8622
2024,10,16,12,28.91445
2024,10,16,13,28.31213
2024,10,16,14,28.20557
2024,10,16,15,28.00235
2024,10,16,16,30.3263
2024,10,16,17,37.53307
2024,10,16,18,51.75134
2024,10,16,19,52.79651
2024,10,16,20,51.40228
2024,10,16,21,49.83956
2024,10,16,22,47.90989
2024,10,16,23,45.99168
2024,10,16,24,43.1073
2024,10,17,1,46.6924
2024,10,17,2,40.13442
2024,10,17,3,40.03643
2024,10,17,4,40.10933
2024,10,17,5,40.28431
2024,10,17,6,43.87464
2024,10,17,7,50.43116
2024,10,17,8,50.62356
2024,10,17,9,36.77677
2024,10,17,10,27.35158
2024,10,17,11,22.63992
2024,10,17,12,20.64705
2024,10,17,13,19.72259
2024,10,17,14,18.94232
2024,10,17,15,19.98056
2024,10,17,16,21.52445
2024,10,17,17,28.27262
2024,10,17,18,52.96828
2024,10,17,19,60.06473
2024,10,17,20,54.71299
2024,10,17,21,52.76231
2024,10,17,22,51.11085
2024,10,17,23,50.0041
2024,10,17,24,46.78332
2024,10,18,1,42.62368
2024,10,18,2,39.19942
2024,10,18,3,38.25125
2024,10,18,4,38.47015
2024,10,18,5,39.32366
2024,10,18,6,46.61333
2024,10,18,7,48.87131
2024,10,18,8,48.45269
2024,10,18,9,34.11828
2024,10,18,10,23.94347
2024,10,18,11,20.76641
2024,10,18,12,19.56179
2024,10,18,13,19.0871
2024,10,18,14,18.74248
2024,10,18,15,18.76796
2024,10,18,16,19.84096
2024,10,18,17,29.78251
2024,10,18,18,47.78651
2024,10,18,19,48.3479
2024,10,18,20,47.81672
2024,10,18,21,47.78141
2024,10,18,22,47.50576
2024,10,18,23,46.47496
2024,10,18,24,45.68782
2024,10,19,1,39.1062
2024,10,19,2,37.51736
2024,10,19,3,36.72074
2024,10,19,4,36.84279
2024,10,19,5,38.80847
2024,10,19,6,39.59456
2024,10,19,7,41.87276
2024,10,19,8,40.0436
2024,10,19,9,16.70583
2024,10,19,10,11.88249
2024,10,19,11,10.86957
2024,10,19,12,9.88435
2024,10,19,13,7.95741
2024,10,19,14,7.40944
2024,10,19,15,9.19796
2024,10,19,16,11.21382
2024,10,19,17,21.17034
2024,10,19,18,45.13114
2024,10,19,19,46.59104
2024,10,19,20,46.36561
2024,10,19,21,45.77312
2024,10,19,22,45.27237
2024,10,19,23,44.67127
2024,10,19,24,43.28286
2024,10,20,1,38.78943
2024,10,20,2,38.46988
2024,10,20,3,37.23185
2024,10,20,4,36.53339
2024,10,20,5,38.46038
2024,10,20,6,38.70231
2024,10,20,7,38.82941
2024,10,20,8,37.0653
2024,10,20,9,17.3161
2024,10,20,10,11.91981
2024,10,20,11,10.26891
2024,10,20,12,8.23249
2024,10,20,13,9.41351
2024,10,20,14,8.20239
2024,10,20,15,8.10434
2024,10,20,16,12.80499
2024,10,20,17,30.8372
2024,10,20,18,46.56372
2024,10,20,19,47.50191
2024,10,20,20,46.8878
2024,10,20,21,46.03719
2024,10,20,22,45.27534
2024,10,20,23,39.01819
2024,10,20,24,38.55905
2024,10,21,1,33.47862
2024,10,21,2,33.49938
2024,10,21,3,33.46465
2024,10,21,4,33.17645
2024,10,21,5,33.48386
2024,10,21,6,38.81862
2024,10,21,7,41.03814
2024,10,21,8,43.57302
2024,10,21,9,28.99929
2024,10,21,10,22.88641
2024,10,21,11,20.33374
2024,10,21,12,19.72061
2024,10,21,13,19.52116
2024,10,21,14,21.23202
2024,10,21,15,20.20327
2024,10,21,16,28.96463
2024,10,21,17,34.56509
2024,10,21,18,46.83567
2024,10,21,19,50.63701
2024,10,21,20,47.1541
2024,10,21,21,46.80425
2024,10,21,22,43.75
2024,10,21,23,43.68563
2024,10,21,24,41.81192
2024,10,22,1,39.44945
2024,10,22,2,36.25817
2024,10,22,3,35.82528
2024,10,22,4,35.72522
2024,10,22,5,36.20255
2024,10,22,6,38.97074
2024,10,22,7,44.55521
2024,10,22,8,44.82142
2024,10,22,9,27.29907
2024,10,22,10,22.11853
2024,10,22,11,19.62036
2024,10,22,12,20.0148
2024,10,22,13,20.70741
2024,10,22,14,24.16733
2024,10,22,15,22.34268
2024,10,22,16,27.18723
2024,10,22,17,36.29927
2024,10,22,18,51.12058
2024,10,22,19,57.33599
2024,10,22,20,48.50551
2024,10,22,21,46.32631
2024,10,22,22,47.47799
2024,10,22,23,44.63964
2024,10,22,24,38.84817
2024,10,23,1,39.40722
2024,10,23,2,40.21665
2024,10,23,3,37.68737
2024,10,23,4,37.85971
2024,10,23,5,37.69496
2024,10,23,6,42.62496
2024,10,23,7,45.89869
2024,10,23,8,45.73111
2024,10,23,9,34.4821
2024,10,23,10,30.27867
2024,10,23,11,30.06339
2024,10,23,12,28.30054
2024,10,23,13,31.25355
2024,10,23,14,30.61576
2024,10,23,15,30.73152
2024,10,23,16,35.10729
2024,10,23,17,43.62897
2024,10,23,18,54.33653
2024,10,23,19,55.49725
2024,10,23,20,47.91466
2024,10,23,21,44.5911
2024,10,23,22,41.841
2024,10,23,23,38.18791
2024,10,23,24,37.31432
2024,10,24,1,38.90302
2024,10,24,2,37.34577
2024,10,24,3,36.5206
2024,10,24,4,36.48376
2024,10,24,5,37.33918
2024,10,24,6,41.67939
2024,10,24,7,47.54999
2024,10,24,8,52.63607
2024,10,24,9,33.49713
2024,10,24,10,28.72868
2024,10,24,11,26.53893
2024,10,24,12,26.8821
2024,10,24,13,27.75965
2024,10,24,14,33.92864
2024,10,24,15,33.34667
2024,10,24,16,34.40297
2024,10,24,17,40.92883
2024,10,24,18,57.25107
2024,10,24,19,61.42145
2024,10,24,20,56.52654
2024,10,24,21,54.75436
2024,10,24,22,52.13386
2024,10,24,23,45.71024
2024,10,24,24,43.0778
2024,10,25,1,50.54079
2024,10,25,2,47.9569
2024,10,25,3,45.42954
2024,10,25,4,44.60165
2024,10,25,5,47.139
2024,10,25,6,49.71735
2024,10,25,7,52.4801
2024,10,25,8,54.03992
2024,10,25,9,35.74377
2024,10,25,10,29.53644
2024,10,25,11,27.66277
2024,10,25,12,29.08438
2024,10,25,13,28.97608
2024,10,25,14,30.58597
2024,10,25,15,30.33732
2024,10,25,16,36.76594
2024,10,25,17,43.73428
2024,10,25,18,56.85023
2024,10,25,19,57.78027
2024,10,25,20,52.47525
2024,10,25,21,52.00699
2024,10,25,22,50.9779
2024,10,25,23,47.65521
2024,10,25,24,45.49355
2024,10,26,1,45.59529
2024,10,26,2,43.79748
2024,10,26,3,43.37353
2024,10,26,4,42.77857
2024,10,26,5,42.67791
2024,10,26,6,43.52592
2024,10,26,7,45.5485
2024,10,26,8,45.23284
2024,10,26,9,35.41857
2024,10,26,10,24.26698
2024,10,26,11,23.1026
2024,10,26,12,22.07088
2024,10,26,13,22.1299
2024,10,26,14,22.80215
2024,10,26,15,23.68959
2024,10,26,16,35.05466
2024,10,26,17,45.82186
2024,10,26,18,57.3056
2024,10,26,19,55.61219
2024,10,26,20,52.15076
2024,10,26,21,51.99933
2024,10,26,22,51.22169
2024,10,26,23,49.74987
2024,10,26,24,44.70795
2024,10,27,1,41.8946
2024,10,27,2,40.54356
2024,10,27,3,40.82859
2024,10,27,4,39.36184
2024,10,27,5,39.4532
2024,10,27,6,39.66703
2024,10,27,7,39.91014
2024,10,27,8,39.45741
2024,10,27,9,29.15967
2024,10,27,10,24.73126
2024,10,27,11,22.04748
2024,10,27,12,20.05565
2024,10,27,13,19.14344
2024,10,27,14,18.89937
2024,10,27,15,20.31458
2024,10,27,16,24.53059
2024,10,27,17,37.37147
2024,10,27,18,43.09717
2024,10,27,19,43.98501
2024,10,27,20,43.04921
2024,10,27,21,42.4136
2024,10,27,22,41.50839
2024,10,27,23,37.90847
2024,10,27,24,34.90561
2024,10,28,1,34.70201
2024,10,28,2,33.40978
2024,10,28,3,33.32918
2024,10,28,4,33.36477
2024,10,28,5,33.47668
2024,10,28,6,38.29218
2024,10,28,7,42.38032
2024,10,28,8,42.60483
2024,10,28,9,29.54728
2024,10,28,10,21.13691
2024,10,28,11,18.79032
2024,10,28,12,15.88824
2024,10,28,13,15.19152
2024,10,28,14,14.73091
2024,10,28,15,14.40563
2024,10,28,16,16.9604
2024,10,28,17,26.88326
2024,10,28,18,43.02395
2024,10,28,19,45.36937
2024,10,28,20,44.31687
2024,10,28,21,43.57287
2024,10,28,22,42.87686
2024,10,28,23,40.11223
2024,10,28,24,39.49767
2024,10,29,1,43.23619
2024,10,29,2,42.49688
2024,10,29,3,42.38955
2024,10,29,4,42.66978
2024,10,29,5,42.95157
2024,10,29,6,47.32198
2024,10,29,7,54.27907
2024,10,29,8,50.68114
2024,10,29,9,32.462
2024,10,29,10,21.40028
2024,10,29,11,19.06763
2024,10,29,12,16.71745
2024,10,29,13,15.07549
2024,10,29,14,13.16024
2024,10,29,15,13.99365
2024,10,29,16,18.06747
2024,10,29,17,28.11979
2024,10,29,18,50.52811
2024,10,29,19,51.19064
2024,10,29,20,50.58805
2024,10,29,21,49.92372
2024,10,29,22,49.74042
2024,10,29,23,49.23651
2024,10,29,24,48.01076
2024,10,30,1,60.14014
2024,10,30,2,54.76172
2024,10,30,3,53.29191
2024,10,30,4,53.39604
2024,10,30,5,53.82466
2024,10,30,6,60.69074
2024,10,30,7,61.23405
2024,10,30,8,61.66548
2024,10,30,9,46.39768
2024,10,30,10,35.89103
2024,10,30,11,32.41337
2024,10,30,12,29.11571
2024,10,30,13,31.8767
2024,10,30,14,28.82682
2024,10,30,15,27.85567
2024,10,30,16,31.07794
2024,10,30,17,45.18591
2024,10,30,18,56.81333
2024,10,30,19,59.03737
2024,10,30,20,59.08482
2024,10,30,21,57.30649
2024,10,30,22,57.71205
2024,10,30,23,56.13403
2024,10,30,24,54.54233
2024,11,1,1,42.14088
2024,11,1,2,41.55973
2024,11,1,3,40.26345
2024,11,1,4,40.99371
2024,11,1,5,43.7923
2024,11,1,6,50.0357
2024,11,1,7,55.25628
2024,11,1,8,55.01913
2024,11,1,9,39.45202
2024,11,1,10,27.37503
2024,11,1,11,25.97545
2024,11,1,12,24.22257
2024,11,1,13,22.65666
2024,11,1,14,21.97716
2024,11,1,15,20.65251
2024,11,1,16,21.39123
2024,11,1,17,35.35232
2024,11,1,18,49.33999
2024,11,1,19,48.79282
2024,11,1,20,46.51241
2024,11,1,21,46.02077
2024,11,1,22,45.92196
2024,11,1,23,45.88923
2024,11,1,24,44.45985
2024,11,2,1,35.93403
2024,11,2,2,35.43882
2024,11,2,3,33.47475
2024,11,2,4,32.57864
2024,11,2,5,33.85178
2024,11,2,6,35.70023
2024,11,2,7,35.75812
2024,11,2,8,33.26052
2024,11,2,9,28.83942
2024,11,2,10,19.45398
2024,11,2,11,17.08187
2024,11,2,12,13.89121
2024,11,2,13,9.75536
2024,11,2,14,7.48887
2024,11,2,15,7.1772
2024,11,2,16,7.3525
2024,11,2,17,16.94882
2024,11,2,18,36.50969
2024,11,2,19,36.7256
2024,11,2,20,36.88165
2024,11,2,21,36.69475
2024,11,2,22,35.52448
2024,11,2,23,34.35373
2024,11,2,24,33.62391
2024,11,3,1,33.90566
2024,11,3,2,33.0875
2024,11,3,3,33.10254
2024,11,3,4,32.36914
2024,11,3,5,31.63889
2024,11,3,6,32.03189
2024,11,3,7,30.49292
2024,11,3,8,12.24987
2024,11,3,9,0.31325
2024,11,3,10,-2.75406
2024,11,3,11,-3.26339
2024,11,3,12,-3.93301
2024,11,3,13,-3.45116
2024,11,3,14,-3.2387
2024,11,3,15,-2.43994
2024,11,3,16,7.05416
2024,11,3,17,35.24767
2024,11,3,18,35.98589
2024,11,3,19,36.00427
2024,11,3,20,36.24388
2024,11,3,21,36.5053
2024,11,3,22,36.0597
2024,11,3,23,35.93501
2024,11,3,24,32.29405
2024,11,3,25,33.12748
2024,11,4,1,40.44838
2024,11,4,2,39.21263
2024,11,4,3,36.47145
2024,11,4,4,36.65723
2024,11,4,5,39.60063
2024,11,4,6,45.18463
2024,11,4,7,43.87469
2024,11,4,8,30.51761
2024,11,4,9,23.0118
2024,11,4,10,23.15568
2024,11,4,11,21.30825
2024,11,4,12,19.82918
2024,11,4,13,18.34836
2024,11,4,14,18.27589
2024,11,4,15,22.16384
2024,11,4,16,32.97373
2024,11,4,17,48.15797
2024,11,4,18,54.80122
2024,11,4,19,48.2987
2024,11,4,20,47.6864
2024,11,4,21,47.36652
2024,11,4,22,46.51749
2024,11,4,23,45.82953
2024,11,4,24,42.84703
2024,11,5,1,38.65427
2024,11,5,2,36.51079
2024,11,5,3,35.99413
2024,11,5,4,35.83862
2024,11,5,5,37.4277
2024,11,5,6,43.41005
2024,11,5,7,43.85005
2024,11,5,8,33.38985
2024,11,5,9,21.80589
2024,11,5,10,19.06366
2024,11,5,11,18.16025
2024,11,5,12,16.02051
2024,11,5,13,14.61686
2024,11,5,14,12.98034
2024,11,5,15,16.29619
2024,11,5,16,36.79581
2024,11,5,17,44.39609
2024,11,5,18,49.05556
2024,11,5,19,43.03666
2024,11,5,20,42.69264
2024,11,5,21,41.87919
2024,11,5,22,41.35822
2024,11,5,23,39.49615
2024,11,5,24,36.12
2024,11,6,1,39.47778
2024,11,6,2,39.38483
2024,11,6,3,39.28501
2024,11,6,4,39.44148
2024,11,6,5,39.15494
2024,11,6,6,45.84605
2024,11,6,7,45.4126
2024,11,6,8,36.36486
2024,11,6,9,17.3899
2024,11,6,10,14.93409
2024,11,6,11,12.92488
2024,11,6,12,12.02644
2024,11,6,13,11.04145
2024,11,6,14,10.7358
2024,11,6,15,12.6871
2024,11,6,16,33.57872
2024,11,6,17,48.53282
2024,11,6,18,52.38291
2024,11,6,19,48.43317
2024,11,6,20,47.54071
2024,11,6,21,47.23247
2024,11,6,22,47.32843
2024,11,6,23,46.24774
2024,11,6,24,45.37981
2024,11,7,1,44.47642
2024,11,7,2,44.00046
2024,11,7,3,44.05024
2024,11,7,4,45.39601
2024,11,7,5,51.92032
2024,11,7,6,52.84426
2024,11,7,7,51.39949
2024,11,7,8,37.87463
2024,11,7,9,22.60766
2024,11,7,10,19.79621
2024,11,7,11,19.441
2024,11,7,12,18.52067
2024,11,7,13,18.15903
2024,11,7,14,17.1756
2024,11,7,15,18.66113
2024,11,7,16,39.88457
2024,11,7,17,57.19403
2024,11,7,18,58.13965
2024,11,7,19,57.6739
2024,11,7,20,57.25241
2024,11,7,21,56.93295
2024,11,7,22,57.15657
2024,11,7,23,57.55595
2024,11,7,24,56.73586
2024,11,8,1,47.27884
2024,11,8,2,49.29474
2024,11,8,3,47.09579
2024,11,8,4,47.16869
2024,11,8,5,51.16417
2024,11,8,6,56.28015
2024,11,8,7,56.40128
2024,11,8,8,39.17694
2024,11,8,9,23.39428
2024,11,8,10,20.3784
2024,11,8,11,18.80802
2024,11,8,12,17.51036
2024,11,8,13,15.29168
2024,11,8,14,14.15535
2024,11,8,15,17.73852
2024,11,8,16,34.65715
2024,11,8,17,51.23764
2024,11,8,18,52.26072
2024,11,8,19,50.76203
2024,11,8,20,50.70861
2024,11,8,21,50.362
2024,11,8,22,50.23407
2024,11,8,23,49.98691
2024,11,8,24,48.93026
2024,11,9,1,48.17847
2024,11,9,2,46.7926
2024,11,9,3,46.20708
2024,11,9,4,42.09663
2024,11,9,5,46.57208
2024,11,9,6,46.79093
2024,11,9,7,46.44204
2024,11,9,8,31.86637
2024,11,9,9,12.42214
2024,11,9,10,10.77941
2024,11,9,11,10.08534
2024,11,9,12,9.61224
2024,11,9,13,9.00171
2024,11,9,14,8.67374
2024,11,9,15,9.82769
2024,11,9,16,31.7301
2024,11,9,17,49.18423
2024,11,9,18,49.17105
2024,11,9,19,48.41181
2024,11,9,20,48.40683
2024,11,9,21,48.247
2024,11,9,22,48.00576
2024,11,9,23,47.37476
2024,11,9,24,46.3449
2024,11,10,1,37.98297
2024,11,10,2,37.6308
2024,11,10,3,36.37119
2024,11,10,4,36.37119
2024,11,10,5,36.3333
2024,11,10,6,39.00161
2024,11,10,7,39.09768
2024,11,10,8,26.89719
2024,11,10,9,11.40085
2024,11,10,10,11.10882
2024,11,10,11,9.62989
2024,11,10,12,8.86763
2024,11,10,13,8.12846
2024,11,10,14,7.55355
2024,11,10,15,8.77016
2024,11,10,16,34.02756
2024,11,10,17,49.28589
2024,11,10,18,49.49974
2024,11,10,19,49.21878
2024,11,10,20,48.95803
2024,11,10,21,48.22643
2024,11,10,22,48.17099
2024,11,10,23,47.24696
2024,11,10,24,38.74973
2024,11,11,1,39.56579
2024,11,11,2,38.01745
2024,11,11,3,35.93427
2024,11,11,4,32.74977
2024,11,11,5,36.73095
2024,11,11,6,40.34159
2024,11,11,7,40.76745
2024,11,11,8,31.50866
2024,11,11,9,18.85892
2024,11,11,10,15.8025
2024,11,11,11,15.96541
2024,11,11,12,15.4954
2024,11,11,13,15.04553
2024,11,11,14,14.73143
2024,11,11,15,15.67373
2024,11,11,16,35.25887
2024,11,11,17,42.26884
2024,11,11,18,41.70704
2024,11,11,19,41.26238
2024,11,11,20,40.67907
2024,11,11,21,40.71657
2024,11,11,22,40.16482
2024,11,11,23,37.92782
2024,11,11,24,35.74053
2024,11,12,1,35.51735
2024,11,12,2,34.81314
2024,11,12,3,34.38804
2024,11,12,4,34.5171
2024,11,12,5,37.57748
2024,11,12,6,43.81418
2024,11,12,7,45.28833
2024,11,12,8,36.42407
2024,11,12,9,18.83496
2024,11,12,10,16.32207
2024,11,12,11,15.866
2024,11,12,12,14.47366
2024,11,12,13,13.578
2024,11,12,14,12.19716
2024,11,12,15,13.40225
2024,11,12,16,32.274
2024,11,12,17,49.48301
2024,11,12,18,53.114
2024,11,12,19,49.71674
2024,11,12,20,49.51657
2024,11,12,21,49.35029
2024,11,12,22,48.94747
2024,11,12,23,48.33496
2024,11,12,24,45.47368
2024,11,13,1,44.8833
2024,11,13,2,43.32633
2024,11,13,3,42.50949
2024,11,13,4,42.74395
2024,11,13,5,45.10853
2024,11,13,6,51.68321
2024,11,13,7,53.28254
2024,11,13,8,40.45853
2024,11,13,9,25.03529
2024,11,13,10,25.24698
2024,11,13,11,21.95155
2024,11,13,12,21.48634
2024,11,13,13,19.86622
2024,11,13,14,20.10991
2024,11,13,15,21.43633
2024,11,13,16,43.69571
2024,11,13,17,59.06934
2024,11,13,18,59.82116
2024,11,13,19,57.60141
2024,11,13,20,57.56397
2024,11,13,21,57.47679
2024,11,13,22,57.12889
2024,11,13,23,53.83303
2024,11,13,24,47.0468
2024,11,14,1,43.23507
2024,11,14,2,42.83055
2024,11,14,3,43.08973
2024,11,14,4,43.18044
2024,11,14,5,48.4929
2024,11,14,6,52.00042
2024,11,14,7,52.17905
2024,11,14,8,38.48041
2024,11,14,9,23.53417
2024,11,14,10,21.75981
2024,11,14,11,19.39006
2024,11,14,12,17.98645
2024,11,14,13,17.67819
2024,11,14,14,16.25721
2024,11,14,15,17.60651
2024,11,14,16,37.27307
2024,11,14,17,51.42937
2024,11,14,18,50.99024
2024,11,14,19,49.61162
2024,11,14,20,49.30014
2024,11,14,21,48.6714
2024,11,14,22,47.99068
2024,11,14,23,47.5335
2024,11,14,24,43.87318
2024,11,15,1,41.69824
2024,11,15,2,41.08885
2024,11,15,3,41.05035
2024,11,15,4,41.02592
2024,11,15,5,42.12753
2024,11,15,6,48.84038
2024,11,15,7,51.05804
2024,11,15,8,40.48972
2024,11,15,9,24.43029
2024,11,15,10,20.69528
2024,11,15,11,18.30721
2024,11,15,12,17.47565
2024,11,15,13,16.66128
2024,11,15,14,16.00654
2024,11,15,15,16.41473
2024,11,15,16,32.50762
2024,11,15,17,51.66456
2024,11,15,18,52.26495
2024,11,15,19,50.67411
2024,11,15,20,50.10634
2024,11,15,21,49.32534
2024,11,15,22,48.49791
2024,11,15,23,47.69787
2024,11,15,24,46.79754
2024,11,16,1,38.92074
2024,11,16,2,38.77253
2024,11,16,3,38.43537
2024,11,16,4,38.98662
2024,11,16,5,40.66597
2024,11,16,6,45.97225
2024,11,16,7,46.26268
2024,11,16,8,33.52861
2024,11,16,9,17.9138
2024,11,16,10,16.25168
2024,11,16,11,14.25114
2024,11,16,12,12.95997
2024,11,16,13,12.31778
2024,11,16,14,10.21905
2024,11,16,15,12.70616
2024,11,16,16,31.29599
2024,11,16,17,54.1329
2024,11,16,18,53.75348
2024,11,16,19,52.97098
2024,11,16,20,52.56682
2024,11,16,21,52.38888
2024,11,16,22,52.66148
2024,11,16,23,52.22135
2024,11,16,24,51.52935
2024,11,17,1,45.93517
2024,11,17,2,45.52779
2024,11,17,3,44.55004
2024,11,17,4,43.58981
2024,11,17,5,45.47214
2024,11,17,6,45.4897
2024,11,17,7,44.8773
2024,11,17,8,30.87595
2024,11,17,9,13.52437
2024,11,17,10,12.43784
2024,11,17,11,11.87695
2024,11,17,12,11.10794
2024,11,17,13,10.19569
2024,11,17,14,11.07107
2024,11,17,15,11.68559
2024,11,17,16,31.20849
2024,11,17,17,46.7067
2024,11,17,18,48.9637
2024,11,17,19,46.99981
2024,11,17,20,47.33053
2024,11,17,21,46.12333
2024,11,17,22,45.59012
2024,11,17,23,42.08561
2024,11,17,24,38.90136
2024,11,18,1,34.46825
2024,11,18,2,33.85038
2024,11,18,3,32.66086
2024,11,18,4,32.99871
2024,11,18,5,36.39612
2024,11,18,6,42.86156
2024,11,18,7,44.21442
2024,11,18,8,35.68487
2024,11,18,9,17.66684
2024,11,18,10,15.04886
2024,11,18,11,11.6179
2024,11,18,12,9.19217
2024,11,18,13,8.2551
2024,11,18,14,6.98503
2024,11,18,15,8.78482
2024,11,18,16,23.24533
2024,11,18,17,46.2628
2024,11,18,18,48.36148
2024,11,18,19,46.55158
2024,11,18,20,45.69095
2024,11,18,21,45.33535
2024,11,18,22,58.26391
2024,11,18,23,44.27195
2024,11,18,24,42.39363
2024,11,19,1,52.02486
2024,11,19,2,51.54152
2024,11,19,3,51.53581
2024,11,19,4,51.3796
2024,11,19,5,53.17548
2024,11,19,6,61.97307
2024,11,19,7,69.00326
2024,11,19,8,54.724
2024,11,19,9,35.23634
2024,11,19,10,26.34426
2024,11,19,11,25.34589
2024,11,19,12,23.15176
2024,11,19,13,20.62227
2024,11,19,14,20.56403
2024,11,19,15,22.64834
2024,11,19,16,48.71277
2024,11,19,17,66.40449
2024,11,19,18,66.31778
2024,11,19,19,64.99189
2024,11,19,20,64.56486
2024,11,19,21,64.6384
2024,11,19,22,64.22405
2024,11,19,23,62.13986
2024,11,19,24,58.70021
2024,11,20,1,49.19724
2024,11,20,2,48.7155
2024,11,20,3,47.97054
2024,11,20,4,48.0542
2024,11,20,5,49.01754
2024,11,20,6,55.30738
2024,11,20,7,59.27563
2024,11,20,8,47.78558
2024,11,20,9,30.67412
2024,11,20,10,25.42853
2024,11,20,11,24.30475
2024,11,20,12,24.01767
2024,11,20,13,22.41838
2024,11,20,14,21.23685
2024,11,20,15,22.22049
2024,11,20,16,47.73824
2024,11,20,17,60.50836
2024,11,20,18,60.29956
2024,11,20,19,59.7035
2024,11,20,20,58.38437
2024,11,20,21,58.23834
2024,11,20,22,57.28444
2024,11,20,23,53.13166
2024,11,20,24,48.96868
2024,11,21,1,53.17497
2024,11,21,2,52.02001
2024,11,21,3,51.54961
2024,11,21,4,51.44249
2024,11,21,5,51.76816
2024,11,21,6,56.49706
2024,11,21,7,61.18149
2024,11,21,8,47.7355
2024,11,21,9,30.97234
2024,11,21,10,25.126
2024,11,21,11,23.3734
2024,11,21,12,23.89561
2024,11,21,13,23.0643
2024,11,21,14,23.86041
2024,11,21,15,24.57565
2024,11,21,16,52.06288
2024,11,21,17,71.04021
2024,11,21,18,69.51242
2024,11,21,19,66.24726
2024,11,21,20,65.49437
2024,11,21,21,64.40605
2024,11,21,22,63.56815
2024,11,21,23,57.65738
2024,11,21,24,51.5783
2024,11,22,1,50.98782
2024,11,22,2,50.47102
2024,11,22,3,50.28527
2024,11,22,4,50.20198
2024,11,22,5,50.83926
2024,11,22,6,57.98811
2024,11,22,7,62.10771
2024,11,22,8,57.71208
2024,11,22,9,36.9041
2024,11,22,10,30.25063
2024,11,22,11,28.48737
2024,11,22,12,27.6317
2024,11,22,13,28.84251
2024,11,22,14,27.85905
2024,11,22,15,31.4392
2024,11,22,16,54.90624
2024,11,22,17,64.58905
2024,11,22,18,66.96928
2024,11,22,19,63.1414
2024,11,22,20,62.09993
2024,11,22,21,65.81775
2024,11,22,22,60.04157
2024,11,22,23,55.28009
2024,11,22,24,51.88892
2024,11,23,1,45.61907
2024,11,23,2,44.7355
2024,11,23,3,43.4435
2024,11,23,4,43.19889
2024,11,23,5,43.48986
2024,11,23,6,46.68596
2024,11,23,7,49.92555
2024,11,23,8,43.28855
2024,11,23,9,27.84825
2024,11,23,10,27.49318
2024,11,23,11,26.1342
2024,11,23,12,22.27654
2024,11,23,13,20.70782
2024,11,23,14,21.09701
2024,11,23,15,24.01598
2024,11,23,16,43.24747
2024,11,23,17,51.38375
2024,11,23,18,52.55915
2024,11,23,19,50.74702
2024,11,23,20,49.79067
2024,11,23,21,49.36176
2024,11,23,22,49.1212
2024,11,23,23,48.00601
2024,11,23,24,46.82806
2024,11,24,1,47.08689
2024,11,24,2,45.64357
2024,11,24,3,41.48186
2024,11,24,4,40.49902
2024,11,24,5,41.53416
2024,11,24,6,47.44596
2024,11,24,7,47.24944
2024,11,24,8,37.36472
2024,11,24,9,23.27389
2024,11,24,10,21.61738
2024,11,24,11,20.73819
2024,11,24,12,21.00833
2024,11,24,13,19.16162
2024,11,24,14,19.761
2024,11,24,15,21.01539
2024,11,24,16,43.42569
2024,11,24,17,57.62093
2024,11,24,18,60.06411
2024,11,24,19,59.50999
2024,11,24,20,57.83393
2024,11,24,21,57.5275
2024,11,24,22,56.77316
2024,11,24,23,54.97633
2024,11,24,24,51.1115
2024,11,25,1,48.02543
2024,11,25,2,47.90365
2024,11,25,3,47.37403
2024,11,25,4,47.81705
2024,11,25,5,48.38793
2024,11,25,6,54.2784
2024,11,25,7,58.52129
2024,11,25,8,57.20303
2024,11,25,9,52.03161
2024,11,25,10,51.59515
2024,11,25,11,49.11227
2024,11,25,12,50.01256
2024,11,25,13,52.06829
2024,11,25,14,50.78223
2024,11,25,15,54.13852
2024,11,25,16,67.69245
2024,11,25,17,71.56358
2024,11,25,18,73.22603
2024,11,25,19,70.69215
2024,11,25,20,69.35611
2024,11,25,21,68.84608
2024,11,25,22,67.14074
2024,11,25,23,60.25231
2024,11,25,24,53.80395
2024,11,26,1,49.35644
2024,11,26,2,46.48517
2024,11,26,3,45.97521
2024,11,26,4,46.3128
2024,11,26,5,46.56397
2024,11,26,6,52.39318
2024,11,26,7,55.96874
2024,11,26,8,54.25114
2024,11,26,9,50.03227
2024,11,26,10,48.71821
2024,11,26,11,47.63968
2024,11,26,12,45.03719
2024,11,26,13,44.09844
2024,11,26,14,45.11866
2024,11,26,15,47.92578
2024,11,26,16,56.38782
2024,11,26,17,58.88064
2024,11,26,18,61.65721
2024,11,26,19,58.19411
2024,11,26,20,57.04267
2024,11,26,21,56.53189
2024,11,26,22,54.58561
2024,11,26,23,50.19845
2024,11,26,24,46.21364
2024,11,27,1,45.66667
2024,11,27,2,43.99965
2024,11,27,3,43.55822
2024,11,27,4,43.53578
2024,11,27,5,44.089
2024,11,27,6,48.42364
2024,11,27,7,53.76425
2024,11,27,8,54.25071
2024,11,27,9,49.99418
2024,11,27,10,43.09355
2024,11,27,11,39.13034
2024,11,27,12,35.47806
2024,11,27,13,34.90458
2024,11,27,14,35.65894
2024,11,27,15,38.53961
2024,11,27,16,52.23317
2024,11,27,17,59.66538
2024,11,27,18,63.65413
2024,11,27,19,62.25524
2024,11,27,20,59.58643
2024,11,27,21,59.17966
2024,11,27,22,59.09235
2024,11,27,23,58.56332
2024,11,27,24,57.00845
2024,11,28,1,48.15385
2024,11,28,2,48.79251
2024,11,28,3,46.93378
2024,11,28,4,47.03994
2024,11,28,5,47.61264
2024,11,28,6,49.97364
2024,11,28,7,50.32074
2024,11,28,8,45.35147
2024,11,28,9,30.67886
2024,11,28,10,25.52021
2024,11,28,11,23.8023
2024,11,28,12,21.84816
2024,11,28,13,15.87229
2024,11,28,14,17.40906
2024,11,28,15,23.29047
2024,11,28,16,44.6691
2024,11,28,17,53.20739
2024,11,28,18,54.05218
2024,11,28,19,53.20331
2024,11,28,20,52.8216
2024,11,28,21,52.64244
2024,11,28,22,52.82299
2024,11,28,23,52.0924
2024,11,28,24,51.12649
2024,11,29,1,47.73576
2024,11,29,2,45.62846
2024,11,29,3,45.19888
2024,11,29,4,45.28074
2024,11,29,5,46.76294
2024,11,29,6,48.39622
2024,11,29,7,48.8641
2024,11,29,8,47.79861
2024,11,29,9,41.92908
2024,11,29,10,38.09969
2024,11,29,11,36.37157
2024,11,29,12,34.01424
2024,11,29,13,32.28094
2024,11,29,14,35.63276
2024,11,29,15,37.97157
2024,11,29,16,52.24818
2024,11,29,17,53.83445
2024,11,29,18,56.27776
2024,11,29,19,54.98169
2024,11,29,20,54.68779
2024,11,29,21,54.1329
2024,11,29,22,53.74154
2024,11,29,23,52.60087
2024,11,30,24,57.02147
2024,12,1,1,62.70068
2024,12,1,2,61.75821
2024,12,1,3,57.35352
2024,12,1,4,55.90652
2024,12,1,5,56.60658
2024,12,1,6,57.80269
2024,12,1,7,58.07688
2024,12,1,8,49.86564
2024,12,1,9,37.80085
2024,12,1,10,34.08815
2024,12,1,11,31.62034
2024,12,1,12,30.1576
2024,12,1,13,28.80034
2024,12,1,14,29.85776
2024,12,1,15,33.74735
2024,12,1,16,53.23534
2024,12,1,17,63.97641
2024,12,1,18,65.28284
2024,12,1,19,64.42204
2024,12,1,20,63.25136
2024,12,1,21,62.86129
2024,12,1,22,63.21323
2024,12,1,23,61.25426
2024,12,1,24,60.03165
2024,12,2,1,63.337
2024,12,2,2,57.89857
2024,12,2,3,57.64262
2024,12,2,4,57.31855
2024,12,2,5,59.45669
2024,12,2,6,69.67575
2024,12,2,7,71.12528
2024,12,2,8,66.9828
2024,12,2,9,45.74668
2024,12,2,10,38.30448
2024,12,2,11,36.35627
2024,12,2,12,34.76212
2024,12,2,13,33.97658
2024,12,2,14,34.78688
2024,12,2,15,38.55158
2024,12,2,16,57.50902
2024,12,2,17,67.88229
2024,12,2,18,72.25106
2024,12,2,19,68.32257
2024,12,2,20,67.78776
2024,12,2,21,67.88361
2024,12,2,22,67.42546
2024,12,2,23,65.98542
2024,12,2,24,63.00509
2024,12,3,1,51.46248
2024,12,3,2,48.67576
2024,12,3,3,48.01769
2024,12,3,4,48.05726
2024,12,3,5,48.66773
2024,12,3,6,57.60724
2024,12,3,7,64.34152
2024,12,3,8,59.25329
2024,12,3,9,45.87193
2024,12,3,10,42.12609
2024,12,3,11,40.60305
2024,12,3,12,39.76813
2024,12,3,13,37.32468
2024,12,3,14,36.9807
2024,12,3,15,39.78478
2024,12,3,16,52.36285
2024,12,3,17,64.68629
2024,12,3,18,66.42089
2024,12,3,19,66.50663
2024,12,3,20,64.19262
2024,12,3,21,64.04416
2024,12,3,22,62.37935
2024,12,3,23,58.47343
2024,12,3,24,54.666
2024,12,4,1,47.70101
2024,12,4,2,46.80606
2024,12,4,3,45.74687
2024,12,4,4,45.84316
2024,12,4,5,46.61232
2024,12,4,6,53.88405
2024,12,4,7,58.15644
2024,12,4,8,54.80354
2024,12,4,9,43.38547
2024,12,4,10,36.40634
2024,12,4,11,34.57606
2024,12,4,12,32.97933
2024,12,4,13,30.85301
2024,12,4,14,29.10164
2024,12,4,15,34.03996
2024,12,4,16,49.98939
2024,12,4,17,60.94964
2024,12,4,18,62.14845
2024,12,4,19,59.77685
2024,12,4,20,59.01297
2024,12,4,21,58.48636
2024,12,4,22,58.52903
2024,12,4,23,57.09654
2024,12,4,24,54.5506
2024,12,5,1,50.92733
2024,12,5,2,47.06128
2024,12,5,3,45.73195
2024,12,5,4,45.676
2024,12,5,5,49.4047
2024,12,5,6,53.29311
2024,12,5,7,56.67903
2024,12,5,8,53.67596
2024,12,5,9,40.50883
2024,12,5,10,36.24443
2024,12,5,11,34.39917
2024,12,5,12,32.65333
2024,12,5,13,29.93151
2024,12,5,14,29.70499
2024,12,5,15,32.99534
2024,12,5,16,49.49973
2024,12,5,17,59.07765
2024,12,5,18,59.99313
2024,12,5,19,58.49145
2024,12,5,20,57.8603
2024,12,5,21,57.74297
2024,12,5,22,57.22543
2024,12,5,23,55.64943
2024,12,5,24,53.89765
2024,12,6,1,50.74627
2024,12,6,2,46.96629
2024,12,6,3,46.37638
2024,12,6,4,46.13674
2024,12,6,5,47.31727
2024,12,6,6,56.68409
2024,12,6,7,59.04945
2024,12,6,8,53.68691
2024,12,6,9,37.53354
2024,12,6,10,32.02149
2024,12,6,11,31.76021
2024,12,6,12,30.85156
2024,12,6,13,28.37448
2024,12,6,14,28.42245
2024,12,6,15,30.20233
2024,12,6,16,50.15905
2024,12,6,17,59.90112
2024,12,6,18,61.6062
2024,12,6,19,60.32725
2024,12,6,20,59.50133
2024,12,6,21,58.70484
2024,12,6,22,58.19562
2024,12,6,23,57.7037
2024,12,6,24,55.55677
2024,12,7,1,48.4669
2024,12,7,2,47.82564
2024,12,7,3,45.43661
2024,12,7,4,45.16633
2024,12,7,5,45.43206
2024,12,7,6,48.90012
2024,12,7,7,49.1047
2024,12,7,8,45.88109
2024,12,7,9,28.43311
2024,12,7,10,26.26924
2024,12,7,11,24.28271
2024,12,7,12,22.83993
2024,12,7,13,20.79824
2024,12,7,14,20.14462
2024,12,7,15,23.47264
2024,12,7,16,44.16956
2024,12,7,17,51.37731
2024,12,7,18,53.26515
2024,12,7,19,51.48072
2024,12,7,20,51.06044
2024,12,7,21,50.30287
2024,12,7,22,49.45517
2024,12,7,23,48.88794
2024,12,7,24,48.44901
2024,12,8,1,45.49035
2024,12,8,2,44.71913
2024,12,8,3,43.856
2024,12,8,4,41.9571
2024,12,8,5,41.50807
2024,12,8,6,43.68175
2024,12,8,7,43.86523
2024,12,8,8,35.4268
2024,12,8,9,28.14115
2024,12,8,10,27.28759
2024,12,8,11,25.8407
2024,12,8,12,23.25174
2024,12,8,13,24.04355
2024,12,8,14,24.75143
2024,12,8,15,27.91723
2024,12,8,16,42.85797
2024,12,8,17,49.09949
2024,12,8,18,49.71793
2024,12,8,19,49.37009
2024,12,8,20,49.19294
2024,12,8,21,49.09688
2024,12,8,22,49.2844
2024,12,8,23,48.07261
2024,12,8,24,47.33952
2024,12,9,1,41.74109
2024,12,9,2,41.82387
2024,12,9,3,41.75956
2024,12,9,4,41.82564
2024,12,9,5,43.31677
2024,12,9,6,49.72707
2024,12,9,7,54.18688
2024,12,9,8,51.52089
2024,12,9,9,35.72577
2024,12,9,10,31.75299
2024,12,9,11,29.3337
2024,12,9,12,27.86658
2024,12,9,13,27.02553
2024,12,9,14,25.69936
2024,12,9,15,27.79009
2024,12,9,16,47.79973
2024,12,9,17,58.18994
2024,12,9,18,59.25106
2024,12,9,19,57.82336
2024,12,9,20,57.59733
2024,12,9,21,57.46073
2024,12,9,22,57.28603
2024,12,9,23,55.88707
2024,12,9,24,53.0801
2024,12,10,1,45.82573
2024,12,10,2,46.09767
2024,12,10,3,45.52988
2024,12,10,4,45.49844
2024,12,10,5,48.2965
2024,12,10,6,54.55494
2024,12,10,7,59.13726
2024,12,10,8,55.51679
2024,12,10,9,39.87234
2024,12,10,10,31.87011
2024,12,10,11,29.51098
2024,12,10,12,28.18552
2024,12,10,13,25.92549
2024,12,10,14,25.25153
2024,12,10,15,27.7223
2024,12,10,16,47.56551
2024,12,10,17,63.19035
2024,12,10,18,63.676
2024,12,10,19,63.40218
2024,12,10,20,62.76035
2024,12,10,21,62.37163
2024,12,10,22,61.94275
2024,12,10,23,59.86549
2024,12,10,24,57.72031
2024,12,11,1,53.54121
2024,12,11,2,52.27835
2024,12,11,3,51.74286
2024,12,11,4,52.70743
2024,12,11,5,54.54954
2024,12,11,6,63.70695
2024,12,11,7,66.40151
2024,12,11,8,63.0501
2024,12,11,9,55.1793
2024,12,11,10,51.48949
2024,12,11,11,47.70892
2024,12,11,12,44.39207
2024,12,11,13,42.43402
2024,12,11,14,42.58363
2024,12,11,15,45.81341
2024,12,11,16,57.31146
2024,12,11,17,65.88796
2024,12,11,18,68.22951
2024,12,11,19,62.05287
2024,12,11,20,63.00916
2024,12,11,21,63.04016
2024,12,11,22,62.20237
2024,12,11,23,59.56929
2024,12,11,24,55.29133
2024,12,12,1,51.41393
2024,12,12,2,49.41091
2024,12,12,3,49.30728
2024,12,12,4,48.94072
2024,12,12,5,49.48309
2024,12,12,6,58.3687
2024,12,12,7,61.62696
2024,12,12,8,59.82112
2024,12,12,9,53.48951
2024,12,12,10,51.30138
2024,12,12,11,49.54111
2024,12,12,12,41.97098
2024,12,12,13,35.58906
2024,12,12,14,33.25004
2024,12,12,15,37.37752
2024,12,12,16,49.51675
2024,12,12,17,57.30486
2024,12,12,18,57.54471
2024,12,12,19,57.37712
2024,12,12,20,56.09274
2024,12,12,21,55.30498
2024,12,12,22,54.36721
2024,12,12,23,51.85291
2024,12,12,24,47.84139
2024,12,13,1,44.05819
2024,12,13,2,43.5962
2024,12,13,3,43.46134
2024,12,13,4,43.44651
2024,12,13,5,44.2462
2024,12,13,6,51.41453
2024,12,13,7,54.45056
2024,12,13,8,52.87956
2024,12,13,9,41.77484
2024,12,13,10,35.40616
2024,12,13,11,34.65716
2024,12,13,12,33.71214
2024,12,13,13,30.15382
2024,12,13,14,30.19529
2024,12,13,15,35.69179
2024,12,13,16,46.9722
2024,12,13,17,56.72888
2024,12,13,18,57.42909
2024,12,13,19,56.37091
2024,12,13,20,56.01533
2024,12,13,21,55.30541
2024,12,13,22,54.75577
2024,12,13,23,53.29286
2024,12,13,24,52.62062
2024,12,14,1,49.76397
2024,12,14,2,47.0558
2024,12,14,3,44.68852
2024,12,14,4,44.21884
2024,12,14,5,46.16834
2024,12,14,6,50.7507
2024,12,14,7,51.18115
2024,12,14,8,50.29418
2024,12,14,9,42.74589
2024,12,14,10,39.16983
2024,12,14,11,39.01549
2024,12,14,12,38.14887
2024,12,14,13,32.14708
2024,12,14,14,29.14743
2024,12,14,15,32.72124
2024,12,14,16,42.91373
2024,12,14,17,49.67484
2024,12,14,18,50.36836
2024,12,14,19,50.00657
2024,12,14,20,49.51939
2024,12,14,21,48.85805
2024,12,14,22,48.66749
2024,12,14,23,47.90281
2024,12,14,24,44.73535
2024,12,15,1,38.94842
2024,12,15,2,38.13031
2024,12,15,3,37.74304
2024,12,15,4,37.25924
2024,12,15,5,38.45831
2024,12,15,6,38.91669
2024,12,15,7,41.22861
2024,12,15,8,42.07964
2024,12,15,9,22.81858
2024,12,15,10,19.01979
2024,12,15,11,17.96152
2024,12,15,12,16.73105
2024,12,15,13,13.25648
2024,12,15,14,15.68546
2024,12,15,15,20.2651
2024,12,15,16,34.20572
2024,12,15,17,52.36618
2024,12,15,18,53.85199
2024,12,15,19,53.6551
2024,12,15,20,53.45549
2024,12,15,21,53.73946
2024,12,15,22,53.19001
2024,12,15,23,52.09129
2024,12,15,24,51.0287
2024,12,16,1,48.7878
2024,12,16,2,48.53928
2024,12,16,3,48.46443
2024,12,16,4,48.51068
2024,12,16,5,49.52997
2024,12,16,6,58.13304
2024,12,16,7,60.73083
2024,12,16,8,59.06354
2024,12,16,9,50.02847
2024,12,16,10,45.25509
2024,12,16,11,44.45881
2024,12,16,12,43.42988
2024,12,16,13,40.53531
2024,12,16,14,38.0288
2024,12,16,15,42.83702
2024,12,16,16,47.58
2024,12,16,17,59.24871
2024,12,16,18,60.39258
2024,12,16,19,59.4219
2024,12,16,20,57.41044
2024,12,16,21,56.9422
2024,12,16,22,56.43205
2024,12,16,23,52.96793
2024,12,16,24,47.58057
2024,12,17,1,44.41269
2024,12,17,2,43.48414
2024,12,17,3,42.8739
2024,12,17,4,42.94303
2024,12,17,5,43.28088
2024,12,17,6,51.33438
2024,12,17,7,55.39713
2024,12,17,8,53.56381
2024,12,17,9,45.50843
2024,12,17,10,42.15371
2024,12,17,11,38.92973
2024,12,17,12,36.04174
2024,12,17,13,29.45244
2024,12,17,14,25.16701
2024,12,17,15,30.12101
2024,12,17,16,39.95127
2024,12,17,17,55.93335
2024,12,17,18,55.7201
2024,12,17,19,55.94525
2024,12,17,20,55.36427
2024,12,17,21,54.40444
2024,12,17,22,54.15832
2024,12,17,23,52.63607
2024,12,17,24,50.72993
2024,12,18,1,50.7872
2024,12,18,2,45.12604
2024,12,18,3,44.95002
2024,12,18,4,44.8633
2024,12,18,5,46.61203
2024,12,18,6,52.48727
2024,12,18,7,55.99668
2024,12,18,8,53.43435
2024,12,18,9,41.21637
2024,12,18,10,37.15725
2024,12,18,11,36.00934
2024,12,18,12,33.84893
2024,12,18,13,30.66852
2024,12,18,14,27.43555
2024,12,18,15,31.93366
2024,12,18,16,47.55885
2024,12,18,17,52.20147
2024,12,18,18,53.57713
2024,12,18,19,53.2491
2024,12,18,20,52.24982
2024,12,18,21,52.71816
2024,12,18,22,51.74656
2024,12,18,23,50.76277
2024,12,18,24,50.28845
2024,12,19,1,44.07225
2024,12,19,2,43.82866
2024,12,19,3,43.59849
2024,12,19,4,43.57981
2024,12,19,5,44.00413
2024,12,19,6,51.47528
2024,12,19,7,55.17626
2024,12,19,8,53.8293
2024,12,19,9,45.98753
2024,12,19,10,43.71309
2024,12,19,11,42.28266
2024,12,19,12,39.67721
2024,12,19,13,37.52308
2024,12,19,14,37.93001
2024,12,19,15,41.34594
2024,12,19,16,50.92168
2024,12,19,17,56.63097
2024,12,19,18,58.51138
2024,12,19,19,57.24518
2024,12,19,20,56.50797
2024,12,19,21,56.54197
2024,12,19,22,55.74307
2024,12,19,23,54.61865
2024,12,19,24,50.71478
2024,12,20,1,47.60046
2024,12,20,2,45.94793
2024,12,20,3,42.94153
2024,12,20,4,43.00709
2024,12,20,5,48.26909
2024,12,20,6,50.88557
2024,12,20,7,52.42206
2024,12,20,8,53.2478
2024,12,20,9,39.66908
2024,12,20,10,35.3227
2024,12,20,11,34.88375
2024,12,20,12,33.17544
2024,12,20,13,32.65778
2024,12,20,14,32.09728
2024,12,20,15,34.15302
2024,12,20,16,41.7827
2024,12,20,17,51.611
2024,12,20,18,52.55995
2024,12,20,19,50.87326
2024,12,20,20,50.25461
2024,12,20,21,49.92573
2024,12,20,22,49.67172
2024,12,20,23,48.8346
2024,12,20,24,46.47041
2024,12,21,1,44.06417
2024,12,21,2,43.93791
2024,12,21,3,41.83217
2024,12,21,4,41.05512
2024,12,21,5,43.8661
2024,12,21,6,44.9876
2024,12,21,7,44.99699
2024,12,21,8,43.93592
2024,12,21,9,33.74787
2024,12,21,10,29.8905
2024,12,21,11,29.60098
2024,12,21,12,29.4331
2024,12,21,13,28.01703
2024,12,21,14,27.39937
2024,12,21,15,31.22704
2024,12,21,16,38.2163
2024,12,21,17,47.53537
2024,12,21,18,48.2011
2024,12,21,19,47.76059
2024,12,21,20,47.04707
2024,12,21,21,46.78176
2024,12,21,22,46.60746
2024,12,21,23,46.5004
2024,12,21,24,45.49223
2024,12,22,1,38.76363
2024,12,22,2,38.54423
2024,12,22,3,38.17903
2024,12,22,4,36.66892
2024,12,22,5,38.44208
2024,12,22,6,38.75534
2024,12,22,7,39.98549
2024,12,22,8,38.40316
2024,12,22,9,34.23373
2024,12,22,10,29.66091
2024,12,22,11,28.33164
2024,12,22,12,26.89678
2024,12,22,13,24.41455
2024,12,22,14,25.84349
2024,12,22,15,30.53047
2024,12,22,16,40.01974
2024,12,22,17,46.93404
2024,12,22,18,47.83376
2024,12,22,19,47.4519
2024,12,22,20,47.21705
2024,12,22,21,46.70967
2024,12,22,22,46.08533
2024,12,22,23,42.26882
2024,12,22,24,40.12806
2024,12,23,1,37.99665
2024,12,23,2,37.98023
2024,12,23,3,37.98218
2024,12,23,4,39.14597
2024,12,23,5,42.11413
2024,12,23,6,45.0087
2024,12,23,7,50.4191
2024,12,23,8,48.06856
2024,12,23,9,39.05729
2024,12,23,10,36.47094
2024,12,23,11,36.10602
2024,12,23,12,35.72169
2024,12,23,13,35.036
2024,12,23,14,35.30467
2024,12,23,15,37.30245
2024,12,23,16,41.30021
2024,12,23,17,52.17204
2024,12,23,18,53.21154
2024,12,23,19,52.61964
2024,12,23,20,52.25501
2024,12,23,21,51.98984
2024,12,23,22,51.33076
2024,12,23,23,50.56906
2024,12,23,24,49.20176
2024,12,24,1,43.92828
2024,12,24,2,43.24241
2024,12,24,3,40.63185
2024,12,24,4,40.17979
2024,12,24,5,43.38966
2024,12,24,6,47.16816
2024,12,24,7,47.42542
2024,12,24,8,47.36787
2024,12,24,9,40.65127
2024,12,24,10,39.43635
2024,12,24,11,38.08536
2024,12,24,12,35.61531
2024,12,24,13,32.94215
2024,12,24,14,31.71518
2024,12,24,15,32.00175
2024,12,24,16,34.67018
2024,12,24,17,44.92784
2024,12,24,18,45.27159
2024,12,24,19,44.78612
2024,12,24,20,44.53551
2024,12,24,21,44.69607
2024,12,24,22,44.33792
2024,12,24,23,43.85869
2024,12,24,24,43.20699
2024,12,25,1,37.58672
2024,12,25,2,36.54589
2024,12,25,3,34.7955
2024,12,25,4,34.93472
2024,12,25,5,37.21228
2024,12,25,6,39.6579
2024,12,25,7,42.22567
2024,12,25,8,38.15861
2024,12,25,9,24.15865
2024,12,25,10,21.28113
2024,12,25,11,21.10099
2024,12,25,12,19.60682
2024,12,25,13,17.70704
2024,12,25,14,17.96732
2024,12,25,15,21.03688
2024,12,25,16,31.48737
2024,12,25,17,43.64061
2024,12,25,18,44.27559
2024,12,25,19,43.84737
2024,12,25,20,43.17265
2024,12,25,21,43.51786
2024,12,25,22,43.56563
2024,12,25,23,43.39642
2024,12,25,24,42.48813
2024,12,26,1,41.06128
2024,12,26,2,38.0429
2024,12,26,3,36.50565
2024,12,26,4,36.37592
2024,12,26,5,37.88277
2024,12,26,6,42.0771
2024,12,26,7,42.94417
2024,12,26,8,43.07484
2024,12,26,9,40.84819
2024,12,26,10,35.17566
2024,12,26,11,34.27466
2024,12,26,12,32.78254
2024,12,26,13,30.76068
2024,12,26,14,26.39897
2024,12,26,15,29.86608
2024,12,26,16,35.88755
2024,12,26,17,47.77978
2024,12,26,18,48.30714
2024,12,26,19,47.87537
2024,12,26,20,47.9228
2024,12,26,21,47.55945
2024,12,26,22,47.17122
2024,12,26,23,45.82702
2024,12,26,24,42.45165
2024,12,27,1,34.391
2024,12,27,2,32.26489
2024,12,27,3,32.66246
2024,12,27,4,32.28681
2024,12,27,5,33.97747
2024,12,27,6,36.92116
2024,12,27,7,36.88682
2024,12,27,8,36.8946
2024,12,27,9,33.72363
2024,12,27,10,31.05927
2024,12,27,11,30.53707
2024,12,27,12,30.03884
2024,12,27,13,29.63763
2024,12,27,14,27.72668
2024,12,27,15,29.75281
2024,12,27,16,30.90793
2024,12,27,17,40.61999
2024,12,27,18,41.0587
2024,12,27,19,40.97633
2024,12,27,20,40.78128
2024,12,27,21,40.73227
2024,12,27,22,40.41962
2024,12,27,23,39.77936
2024,12,27,24,37.24848
2024,12,28,1,32.99309
2024,12,28,2,33.12805
2024,12,28,3,31.37
2024,12,28,4,30.93102
2024,12,28,5,34.39184
2024,12,28,6,35.04699
2024,12,28,7,35.17079
2024,12,28,8,32.76339
2024,12,28,9,25.80737
2024,12,28,10,25.06282
2024,12,28,11,25.32981
2024,12,28,12,25.21444
2024,12,28,13,23.72702
2024,12,28,14,22.15171
2024,12,28,15,24.9113
2024,12,28,16,28.22466
2024,12,28,17,38.10634
2024,12,28,18,39.33565
2024,12,28,19,38.38886
2024,12,28,20,38.36406
2024,12,28,21,38.03054
2024,12,28,22,37.92138
2024,12,28,23,37.69194
2024,12,28,24,37.71532
2024,12,29,1,34.25352
2024,12,29,2,30.93
2024,12,29,3,32.27822
2024,12,29,4,32.83735
2024,12,29,5,33.26752
2024,12,29,6,35.85625
2024,12,29,7,35.37664
2024,12,29,8,32.49567
2024,12,29,9,19.64519
2024,12,29,10,14.66676
2024,12,29,11,14.58161
2024,12,29,12,13.78899
2024,12,29,13,11.70418
2024,12,29,14,10.3766
2024,12,29,15,12.4216
2024,12,29,16,19.90991
2024,12,29,17,37.07422
2024,12,29,18,37.6436
2024,12,29,19,37.56192
2024,12,29,20,37.25448
2024,12,29,21,37.24653
2024,12,29,22,36.80792
2024,12,29,23,36.10892
2024,12,29,24,34.94505
2024,12,30,1,31.04202
2024,12,30,2,29.82403
2024,12,30,3,29.39254
2024,12,30,4,29.69709
2024,12,30,5,31.25
2024,12,30,6,36.11471
2024,12,30,7,38.65435
2024,12,30,8,37.07463
2024,12,30,9,28.92538
2024,12,30,10,27.88343
2024,12,30,11,25.25397
2024,12,30,12,25.01695
2024,12,30,13,23.90557
2024,12,30,14,23.31778
2024,12,30,15,24.40147
2024,12,30,16,33.4934
2024,12,30,17,44.47042
2024,12,30,18,45.47233
2024,12,30,19,45.80684
2024,12,30,20,44.9746
2024,12,30,21,44.88247
2024,12,30,22,43.90421
2024,12,30,23,43.42937
2024,12,31,24,51.7871
2025,1,1,1,43.09418
2025,1,1,2,43.13033
2025,1,1,3,42.84017
2025,1,1,4,42.30451
2025,1,1,5,42.97068
2025,1,1,6,42.97941
2025,1,1,7,43.30194
2025,1,1,8,39.39619
2025,1,1,9,29.60241
2025,1,1,10,27.29736
2025,1,1,11,26.01544
2025,1,1,12,24.24955
2025,1,1,13,22.21368
2025,1,1,14,21.48118
2025,1,1,15,24.36038
2025,1,1,16,32.48794
2025,1,1,17,46.67188
2025,1,1,18,47.50605
2025,1,1,19,47.15731
2025,1,1,20,46.85941
2025,1,1,21,46.83042
2025,1,1,22,46.54366
2025,1,1,23,46.4611
2025,1,1,24,45.17896
2025,1,2,1,43.56846
2025,1,2,2,42.56156
2025,1,2,3,41.44163
2025,1,2,4,41.29647
2025,1,2,5,43.72738
2025,1,2,6,48.03712
2025,1,2,7,53.80872
2025,1,2,8,50.20359
2025,1,2,9,36.24868
2025,1,2,10,31.37498
2025,1,2,11,30.4148
2025,1,2,12,30.30874
2025,1,2,13,28.72371
2025,1,2,14,27.5231
2025,1,2,15,29.25374
2025,1,2,16,36.26717
2025,1,2,17,48.67146
2025,1,2,18,49.92982
2025,1,2,19,49.09746
2025,1,2,20,48.26352
2025,1,2,21,47.82684
2025,1,2,22,46.98496
2025,1,2,23,46.77488
2025,1,2,24,44.78125
2025,1,3,1,46.65002
2025,1,3,2,44.14014
2025,1,3,3,43.91244
2025,1,3,4,43.94485
2025,1,3,5,45.32146
2025,1,3,6,49.22505
2025,1,3,7,52.30425
2025,1,3,8,53.80235
2025,1,3,9,47.70001
2025,1,3,10,45.50077
2025,1,3,11,41.67358
2025,1,3,12,41.21662
2025,1,3,13,38.33863
2025,1,3,14,37.79955
2025,1,3,15,38.23183
2025,1,3,16,43.343
2025,1,3,17,48.42678
2025,1,3,18,49.04245
2025,1,3,19,46.23951
2025,1,3,20,44.8832
2025,1,3,21,43.68175
2025,1,3,22,42.77557
2025,1,3,23,41.08463
2025,1,3,24,39.48765
2025,1,4,1,39.13
2025,1,4,2,40.15899
2025,1,4,3,39.64546
2025,1,4,4,38.31341
2025,1,4,5,40.26937
2025,1,4,6,40.54445
2025,1,4,7,41.24333
2025,1,4,8,40.8063
2025,1,4,9,21.9573
2025,1,4,10,19.41807
2025,1,4,11,16.72281
2025,1,4,12,15.90671
2025,1,4,13,14.27874
2025,1,4,14,13.38093
2025,1,4,15,16.75832
2025,1,4,16,27.57691
2025,1,4,17,43.26873
2025,1,4,18,47.65004
2025,1,4,19,47.31094
2025,1,4,20,47.10903
2025,1,4,21,46.80001
2025,1,4,22,46.68306
2025,1,4,23,46.20139
2025,1,4,24,45.09296
2025,1,5,1,44.34649
2025,1,5,2,43.85395
2025,1,5,3,43.05873
2025,1,5,4,42.33292
2025,1,5,5,43.52337
2025,1,5,6,43.56761
2025,1,5,7,44.58269
2025,1,5,8,41.8823
2025,1,5,9,24.33387
2025,1,5,10,18.25757
2025,1,5,11,16.39993
2025,1,5,12,14.48036
2025,1,5,13,11.80367
2025,1,5,14,9.12208
2025,1,5,15,15.43811
2025,1,5,16,25.84204
2025,1,5,17,46.4636
2025,1,5,18,48.56839
2025,1,5,19,46.95909
2025,1,5,20,48.70627
2025,1,5,21,48.44221
2025,1,5,22,48.03991
2025,1,5,23,47.59085
2025,1,5,24,46.42171
2025,1,6,1,45.07301
2025,1,6,2,44.87049
2025,1,6,3,44.33628
2025,1,6,4,43.23798
2025,1,6,5,45.83248
2025,1,6,6,49.14758
2025,1,6,7,51.1464
2025,1,6,8,52.56396
2025,1,6,9,40.69907
2025,1,6,10,31.67079
2025,1,6,11,29.04564
2025,1,6,12,28.08039
2025,1,6,13,26.14612
2025,1,6,14,23.10123
2025,1,6,15,23.46483
2025,1,6,16,32.85238
2025,1,6,17,47.45245
2025,1,6,18,50.69416
2025,1,6,19,49.56031
2025,1,6,20,48.64682
2025,1,6,21,48.49976
2025,1,6,22,48.44822
2025,1,6,23,47.40468
2025,1,6,24,46.44513
2025,1,7,1,51.74141
2025,1,7,2,51.51499
2025,1,7,3,50.12515
2025,1,7,4,49.94403
2025,1,7,5,51.47179
2025,1,7,6,58.33812
2025,1,7,7,64.70406
2025,1,7,8,62.77938
2025,1,7,9,49.6625
2025,1,7,10,42.06651
2025,1,7,11,36.4368
2025,1,7,12,33.64916
2025,1,7,13,30.71811
2025,1,7,14,25.97596
2025,1,7,15,26.99756
2025,1,7,16,36.82713
2025,1,7,17,55.0016
2025,1,7,18,58.52102
2025,1,7,19,55.81851
2025,1,7,20,54.51967
2025,1,7,21,54.49489
2025,1,7,22,54.04544
2025,1,7,23,53.72993
2025,1,7,24,52.94381
2025,1,8,1,45.35553
2025,1,8,2,44.58239
2025,1,8,3,44.09891
2025,1,8,4,44.10341
2025,1,8,5,45.24463
2025,1,8,6,50.30687
2025,1,8,7,54.65231
2025,1,8,8,55.49008
2025,1,8,9,45.13964
2025,1,8,10,35.93873
2025,1,8,11,32.25296
2025,1,8,12,30.37913
2025,1,8,13,29.06185
2025,1,8,14,25.25193
2025,1,8,15,28.46304
2025,1,8,16,40.16583
2025,1,8,17,52.70261
2025,1,8,18,56.23656
2025,1,8,19,56.02622
2025,1,8,20,55.52269
2025,1,8,21,54.40496
2025,1,8,22,53.43383
2025,1,8,23,51.79021
2025,1,8,24,47.7929
2025,1,9,1,49.06425
2025,1,9,2,47.80017
2025,1,9,3,47.34376
2025,1,9,4,47.32443
2025,1,9,5,48.5385
2025,1,9,6,52.15792
2025,1,9,7,60.48873
2025,1,9,8,59.40983
2025,1,9,9,42.31169
2025,1,9,10,30.13533
2025,1,9,11,28.25493
2025,1,9,12,27.31908
2025,1,9,13,24.61036
2025,1,9,14,23.07707
2025,1,9,15,24.61103
2025,1,9,16,36.86195
2025,1,9,17,51.357
2025,1,9,18,53.9603
2025,1,9,19,53.13212
2025,1,9,20,52.04251
2025,1,9,21,51.92855
2025,1,9,22,51.18311
2025,1,9,23,51.52241
2025,1,9,24,49.89545
2025,1,10,1,44.72438
2025,1,10,2,44.19049
2025,1,10,3,44.02448
2025,1,10,4,44.19698
2025,1,10,5,44.30847
2025,1,10,6,51.3729
2025,1,10,7,57.22827
2025,1,10,8,52.84577
2025,1,10,9,38.53234
2025,1,10,10,29.27591
2025,1,10,11,27.84481
2025,1,10,12,25.23345
2025,1,10,13,23.87337
2025,1,10,14,22.72736
2025,1,10,15,23.95597
2025,1,10,16,31.60816
2025,1,10,17,47.44482
2025,1,10,18,50.55153
2025,1,10,19,49.99393
2025,1,10,20,48.27089
2025,1,10,21,47.58437
2025,1,10,22,47.45398
2025,1,10,23,46.72766
2025,1,10,24,45.51052
2025,1,11,1,41.41855
2025,1,11,2,40.37235
2025,1,11,3,41.27813
2025,1,11,4,40.83148
2025,1,11,5,41.27862
2025,1,11,6,41.39635
2025,1,11,7,43.70013
2025,1,11,8,41.80374
2025,1,11,9,13.74483
2025,1,11,10,6.43883
2025,1,11,11,5.11023
2025,1,11,12,4.91662
2025,1,11,13,3.05314
2025,1,11,14,1.89138
2025,1,11,15,3.42612
2025,1,11,16,12.5156
2025,1,11,17,45.66802
2025,1,11,18,51.05157
2025,1,11,19,50.95333
2025,1,11,20,50.47433
2025,1,11,21,50.35651
2025,1,11,22,49.97304
2025,1,11,23,49.17873
2025,1,11,24,48.47685
2025,1,12,1,54.37967
2025,1,12,2,52.0274
2025,1,12,3,51.86743
2025,1,12,4,51.80701
2025,1,12,5,53.74075
2025,1,12,6,54.46874
2025,1,12,7,54.56973
2025,1,12,8,50.97905
2025,1,12,9,22.40953
2025,1,12,10,11.1312
2025,1,12,11,9.51949
2025,1,12,12,7.0877
2025,1,12,13,5.01211
2025,1,12,14,4.05658
2025,1,12,15,8.11336
2025,1,12,16,24.0118
2025,1,12,17,55.19379
2025,1,12,18,58.83673
2025,1,12,19,58.18948
2025,1,12,20,57.64907
2025,1,12,21,57.30596
2025,1,12,22,57.03801
2025,1,12,23,56.47114
2025,1,12,24,53.92929
2025,1,13,1,56.02491
2025,1,13,2,53.4784
2025,1,13,3,52.73813
2025,1,13,4,51.99128
2025,1,13,5,53.54001
2025,1,13,6,58.8049
2025,1,13,7,59.66212
2025,1,13,8,60.96963
2025,1,13,9,48.65249
2025,1,13,10,33.35663
2025,1,13,11,25.71773
2025,1,13,12,20.17403
2025,1,13,13,18.11241
2025,1,13,14,17.00538
2025,1,13,15,19.16019
2025,1,13,16,35.90517
2025,1,13,17,55.56649
2025,1,13,18,61.55286
2025,1,13,19,61.19471
2025,1,13,20,62.36881
2025,1,13,21,60.11016
2025,1,13,22,59.37387
2025,1,13,23,58.20371
2025,1,13,24,56.58676
2025,1,14,1,65.4065
2025,1,14,2,61.62134
2025,1,14,3,59.84236
2025,1,14,4,59.87565
2025,1,14,5,61.12258
2025,1,14,6,66.36076
2025,1,14,7,73.34041
2025,1,14,8,71.9115
2025,1,14,9,49.74866
2025,1,14,10,35.66448
2025,1,14,11,28.65326
2025,1,14,12,28.10361
2025,1,14,13,23.23698
2025,1,14,14,17.85486
2025,1,14,15,21.39404
2025,1,14,16,40.44756
2025,1,14,17,65.13724
2025,1,14,18,70.94147
2025,1,14,19,69.7632
2025,1,14,20,68.80925
2025,1,14,21,68.02692
2025,1,14,22,66.74819
2025,1,14,23,66.20894
2025,1,14,24,64.10728
2025,1,15,1,59.52779
2025,1,15,2,56.36441
2025,1,15,3,55.95888
2025,1,15,4,55.81109
2025,1,15,5,58.04144
2025,1,15,6,61.85599
2025,1,15,7,70.37268
2025,1,15,8,69.13766
2025,1,15,9,49.02473
2025,1,15,10,32.64994
2025,1,15,11,26.57594
2025,1,15,12,22.76052
2025,1,15,13,19.03863
2025,1,15,14,15.54488
2025,1,15,15,18.0065
2025,1,15,16,37.22049
2025,1,15,17,61.9
2025,1,15,18,70.1719
2025,1,15,19,68.99483
2025,1,15,20,65.00652
2025,1,15,21,65.03149
2025,1,15,22,66.35349
2025,1,15,23,61.46805
2025,1,15,24,60.33168
2025,1,16,1,53.69356
2025,1,16,2,53.15356
2025,1,16,3,53.15988
2025,1,16,4,53.16978
2025,1,16,5,55.88052
2025,1,16,6,60.68004
2025,1,16,7,67.34165
2025,1,16,8,67.71978
2025,1,16,9,48.44967
2025,1,16,10,31.4624
2025,1,16,11,26.74251
2025,1,16,12,23.97444
2025,1,16,13,20.25858
2025,1,16,14,18.51206
2025,1,16,15,20.28962
2025,1,16,16,37.07503
2025,1,16,17,61.11164
2025,1,16,18,65.36654
2025,1,16,19,63.36719
2025,1,16,20,62.28617
2025,1,16,21,59.65886
2025,1,16,22,58.78492
2025,1,16,23,57.13284
2025,1,16,24,54.94605
2025,1,17,1,52.21624
2025,1,17,2,51.23447
2025,1,17,3,49.81452
2025,1,17,4,49.7356
2025,1,17,5,50.85036
2025,1,17,6,55.44122
2025,1,17,7,60.77305
2025,1,17,8,61.62432
2025,1,17,9,41.87576
2025,1,17,10,25.21391
2025,1,17,11,21.26901
2025,1,17,12,19.11209
2025,1,17,13,16.87655
2025,1,17,14,13.42787
2025,1,17,15,14.53384
2025,1,17,16,22.65983
2025,1,17,17,56.20481
2025,1,17,18,59.16022
2025,1,17,19,57.20433
2025,1,17,20,56.89168
2025,1,17,21,57.44961
2025,1,17,22,56.41923
2025,1,17,23,55.32607
2025,1,17,24,53.50325
2025,1,18,1,73.95929
2025,1,18,2,73.08452
2025,1,18,3,69.16909
2025,1,18,4,69.79706
2025,1,18,5,73.21889
2025,1,18,6,77.48927
2025,1,18,7,80.74783
2025,1,18,8,72.48821
2025,1,18,9,47.3023
2025,1,18,10,30.09974
2025,1,18,11,25.75577
2025,1,18,12,23.04079
2025,1,18,13,17.75486
2025,1,18,14,10.44823
2025,1,18,15,12.43893
2025,1,18,16,31.99942
2025,1,18,17,74.14444
2025,1,18,18,79.91787
2025,1,18,19,79.02647
2025,1,18,20,78.49669
2025,1,18,21,78.43522
2025,1,18,22,77.75597
2025,1,18,23,77.82227
2025,1,18,24,77.48934
2025,1,19,1,71.23157
2025,1,19,2,70.43962
2025,1,19,3,69.68294
2025,1,19,4,69.03359
2025,1,19,5,69.81296
2025,1,19,6,70.32343
2025,1,19,7,72.20325
2025,1,19,8,66.72736
2025,1,19,9,41.42521
2025,1,19,10,21.88354
2025,1,19,11,17.96162
2025,1,19,12,16.09864
2025,1,19,13,12.50337
2025,1,19,14,5.82314
2025,1,19,15,10.47962
2025,1,19,16,20.64861
2025,1,19,17,61.34316
2025,1,19,18,71.89784
2025,1,19,19,71.74469
2025,1,19,20,70.88699
2025,1,19,21,70.97847
2025,1,19,22,70.2883
2025,1,19,23,68.26058
2025,1,19,24,65.85748
2025,1,20,1,68.42467
2025,1,20,2,68.86247
2025,1,20,3,69.10296
2025,1,20,4,70.6199
2025,1,20,5,72.34866
2025,1,20,6,79.16584
2025,1,20,7,85.56369
2025,1,20,8,82.42736
2025,1,20,9,52.98163
2025,1,20,10,38.14041
2025,1,20,11,31.45595
2025,1,20,12,27.75396
2025,1,20,13,17.13138
2025,1,20,14,8.70647
2025,1,20,15,17.03862
2025,1,20,16,32.02014
2025,1,20,17,71.40934
2025,1,20,18,79.00172
2025,1,20,19,79.15298
2025,1,20,20,77.44228
2025,1,20,21,76.77676
2025,1,20,22,76.34443
2025,1,20,23,75.70111
2025,1,20,24,73.17985
2025,1,21,1,79.31177
2025,1,21,2,77.76847
2025,1,21,3,76.54188
2025,1,21,4,76.82822
2025,1,21,5,77.00904
2025,1,21,6,88.89606
2025,1,21,7,97.4207
2025,1,21,8,91.56766
2025,1,21,9,67.87865
2025,1,21,10,47.33488
2025,1,21,11,41.49537
2025,1,21,12,40.71913
2025,1,21,13,35.0275
2025,1,21,14,31.49648
2025,1,21,15,37.00601
2025,1,21,16,50.94356
2025,1,21,17,81.79889
2025,1,21,18,87.3854
2025,1,21,19,84.56569
2025,1,21,20,83.82493
2025,1,21,21,83.39415
2025,1,21,22,82.65266
2025,1,21,23,81.19272
2025,1,21,24,79.02338
2025,1,22,1,60.98035
2025,1,22,2,58.96849
2025,1,22,3,57.8359
2025,1,22,4,57.69778
2025,1,22,5,60.73885
2025,1,22,6,64.78972
2025,1,22,7,74.69394
2025,1,22,8,69.53107
2025,1,22,9,49.73275
2025,1,22,10,38.29077
2025,1,22,11,33.22266
2025,1,22,12,29.12904
2025,1,22,13,25.84458
2025,1,22,14,22.1931
2025,1,22,15,23.37907
2025,1,22,16,39.48793
2025,1,22,17,59.73283
2025,1,22,18,63.46544
2025,1,22,19,65.37532
2025,1,22,20,61.16113
2025,1,22,21,60.94366
2025,1,22,22,60.88975
2025,1,22,23,58.30959
2025,1,22,24,57.32058
2025,1,23,1,60.03566
2025,1,23,2,57.99756
2025,1,23,3,57.38731
2025,1,23,4,57.61844
2025,1,23,5,57.38006
2025,1,23,6,63.47256
2025,1,23,7,69.35564
2025,1,23,8,64.97962
2025,1,23,9,46.92224
2025,1,23,10,33.13646
2025,1,23,11,28.83734
2025,1,23,12,23.51768
2025,1,23,13,19.20463
2025,1,23,14,14.08384
2025,1,23,15,18.44394
2025,1,23,16,33.93036
2025,1,23,17,56.74465
2025,1,23,18,63.75751
2025,1,23,19,63.91578
2025,1,23,20,62.98276
2025,1,23,21,60.58592
2025,1,23,22,59.78543
2025,1,23,23,58.61785
2025,1,23,24,57.25077
2025,1,24,1,53.23297
2025,1,24,2,52.07979
2025,1,24,3,51.68582
2025,1,24,4,51.70664
2025,1,24,5,53.32405
2025,1,24,6,61.06414
2025,1,24,7,67.66131
2025,1,24,8,64.57977
2025,1,24,9,48.41951
2025,1,24,10,40.37773
2025,1,24,11,34.44046
2025,1,24,12,31.56409
2025,1,24,13,27.70431
2025,1,24,14,25.45578
2025,1,24,15,27.82027
2025,1,24,16,37.63249
2025,1,24,17,54.79154
2025,1,24,18,60.16374
2025,1,24,19,58.52119
2025,1,24,20,58.06531
2025,1,24,21,57.91866
2025,1,24,22,57.89056
2025,1,24,23,56.6248
2025,1,24,24,54.04121
2025,1,25,1,51.04532
2025,1,25,2,52.38303
2025,1,25,3,49.78263
2025,1,25,4,48.31452
2025,1,25,5,49.11632
2025,1,25,6,50.41418
2025,1,25,7,54.5035
2025,1,25,8,54.68388
2025,1,25,9,49.02994
2025,1,25,10,41.20903
2025,1,25,11,33.94905
2025,1,25,12,29.96217
2025,1,25,13,23.61131
2025,1,25,14,21.0531
2025,1,25,15,26.25665
2025,1,25,16,38.81649
2025,1,25,17,53.86309
2025,1,25,18,60.07988
2025,1,25,19,59.38464
2025,1,25,20,57.46588
2025,1,25,21,57.47895
2025,1,25,22,57.0632
2025,1,25,23,55.54147
2025,1,25,24,51.9979
2025,1,26,1,54.60683
2025,1,26,2,53.93999
2025,1,26,3,51.83192
2025,1,26,4,50.48175
2025,1,26,5,52.37797
2025,1,26,6,54.22827
2025,1,26,7,55.94512
2025,1,26,8,53.85742
2025,1,26,9,47.36257
2025,1,26,10,44.20343
2025,1,26,11,40.30426
2025,1,26,12,37.47063
2025,1,26,13,35.56444
2025,1,26,14,34.05603
2025,1,26,15,38.0241
2025,1,26,16,49.04855
2025,1,26,17,60.59781
2025,1,26,18,66.63231
2025,1,26,19,65.87223
2025,1,26,20,63.48069
2025,1,26,21,63.28447
2025,1,26,22,63.2595
2025,1,26,23,57.61209
2025,1,26,24,52.40071
2025,1,27,1,55.89303
2025,1,27,2,55.58386
2025,1,27,3,55.21677
2025,1,27,4,55.36056
2025,1,27,5,60.24776
2025,1,27,6,67.63992
2025,1,27,7,68.78044
2025,1,27,8,72.68185
2025,1,27,9,61.17423
2025,1,27,10,50.29627
2025,1,27,11,44.45079
2025,1,27,12,41.01521
2025,1,27,13,38.14315
2025,1,27,14,33.31544
2025,1,27,15,36.27648
2025,1,27,16,45.24515
2025,1,27,17,61.68566
2025,1,27,18,68.45707
2025,1,27,19,69.69622
2025,1,27,20,69.23712
2025,1,27,21,69.1033
2025,1,27,22,68.21477
2025,1,27,23,67.05524
2025,1,27,24,65.42629
2025,1,28,1,61.02109
2025,1,28,2,59.68229
2025,1,28,3,59.30656
2025,1,28,4,59.42541
2025,1,28,5,66.8355
2025,1,28,6,73.1119
2025,1,28,7,78.52468
2025,1,28,8,76.10509
2025,1,28,9,52.07323
2025,1,28,10,41.35416
2025,1,28,11,33.78599
2025,1,28,12,29.49993
2025,1,28,13,26.42867
2025,1,28,14,22.67289
2025,1,28,15,25.44416
2025,1,28,16,37.48583
2025,1,28,17,54.41038
2025,1,28,18,65.73184
2025,1,28,19,66.28338
2025,1,28,20,64.2121
2025,1,28,21,64.52784
2025,1,28,22,63.68905
2025,1,28,23,62.25849
2025,1,28,24,56.18092
2025,1,29,1,49.97187
2025,1,29,2,48.66534
2025,1,29,3,49.03592
2025,1,29,4,49.52704
2025,1,29,5,53.35457
2025,1,29,6,62.01681
2025,1,29,7,65.68658
2025,1,29,8,65.61894
2025,1,29,9,44.70877
2025,1,29,10,34.49029
2025,1,29,11,27.08069
2025,1,29,12,25.00966
2025,1,29,13,19.44314
2025,1,29,14,15.67616
2025,1,29,15,16.97406
2025,1,29,16,27.2503
2025,1,29,17,47.33408
2025,1,29,18,60.85597
2025,1,29,19,61.00756
2025,1,29,20,57.93877
2025,1,29,21,58.57297
2025,1,29,22,57.45383
2025,1,29,23,55.16722
2025,1,29,24,50.35307
2025,1,30,1,43.81741
2025,1,30,2,42.64962
2025,1,30,3,42.43131
2025,1,30,4,42.49702
2025,1,30,5,44.40426
2025,1,30,6,50.91249
2025,1,30,7,61.42352
2025,1,30,8,60.89952
2025,1,30,9,39.65764
2025,1,30,10,28.85101
2025,1,30,11,22.90039
2025,1,30,12,19.98225
2025,1,30,13,14.71044
2025,1,30,14,12.45086
2025,1,30,15,12.85935
2025,1,30,16,24.74598
2025,1,30,17,48.33424
2025,1,30,18,62.52716
2025,1,30,19,61.92359
2025,1,30,20,59.12791
2025,1,30,21,59.13347
2025,1,30,22,58.69686
2025,1,30,23,56.73752
2025,1,31,24,45.36613
2025,2,1,1,42.92899
2025,2,1,2,42.40987
2025,2,1,3,41.65786
2025,2,1,4,41.18827
2025,2,1,5,40.27833
2025,2,1,6,41.46374
2025,2,1,7,47.89082
2025,2,1,8,44.73439
2025,2,1,9,32.87986
2025,2,1,10,25.01547
2025,2,1,11,21.15434
2025,2,1,12,19.06569
2025,2,1,13,16.44432
2025,2,1,14,14.69038
2025,2,1,15,16.75823
2025,2,1,16,23.07765
2025,2,1,17,42.18647
2025,2,1,18,54.98305
2025,2,1,19,49.03627
2025,2,1,20,48.96246
2025,2,1,21,48.61628
2025,2,1,22,48.35622
2025,2,1,23,45.45496
2025,2,1,24,42.59996
2025,2,2,1,45.83163
2025,2,2,2,45.28005
2025,2,2,3,45.06447
2025,2,2,4,43.43207
2025,2,2,5,42.83081
2025,2,2,6,44.84645
2025,2,2,7,47.60047
2025,2,2,8,45.27329
2025,2,2,9,24.48159
2025,2,2,10,15.19136
2025,2,2,11,13.00147
2025,2,2,12,12.28075
2025,2,2,13,12.23032
2025,2,2,14,11.17554
2025,2,2,15,11.85916
2025,2,2,16,16.27477
2025,2,2,17,43.81278
2025,2,2,18,54.27975
2025,2,2,19,52.73034
2025,2,2,20,51.63416
2025,2,2,21,51.53545
2025,2,2,22,50.60005
2025,2,2,23,48.35086
2025,2,2,24,47.51659
2025,2,3,1,43.13593
2025,2,3,2,42.71131
2025,2,3,3,42.73431
2025,2,3,4,42.68654
2025,2,3,5,42.44895
2025,2,3,6,46.77263
2025,2,3,7,60.69755
2025,2,3,8,60.68216
2025,2,3,9,51.01453
2025,2,3,10,40.29784
2025,2,3,11,35.80298
2025,2,3,12,35.36589
2025,2,3,13,35.96571
2025,2,3,14,36.32753
2025,2,3,15,34.475
2025,2,3,16,41.76568
2025,2,3,17,58.91298
2025,2,3,18,64.32829
2025,2,3,19,62.25425
2025,2,3,20,60.3892
2025,2,3,21,58.73454
2025,2,3,22,56.02307
2025,2,3,23,48.54118
2025,2,3,24,47.36907
2025,2,4,1,56.82032
2025,2,4,2,51.67514
2025,2,4,3,49.24735
2025,2,4,4,48.37139
2025,2,4,5,49.4297
2025,2,4,6,56.99379
2025,2,4,7,63.67375
2025,2,4,8,60.02528
2025,2,4,9,46.24447
2025,2,4,10,36.65562
2025,2,4,11,31.23577
2025,2,4,12,30.2219
2025,2,4,13,28.98401
2025,2,4,14,28.23296
2025,2,4,15,28.03899
2025,2,4,16,35.98523
2025,2,4,17,63.46505
2025,2,4,18,66.55582
2025,2,4,19,65.65299
2025,2,4,20,64.58078
2025,2,4,21,63.30018
2025,2,4,22,59.63935
2025,2,4,23,58.07155
2025,2,4,24,53.45081
2025,2,5,1,44.87076
2025,2,5,2,42.30078
2025,2,5,3,42.20127
2025,2,5,4,42.2489
2025,2,5,5,43.48675
2025,2,5,6,53.10376
2025,2,5,7,61.10147
2025,2,5,8,61.31284
2025,2,5,9,43.51368
2025,2,5,10,35.25149
2025,2,5,11,29.9125
2025,2,5,12,23.50428
2025,2,5,13,22.10522
2025,2,5,14,17.03812
2025,2,5,15,16.58107
2025,2,5,16,23.14693
2025,2,5,17,50.33906
2025,2,5,18,63.49952
2025,2,5,19,65.00948
2025,2,5,20,62.6358
2025,2,5,21,64.46893
2025,2,5,22,61.09789
2025,2,5,23,56.06359
2025,2,5,24,51.93886
2025,2,6,1,44.85023
2025,2,6,2,43.09983
2025,2,6,3,42.84178
2025,2,6,4,42.8867
2025,2,6,5,44.67607
2025,2,6,6,51.43122
2025,2,6,7,60.90651
2025,2,6,8,58.6172
2025,2,6,9,41.55733
2025,2,6,10,30.18151
2025,2,6,11,24.9951
2025,2,6,12,23.37984
2025,2,6,13,22.74134
2025,2,6,14,20.75377
2025,2,6,15,23.35215
2025,2,6,16,32.42119
2025,2,6,17,59.87648
2025,2,6,18,64.13733
2025,2,6,19,62.37738
2025,2,6,20,60.6707
2025,2,6,21,55.46727
2025,2,6,22,56.32178
2025,2,6,23,48.42021
2025,2,6,24,45.28974
2025,2,7,1,42.77743
2025,2,7,2,42.57549
2025,2,7,3,42.27642
2025,2,7,4,42.42436
2025,2,7,5,46.4801
2025,2,7,6,50.00512
2025,2,7,7,56.12063
2025,2,7,8,53.65576
2025,2,7,9,35.8242
2025,2,7,10,24.26473
2025,2,7,11,17.07601
2025,2,7,12,12.33923
2025,2,7,13,7.49795
2025,2,7,14,5.05145
2025,2,7,15,6.85987
2025,2,7,16,12.87965
2025,2,7,17,40.19004
2025,2,7,18,52.95425
2025,2,7,19,55.54877
2025,2,7,20,51.54868
2025,2,7,21,49.13875
2025,2,7,22,47.51682
2025,2,7,23,46.72173
2025,2,7,24,42.78244
2025,2,8,1,41.65411
2025,2,8,2,41.47082
2025,2,8,3,40.3336
2025,2,8,4,40.06755
2025,2,8,5,41.44275
2025,2,8,6,41.49001
2025,2,8,7,48.76621
2025,2,8,8,38.68877
2025,2,8,9,15.88173
2025,2,8,10,4.10787
2025,2,8,11,-2.57125
2025,2,8,12,-7.03065
2025,2,8,13,-10.91917
2025,2,8,14,-11.87114
2025,2,8,15,-10.57802
2025,2,8,16,-3.34215
2025,2,8,17,33.43693
2025,2,8,18,52.7766
2025,2,8,19,57.6347
2025,2,8,20,52.0003
2025,2,8,21,50.06206
2025,2,8,22,49.35615
2025,2,8,23,48.99145
2025,2,8,24,47.95285
2025,2,9,1,49.31942
2025,2,9,2,48.23185
2025,2,9,3,44.84811
2025,2,9,4,43.89571
2025,2,9,5,48.98913
2025,2,9,6,53.10345
2025,2,9,7,55.1717
2025,2,9,8,47.18421
2025,2,9,9,22.83993
2025,2,9,10,9.76832
2025,2,9,11,3.30518
2025,2,9,12,-2.99323
2025,2,9,13,-5.3529
2025,2,9,14,-5.01859
2025,2,9,15,-2.39896
2025,2,9,16,7.2708
2025,2,9,17,45.73541
2025,2,9,18,58.91554
2025,2,9,19,63.47963
2025,2,9,20,58.75777
2025,2,9,21,58.31914
2025,2,9,22,57.88355
2025,2,9,23,56.51657
2025,2,9,24,53.48441
2025,2,10,1,51.12917
2025,2,10,2,50.2
2025,2,10,3,50.77145
2025,2,10,4,50.86527
2025,2,10,5,56.74948
2025,2,10,6,62.01736
2025,2,10,7,71.76231
2025,2,10,8,64.59449
2025,2,10,9,41.04004
2025,2,10,10,32.00555
2025,2,10,11,23.77447
2025,2,10,12,17.1681
2025,2,10,13,12.15015
2025,2,10,14,12.30156
2025,2,10,15,14.47871
2025,2,10,16,21.67324
2025,2,10,17,45.36626
2025,2,10,18,63.14493
2025,2,10,19,63.98568
2025,2,10,20,60.68073
2025,2,10,21,60.19703
2025,2,10,22,57.27983
2025,2,10,23,53.05858
2025,2,10,24,49.26878
2025,2,11,1,47.48836
2025,2,11,2,46.93136
2025,2,11,3,46.23974
2025,2,11,4,46.38678
2025,2,11,5,50.01385
2025,2,11,6,57.5414
2025,2,11,7,68.52031
2025,2,11,8,62.71284
2025,2,11,9,30.08006
2025,2,11,10,22.12554
2025,2,11,11,15.63418
2025,2,11,12,12.2606
2025,2,11,13,7.31353
2025,2,11,14,7.32329
2025,2,11,15,8.29862
2025,2,11,16,15.54436
2025,2,11,17,46.00459
2025,2,11,18,58.9753
2025,2,11,19,60.79107
2025,2,11,20,59.39589
2025,2,11,21,59.17646
2025,2,11,22,56.87729
2025,2,11,23,52.55778
2025,2,11,24,48.39487
2025,2,12,1,48.52365
2025,2,12,2,47.76056
2025,2,12,3,47.56243
2025,2,12,4,47.80992
2025,2,12,5,49.7119
2025,2,12,6,57.17499
2025,2,12,7,63.45604
2025,2,12,8,67.23016
2025,2,12,9,56.27697
2025,2,12,10,52.40258
2025,2,12,11,48.03278
2025,2,12,12,46.79895
2025,2,12,13,45.28088
2025,2,12,14,46.0922
2025,2,12,15,47.89405
2025,2,12,16,50.31702
2025,2,12,17,65.97145
2025,2,12,18,70.76162
2025,2,12,19,71.0449
2025,2,12,20,68.41597
2025,2,12,21,67.88011
2025,2,12,22,64.87637
2025,2,12,23,59.68324
2025,2,12,24,52.66143
2025,2,13,1,45.78317
2025,2,13,2,45.43432
2025,2,13,3,44.39145
2025,2,13,4,45.16533
2025,2,13,5,45.71043
2025,2,13,6,47.86061
2025,2,13,7,60.32985
2025,2,13,8,66.883
2025,2,13,9,58.6638
2025,2,13,10,56.56917
2025,2,13,11,50.71103
2025,2,13,12,49.83987
2025,2,13,13,48.40266
2025,2,13,14,45.73814
2025,2,13,15,46.0114
2025,2,13,16,48.72959
2025,2,13,17,58.3849
2025,2,13,18,64.72415
2025,2,13,19,64.33129
2025,2,13,20,60.00935
2025,2,13,21,56.56139
2025,2,13,22,52.99439
2025,2,13,23,49.38157
2025,2,13,24,48.49372
2025,2,14,1,44.81358
2025,2,14,2,42.87017
2025,2,14,3,42.16868
2025,2,14,4,42.07869
2025,2,14,5,43.33197
2025,2,14,6,47.33226
2025,2,14,7,60.34822
2025,2,14,8,55.34518
2025,2,14,9,39.72342
2025,2,14,10,28.65762
2025,2,14,11,21.99244
2025,2,14,12,13.05874
2025,2,14,13,9.72437
2025,2,14,14,8.38891
2025,2,14,15,7.58578
2025,2,14,16,16.68519
2025,2,14,17,44.85021
2025,2,14,18,56.71109
2025,2,14,19,56.28429
2025,2,14,20,55.45342
2025,2,14,21,53.79845
2025,2,14,22,53.09682
2025,2,14,23,51.66684
2025,2,14,24,44.81501
2025,2,15,1,46.17478
2025,2,15,2,45.99754
2025,2,15,3,45.5349
2025,2,15,4,46.18627
2025,2,15,5,46.72736
2025,2,15,6,49.30365
2025,2,15,7,59.04332
2025,2,15,8,46.32681
2025,2,15,9,20.4498
2025,2,15,10,11.79929
2025,2,15,11,5.04662
2025,2,15,12,0.64326
2025,2,15,13,-4.371
2025,2,15,14,-5.29465
2025,2,15,15,-0.74569
2025,2,15,16,8.99397
2025,2,15,17,51.85248
2025,2,15,18,61.49431
2025,2,15,19,61.56285
2025,2,15,20,60.7415
2025,2,15,21,60.21983
2025,2,15,22,59.0203
2025,2,15,23,55.54282
2025,2,15,24,52.18845
2025,2,16,1,52.13312
2025,2,16,2,52.02732
2025,2,16,3,51.33845
2025,2,16,4,50.09907
2025,2,16,5,49.65736
2025,2,16,6,51.45528
2025,2,16,7,55.15817
2025,2,16,8,48.31104
2025,2,16,9,25.94694
2025,2,16,10,11.3656
2025,2,16,11,5.98778
2025,2,16,12,0.0985
2025,2,16,13,-0.82232
2025,2,16,14,-0.35017
2025,2,16,15,-0.71327
2025,2,16,16,7.55134
2025,2,16,17,45.98834
2025,2,16,18,57.86159
2025,2,16,19,60.61072
2025,2,16,20,56.42123
2025,2,16,21,54.95489
2025,2,16,22,52.81032
2025,2,16,23,47.67112
2025,2,16,24,46.69446
2025,2,17,1,40.98361
2025,2,17,2,41.64444
2025,2,17,3,39.63525
2025,2,17,4,40.80219
2025,2,17,5,46.70155
2025,2,17,6,46.96172
2025,2,17,7,56.11835
2025,2,17,8,47.68589
2025,2,17,9,21.32826
2025,2,17,10,11.05169
2025,2,17,11,7.0188
2025,2,17,12,1.49873
2025,2,17,13,-2.66615
2025,2,17,14,-3.87178
2025,2,17,15,-4.02006
2025,2,17,16,2.40462
2025,2,17,17,39.09398
2025,2,17,18,58.13811
2025,2,17,19,58.89918
2025,2,17,20,57.49976
2025,2,17,21,55.50244
2025,2,17,22,53.9872
2025,2,17,23,48.80539
2025,2,17,24,45.22859
2025,2,18,1,43.48415
2025,2,18,2,43.76687
2025,2,18,3,43.13165
2025,2,18,4,43.87408
2025,2,18,5,49.52391
2025,2,18,6,50.66832
2025,2,18,7,65.35367
2025,2,18,8,57.59441
2025,2,18,9,31.47993
2025,2,18,10,20.87368
2025,2,18,11,15.98715
2025,2,18,12,14.32535
2025,2,18,13,10.9065
2025,2,18,14,9.17299
2025,2,18,15,11.3896
2025,2,18,16,15.03585
2025,2,18,17,52.59585
2025,2,18,18,68.17341
2025,2,18,19,70.45977
2025,2,18,20,67.64389
2025,2,18,21,65.33809
2025,2,18,22,64.03449
2025,2,18,23,60.88102
2025,2,18,24,53.12446
2025,2,19,1,51.66432
2025,2,19,2,47.90347
2025,2,19,3,47.03809
2025,2,19,4,47.13821
2025,2,19,5,52.71112
2025,2,19,6,55.16347
2025,2,19,7,67.24041
2025,2,19,8,61.22053
2025,2,19,9,35.44092
2025,2,19,10,22.25956
2025,2,19,11,19.24928
2025,2,19,12,17.79035
2025,2,19,13,15.34513
2025,2,19,14,14.19197
2025,2,19,15,13.02648
2025,2,19,16,15.17664
2025,2,19,17,44.90898
2025,2,19,18,61.13626
2025,2,19,19,62.35714
2025,2,19,20,56.91462
2025,2,19,21,55.71321
2025,2,19,22,54.56466
2025,2,19,23,47.84789
2025,2,19,24,45.71294
2025,2,20,1,46.95413
2025,2,20,2,43.70628
2025,2,20,3,43.61579
2025,2,20,4,43.71942
2025,2,20,5,46.95774
2025,2,20,6,54.29789
2025,2,20,7,64.75861
2025,2,20,8,58.85064
2025,2,20,9,33.13005
2025,2,20,10,16.68291
2025,2,20,11,11.2113
2025,2,20,12,5.40055
2025,2,20,13,3.70171
2025,2,20,14,1.62969
2025,2,20,15,2.18504
2025,2,20,16,7.04387
2025,2,20,17,47.62927
2025,2,20,18,70.7449
2025,2,20,19,72.35276
2025,2,20,20,66.66667
2025,2,20,21,66.17677
2025,2,20,22,65.75688
2025,2,20,23,58.53455
2025,2,20,24,56.673
2025,2,21,1,49.82161
2025,2,21,2,46.88345
2025,2,21,3,46.22863
2025,2,21,4,46.56583
2025,2,21,5,47.36223
2025,2,21,6,54.93743
2025,2,21,7,65.82934
2025,2,21,8,49.95539
2025,2,21,9,24.07844
2025,2,21,10,16.57243
2025,2,21,11,12.8578
2025,2,21,12,8.49929
2025,2,21,13,6.11424
2025,2,21,14,5.75035
2025,2,21,15,6.738
2025,2,21,16,10.18352
2025,2,21,17,45.09955
2025,2,21,18,56.99785
2025,2,21,19,61.39701
2025,2,21,20,56.09522
2025,2,21,21,56.31961
2025,2,21,22,56.50064
2025,2,21,23,55.80469
2025,2,21,24,50.31087
2025,2,22,1,46.67429
2025,2,22,2,46.14805
2025,2,22,3,44.2481
2025,2,22,4,44.8118
2025,2,22,5,47.48347
2025,2,22,6,47.99917
2025,2,22,7,51.97105
2025,2,22,8,36.60264
2025,2,22,9,12.05701
2025,2,22,10,2.33966
2025,2,22,11,-0.19209
2025,2,22,12,-4.02172
2025,2,22,13,-6.99167
2025,2,22,14,-6.70936
2025,2,22,15,-6.83949
2025,2,22,16,0.89323
2025,2,22,17,24.39211
2025,2,22,18,54.00229
2025,2,22,19,56.57599
2025,2,22,20,52.01234
2025,2,22,21,49.75847
2025,2,22,22,49.95347
2025,2,22,23,49.68465
2025,2,22,24,45.20322
2025,2,23,1,37.05095
2025,2,23,2,36.95629
2025,2,23,3,36.94461
2025,2,23,4,36.93
2025,2,23,5,39.23323
2025,2,23,6,43.06994
2025,2,23,7,42.11559
2025,2,23,8,26.3562
2025,2,23,9,5.88617
2025,2,23,10,-1.56005
2025,2,23,11,-5.03438
2025,2,23,12,-8.00101
2025,2,23,13,-12.44968
2025,2,23,14,-14.02276
2025,2,23,15,-13.21401
2025,2,23,16,-4.86474
2025,2,23,17,12.80797
2025,2,23,18,42.54623
2025,2,23,19,43.46365
2025,2,23,20,41.77757
2025,2,23,21,41.44384
2025,2,23,22,41.30232
2025,2,23,23,40.18817
2025,2,23,24,38.15171
2025,2,24,1,41.30457
2025,2,24,2,42.30118
2025,2,24,3,42.05732
2025,2,24,4,45.07777
2025,2,24,5,48.03901
2025,2,24,6,48.25238
2025,2,24,7,52.90892
2025,2,24,8,39.98511
2025,2,24,9,16.25664
2025,2,24,10,12.7236
2025,2,24,11,7.30682
2025,2,24,12,3.58383
2025,2,24,13,-1.55614
2025,2,24,14,-3.34673
2025,2,24,15,-1.85997
2025,2,24,16,2.98125
2025,2,24,17,22.29764
2025,2,24,18,48.43504
2025,2,24,19,50.58773
2025,2,24,20,46.78639
2025,2,24,21,44.58968
2025,2,24,22,43.6415
2025,2,24,23,40.00764
2025,2,24,24,36.41788
2025,2,25,1,31.46096
2025,2,25,2,31.30217
2025,2,25,3,31.55902
2025,2,25,4,31.57514
2025,2,25,5,34.3044
2025,2,25,6,42.66146
2025,2,25,7,49.2501
2025,2,25,8,32.0401
2025,2,25,9,8.81153
2025,2,25,10,0.0
2025,2,25,11,-6.12467
2025,2,25,12,-6.71711
2025,2,25,13,-11.23169
2025,2,25,14,-14.21575
2025,2,25,15,-13.93637
2025,2,25,16,-7.69643
2025,2,25,17,10.67261
2025,2,25,18,44.94577
2025,2,25,19,46.37622
2025,2,25,20,44.08365
2025,2,25,21,43.77076
2025,2,25,22,43.33075
2025,2,25,23,43.22647
2025,2,25,24,41.74698
2025,2,26,1,43.02825
2025,2,26,2,43.02337
2025,2,26,3,42.72227
2025,2,26,4,43.30709
2025,2,26,5,47.62398
2025,2,26,6,51.81814
2025,2,26,7,57.40275
2025,2,26,8,44.29727
2025,2,26,9,15.63402
2025,2,26,10,12.6625
2025,2,26,11,7.78887
2025,2,26,12,5.36521
2025,2,26,13,2.49004
2025,2,26,14,2.81847
2025,2,26,15,5.42685
2025,2,26,16,13.7958
2025,2,26,17,37.13947
2025,2,26,18,58.0494
2025,2,26,19,61.53497
2025,2,26,20,55.79197
2025,2,26,21,52.94315
2025,2,26,22,51.59279
2025,2,26,23,49.60946
2025,2,26,24,48.22814
2025,2,27,1,45.85878
2025,2,27,2,45.49365
2025,2,27,3,45.33321
2025,2,27,4,45.3812
2025,2,27,5,47.11226
2025,2,27,6,52.88635
2025,2,27,7,58.49135
2025,2,27,8,43.84606
2025,2,27,9,16.71406
2025,2,27,10,11.79189
2025,2,27,11,8.04751
2025,2,27,12,5.08312
2025,2,27,13,2.21206
2025,2,27,14,2.58402
2025,2,27,15,3.72684
2025,2,27,16,12.75258
2025,2,27,17,41.27847
2025,2,27,18,56.56838
2025,2,27,19,61.97002
2025,2,27,20,55.91774
2025,2,27,21,55.7291
2025,2,27,22,55.5013
2025,2,27,23,49.75901
2025,2,28,24,44.61064
2025,3,1,1,49.17691
2025,3,1,2,47.11549
2025,3,1,3,44.81627
2025,3,1,4,40.58017
2025,3,1,5,39.11628
2025,3,1,6,46.70957
2025,3,1,7,48.70224
2025,3,1,8,33.24761
2025,3,1,9,10.4174
2025,3,1,10,0.81816
2025,3,1,11,-3.89236
2025,3,1,12,-5.89248
2025,3,1,13,-10.28217
2025,3,1,14,-11.43863
2025,3,1,15,-11.32901
2025,3,1,16,-5.42155
2025,3,1,17,20.93484
2025,3,1,18,46.44086
2025,3,1,19,48.63577
2025,3,1,20,45.58407
2025,3,1,21,44.63231
2025,3,1,22,44.98425
2025,3,1,23,43.67361
2025,3,1,24,42.32916
2025,3,2,1,41.15082
2025,3,2,2,40.85459
2025,3,2,3,40.91309
2025,3,2,4,38.50482
2025,3,2,5,38.88714
2025,3,2,6,46.30716
2025,3,2,7,46.71827
2025,3,2,8,25.1856
2025,3,2,9,11.09148
2025,3,2,10,6.67014
2025,3,2,11,3.45169
2025,3,2,12,1.30126
2025,3,2,13,-2.18808
2025,3,2,14,-3.09451
2025,3,2,15,-1.33851
2025,3,2,16,5.34768
2025,3,2,17,30.46025
2025,3,2,18,49.40305
2025,3,2,19,51.21053
2025,3,2,20,49.27859
2025,3,2,21,48.68521
2025,3,2,22,48.31737
2025,3,2,23,46.95599
2025,3,2,24,44.30988
2025,3,3,1,38.34763
2025,3,3,2,38.12059
2025,3,3,3,38.05871
2025,3,3,4,38.02371
2025,3,3,5,40.13412
2025,3,3,6,45.13103
2025,3,3,7,53.44193
2025,3,3,8,43.02195
2025,3,3,9,20.77833
2025,3,3,10,13.0768
2025,3,3,11,8.42405
2025,3,3,12,4.78532
2025,3,3,13,1.28056
2025,3,3,14,-0.19794
2025,3,3,15,2.46271
2025,3,3,16,11.71469
2025,3,3,17,31.36021
2025,3,3,18,51.70216
2025,3,3,19,52.82062
2025,3,3,20,51.20899
2025,3,3,21,51.04759
2025,3,3,22,50.85176
2025,3,3,23,49.49611
2025,3,3,24,47.04534
2025,3,4,1,45.2099
2025,3,4,2,45.12974
2025,3,4,3,44.22069
2025,3,4,4,45.55477
2025,3,4,5,47.02994
2025,3,4,6,57.5693
2025,3,4,7,63.62174
2025,3,4,8,46.08822
2025,3,4,9,20.01734
2025,3,4,10,15.57879
2025,3,4,11,13.01761
2025,3,4,12,9.36003
2025,3,4,13,5.79415
2025,3,4,14,3.92647
2025,3,4,15,4.68736
2025,3,4,16,8.0876
2025,3,4,17,34.2147
2025,3,4,18,57.6917
2025,3,4,19,58.72837
2025,3,4,20,57.86239
2025,3,4,21,57.32787
2025,3,4,22,56.74909
2025,3,4,23,54.73591
2025,3,4,24,52.83215
2025,3,5,1,60.65352
2025,3,5,2,58.30571
2025,3,5,3,58.49269
2025,3,5,4,59.615
2025,3,5,5,64.17348
2025,3,5,6,71.67318
2025,3,5,7,71.59612
2025,3,5,8,67.74201
2025,3,5,9,56.24877
2025,3,5,10,51.70354
2025,3,5,11,51.4574
2025,3,5,12,49.99545
2025,3,5,13,45.3284
2025,3,5,14,45.44131
2025,3,5,15,45.7563
2025,3,5,16,50.00641
2025,3,5,17,63.1624
2025,3,5,18,64.84523
2025,3,5,19,67.36619
2025,3,5,20,64.6484
2025,3,5,21,63.31389
2025,3,5,22,62.38065
2025,3,5,23,56.51384
2025,3,5,24,53.85282
2025,3,6,1,53.05281
2025,3,6,2,48.92209
2025,3,6,3,48.31032
2025,3,6,4,48.2606
2025,3,6,5,53.08082
2025,3,6,6,61.64916
2025,3,6,7,64.31872
2025,3,6,8,49.08176
2025,3,6,9,35.92925
2025,3,6,10,27.18236
2025,3,6,11,24.08594
2025,3,6,12,20.32112
2025,3,6,13,14.48721
2025,3,6,14,13.53781
2025,3,6,15,15.79551
2025,3,6,16,24.34898
2025,3,6,17,42.12708
2025,3,6,18,65.85077
2025,3,6,19,69.33829
2025,3,6,20,66.48727
2025,3,6,21,65.79684
2025,3,6,22,64.93176
2025,3,6,23,58.9811
2025,3,6,24,54.7898
2025,3,7,1,45.55488
2025,3,7,2,45.44892
2025,3,7,3,44.87075
2025,3,7,4,45.05865
2025,3,7,5,48.40468
2025,3,7,6,54.96282
2025,3,7,7,63.23777
2025,3,7,8,43.65518
2025,3,7,9,18.64402
2025,3,7,10,5.71123
2025,3,7,11,-0.40249
2025,3,7,12,-5.3117
2025,3,7,13,-8.95482
2025,3,7,14,-10.70205
2025,3,7,15,-9.8186
2025,3,7,16,-5.65244
2025,3,7,17,19.34619
2025,3,7,18,57.3367
2025,3,7,19,59.28187
2025,3,7,20,58.47879
2025,3,7,21,58.01527
2025,3,7,22,57.50477
2025,3,7,23,57.19486
2025,3,7,24,56.60912
2025,3,8,1,56.86424
2025,3,8,2,55.28198
2025,3,8,3,52.88121
2025,3,8,4,51.90657
2025,3,8,5,56.39527
2025,3,8,6,55.8074
2025,3,8,7,60.54211
2025,3,8,8,32.134
2025,3,8,9,-1.98885
2025,3,8,10,-9.92233
2025,3,8,11,-14.68832
2025,3,8,12,-18.68448
2025,3,8,13,-20.59969
2025,3,8,14,-20.90235
2025,3,8,15,-19.35865
2025,3,8,16,-12.89262
2025,3,8,17,10.89354
2025,3,8,18,57.20586
2025,3,8,19,60.26185
2025,3,8,20,59.27191
2025,3,8,21,58.39579
2025,3,8,22,57.97962
2025,3,8,23,56.78157
2025,3,8,24,55.30327
2025,3,9,1,63.05312
2025,3,9,2,62.64591
2025,3,9,4,56.71828
2025,3,9,5,57.9685
2025,3,9,6,59.40087
2025,3,9,7,65.48371
2025,3,9,8,57.43507
2025,3,9,9,1.67481
2025,3,9,10,-10.26689
2025,3,9,11,-14.22406
2025,3,9,12,-21.37828
2025,3,9,13,-21.1573
2025,3,9,14,-21.10463
2025,3,9,15,-21.15117
2025,3,9,16,-20.45044
2025,3,9,17,-16.42831
2025,3,9,18,0.2346
2025,3,9,19,50.05562
2025,3,9,20,58.14782
2025,3,9,21,59.08503
2025,3,9,22,57.10382
2025,3,9,23,56.83216
2025,3,9,24,56.20584
2025,3,10,1,56.77055
2025,3,10,2,51.91605
2025,3,10,3,54.96273
2025,3,10,4,53.08723
2025,3,10,5,56.18682
2025,3,10,6,63.11718
2025,3,10,7,74.85249
2025,3,10,8,71.67295
2025,3,10,9,41.72755
2025,3,10,10,16.03904
2025,3,10,11,9.79841
2025,3,10,12,7.98729
2025,3,10,13,2.07269
2025,3,10,14,0.65659
2025,3,10,15,-0.0553
2025,3,10,16,4.63275
2025,3,10,17,5.81727
2025,3,10,18,39.23026
2025,3,10,19,60.37335
2025,3,10,20,65.13187
2025,3,10,21,62.02316
2025,3,10,22,59.34724
2025,3,10,23,58.82772
2025,3,10,24,53.6674
2025,3,11,1,62.27736
2025,3,11,2,56.25296
2025,3,11,3,55.76647
2025,3,11,4,54.72288
2025,3,11,5,56.39285
2025,3,11,6,66.01128
2025,3,11,7,70.98901
2025,3,11,8,74.52455
2025,3,11,9,58.40243
2025,3,11,10,49.66791
2025,3,11,11,44.06759
2025,3,11,12,38.50724
2025,3,11,13,34.90578
2025,3,11,14,34.06667
2025,3,11,15,32.19286
2025,3,11,16,37.67408
2025,3,11,17,41.89255
2025,3,11,18,54.37039
2025,3,11,19,67.30392
2025,3,11,20,69.4963
2025,3,11,21,70.44092
2025,3,11,22,67.54045
2025,3,11,23,66.22224
2025,3,11,24,59.04447
2025,3,12,1,53.00595
2025,3,12,2,50.28187
2025,3,12,3,49.53633
2025,3,12,4,49.49072
2025,3,12,5,49.97973
2025,3,12,6,55.48466
2025,3,12,7,67.48101
2025,3,12,8,67.04455
2025,3,12,9,53.01564
2025,3,12,10,46.25057
2025,3,12,11,43.50733
2025,3,12,12,40.46844
2025,3,12,13,36.33535
2025,3,12,14,35.73389
2025,3,12,15,35.66963
2025,3,12,16,36.58777
2025,3,12,17,38.70501
2025,3,12,18,52.65521
2025,3,12,19,60.86176
2025,3,12,20,64.14584
2025,3,12,21,62.43589
2025,3,12,22,60.11368
2025,3,12,23,56.91743
2025,3,12,24,55.04493
2025,3,13,1,48.76054
2025,3,13,2,45.55903
2025,3,13,3,44.14814
2025,3,13,4,44.14256
2025,3,13,5,44.60199
2025,3,13,6,51.42237
2025,3,13,7,62.91553
2025,3,13,8,64.28364
2025,3,13,9,55.14988
2025,3,13,10,49.69359
2025,3,13,11,44.26116
2025,3,13,12,36.39037
2025,3,13,13,25.90014
2025,3,13,14,21.89475
2025,3,13,15,14.77406
2025,3,13,16,15.20469
2025,3,13,17,19.24624
2025,3,13,18,39.08276
2025,3,13,19,55.76535
2025,3,13,20,59.86372
2025,3,13,21,59.35723
2025,3,13,22,58.3895
2025,3,13,23,53.87998
2025,3,13,24,49.67795
2025,3,14,1,53.16931
2025,3,14,2,50.31619
2025,3,14,3,49.04836
2025,3,14,4,49.20176
2025,3,14,5,49.57265
2025,3,14,6,61.05563
2025,3,14,7,69.56867
2025,3,14,8,74.33759
2025,3,14,9,70.25203
2025,3,14,10,56.83565
2025,3,14,11,52.85661
2025,3,14,12,50.03469
2025,3,14,13,45.86546
2025,3,14,14,42.41874
2025,3,14,15,38.90311
2025,3,14,16,39.11908
2025,3,14,17,42.42203
2025,3,14,18,45.88954
2025,3,14,19,58.77616
2025,3,14,20,62.7307
2025,3,14,21,60.73733
2025,3,14,22,58.44317
2025,3,14,23,52.0095
2025,3,14,24,50.29532
2025,3,15,1,46.05216
2025,3,15,2,43.75746
2025,3,15,3,39.94595
2025,3,15,4,38.67934
2025,3,15,5,39.79405
2025,3,15,6,45.20989
2025,3,15,7,52.80413
2025,3,15,8,44.37317
2025,3,15,9,8.72444
2025,3,15,10,-2.73928
2025,3,15,11,-15.63848
2025,3,15,12,-24.138
2025,3,15,13,-26.80826
2025,3,15,14,-30.28076
2025,3,15,15,-28.34646
2025,3,15,16,-26.11077
2025,3,15,17,-17.89349
2025,3,15,18,5.92762
2025,3,15,19,42.1244
2025,3,15,20,50.68452
2025,3,15,21,51.01989
2025,3,15,22,50.09418
2025,3,15,23,49.37183
2025,3,15,24,48.09955
2025,3,16,1,48.99951
2025,3,16,2,47.85062
2025,3,16,3,44.99339
2025,3,16,4,46.01489
2025,3,16,5,44.54265
2025,3,16,6,48.90415
2025,3,16,7,53.28155
2025,3,16,8,48.46771
2025,3,16,9,13.16675
2025,3,16,10,1.64245
2025,3,16,11,-5.50803
2025,3,16,12,-8.67035
2025,3,16,13,-13.85877
2025,3,16,14,-16.2651
2025,3,16,15,-15.3859
2025,3,16,16,-11.96007
2025,3,16,17,-0.81002
2025,3,16,18,25.97579
2025,3,16,19,48.42105
2025,3,16,20,50.39372
2025,3,16,21,49.74271
2025,3,16,22,48.09478
2025,3,16,23,47.69988
2025,3,16,24,41.95254
2025,3,17,1,56.56016
2025,3,17,2,47.38837
2025,3,17,3,47.07333
2025,3,17,4,47.09644
2025,3,17,5,48.59813
2025,3,17,6,60.84582
2025,3,17,7,66.05143
2025,3,17,8,67.0254
2025,3,17,9,51.47518
2025,3,17,10,34.08695
2025,3,17,11,26.26781
2025,3,17,12,21.66629
2025,3,17,13,16.7709
2025,3,17,14,12.40977
2025,3,17,15,10.259
2025,3,17,16,9.43135
2025,3,17,17,12.42689
2025,3,17,18,28.8994
2025,3,17,19,47.9064
2025,3,17,20,52.83458
2025,3,17,21,52.69351
2025,3,17,22,49.3305
2025,3,17,23,47.22917
2025,3,17,24,45.00589
2025,3,18,1,41.57292
2025,3,18,2,43.40157
2025,3,18,3,40.74458
2025,3,18,4,41.10461
2025,3,18,5,44.98277
2025,3,18,6,50.43606
2025,3,18,7,63.10709
2025,3,18,8,59.9202
2025,3,18,9,22.52405
2025,3,18,10,5.38856
2025,3,18,11,-3.15758
2025,3,18,12,-5.29714
2025,3,18,13,-9.43216
2025,3,18,14,-14.21145
2025,3,18,15,-14.51735
2025,3,18,16,-11.22942
2025,3,18,17,-6.57443
2025,3,18,18,9.35017
2025,3,18,19,46.40681
2025,3,18,20,57.9259
2025,3,18,21,53.46189
2025,3,18,22,51.35095
2025,3,18,23,49.93058
2025,3,18,24,48.43765
2025,3,19,1,45.95495
2025,3,19,2,45.49685
2025,3,19,3,45.81901
2025,3,19,4,47.16255
2025,3,19,5,51.53214
2025,3,19,6,61.63961
2025,3,19,7,74.97105
2025,3,19,8,68.3065
2025,3,19,9,34.58532
2025,3,19,10,16.85688
2025,3,19,11,7.56957
2025,3,19,12,3.06014
2025,3,19,13,-0.70808
2025,3,19,14,-2.82442
2025,3,19,15,-4.11128
2025,3,19,16,-1.99891
2025,3,19,17,2.32596
2025,3,19,18,23.59225
2025,3,19,19,59.82479
2025,3,19,20,63.08549
2025,3,19,21,61.57384
2025,3,19,22,59.26549
2025,3,19,23,57.43374
2025,3,19,24,54.61629
2025,3,20,1,48.0047
2025,3,20,2,43.95293
2025,3,20,3,41.64684
2025,3,20,4,41.66321
2025,3,20,5,44.12739
2025,3,20,6,54.06419
2025,3,20,7,64.53283
2025,3,20,8,58.92112
2025,3,20,9,27.16388
2025,3,20,10,9.69588
2025,3,20,11,-0.80484
2025,3,20,12,-8.34278
2025,3,20,13,-14.20637
2025,3,20,14,-15.91441
2025,3,20,15,-19.43422
2025,3,20,16,-16.02655
2025,3,20,17,-13.85921
2025,3,20,18,6.36014
2025,3,20,19,48.54218
2025,3,20,20,54.85391
2025,3,20,21,52.19803
2025,3,20,22,47.74443
2025,3,20,23,46.38586
2025,3,20,24,45.00641
2025,3,21,1,36.0617
2025,3,21,2,35.64852
2025,3,21,3,35.62
2025,3,21,4,35.48321
2025,3,21,5,37.15072
2025,3,21,6,45.18414
2025,3,21,7,62.96255
2025,3,21,8,61.99876
2025,3,21,9,36.85497
2025,3,21,10,15.079
2025,3,21,11,2.67925
2025,3,21,12,-7.09989
2025,3,21,13,-11.289
2025,3,21,14,-14.31816
2025,3,21,15,-16.19047
2025,3,21,16,-15.74578
2025,3,21,17,-9.94847
2025,3,21,18,5.73191
2025,3,21,19,43.84551
2025,3,21,20,46.88828
2025,3,21,21,44.6419
2025,3,21,22,42.09378
2025,3,21,23,39.84899
2025,3,21,24,38.97962
2025,3,22,1,34.44166
2025,3,22,2,33.47373
2025,3,22,3,31.7698
2025,3,22,4,36.43984
2025,3,22,5,36.99789
2025,3,22,6,37.84287
2025,3,22,7,44.99707
2025,3,22,8,41.24873
2025,3,22,9,10.60857
2025,3,22,10,-5.16319
2025,3,22,11,-15.85643
2025,3,22,12,-25.52529
2025,3,22,13,-30.85856
2025,3,22,14,-32.14149
2025,3,22,15,-33.15633
2025,3,22,16,-29.81907
2025,3,22,17,-24.43227
2025,3,22,18,-1.10507
2025,3,22,19,36.47254
2025,3,22,20,40.14931
2025,3,22,21,38.08967
2025,3,22,22,37.17306
2025,3,22,23,36.1881
2025,3,22,24,35.25132
2025,3,23,1,36.14116
2025,3,23,2,36.16823
2025,3,23,3,36.0749
2025,3,23,4,36.20006
2025,3,23,5,38.72476
2025,3,23,6,40.09835
2025,3,23,7,47.55997
2025,3,23,8,36.53826
2025,3,23,9,0.0
2025,3,23,10,-11.47053
2025,3,23,11,-29.76119
2025,3,23,12,-32.15282
2025,3,23,13,-34.3512
2025,3,23,14,-35.62637
2025,3,23,15,-36.49567
2025,3,23,16,-32.40966
2025,3,23,17,-29.48723
2025,3,23,18,-4.59663
2025,3,23,19,47.80567
2025,3,23,20,53.15532
2025,3,23,21,51.07733
2025,3,23,22,49.65581
2025,3,23,23,48.80552
2025,3,23,24,47.90787
2025,3,24,1,38.71137
2025,3,24,2,38.4626
2025,3,24,3,38.01867
2025,3,24,4,38.08673
2025,3,24,5,38.62164
2025,3,24,6,47.77577
2025,3,24,7,56.60811
2025,3,24,8,52.22545
2025,3,24,9,22.01912
2025,3,24,10,5.6272
2025,3,24,11,-0.96017
2025,3,24,12,-5.83187
2025,3,24,13,-9.69161
2025,3,24,14,-8.52197
2025,3,24,15,-6.7484
2025,3,24,16,-0.92811
2025,3,24,17,6.74944
2025,3,24,18,32.45581
2025,3,24,19,55.66776
2025,3,24,20,64.04063
2025,3,24,21,58.26755
2025,3,24,22,52.36257
2025,3,24,23,51.10819
2025,3,24,24,43.49989
2025,3,25,1,42.77517
2025,3,25,2,41.73623
2025,3,25,3,38.63614
2025,3,25,4,36.51025
2025,3,25,5,36.78584
2025,3,25,6,46.58301
2025,3,25,7,54.42166
2025,3,25,8,46.97379
2025,3,25,9,22.43985
2025,3,25,10,8.33022
2025,3,25,11,4.50473
2025,3,25,12,2.94354
2025,3,25,13,1.33009
2025,3,25,14,3.66838
2025,3,25,15,6.90518
2025,3,25,16,9.54768
2025,3,25,17,19.90177
2025,3,25,18,42.97476
2025,3,25,19,58.67064
2025,3,25,20,63.38065
2025,3,25,21,53.69059
2025,3,25,22,46.87115
2025,3,25,23,41.80852
2025,3,25,24,39.90939
2025,3,26,1,31.7492
2025,3,26,2,31.62222
2025,3,26,3,31.51261
2025,3,26,4,31.45313
2025,3,26,5,31.98813
2025,3,26,6,36.78403
2025,3,26,7,46.82304
2025,3,26,8,43.64375
2025,3,26,9,22.805
2025,3,26,10,2.82234
2025,3,26,11,-1.66967
2025,3,26,12,-6.00442
2025,3,26,13,-7.69514
2025,3,26,14,-8.85707
2025,3,26,15,-10.39769
2025,3,26,16,-7.5284
2025,3,26,17,-1.27044
2025,3,26,18,13.24363
2025,3,26,19,37.26937
2025,3,26,20,41.0829
2025,3,26,21,38.89823
2025,3,26,22,35.29417
2025,3,26,23,30.83882
2025,3,26,24,29.63277
2025,3,27,1,22.12268
2025,3,27,2,21.0482
2025,3,27,3,20.85802
2025,3,27,4,20.70086
2025,3,27,5,20.94022
2025,3,27,6,24.5496
2025,3,27,7,36.01935
2025,3,27,8,31.68239
2025,3,27,9,17.08882
2025,3,27,10,3.93856
2025,3,27,11,-2.22281
2025,3,27,12,-7.46267
2025,3,27,13,-10.50712
2025,3,27,14,-12.43097
2025,3,27,15,-11.39765
2025,3,27,16,-10.67589
2025,3,27,17,-7.97812
2025,3,27,18,4.05181
2025,3,27,19,25.8585
2025,3,27,20,28.50297
2025,3,27,21,27.59075
2025,3,27,22,26.14917
2025,3,27,23,24.85999
2025,3,27,24,24.07733
2025,3,28,1,16.74892
2025,3,28,2,15.41782
2025,3,28,3,14.51157
2025,3,28,4,14.83185
2025,3,28,5,14.77573
2025,3,28,6,18.62327
2025,3,28,7,28.53917
2025,3,28,8,28.11487
2025,3,28,9,19.03384
2025,3,28,10,3.71197
2025,3,28,11,-2.07915
2025,3,28,12,-9.3064
2025,3,28,13,-13.62417
2025,3,28,14,-15.63373
2025,3,28,15,-17.16584
2025,3,28,16,-15.51199
2025,3,28,17,-13.04593
2025,3,28,18,-0.52086
2025,3,28,19,19.83209
2025,3,28,20,22.50445
2025,3,28,21,22.43391
2025,3,28,22,20.78278
2025,3,28,23,19.75155
2025,3,28,24,18.52806
2025,3,29,1,16.80202
2025,3,29,2,15.49683
2025,3,29,3,13.86954
2025,3,29,4,13.64821
2025,3,29,5,13.66491
2025,3,29,6,13.82537
2025,3,29,7,20.0886
2025,3,29,8,12.57707
2025,3,29,9,-5.21058
2025,3,29,10,-16.34569
2025,3,29,11,-28.69788
2025,3,29,12,-32.37448
2025,3,29,13,-35.56542
2025,3,29,14,-36.66738
2025,3,29,15,-36.43291
2025,3,29,16,-33.3616
2025,3,29,17,-27.83453
2025,3,29,18,-10.26947
2025,3,29,19,19.54495
2025,3,29,20,20.15504
2025,3,29,21,20.09274
2025,3,29,22,19.94984
2025,3,29,23,19.74588
2025,3,29,24,19.18624
2025,3,30,1,26.05524
2025,3,30,2,25.4427
2025,3,30,3,24.70972
2025,3,30,4,22.09456
2025,3,30,5,21.4152
2025,3,30,6,21.93211
2025,3,30,7,25.34211
2025,3,30,8,17.78105
2025,3,30,9,2.54112
2025,3,30,10,-6.79575
2025,3,30,11,-13.1366
2025,3,30,12,-14.02071
2025,3,30,13,-17.19708
2025,3,30,14,-20.64574
2025,3,30,15,-20.98029
2025,3,30,16,-20.03789
2025,3,30,17,-16.65929
2025,3,30,18,-2.97496
2025,3,30,19,22.87052
2025,3,30,20,25.88796
2025,3,30,21,25.84514
2025,3,30,22,23.41561
2025,3,30,23,22.3003
2025,3,30,24,21.51
2025,4,1,1,25.44473
2025,4,1,2,24.89866
2025,4,1,3,25.33164
2025,4,1,4,25.87216
2025,4,1,5,26.09896
2025,4,1,6,29.40165
2025,4,1,7,36.13192
2025,4,1,8,35.99423
2025,4,1,9,20.57276
2025,4,1,10,9.55567
2025,4,1,11,2.09415
2025,4,1,12,-1.95044
2025,4,1,13,-2.89345
2025,4,1,14,-4.95581
2025,4,1,15,-5.56616
2025,4,1,16,-5.77458
2025,4,1,17,-1.34447
2025,4,1,18,7.26972
2025,4,1,19,30.68853
2025,4,1,20,33.17166
2025,4,1,21,33.49146
2025,4,1,22,31.15889
2025,4,1,23,30.15702
2025,4,1,24,28.92451
2025,4,2,1,38.43909
2025,4,2,2,38.24779
2025,4,2,3,35.78219
2025,4,2,4,35.44663
2025,4,2,5,35.45436
2025,4,2,6,39.21835
2025,4,2,7,44.35907
2025,4,2,8,41.55881
2025,4,2,9,21.92039
2025,4,2,10,9.05154
2025,4,2,11,-1.02655
2025,4,2,12,-6.44111
2025,4,2,13,-7.36507
2025,4,2,14,-10.67032
2025,4,2,15,-14.20817
2025,4,2,16,-11.65417
2025,4,2,17,-6.49195
2025,4,2,18,8.1502
2025,4,2,19,40.58772
2025,4,2,20,44.41149
2025,4,2,21,44.2581
2025,4,2,22,41.89437
2025,4,2,23,39.37173
2025,4,2,24,39.61736
2025,4,3,1,36.15065
2025,4,3,2,33.8464
2025,4,3,3,33.7259
2025,4,3,4,33.55031
2025,4,3,5,34.09224
2025,4,3,6,36.21649
2025,4,3,7,51.51966
2025,4,3,8,44.245
2025,4,3,9,17.8336
2025,4,3,10,7.59695
2025,4,3,11,0.38836
2025,4,3,12,-3.04455
2025,4,3,13,-4.08975
2025,4,3,14,-6.30683
2025,4,3,15,-6.7595
2025,4,3,16,-6.01589
2025,4,3,17,-3.91977
2025,4,3,18,11.92614
2025,4,3,19,40.85175
2025,4,3,20,45.14787
2025,4,3,21,45.57902
2025,4,3,22,44.02165
2025,4,3,23,39.79248
2025,4,3,24,38.50802
2025,4,4,1,42.3843
2025,4,4,2,41.18379
2025,4,4,3,41.15919
2025,4,4,4,40.76641
2025,4,4,5,41.11937
2025,4,4,6,47.33617
2025,4,4,7,60.9246
2025,4,4,8,50.83202
2025,4,4,9,18.69779
2025,4,4,10,5.98776
2025,4,4,11,-2.50634
2025,4,4,12,-5.61969
2025,4,4,13,-6.61805
2025,4,4,14,-6.88429
2025,4,4,15,-6.77256
2025,4,4,16,-6.62516
2025,4,4,17,-3.99389
2025,4,4,18,4.57035
2025,4,4,19,44.54326
2025,4,4,20,46.42679
2025,4,4,21,45.2781
2025,4,4,22,44.53851
2025,4,4,23,44.21802
2025,4,4,24,43.40176
2025,4,5,1,49.37001
2025,4,5,2,45.44536
2025,4,5,3,45.00822
2025,4,5,4,43.3031
2025,4,5,5,43.51256
2025,4,5,6,43.80854
2025,4,5,7,51.9099
2025,4,5,8,35.21165
2025,4,5,9,2.60263
2025,4,5,10,-4.10826
2025,4,5,11,-14.55
2025,4,5,12,-15.38841
2025,4,5,13,-17.40513
2025,4,5,14,-19.59738
2025,4,5,15,-19.57228
2025,4,5,16,-17.05488
2025,4,5,17,-15.215
2025,4,5,18,-2.12206
2025,4,5,19,41.97979
2025,4,5,20,44.56445
2025,4,5,21,44.13638
2025,4,5,22,43.42506
2025,4,5,23,42.64151
2025,4,5,24,42.25584
2025,4,6,1,38.36464
2025,4,6,2,38.28434
2025,4,6,3,38.42958
2025,4,6,4,39.30556
2025,4,6,5,38.6926
2025,4,6,6,40.47354
2025,4,6,7,47.20986
2025,4,6,8,30.72826
2025,4,6,9,-0.52866
2025,4,6,10,-7.47103
2025,4,6,11,-14.29237
2025,4,6,12,-14.68877
2025,4,6,13,-14.5096
2025,4,6,14,-14.58415
2025,4,6,15,-15.45851
2025,4,6,16,-14.25584
2025,4,6,17,-12.78536
2025,4,6,18,2.67789
2025,4,6,19,41.35542
2025,4,6,20,46.24941
2025,4,6,21,44.55047
2025,4,6,22,41.75755
2025,4,6,23,39.50837
2025,4,6,24,37.92564
2025,4,7,1,31.82657
2025,4,7,2,31.78928
2025,4,7,3,31.6457
2025,4,7,4,31.62628
2025,4,7,5,34.22648
2025,4,7,6,35.70413
2025,4,7,7,46.76085
2025,4,7,8,37.18734
2025,4,7,9,12.10037
2025,4,7,10,8.12193
2025,4,7,11,5.33777
2025,4,7,12,4.05924
2025,4,7,13,0.60539
2025,4,7,14,-2.4932
2025,4,7,15,-3.65227
2025,4,7,16,-3.97934
2025,4,7,17,-1.06227
2025,4,7,18,8.27483
2025,4,7,19,37.57927
2025,4,7,20,47.57613
2025,4,7,21,41.4372
2025,4,7,22,36.60329
2025,4,7,23,35.70995
2025,4,7,24,34.01766
2025,4,8,1,35.80221
2025,4,8,2,35.04673
2025,4,8,3,34.73969
2025,4,8,4,34.44249
2025,4,8,5,34.90043
2025,4,8,6,38.43669
2025,4,8,7,45.3185
2025,4,8,8,38.97694
2025,4,8,9,11.79509
2025,4,8,10,1.81502
2025,4,8,11,-4.87515
2025,4,8,12,-8.99734
2025,4,8,13,-9.73069
2025,4,8,14,-10.89592
2025,4,8,15,-11.28022
2025,4,8,16,-11.3862
2025,4,8,17,-8.88937
2025,4,8,18,6.01175
2025,4,8,19,39.44478
2025,4,8,20,49.75209
2025,4,8,21,43.09659
2025,4,8,22,38.9801
2025,4,8,23,37.75291
2025,4,8,24,36.56979
2025,4,9,1,35.64623
2025,4,9,2,34.72237
2025,4,9,3,34.25613
2025,4,9,4,34.70455
2025,4,9,5,34.74408
2025,4,9,6,41.47663
2025,4,9,7,53.00646
2025,4,9,8,39.44848
2025,4,9,9,12.19178
2025,4,9,10,5.92019
2025,4,9,11,-1.01804
2025,4,9,12,-4.89503
2025,4,9,13,-5.32869
2025,4,9,14,-5.59059
2025,4,9,15,-5.6048
2025,4,9,16,-4.61882
2025,4,9,17,1.53661
2025,4,9,18,21.38027
2025,4,9,19,50.83065
2025,4,9,20,56.09681
2025,4,9,21,51.51642
2025,4,9,22,49.64366
2025,4,9,23,47.55858
2025,4,9,24,44.31486
2025,4,10,1,43.17463
2025,4,10,2,42.53287
2025,4,10,3,38.68259
2025,4,10,4,37.82266
2025,4,10,5,38.82258
2025,4,10,6,42.43393
2025,4,10,7,50.38144
2025,4,10,8,35.54894
2025,4,10,9,12.8913
2025,4,10,10,6.10634
2025,4,10,11,2.09029
2025,4,10,12,0.2605
2025,4,10,13,0.25883
2025,4,10,14,0.07768
2025,4,10,15,1.33616
2025,4,10,16,2.38331
2025,4,10,17,7.10467
2025,4,10,18,26.04802
2025,4,10,19,45.62129
2025,4,10,20,49.00644
2025,4,10,21,46.44907
2025,4,10,22,43.52332
2025,4,10,23,42.84973
2025,4,10,24,39.61845
2025,4,11,1,30.33156
2025,4,11,2,30.57517
2025,4,11,3,29.73138
2025,4,11,4,29.66406
2025,4,11,5,30.18004
2025,4,11,6,35.57005
2025,4,11,7,49.83294
2025,4,11,8,34.73821
2025,4,11,9,13.48573
2025,4,11,10,9.13417
2025,4,11,11,4.90692
2025,4,11,12,1.97188
2025,4,11,13,1.16713
2025,4,11,14,1.20056
2025,4,11,15,1.31901
2025,4,11,16,2.48675
2025,4,11,17,6.37441
2025,4,11,18,20.6711
2025,4,11,19,40.56678
2025,4,11,20,43.3649
2025,4,11,21,41.54868
2025,4,11,22,39.56545
2025,4,11,23,38.28244
2025,4,11,24,37.28799
2025,4,12,1,31.01996
2025,4,12,2,28.60992
2025,4,12,3,24.93788
2025,4,12,4,23.84329
2025,4,12,5,24.24455
2025,4,12,6,24.21312
2025,4,12,7,26.45253
2025,4,12,8,13.77299
2025,4,12,9,0.01007
2025,4,12,10,-5.74681
2025,4,12,11,-8.34115
2025,4,12,12,-9.9544
2025,4,12,13,-10.66264
2025,4,12,14,-10.56
2025,4,12,15,-9.40635
2025,4,12,16,-8.18636
2025,4,12,17,-6.42663
2025,4,12,18,1.90576
2025,4,12,19,35.6221
2025,4,12,20,38.82473
2025,4,12,21,38.07079
2025,4,12,22,37.73991
2025,4,12,23,36.15485
2025,4,12,24,35.58235
2025,4,13,1,38.11922
2025,4,13,2,36.50976
2025,4,13,3,31.44324
2025,4,13,4,31.03344
2025,4,13,5,30.82246
2025,4,13,6,35.66524
2025,4,13,7,37.2425
2025,4,13,8,15.57492
2025,4,13,9,0.24582
2025,4,13,10,-6.85844
2025,4,13,11,-10.02065
2025,4,13,12,-10.32142
2025,4,13,13,-10.49686
2025,4,13,14,-11.04177
2025,4,13,15,-10.27855
2025,4,13,16,-10.15311
2025,4,13,17,-6.16652
2025,4,13,18,5.65957
2025,4,13,19,42.42481
2025,4,13,20,45.84844
2025,4,13,21,46.08386
2025,4,13,22,42.48264
2025,4,13,23,41.72231
2025,4,13,24,40.52906
2025,4,14,1,41.19179
2025,4,14,2,39.95025
2025,4,14,3,39.88177
2025,4,14,4,39.75226
2025,4,14,5,39.96315
2025,4,14,6,47.79977
2025,4,14,7,54.85409
2025,4,14,8,45.20165
2025,4,14,9,25.82099
2025,4,14,10,21.41831
2025,4,14,11,14.96558
2025,4,14,12,12.87345
2025,4,14,13,12.72198
2025,4,14,14,11.14289
2025,4,14,15,14.31698
2025,4,14,16,16.72489
2025,4,14,17,23.65121
2025,4,14,18,38.3509
2025,4,14,19,51.51614
2025,4,14,20,60.03709
2025,4,14,21,51.18886
2025,4,14,22,46.00286
2025,4,14,23,44.19373
2025,4,14,24,42.63524
2025,4,15,1,39.57864
2025,4,15,2,38.0748
2025,4,15,3,37.86446
2025,4,15,4,37.59933
2025,4,15,5,38.1104
2025,4,15,6,42.60743
2025,4,15,7,50.32846
2025,4,15,8,41.31988
2025,4,15,9,21.69237
2025,4,15,10,17.56337
2025,4,15,11,13.13825
2025,4,15,12,10.38375
2025,4,15,13,9.66318
2025,4,15,14,9.90907
2025,4,15,15,9.87836
2025,4,15,16,10.10816
2025,4,15,17,12.674
2025,4,15,18,26.9273
2025,4,15,19,45.01633
2025,4,15,20,48.74927
2025,4,15,21,44.34852
2025,4,15,22,42.86473
2025,4,15,23,41.81347
2025,4,15,24,40.60478
2025,4,16,1,34.54361
2025,4,16,2,35.58719
2025,4,16,3,35.04335
2025,4,16,4,34.26256
2025,4,16,5,34.69266
2025,4,16,6,35.97108
2025,4,16,7,42.54878
2025,4,16,8,30.95784
2025,4,16,9,20.1796
2025,4,16,10,15.93483
2025,4,16,11,7.51213
2025,4,16,12,3.85103
2025,4,16,13,1.81495
2025,4,16,14,-0.44702
2025,4,16,15,-1.25792
2025,4,16,16,-0.88178
2025,4,16,17,4.1493
2025,4,16,18,9.1087
2025,4,16,19,37.36074
2025,4,16,20,39.66593
2025,4,16,21,38.06034
2025,4,16,22,37.21447
2025,4,16,23,36.15637
2025,4,16,24,35.35521
2025,4,17,1,30.33981
2025,4,17,2,30.53428
2025,4,17,3,29.8218
2025,4,17,4,29.81076
2025,4,17,5,30.08708
2025,4,17,6,34.10704
2025,4,17,7,39.10075
2025,4,17,8,30.82904
2025,4,17,9,18.53856
2025,4,17,10,14.40634
2025,4,17,11,8.83386
2025,4,17,12,5.63923
2025,4,17,13,2.44778
2025,4,17,14,1.72942
2025,4,17,15,0.96032
2025,4,17,16,1.60398
2025,4,17,17,1.19704
2025,4,17,18,7.3075
2025,4,17,19,34.47464
2025,4,17,20,40.05305
2025,4,17,21,37.05171
2025,4,17,22,36.29089
2025,4,17,23,33.41567
2025,4,17,24,32.41536
2025,4,18,1,34.40849
2025,4,18,2,32.41803
2025,4,18,3,31.01952
2025,4,18,4,30.57403
2025,4,18,5,30.52454
2025,4,18,6,34.76019
2025,4,18,7,39.77325
2025,4,18,8,29.27095
2025,4,18,9,13.26848
2025,4,18,10,5.1928
2025,4,18,11,-1.29858
2025,4,18,12,-3.71198
2025,4,18,13,-5.74651
2025,4,18,14,-6.79399
2025,4,18,15,-7.28441
2025,4,18,16,-6.3697
2025,4,18,17,-5.78145
2025,4,18,18,0.00465
2025,4,18,19,31.84855
2025,4,18,20,37.02028
2025,4,18,21,37.36238
2025,4,18,22,36.64954
2025,4,18,23,35.92657
2025,4,18,24,35.45035
2025,4,19,1,35.26971
2025,4,19,2,34.37111
2025,4,19,3,32.21029
2025,4,19,4,32.45828
2025,4,19,5,34.18347
2025,4,19,6,35.68782
2025,4,19,7,38.30128
2025,4,19,8,14.90552
2025,4,19,9,-3.32732
2025,4,19,10,-10.45528
2025,4,19,11,-16.18684
2025,4,19,12,-21.63351
2025,4,19,13,-22.48163
2025,4,19,14,-24.16728
2025,4,19,15,-23.22754
2025,4,19,16,-22.10002
2025,4,19,17,-18.33102
2025,4,19,18,-4.10081
2025,4,19,19,20.0
2025,4,19,20,32.76397
2025,4,19,21,32.63967
2025,4,19,22,32.41188
2025,4,19,23,32.03845
2025,4,19,24,30.19769
2025,4,20,1,33.30717
2025,4,20,2,32.05128
2025,4,20,3,30.77237
2025,4,20,4,30.26596
2025,4,20,5,30.89886
2025,4,20,6,33.54842
2025,4,20,7,33.83566
2025,4,20,8,10.72386
2025,4,20,9,-5.96064
2025,4,20,10,-12.72408
2025,4,20,11,-18.34501
2025,4,20,12,-23.08496
2025,4,20,13,-23.7222
2025,4,20,14,-24.52883
2025,4,20,15,-24.44368
2025,4,20,16,-23.10761
2025,4,20,17,-18.18139
2025,4,20,18,-2.87657
2025,4,20,19,31.3128
2025,4,20,20,40.2614
2025,4,20,21,43.76783
2025,4,20,22,36.18305
2025,4,20,23,33.96485
2025,4,20,24,32.90349
2025,4,21,1,30.96939
2025,4,21,2,31.03402
2025,4,21,3,30.81348
2025,4,21,4,30.85651
2025,4,21,5,31.44139
2025,4,21,6,37.32521
2025,4,21,7,45.24887
2025,4,21,8,30.45685
2025,4,21,9,7.10029
2025,4,21,10,1.97923
2025,4,21,11,0.49948
2025,4,21,12,-1.35311
2025,4,21,13,-1.60653
2025,4,21,14,-1.9079
2025,4,21,15,-1.73547
2025,4,21,16,-2.55953
2025,4,21,17,-0.83209
2025,4,21,18,10.10083
2025,4,21,19,39.62582
2025,4,21,20,50.58469
2025,4,21,21,48.44783
2025,4,21,22,43.42668
2025,4,21,23,39.92948
2025,4,21,24,38.41362
2025,4,22,1,47.57599
2025,4,22,2,40.66142
2025,4,22,3,40.26846
2025,4,22,4,40.00738
2025,4,22,5,40.73735
2025,4,22,6,47.77434
2025,4,22,7,50.16565
2025,4,22,8,25.79646
2025,4,22,9,8.46011
2025,4,22,10,2.96925
2025,4,22,11,0.19722
2025,4,22,12,0.46455
2025,4,22,13,-0.35398
2025,4,22,14,-1.32324
2025,4,22,15,-0.85655
2025,4,22,16,-0.62663
2025,4,22,17,0.1292
2025,4,22,18,10.91119
2025,4,22,19,45.59488
2025,4,22,20,52.38449
2025,4,22,21,49.1115
2025,4,22,22,46.65673
2025,4,22,23,45.75457
2025,4,22,24,44.47423
2025,4,23,1,46.60315
2025,4,23,2,44.94147
2025,4,23,3,42.20712
2025,4,23,4,41.93246
2025,4,23,5,42.62027
2025,4,23,6,48.6692
2025,4,23,7,52.34498
2025,4,23,8,32.5716
2025,4,23,9,9.92395
2025,4,23,10,5.54958
2025,4,23,11,-1.64251
2025,4,23,12,-3.46188
2025,4,23,13,-4.43661
2025,4,23,14,-5.23242
2025,4,23,15,-5.17421
2025,4,23,16,-4.21579
2025,4,23,17,-3.6825
2025,4,23,18,5.65255
2025,4,23,19,45.17362
2025,4,23,20,51.26102
2025,4,23,21,51.16449
2025,4,23,22,46.13492
2025,4,23,23,44.60106
2025,4,23,24,43.8717
2025,4,24,1,40.53633
2025,4,24,2,39.93769
2025,4,24,3,37.08358
2025,4,24,4,36.89133
2025,4,24,5,37.46435
2025,4,24,6,42.75869
2025,4,24,7,47.53354
2025,4,24,8,29.3954
2025,4,24,9,11.76391
2025,4,24,10,7.13358
2025,4,24,11,3.77816
2025,4,24,12,2.15395
2025,4,24,13,0.87215
2025,4,24,14,0.944
2025,4,24,15,0.97028
2025,4,24,16,1.67816
2025,4,24,17,4.13354
2025,4,24,18,13.97771
2025,4,24,19,44.7593
2025,4,24,20,47.60426
2025,4,24,21,47.25901
2025,4,24,22,45.62354
2025,4,24,23,44.1473
2025,4,24,24,42.99497
2025,4,25,1,37.67882
2025,4,25,2,39.40834
2025,4,25,3,36.44485
2025,4,25,4,36.15058
2025,4,25,5,36.45866
2025,4,25,6,39.45645
2025,4,25,7,44.38308
2025,4,25,8,31.36473
2025,4,25,9,14.37397
2025,4,25,10,8.96415
2025,4,25,11,3.46713
2025,4,25,12,1.73193
2025,4,25,13,0.95306
2025,4,25,14,-0.03509
2025,4,25,15,-0.63668
2025,4,25,16,-0.39797
2025,4,25,17,2.42132
2025,4,25,18,5.57784
2025,4,25,19,40.70832
2025,4,25,20,43.46048
2025,4,25,21,43.59442
2025,4,25,22,42.2417
2025,4,25,23,41.16084
2025,4,25,24,40.29471
2025,4,26,1,39.19765
2025,4,26,2,40.14485
2025,4,26,3,34.68483
2025,4,26,4,34.33595
2025,4,26,5,34.43491
2025,4,26,6,36.09158
2025,4,26,7,42.08149
2025,4,26,8,25.64772
2025,4,26,9,15.55983
2025,4,26,10,14.90955
2025,4,26,11,11.39997
2025,4,26,12,7.13826
2025,4,26,13,4.59564
2025,4,26,14,3.92417
2025,4,26,15,2.39603
2025,4,26,16,5.56839
2025,4,26,17,10.4714
2025,4,26,18,16.80992
2025,4,26,19,38.30329
2025,4,26,20,41.17838
2025,4,26,21,41.05762
2025,4,26,22,40.04415
2025,4,26,23,39.65336
2025,4,26,24,38.90424
2025,4,27,1,34.4585
2025,4,27,2,34.22135
2025,4,27,3,33.70539
2025,4,27,4,33.89089
2025,4,27,5,33.12724
2025,4,27,6,34.55691
2025,4,27,7,32.03417
2025,4,27,8,14.19241
2025,4,27,9,4.68292
2025,4,27,10,-0.39727
2025,4,27,11,-1.84296
2025,4,27,12,-7.12968
2025,4,27,13,-10.2089
2025,4,27,14,-10.21837
2025,4,27,15,-10.9522
2025,4,27,16,-8.92566
2025,4,27,17,-4.20061
2025,4,27,18,3.89953
2025,4,27,19,30.28429
2025,4,27,20,39.55483
2025,4,27,21,42.72689
2025,4,27,22,39.0186
2025,4,27,23,35.88298
2025,4,27,24,35.4371
2025,4,28,1,31.36763
2025,4,28,2,31.30544
2025,4,28,3,31.33019
2025,4,28,4,31.29312
2025,4,28,5,35.98348
2025,4,28,6,38.58323
2025,4,28,7,43.05253
2025,4,28,8,29.62479
2025,4,28,9,18.29689
2025,4,28,10,11.75633
2025,4,28,11,5.73351
2025,4,28,12,1.60885
2025,4,28,13,-0.02687
2025,4,28,14,-1.06726
2025,4,28,15,-3.83888
2025,4,28,16,-1.99724
2025,4,28,17,0.16323
2025,4,28,18,5.87495
2025,4,28,19,37.07604
2025,4,28,20,46.30726
2025,4,28,21,44.50885
2025,4,28,22,42.31914
2025,4,28,23,41.2728
2025,4,28,24,40.50173
2025,4,29,1,44.45518
2025,4,29,2,42.00251
2025,4,29,3,39.86043
2025,4,29,4,39.85652
2025,4,29,5,42.70477
2025,4,29,6,47.46295
2025,4,29,7,49.93871
2025,4,29,8,24.29456
2025,4,29,9,9.0783
2025,4,29,10,2.51736
2025,4,29,11,-1.00946
2025,4,29,12,-3.142
2025,4,29,13,-3.84845
2025,4,29,14,-3.39196
2025,4,29,15,-3.61363
2025,4,29,16,-1.98585
2025,4,29,17,0.16913
2025,4,29,18,8.96129
2025,4,29,19,39.35564
2025,4,29,20,44.31066
2025,4,29,21,44.81532
2025,4,29,22,40.17271
2025,4,29,23,38.2922
2025,4,29,24,37.27942
2025,5,1,1,40.23459
2025,5,1,2,34.42257
2025,5,1,3,34.98343
2025,5,1,4,34.7544
2025,5,1,5,35.19899
2025,5,1,6,40.08
2025,5,1,7,41.76468
2025,5,1,8,31.2987
2025,5,1,9,16.67881
2025,5,1,10,12.59679
2025,5,1,11,11.06149
2025,5,1,12,10.42427
2025,5,1,13,10.32254
2025,5,1,14,10.665
2025,5,1,15,10.95706
2025,5,1,16,11.1916
2025,5,1,17,14.42405
2025,5,1,18,27.91205
2025,5,1,19,43.69789
2025,5,1,20,48.2616
2025,5,1,21,47.16166
2025,5,1,22,43.54604
2025,5,1,23,42.06426
2025,5,1,24,40.74118
2025,5,2,1,39.55649
2025,5,2,2,38.29998
2025,5,2,3,34.68422
2025,5,2,4,34.09597
2025,5,2,5,34.39315
2025,5,2,6,40.43965
2025,5,2,7,41.09002
2025,5,2,8,27.59894
2025,5,2,9,14.13857
2025,5,2,10,8.72429
2025,5,2,11,4.86338
2025,5,2,12,3.47375
2025,5,2,13,2.93945
2025,5,2,14,1.88399
2025,5,2,15,2.04276
2025,5,2,16,3.42027
2025,5,2,17,3.85327
2025,5,2,18,13.8491
2025,5,2,19,38.3767
2025,5,2,20,41.18957
2025,5,2,21,42.50186
2025,5,2,22,39.61066
2025,5,2,23,38.34903
2025,5,2,24,37.39936
2025,5,3,1,34.05865
2025,5,3,2,34.30311
2025,5,3,3,34.50333
2025,5,3,4,33.03628
2025,5,3,5,33.8523
2025,5,3,6,36.22475
2025,5,3,7,33.77195
2025,5,3,8,19.24846
2025,5,3,9,8.0049
2025,5,3,10,4.37387
2025,5,3,11,1.50062
2025,5,3,12,-0.92353
2025,5,3,13,-1.79055
2025,5,3,14,-5.98207
2025,5,3,15,-6.10717
2025,5,3,16,-2.30562
2025,5,3,17,-0.57422
2025,5,3,18,9.5802
2025,5,3,19,32.9419
2025,5,3,20,38.16131
2025,5,3,21,40.08698
2025,5,3,22,38.22461
2025,5,3,23,36.87868
2025,5,3,24,34.10863
2025,5,4,1,31.93053
2025,5,4,2,31.7419
2025,5,4,3,31.44211
2025,5,4,4,30.70537
2025,5,4,5,30.75661
2025,5,4,6,31.77154
2025,5,4,7,28.09207
2025,5,4,8,15.85505
2025,5,4,9,4.1606
2025,5,4,10,-1.26426
2025,5,4,11,-5.88348
2025,5,4,12,-6.36731
2025,5,4,13,-6.37349
2025,5,4,14,-6.4489
2025,5,4,15,-6.42461
2025,5,4,16,-6.03558
2025,5,4,17,-0.36862
2025,5,4,18,11.81658
2025,5,4,19,31.2214
2025,5,4,20,38.31434
2025,5,4,21,39.9706
2025,5,4,22,37.50411
2025,5,4,23,36.35207
2025,5,4,24,36.0999
2025,5,5,1,35.61143
2025,5,5,2,35.53243
2025,5,5,3,35.25413
2025,5,5,4,35.11954
2025,5,5,5,35.40124
2025,5,5,6,41.74598
2025,5,5,7,42.53909
2025,5,5,8,41.93093
2025,5,5,9,31.09957
2025,5,5,10,24.20658
2025,5,5,11,22.40124
2025,5,5,12,23.25332
2025,5,5,13,21.79505
2025,5,5,14,22.01414
2025,5,5,15,20.42043
2025,5,5,16,23.3113
2025,5,5,17,22.18221
2025,5,5,18,31.63332
2025,5,5,19,44.11173
2025,5,5,20,48.61764
2025,5,5,21,48.16828
2025,5,5,22,44.49513
2025,5,5,23,41.75966
2025,5,5,24,41.1174
2025,5,6,1,43.00045
2025,5,6,2,40.55862
2025,5,6,3,40.00206
2025,5,6,4,39.98401
2025,5,6,5,41.07294
2025,5,6,6,47.98106
2025,5,6,7,46.8037
2025,5,6,8,39.29588
2025,5,6,9,20.92735
2025,5,6,10,12.82965
2025,5,6,11,10.63104
2025,5,6,12,10.25675
2025,5,6,13,10.07097
2025,5,6,14,10.13685
2025,5,6,15,10.4202
2025,5,6,16,10.87654
2025,5,6,17,12.2961
2025,5,6,18,22.44902
2025,5,6,19,44.26436
2025,5,6,20,51.92073
2025,5,6,21,52.04993
2025,5,6,22,46.66755
2025,5,6,23,45.47329
2025,5,6,24,44.6961
2025,5,7,1,45.45019
2025,5,7,2,43.84471
2025,5,7,3,42.44062
2025,5,7,4,42.07035
2025,5,7,5,42.71084
2025,5,7,6,48.0786
2025,5,7,7,49.50005
2025,5,7,8,41.46759
2025,5,7,9,24.44032
2025,5,7,10,16.94228
2025,5,7,11,11.99499
2025,5,7,12,11.37981
2025,5,7,13,10.72827
2025,5,7,14,10.74615
2025,5,7,15,11.11483
2025,5,7,16,11.51785
2025,5,7,17,12.6273
2025,5,7,18,25.12544
2025,5,7,19,46.236
2025,5,7,20,53.05506
2025,5,7,21,54.63246
2025,5,7,22,47.49344
2025,5,7,23,43.68359
2025,5,7,24,43.15355
2025,5,8,1,44.19564
2025,5,8,2,43.41607
2025,5,8,3,42.46306
2025,5,8,4,42.33129
2025,5,8,5,42.99341
2025,5,8,6,50.48408
2025,5,8,7,51.9347
2025,5,8,8,35.03688
2025,5,8,9,23.80379
2025,5,8,10,19.36236
2025,5,8,11,17.39286
2025,5,8,12,17.51799
2025,5,8,13,15.78947
2025,5,8,14,17.3105
2025,5,8,15,19.64917
2025,5,8,16,21.18389
2025,5,8,17,26.58504
2025,5,8,18,38.04868
2025,5,8,19,55.65857
2025,5,8,20,67.40641
2025,5,8,21,64.9176
2025,5,8,22,55.78659
2025,5,8,23,51.92751
2025,5,8,24,49.50561
2025,5,9,1,60.93666
2025,5,9,2,56.33285
2025,5,9,3,51.19632
2025,5,9,4,49.42665
2025,5,9,5,53.19704
2025,5,9,6,57.94656
2025,5,9,7,53.11803
2025,5,9,8,32.28384
2025,5,9,9,22.43791
2025,5,9,10,21.76986
2025,5,9,11,20.92573
2025,5,9,12,20.80105
2025,5,9,13,20.88427
2025,5,9,14,24.08517
2025,5,9,15,25.07785
2025,5,9,16,27.12094
2025,5,9,17,38.08718
2025,5,9,18,51.02266
2025,5,9,19,68.50415
2025,5,9,20,82.54603
2025,5,9,21,72.46377
2025,5,9,22,67.91349
2025,5,9,23,64.76768
2025,5,9,24,63.28514
2025,5,10,1,53.33947
2025,5,10,2,52.74818
2025,5,10,3,50.75283
2025,5,10,4,49.47201
2025,5,10,5,50.62867
2025,5,10,6,52.77602
2025,5,10,7,50.87985
2025,5,10,8,26.6809
2025,5,10,9,19.06736
2025,5,10,10,18.80708
2025,5,10,11,18.18708
2025,5,10,12,19.9488
2025,5,10,13,19.96008
2025,5,10,14,20.3832
2025,5,10,15,21.25992
2025,5,10,16,23.98317
2025,5,10,17,33.30348
2025,5,10,18,47.82401
2025,5,10,19,60.72
2025,5,10,20,79.93605
2025,5,10,21,72.97535
2025,5,10,22,66.58372
2025,5,10,23,60.62968
2025,5,10,24,54.67462
2025,5,11,1,46.92424
2025,5,11,2,44.34343
2025,5,11,3,42.36037
2025,5,11,4,43.08275
2025,5,11,5,41.45078
2025,5,11,6,43.20038
2025,5,11,7,39.18591
2025,5,11,8,18.19207
2025,5,11,9,4.91182
2025,5,11,10,4.12112
2025,5,11,11,3.02741
2025,5,11,12,2.80226
2025,5,11,13,2.74889
2025,5,11,14,2.56763
2025,5,11,15,2.95985
2025,5,11,16,5.46752
2025,5,11,17,6.8912
2025,5,11,18,24.23054
2025,5,11,19,42.90449
2025,5,11,20,59.05469
2025,5,11,21,59.86868
2025,5,11,22,53.47046
2025,5,11,23,45.00269
2025,5,11,24,43.41898
2025,5,12,1,44.45191
2025,5,12,2,41.64664
2025,5,12,3,38.67159
2025,5,12,4,38.59921
2025,5,12,5,41.04609
2025,5,12,6,45.02582
2025,5,12,7,45.50364
2025,5,12,8,32.03845
2025,5,12,9,21.40225
2025,5,12,10,19.67725
2025,5,12,11,15.92357
2025,5,12,12,15.70681
2025,5,12,13,15.33313
2025,5,12,14,13.95911
2025,5,12,15,15.23152
2025,5,12,16,15.51076
2025,5,12,17,16.15353
2025,5,12,18,30.03351
2025,5,12,19,44.82499
2025,5,12,20,52.25962
2025,5,12,21,52.74043
2025,5,12,22,50.06544
2025,5,12,23,47.60879
2025,5,12,24,45.91848
2025,5,13,1,34.02363
2025,5,13,2,33.89127
2025,5,13,3,35.47334
2025,5,13,4,34.47936
2025,5,13,5,37.41982
2025,5,13,6,40.40703
2025,5,13,7,41.23328
2025,5,13,8,22.09368
2025,5,13,9,7.92293
2025,5,13,10,5.47822
2025,5,13,11,2.14965
2025,5,13,12,0.33159
2025,5,13,13,-1.67393
2025,5,13,14,-1.03054
2025,5,13,15,-1.96032
2025,5,13,16,-1.33526
2025,5,13,17,0.09843
2025,5,13,18,5.36063
2025,5,13,19,29.2983
2025,5,13,20,42.54583
2025,5,13,21,44.72299
2025,5,13,22,40.94327
2025,5,13,23,37.8064
2025,5,13,24,37.17397
2025,5,14,1,33.51826
2025,5,14,2,32.58838
2025,5,14,3,29.4248
2025,5,14,4,28.3672
2025,5,14,5,29.85046
2025,5,14,6,34.13856
2025,5,14,7,34.93378
2025,5,14,8,11.69827
2025,5,14,9,1.81752
2025,5,14,10,-1.41516
2025,5,14,11,-3.82447
2025,5,14,12,-4.90765
2025,5,14,13,-6.24666
2025,5,14,14,-5.71973
2025,5,14,15,-5.61287
2025,5,14,16,-5.16863
2025,5,14,17,-4.19458
2025,5,14,18,1.18516
2025,5,14,19,25.4946
2025,5,14,20,41.98064
2025,5,14,21,44.72298
2025,5,14,22,41.05901
2025,5,14,23,39.89966
2025,5,14,24,39.21628
2025,5,15,1,41.86047
2025,5,15,2,40.39791
2025,5,15,3,38.68727
2025,5,15,4,38.60362
2025,5,15,5,38.38719
2025,5,15,6,45.57456
2025,5,15,7,46.40722
2025,5,15,8,24.84557
2025,5,15,9,10.36043
2025,5,15,10,6.08528
2025,5,15,11,3.26049
2025,5,15,12,2.24478
2025,5,15,13,1.11112
2025,5,15,14,1.91806
2025,5,15,15,2.02261
2025,5,15,16,2.97133
2025,5,15,17,4.60348
2025,5,15,18,8.96002
2025,5,15,19,35.97468
2025,5,15,20,43.27879
2025,5,15,21,45.05472
2025,5,15,22,41.47307
2025,5,15,23,38.93427
2025,5,15,24,37.58367
2025,5,16,1,36.38812
2025,5,16,2,36.5375
2025,5,16,3,35.41539
2025,5,16,4,33.69571
2025,5,16,5,35.60064
2025,5,16,6,37.09395
2025,5,16,7,38.97247
2025,5,16,8,19.8742
2025,5,16,9,10.71311
2025,5,16,10,9.58088
2025,5,16,11,6.34723
2025,5,16,12,7.1491
2025,5,16,13,6.99968
2025,5,16,14,6.93705
2025,5,16,15,8.49984
2025,5,16,16,8.25536
2025,5,16,17,8.9776
2025,5,16,18,15.04611
2025,5,16,19,35.42872
2025,5,16,20,37.84124
2025,5,16,21,39.83155
2025,5,16,22,38.04309
2025,5,16,23,35.03163
2025,5,16,24,34.66991
2025,5,17,1,32.87949
2025,5,17,2,31.76309
2025,5,17,3,28.41363
2025,5,17,4,28.03845
2025,5,17,5,27.45923
2025,5,17,6,30.98337
2025,5,17,7,27.59873
2025,5,17,8,7.01317
2025,5,17,9,4.28213
2025,5,17,10,1.83464
2025,5,17,11,-2.03
2025,5,17,12,-6.30111
2025,5,17,13,-7.17947
2025,5,17,14,-7.78216
2025,5,17,15,-8.81136
2025,5,17,16,-8.54375
2025,5,17,17,-6.84893
2025,5,17,18,-1.32247
2025,5,17,19,15.78738
2025,5,17,20,28.0227
2025,5,17,21,30.31605
2025,5,17,22,29.43044
2025,5,17,23,25.77321
2025,5,17,24,25.48167
2025,5,18,1,23.85818
2025,5,18,2,23.91683
2025,5,18,3,23.85832
2025,5,18,4,23.73209
2025,5,18,5,23.92582
2025,5,18,6,24.11528
2025,5,18,7,15.36233
2025,5,18,8,-6.87169
2025,5,18,9,-15.54492
2025,5,18,10,-20.15794
2025,5,18,11,-26.03687
2025,5,18,12,-26.05081
2025,5,18,13,-26.1233
2025,5,18,14,-26.36575
2025,5,18,15,-25.01899
2025,5,18,16,-26.09658
2025,5,18,17,-20.20996
2025,5,18,18,-12.06036
2025,5,18,19,10.78883
2025,5,18,20,28.15776
2025,5,18,21,29.92182
2025,5,18,22,29.93692
2025,5,18,23,25.49167
2025,5,18,24,26.44115
2025,5,19,1,25.99303
2025,5,19,2,24.46258
2025,5,19,3,23.68712
2025,5,19,4,23.59934
2025,5,19,5,25.0
2025,5,19,6,29.26023
2025,5,19,7,28.88467
2025,5,19,8,5.40933
2025,5,19,9,0.1941
2025,5,19,10,-1.71799
2025,5,19,11,-3.53497
2025,5,19,12,-3.61839
2025,5,19,13,-4.04437
2025,5,19,14,-4.50939
2025,5,19,15,-3.91328
2025,5,19,16,-2.92745
2025,5,19,17,-2.00169
2025,5,19,18,6.56927
2025,5,19,19,33.52031
2025,5,19,20,37.629
2025,5,19,21,40.0
2025,5,19,22,35.84
2025,5,19,23,35.61823
2025,5,19,24,35.00577
2025,5,20,1,30.36344
2025,5,20,2,28.27021
2025,5,20,3,26.93463
2025,5,20,4,26.91461
2025,5,20,5,29.44579
2025,5,20,6,31.54231
2025,5,20,7,28.53939
2025,5,20,8,10.45738
2025,5,20,9,4.47411
2025,5,20,10,1.97002
2025,5,20,11,0.20436
2025,5,20,12,0.10084
2025,5,20,13,0.0
2025,5,20,14,1.10841
2025,5,20,15,1.14903
2025,5,20,16,2.4603
2025,5,20,17,8.78194
2025,5,20,18,21.23054
2025,5,20,19,37.15979
2025,5,20,20,49.28413
2025,5,20,21,49.6653
2025,5,20,22,45.67618
2025,5,20,23,36.50228
2025,5,20,24,35.58324
2025,5,21,1,46.50105
2025,5,21,2,43.76835
2025,5,21,3,40.59328
2025,5,21,4,38.60587
2025,5,21,5,43.04493
2025,5,21,6,45.10842
2025,5,21,7,38.65648
2025,5,21,8,18.00948
2025,5,21,9,11.79873
2025,5,21,10,9.76564
2025,5,21,11,10.32403
2025,5,21,12,9.6764
2025,5,21,13,9.73786
2025,5,21,14,10.93349
2025,5,21,15,11.68156
2025,5,21,16,13.0326
2025,5,21,17,17.05883
2025,5,21,18,29.9631
2025,5,21,19,47.67937
2025,5,21,20,58.64835
2025,5,21,21,59.53764
2025,5,21,22,54.47187
2025,5,21,23,45.04043
2025,5,21,24,42.69041
2025,5,22,1,39.7539
2025,5,22,2,36.07914
2025,5,22,3,35.24802
2025,5,22,4,34.56752
2025,5,22,5,35.18199
2025,5,22,6,38.92625
2025,5,22,7,36.31226
2025,5,22,8,17.52006
2025,5,22,9,6.68928
2025,5,22,10,4.14908
2025,5,22,11,2.39722
2025,5,22,12,1.08555
2025,5,22,13,2.47601
2025,5,22,14,1.32911
2025,5,22,15,2.00998
2025,5,22,16,2.95581
2025,5,22,17,9.44951
2025,5,22,18,25.3296
2025,5,22,19,38.69
2025,5,22,20,47.97953
2025,5,22,21,49.17311
2025,5,22,22,45.27288
2025,5,22,23,40.79071
2025,5,22,24,39.0443
2025,5,23,1,33.11176
2025,5,23,2,30.37709
2025,5,23,3,31.97782
2025,5,23,4,30.79972
2025,5,23,5,31.73935
2025,5,23,6,32.89474
2025,5,23,7,31.92007
2025,5,23,8,17.06428
2025,5,23,9,5.28141
2025,5,23,10,4.03562
2025,5,23,11,1.96619
2025,5,23,12,0.51112
2025,5,23,13,-1.70095
2025,5,23,14,-1.73908
2025,5,23,15,-0.56816
2025,5,23,16,0.28373
2025,5,23,17,2.00654
2025,5,23,18,13.6976
2025,5,23,19,35.90646
2025,5,23,20,39.99
2025,5,23,21,44.08628
2025,5,23,22,42.46384
2025,5,23,23,39.65558
2025,5,23,24,38.86772
2025,5,24,1,35.91794
2025,5,24,2,33.00612
2025,5,24,3,29.12441
2025,5,24,4,29.02441
2025,5,24,5,28.73252
2025,5,24,6,29.83952
2025,5,24,7,24.52267
2025,5,24,8,1.58321
2025,5,24,9,-5.54461
2025,5,24,10,-6.93459
2025,5,24,11,-10.70437
2025,5,24,12,-10.94132
2025,5,24,13,-10.67609
2025,5,24,14,-11.48142
2025,5,24,15,-10.20291
2025,5,24,16,-8.77668
2025,5,24,17,-6.56415
2025,5,24,18,-3.07077
2025,5,24,19,25.63855
2025,5,24,20,34.18412
2025,5,24,21,34.90586
2025,5,24,22,33.76119
2025,5,24,23,33.11232
2025,5,24,24,32.63538
2025,5,25,1,37.63821
2025,5,25,2,36.99789
2025,5,25,3,32.93974
2025,5,25,4,31.84375
2025,5,25,5,31.71141
2025,5,25,6,31.92906
2025,5,25,7,21.37894
2025,5,25,8,-2.33769
2025,5,25,9,-8.16944
2025,5,25,10,-9.76243
2025,5,25,11,-10.27073
2025,5,25,12,-10.34697
2025,5,25,13,-11.66798
2025,5,25,14,-11.47428
2025,5,25,15,-10.83236
2025,5,25,16,-10.55642
2025,5,25,17,-8.38247
2025,5,25,18,3.16233
2025,5,25,19,24.88441
2025,5,25,20,33.87972
2025,5,25,21,33.61479
2025,5,25,22,31.66766
2025,5,25,23,30.52589
2025,5,25,24,29.91819
2025,5,26,1,34.20889
2025,5,26,2,31.27918
2025,5,26,3,29.64691
2025,5,26,4,28.09034
2025,5,26,5,28.80889
2025,5,26,6,27.75619
2025,5,26,7,21.04386
2025,5,26,8,-2.12041
2025,5,26,9,-7.51985
2025,5,26,10,-9.26519
2025,5,26,11,-8.32843
2025,5,26,12,-8.5989
2025,5,26,13,-8.9392
2025,5,26,14,-8.97683
2025,5,26,15,-8.86341
2025,5,26,16,-8.00588
2025,5,26,17,-2.91589
2025,5,26,18,5.12738
2025,5,26,19,29.47463
2025,5,26,20,37.98752
2025,5,26,21,40.89143
2025,5,26,22,37.94532
2025,5,26,23,36.2909
2025,5,26,24,34.85839
2025,5,27,1,38.05222
2025,5,27,2,37.78318
2025,5,27,3,35.80413
2025,5,27,4,34.9196
2025,5,27,5,37.35089
2025,5,27,6,40.04238
2025,5,27,7,42.54942
2025,5,27,8,28.26372
2025,5,27,9,15.79236
2025,5,27,10,15.00422
2025,5,27,11,12.99981
2025,5,27,12,12.66653
2025,5,27,13,10.94813
2025,5,27,14,12.5915
2025,5,27,15,13.11701
2025,5,27,16,14.95264
2025,5,27,17,18.4933
2025,5,27,18,31.26904
2025,5,27,19,46.02286
2025,5,27,20,55.42861
2025,5,27,21,53.31627
2025,5,27,22,48.24277
2025,5,27,23,41.27578
2025,5,27,24,40.2473
2025,5,28,1,45.59271
2025,5,28,2,45.08658
2025,5,28,3,43.82718
2025,5,28,4,41.65802
2025,5,28,5,44.77389
2025,5,28,6,45.85437
2025,5,28,7,47.80819
2025,5,28,8,32.8791
2025,5,28,9,24.59951
2025,5,28,10,25.59122
2025,5,28,11,23.05641
2025,5,28,12,21.85273
2025,5,28,13,21.03873
2025,5,28,14,22.06911
2025,5,28,15,22.82444
2025,5,28,16,25.34911
2025,5,28,17,30.05115
2025,5,28,18,38.3765
2025,5,28,19,47.85862
2025,5,28,20,53.26777
2025,5,28,21,52.90487
2025,5,28,22,46.63509
2025,5,28,23,39.19899
2025,5,28,24,39.38363
2025,5,29,1,38.12795
2025,5,29,2,38.64514
2025,5,29,3,36.79599
2025,5,29,4,36.76107
2025,5,29,5,38.65383
2025,5,29,6,41.17576
2025,5,29,7,39.22046
2025,5,29,8,29.30155
2025,5,29,9,23.12875
2025,5,29,10,23.59829
2025,5,29,11,21.13109
2025,5,29,12,20.22168
2025,5,29,13,19.21075
2025,5,29,14,20.7687
2025,5,29,15,20.69519
2025,5,29,16,27.20992
2025,5,29,17,28.02586
2025,5,29,18,38.68241
2025,5,29,19,50.46986
2025,5,29,20,59.79618
2025,5,29,21,60.79476
2025,5,29,22,54.50734
2025,5,29,23,48.34815
2025,5,29,24,46.70884
2025,5,30,1,49.88797
2025,5,30,2,46.18381
2025,5,30,3,46.05774
2025,5,30,4,48.01766
2025,5,30,5,49.95826
2025,5,30,6,54.39647
2025,5,30,7,45.15198
2025,5,30,8,33.24881
2025,5,30,9,26.45174
2025,5,30,10,27.00931
2025,5,30,11,26.86881
2025,5,30,12,25.84995
2025,5,30,13,27.28614
2025,5,30,14,27.93292
2025,5,30,15,29.06259
2025,5,30,16,35.19535
2025,5,30,17,40.22428
2025,5,30,18,51.94168
2025,5,30,19,64.91484
2025,5,30,20,84.33101
2025,5,30,21,85.4986
2025,5,30,22,71.2765
2025,5,30,23,63.01412
2025,5,30,24,58.92091
2025,6,1,1,38.43357
2025,6,1,2,38.17063
2025,6,1,3,37.51684
2025,6,1,4,37.53009
2025,6,1,5,34.93428
2025,6,1,6,33.58992
2025,6,1,7,32.78353
2025,6,1,8,26.82105
2025,6,1,9,26.11414
2025,6,1,10,26.14173
2025,6,1,11,25.15838
2025,6,1,12,24.63554
2025,6,1,13,26.24874
2025,6,1,14,26.50087
2025,6,1,15,26.99556
2025,6,1,16,30.74716
2025,6,1,17,36.39595
2025,6,1,18,42.2255
2025,6,1,19,46.91649
2025,6,1,20,48.20418
2025,6,1,21,47.9996
2025,6,1,22,46.72643
2025,6,1,23,44.57346
2025,6,1,24,43.70036
2025,6,2,1,38.49355
2025,6,2,2,41.35339
2025,6,2,3,37.38706
2025,6,2,4,37.23448
2025,6,2,5,41.28994
2025,6,2,6,41.57175
2025,6,2,7,42.06063
2025,6,2,8,24.46741
2025,6,2,9,18.10114
2025,6,2,10,14.66042
2025,6,2,11,14.13324
2025,6,2,12,13.12485
2025,6,2,13,10.68002
2025,6,2,14,12.8729
2025,6,2,15,14.4294
2025,6,2,16,16.65461
2025,6,2,17,17.82321
2025,6,2,18,28.48133
2025,6,2,19,42.40882
2025,6,2,20,53.07856
2025,6,2,21,54.57078
2025,6,2,22,47.84633
2025,6,2,23,40.16673
2025,6,2,24,39.41741
2025,6,3,1,41.65654
2025,6,3,2,41.54225
2025,6,3,3,40.64215
2025,6,3,4,37.3994
2025,6,3,5,40.79135
2025,6,3,6,42.52715
2025,6,3,7,43.99669
2025,6,3,8,27.91914
2025,6,3,9,23.70508
2025,6,3,10,23.25556
2025,6,3,11,21.23057
2025,6,3,12,19.34148
2025,6,3,13,20.46178
2025,6,3,14,21.97905
2025,6,3,15,23.32319
2025,6,3,16,25.09946
2025,6,3,17,28.67322
2025,6,3,18,34.45386
2025,6,3,19,44.61743
2025,6,3,20,55.41779
2025,6,3,21,54.24976
2025,6,3,22,48.92649
2025,6,3,23,42.98815
2025,6,3,24,42.03299
2025,6,4,1,38.09388
2025,6,4,2,38.15269
2025,6,4,3,35.79718
2025,6,4,4,35.12432
2025,6,4,5,35.46257
2025,6,4,6,38.52846
2025,6,4,7,39.40096
2025,6,4,8,27.65751
2025,6,4,9,25.41249
2025,6,4,10,24.83487
2025,6,4,11,24.44686
2025,6,4,12,23.9863
2025,6,4,13,22.94866
2025,6,4,14,23.61204
2025,6,4,15,23.87204
2025,6,4,16,26.3539
2025,6,4,17,27.36267
2025,6,4,18,30.77522
2025,6,4,19,43.92209
2025,6,4,20,52.12079
2025,6,4,21,52.84854
2025,6,4,22,47.30745
2025,6,4,23,42.1402
2025,6,4,24,41.25611
2025,6,5,1,44.63398
2025,6,5,2,42.84417
2025,6,5,3,39.31506
2025,6,5,4,39.32526
2025,6,5,5,44.37918
2025,6,5,6,44.74348
2025,6,5,7,44.30609
2025,6,5,8,29.80739
2025,6,5,9,25.43309
2025,6,5,10,25.39975
2025,6,5,11,25.18896
2025,6,5,12,25.39975
2025,6,5,13,25.38898
2025,6,5,14,25.37572
2025,6,5,15,26.5
2025,6,5,16,25.39975
2025,6,5,17,26.34621
2025,6,5,18,37.00508
2025,6,5,19,46.10047
2025,6,5,20,54.89707
2025,6,5,21,54.3477
2025,6,5,22,49.91016
2025,6,5,23,45.39689
2025,6,5,24,45.14756
2025,6,6,1,38.35658
2025,6,6,2,38.09258
2025,6,6,3,37.27866
2025,6,6,4,36.89899
2025,6,6,5,37.67021
2025,6,6,6,38.93768
2025,6,6,7,39.40559
2025,6,6,8,25.72351
2025,6,6,9,22.05871
2025,6,6,10,21.91005
2025,6,6,11,21.88306
2025,6,6,12,21.84728
2025,6,6,13,20.90814
2025,6,6,14,20.5252
2025,6,6,15,23.7014
2025,6,6,16,23.84888
2025,6,6,17,26.86
2025,6,6,18,33.70104
2025,6,6,19,43.2725
2025,6,6,20,51.68958
2025,6,6,21,52.03589
2025,6,6,22,47.21812
2025,6,6,23,42.29138
2025,6,6,24,41.66587
2025,6,7,1,38.34602
2025,6,7,2,37.16321
2025,6,7,3,36.66904
2025,6,7,4,36.32699
2025,6,7,5,38.13207
2025,6,7,6,38.32971
2025,6,7,7,33.11339
2025,6,7,8,10.44189
2025,6,7,9,8.96148
2025,6,7,10,8.79384
2025,6,7,11,8.71045
2025,6,7,12,7.19114
2025,6,7,13,13.57427
2025,6,7,14,13.82102
2025,6,7,15,9.04719
2025,6,7,16,16.06092
2025,6,7,17,16.27432
2025,6,7,18,28.65498
2025,6,7,19,42.20441
2025,6,7,20,51.1495
2025,6,7,21,52.38268
2025,6,7,22,47.51131
2025,6,7,23,41.67783
2025,6,7,24,41.23316
2025,6,8,1,41.69165
2025,6,8,2,41.2981
2025,6,8,3,40.26017
2025,6,8,4,39.11368
2025,6,8,5,38.69821
2025,6,8,6,38.44786
2025,6,8,7,28.1956
2025,6,8,8,5.70073
2025,6,8,9,2.9172
2025,6,8,10,2.81039
2025,6,8,11,5.14088
2025,6,8,12,6.73686
2025,6,8,13,5.07556
2025,6,8,14,9.31153
2025,6,8,15,8.71135
2025,6,8,16,15.03493
2025,6,8,17,19.00113
2025,6,8,18,30.98397
2025,6,8,19,45.92545
2025,6,8,20,50.95866
2025,6,8,21,49.99866
2025,6,8,22,48.19277
2025,6,8,23,44.9618
2025,6,8,24,44.14435
2025,6,9,1,41.31659
2025,6,9,2,40.19861
2025,6,9,3,40.97613
2025,6,9,4,40.44757
2025,6,9,5,41.34666
2025,6,9,6,41.46369
2025,6,9,7,39.7327
2025,6,9,8,27.8481
2025,6,9,9,25.59163
2025,6,9,10,26.04572
2025,6,9,11,25.53468
2025,6,9,12,25.86518
2025,6,9,13,26.04635
2025,6,9,14,27.39649
2025,6,9,15,29.15684
2025,6,9,16,30.88867
2025,6,9,17,34.86792
2025,6,9,18,42.83253
2025,6,9,19,52.07701
2025,6,9,20,64.75089
2025,6,9,21,64.31795
2025,6,9,22,55.25417
2025,6,9,23,49.64254
2025,6,9,24,44.74159
2025,6,10,1,38.20147
2025,6,10,2,36.88448
2025,6,10,3,35.17228
2025,6,10,4,34.84909
2025,6,10,5,36.16845
2025,6,10,6,40.37351
2025,6,10,7,41.05181
2025,6,10,8,29.12676
2025,6,10,9,25.10468
2025,6,10,10,25.91149
2025,6,10,11,25.39926
2025,6,10,12,25.44638
2025,6,10,13,25.35243
2025,6,10,14,25.49264
2025,6,10,15,25.90403
2025,6,10,16,29.80707
2025,6,10,17,33.48518
2025,6,10,18,42.27747
2025,6,10,19,50.10456
2025,6,10,20,60.9917
2025,6,10,21,63.4375
2025,6,10,22,52.77711
2025,6,10,23,46.24453
2025,6,10,24,41.46465
2025,6,11,1,36.61626
2025,6,11,2,37.92647
2025,6,11,3,37.64802
2025,6,11,4,37.50535
2025,6,11,5,38.51861
2025,6,11,6,39.67292
2025,6,11,7,39.72988
2025,6,11,8,21.41328
2025,6,11,9,16.91321
2025,6,11,10,16.72413
2025,6,11,11,16.38229
2025,6,11,12,16.05589
2025,6,11,13,15.39326
2025,6,11,14,15.65832
2025,6,11,15,16.20558
2025,6,11,16,18.22974
2025,6,11,17,21.93195
2025,6,11,18,31.97976
2025,6,11,19,41.43084
2025,6,11,20,55.35408
2025,6,11,21,58.72171
2025,6,11,22,50.28727
2025,6,11,23,40.73186
2025,6,11,24,40.07848
2025,6,12,1,38.16367
2025,6,12,2,36.73792
2025,6,12,3,35.16813
2025,6,12,4,33.3828
2025,6,12,5,34.86209
2025,6,12,6,35.83568
2025,6,12,7,33.762
2025,6,12,8,18.66489
2025,6,12,9,12.44169
2025,6,12,10,12.65809
2025,6,12,11,10.87376
2025,6,12,12,10.46552
2025,6,12,13,9.8333
2025,6,12,14,11.74303
2025,6,12,15,11.81467
2025,6,12,16,13.60655
2025,6,12,17,13.93023
2025,6,12,18,28.15785
2025,6,12,19,39.61527
2025,6,12,20,50.01571
2025,6,12,21,51.00994
2025,6,12,22,46.12546
2025,6,12,23,39.88351
2025,6,12,24,39.6091
2025,6,13,1,37.04616
2025,6,13,2,36.0137
2025,6,13,3,34.84648
2025,6,13,4,34.82856
2025,6,13,5,35.55651
2025,6,13,6,36.8088
2025,6,13,7,35.34314
2025,6,13,8,14.13832
2025,6,13,9,10.63306
2025,6,13,10,10.48913
2025,6,13,11,9.88068
2025,6,13,12,9.72612
2025,6,13,13,9.6659
2025,6,13,14,9.70494
2025,6,13,15,9.04007
2025,6,13,16,9.89858
2025,6,13,17,10.71887
2025,6,13,18,21.14417
2025,6,13,19,37.40186
2025,6,13,20,42.8728
2025,6,13,21,43.97352
2025,6,13,22,40.56133
2025,6,13,23,39.22779
2025,6,13,24,39.96887
2025,6,14,1,33.58751
2025,6,14,2,33.0
2025,6,14,3,31.88231
2025,6,14,4,31.06239
2025,6,14,5,31.44961
2025,6,14,6,31.34556
2025,6,14,7,23.84942
2025,6,14,8,6.32171
2025,6,14,9,4.09068
2025,6,14,10,4.44559
2025,6,14,11,1.65594
2025,6,14,12,1.37383
2025,6,14,13,0.7631
2025,6,14,14,1.03907
2025,6,14,15,0.56123
2025,6,14,16,2.19818
2025,6,14,17,3.56606
2025,6,14,18,18.7382
2025,6,14,19,37.62272
2025,6,14,20,45.17927
2025,6,14,21,48.88955
2025,6,14,22,42.04048
2025,6,14,23,38.22995
2025,6,14,24,37.48243
2025,6,15,1,35.95352
2025,6,15,2,35.59149
2025,6,15,3,32.01157
2025,6,15,4,30.68915
2025,6,15,5,32.10084
2025,6,15,6,31.72221
2025,6,15,7,21.87067
2025,6,15,8,5.35854
2025,6,15,9,2.29187
2025,6,15,10,2.87627
2025,6,15,11,4.90407
2025,6,15,12,2.3854
2025,6,15,13,2.04374
2025,6,15,14,5.79644
2025,6,15,15,6.10963
2025,6,15,16,8.69785
2025,6,15,17,15.79695
2025,6,15,18,30.07291
2025,6,15,19,40.61516
2025,6,15,20,50.33734
2025,6,15,21,52.56506
2025,6,15,22,47.79717
2025,6,15,23,40.00456
2025,6,15,24,38.70121
2025,6,16,1,36.34184
2025,6,16,2,34.64962
2025,6,16,3,33.10291
2025,6,16,4,31.74969
2025,6,16,5,32.89474
2025,6,16,6,34.46334
2025,6,16,7,31.69773
2025,6,16,8,18.72784
2025,6,16,9,13.81967
2025,6,16,10,13.70626
2025,6,16,11,12.90648
2025,6,16,12,13.10978
2025,6,16,13,12.94361
2025,6,16,14,13.29905
2025,6,16,15,13.71613
2025,6,16,16,19.02687
2025,6,16,17,22.73334
2025,6,16,18,32.43876
2025,6,16,19,42.46214
2025,6,16,20,53.38809
2025,6,16,21,57.33667
2025,6,16,22,50.10149
2025,6,16,23,42.66584
2025,6,16,24,41.9392
2025,6,17,1,38.41616
2025,6,17,2,36.71818
2025,6,17,3,31.93784
2025,6,17,4,30.25732
2025,6,17,5,32.20511
2025,6,17,6,35.41806
2025,6,17,7,32.65435
2025,6,17,8,20.01158
2025,6,17,9,18.42144
2025,6,17,10,18.35851
2025,6,17,11,18.03738
2025,6,17,12,18.45772
2025,6,17,13,18.646
2025,6,17,14,19.27574
2025,6,17,15,19.61116
2025,6,17,16,23.53695
2025,6,17,17,28.79916
2025,6,17,18,35.81662
2025,6,17,19,43.7017
2025,6,17,20,58.75376
2025,6,17,21,60.61823
2025,6,17,22,49.29219
2025,6,17,23,42.0842
2025,6,17,24,40.36254
2025,6,18,1,41.65564
2025,6,18,2,39.42328
2025,6,18,3,36.26958
2025,6,18,4,35.76939
2025,6,18,5,37.20563
2025,6,18,6,40.65454
2025,6,18,7,34.38341
2025,6,18,8,25.05362
2025,6,18,9,23.79267
2025,6,18,10,24.44242
2025,6,18,11,24.3309
2025,6,18,12,25.06318
2025,6,18,13,25.52855
2025,6,18,14,25.88507
2025,6,18,15,28.3589
2025,6,18,16,33.14394
2025,6,18,17,39.40362
2025,6,18,18,43.7114
2025,6,18,19,50.62893
2025,6,18,20,65.01235
2025,6,18,21,62.09918
2025,6,18,22,52.53638
2025,6,18,23,44.82223
2025,6,18,24,41.74868
2025,6,19,1,44.22401
2025,6,19,2,43.01565
2025,6,19,3,38.086
2025,6,19,4,36.38063
2025,6,19,5,37.91222
2025,6,19,6,40.49986
2025,6,19,7,36.28667
2025,6,19,8,24.41017
2025,6,19,9,23.92605
2025,6,19,10,24.19205
2025,6,19,11,23.46882
2025,6,19,12,23.73272
2025,6,19,13,23.64899
2025,6,19,14,23.05854
2025,6,19,15,25.04863
2025,6,19,16,25.43894
2025,6,19,17,29.31889
2025,6,19,18,33.15
2025,6,19,19,41.39697
2025,6,19,20,58.79736
2025,6,19,21,56.3283
2025,6,19,22,47.9684
2025,6,19,23,40.98088
2025,6,19,24,40.12873
2025,6,20,1,34.74599
2025,6,20,2,34.43331
2025,6,20,3,34.91438
2025,6,20,4,33.99428
2025,6,20,5,35.20089
2025,6,20,6,35.56999
2025,6,20,7,34.20989
2025,6,20,8,12.36067
2025,6,20,9,11.44905
2025,6,20,10,9.93623
2025,6,20,11,6.51258
2025,6,20,12,5.54001
2025,6,20,13,5.3798
2025,6,20,14,5.88854
2025,6,20,15,6.45264
2025,6,20,16,7.04895
2025,6,20,17,10.35784
2025,6,20,18,17.00103
2025,6,20,19,34.89942
2025,6,20,20,41.67
2025,6,20,21,46.33187
2025,6,20,22,41.85197
2025,6,20,23,39.85753
2025,6,20,24,39.92662
2025,6,21,1,36.9851
2025,6,21,2,36.80851
2025,6,21,3,34.29811
2025,6,21,4,35.67542
2025,6,21,5,35.19732
2025,6,21,6,33.13174
2025,6,21,7,22.12298
2025,6,21,8,-1.16951
2025,6,21,9,-6.61754
2025,6,21,10,-8.37291
2025,6,21,11,-10.68693
2025,6,21,12,-10.68215
2025,6,21,13,-10.72156
2025,6,21,14,-10.72846
2025,6,21,15,-10.25893
2025,6,21,16,-9.33725
2025,6,21,17,-6.61423
2025,6,21,18,-0.70848
2025,6,21,19,23.2302
2025,6,21,20,39.59612
2025,6,21,21,41.60847
2025,6,21,22,41.01723
2025,6,21,23,39.08709
2025,6,21,24,38.67715
2025,6,22,1,42.8215
2025,6,22,2,41.02967
2025,6,22,3,39.48712
2025,6,22,4,37.9332
2025,6,22,5,39.50623
2025,6,22,6,37.38119
2025,6,22,7,21.42086
2025,6,22,8,0.52211
2025,6,22,9,-4.62177
2025,6,22,10,-4.98429
2025,6,22,11,-6.92026
2025,6,22,12,-6.89297
2025,6,22,13,-7.21628
2025,6,22,14,-5.29571
2025,6,22,15,-2.00079
2025,6,22,16,2.80067
2025,6,22,17,2.16579
2025,6,22,18,15.58336
2025,6,22,19,35.4574
2025,6,22,20,44.50005
2025,6,22,21,49.41521
2025,6,22,22,47.202
2025,6,22,23,41.46581
2025,6,22,24,41.02722
2025,6,23,1,41.51267
2025,6,23,2,41.27422
2025,6,23,3,41.12546
2025,6,23,4,40.99599
2025,6,23,5,42.68535
2025,6,23,6,45.17217
2025,6,23,7,38.93641
2025,6,23,8,21.18563
2025,6,23,9,17.57509
2025,6,23,10,16.46694
2025,6,23,11,15.46294
2025,6,23,12,15.21808
2025,6,23,13,15.10402
2025,6,23,14,16.00838
2025,6,23,15,16.49435
2025,6,23,16,18.15519
2025,6,23,17,21.60541
2025,6,23,18,22.9566
2025,6,23,19,39.62462
2025,6,23,20,48.84545
2025,6,23,21,52.71481
2025,6,23,22,49.1534
2025,6,23,23,44.1049
2025,6,23,24,43.03895
2025,6,24,1,42.63201
2025,6,24,2,43.17518
2025,6,24,3,40.48958
2025,6,24,4,38.86869
2025,6,24,5,39.75131
2025,6,24,6,43.25847
2025,6,24,7,37.12623
2025,6,24,8,24.37795
2025,6,24,9,19.601
2025,6,24,10,18.69612
2025,6,24,11,17.84344
2025,6,24,12,17.06867
2025,6,24,13,17.10854
2025,6,24,14,17.30787
2025,6,24,15,17.80012
2025,6,24,16,18.60317
2025,6,24,17,20.06328
2025,6,24,18,22.42564
2025,6,24,19,39.21548
2025,6,24,20,47.43428
2025,6,24,21,49.70633
2025,6,24,22,46.85768
2025,6,24,23,41.1151
2025,6,24,24,40.7771
2025,6,25,1,41.77488
2025,6,25,2,40.91972
2025,6,25,3,37.6847
2025,6,25,4,36.02374
2025,6,25,5,37.62065
2025,6,25,6,41.57199
2025,6,25,7,38.60576
2025,6,25,8,25.37238
2025,6,25,9,21.47665
2025,6,25,10,22.25199
2025,6,25,11,21.07784
2025,6,25,12,20.38623
2025,6,25,13,20.21482
2025,6,25,14,21.24573
2025,6,25,15,21.71442
2025,6,25,16,22.75546
2025,6,25,17,26.80962
2025,6,25,18,30.92467
2025,6,25,19,43.2679
2025,6,25,20,56.4551
2025,6,25,21,57.97413
2025,6,25,22,50.05135
2025,6,25,23,43.96808
2025,6,25,24,42.53549
2025,6,26,1,41.41714
2025,6,26,2,38.86945
2025,6,26,3,36.96988
2025,6,26,4,36.01647
2025,6,26,5,38.51027
2025,6,26,6,42.22957
2025,6,26,7,36.07872
2025,6,26,8,25.43478
2025,6,26,9,24.33265
2025,6,26,10,24.47162
2025,6,26,11,23.24202
2025,6,26,12,23.28106
2025,6,26,13,23.44499
2025,6,26,14,23.6572
2025,6,26,15,23.99245
2025,6,26,16,24.28384
2025,6,26,17,26.58705
2025,6,26,18,35.26559
2025,6,26,19,43.75947
2025,6,26,20,54.57723
2025,6,26,21,54.04736
2025,6,26,22,49.31122
2025,6,26,23,45.7053
2025,6,26,24,44.51128
2025,6,27,1,44.83673
2025,6,27,2,43.906
2025,6,27,3,43.17509
2025,6,27,4,41.846
2025,6,27,5,43.1447
2025,6,27,6,46.26388
2025,6,27,7,39.14286
2025,6,27,8,28.72809
2025,6,27,9,24.30872
2025,6,27,10,24.40104
2025,6,27,11,23.9993
2025,6,27,12,23.70975
2025,6,27,13,23.95033
2025,6,27,14,24.7117
2025,6,27,15,24.97168
2025,6,27,16,28.70891
2025,6,27,17,30.70489
2025,6,27,18,38.17336
2025,6,27,19,47.01762
2025,6,27,20,60.72939
2025,6,27,21,58.6104
2025,6,27,22,51.75904
2025,6,27,23,46.31443
2025,6,27,24,45.75836
2025,6,28,1,46.49286
2025,6,28,2,43.90758
2025,6,28,3,41.12429
2025,6,28,4,42.13933
2025,6,28,5,41.9549
2025,6,28,6,40.30603
2025,6,28,7,36.16574
2025,6,28,8,19.03142
2025,6,28,9,18.26346
2025,6,28,10,18.76743
2025,6,28,11,18.29354
2025,6,28,12,18.61151
2025,6,28,13,18.784
2025,6,28,14,19.29863
2025,6,28,15,19.78929
2025,6,28,16,24.41035
2025,6,28,17,30.62706
2025,6,28,18,39.16485
2025,6,28,19,48.79037
2025,6,28,20,59.23239
2025,6,28,21,59.07462
2025,6,28,22,50.94293
2025,6,28,23,47.69949
2025,6,28,24,46.57172
2025,6,29,1,56.95881
2025,6,29,2,50.85723
2025,6,29,3,47.60527
2025,6,29,4,45.7048
2025,6,29,5,44.3951
2025,6,29,6,44.83198
2025,6,29,7,35.85838
2025,6,29,8,22.70775
2025,6,29,9,21.91085
2025,6,29,10,22.57376
2025,6,29,11,21.98255
2025,6,29,12,22.54767
2025,6,29,13,22.93745
2025,6,29,14,23.29743
2025,6,29,15,23.44516
2025,6,29,16,26.6059
2025,6,29,17,33.15322
2025,6,29,18,41.90714
2025,6,29,19,55.97201
2025,6,29,20,64.97414
2025,6,29,21,63.69042
2025,6,29,22,58.48421
2025,6,29,23,54.19748
2025,6,29,24,50.6465
2025,7,1,1,49.10885
2025,7,1,2,48.49785
2025,7,1,3,47.29726
2025,7,1,4,45.63763
2025,7,1,5,46.92973
2025,7,1,6,48.72092
2025,7,1,7,50.74077
2025,7,1,8,38.14181
2025,7,1,9,34.64253
2025,7,1,10,33.26899
2025,7,1,11,33.76908
2025,7,1,12,33.91321
2025,7,1,13,34.1152
2025,7,1,14,35.06838
2025,7,1,15,36.50361
2025,7,1,16,37.56107
2025,7,1,17,42.34245
2025,7,1,18,49.97747
2025,7,1,19,55.26817
2025,7,1,20,70.24785
2025,7,1,21,69.37844
2025,7,1,22,58.68725
2025,7,1,23,52.62975
2025,7,1,24,50.27327
2025,7,2,1,45.16718
2025,7,2,2,45.60272
2025,7,2,3,43.69649
2025,7,2,4,41.04401
2025,7,2,5,40.19333
2025,7,2,6,44.85055
2025,7,2,7,44.7645
2025,7,2,8,34.1258
2025,7,2,9,31.4548
2025,7,2,10,30.43182
2025,7,2,11,30.45959
2025,7,2,12,29.80287
2025,7,2,13,29.64254
2025,7,2,14,30.29914
2025,7,2,15,30.96582
2025,7,2,16,33.25477
2025,7,2,17,36.60985
2025,7,2,18,44.17282
2025,7,2,19,50.12608
2025,7,2,20,60.40201
2025,7,2,21,60.00641
2025,7,2,22,51.54166
2025,7,2,23,46.63146
2025,7,2,24,46.45895
2025,7,3,1,42.35125
2025,7,3,2,39.4633
2025,7,3,3,39.07405
2025,7,3,4,38.70714
2025,7,3,5,39.92431
2025,7,3,6,41.59059
2025,7,3,7,40.77747
2025,7,3,8,30.70105
2025,7,3,9,28.11603
2025,7,3,10,28.35689
2025,7,3,11,27.79277
2025,7,3,12,27.17126
2025,7,3,13,28.02122
2025,7,3,14,28.50901
2025,7,3,15,30.19023
2025,7,3,16,33.11138
2025,7,3,17,33.14887
2025,7,3,18,40.94606
2025,7,3,19,47.37065
2025,7,3,20,53.13791
2025,7,3,21,52.93103
2025,7,3,22,48.18422
2025,7,3,23,43.9741
2025,7,3,24,41.56763
2025,7,4,1,42.45341
2025,7,4,2,40.59065
2025,7,4,3,41.38645
2025,7,4,4,37.81591
2025,7,4,5,38.60036
2025,7,4,6,39.63928
2025,7,4,7,32.37697
2025,7,4,8,15.6269
2025,7,4,9,12.2117
2025,7,4,10,11.89398
2025,7,4,11,10.97365
2025,7,4,12,10.83643
2025,7,4,13,10.86965
2025,7,4,14,10.99464
2025,7,4,15,11.51977
2025,7,4,16,12.93098
2025,7,4,17,15.48743
2025,7,4,18,28.52488
2025,7,4,19,41.27785
2025,7,4,20,45.42626
2025,7,4,21,47.49391
2025,7,4,22,45.27857
2025,7,4,23,42.99122
2025,7,4,24,43.09953
2025,7,5,1,45.51944
2025,7,5,2,41.20337
2025,7,5,3,38.95499
2025,7,5,4,36.5913
2025,7,5,5,36.32488
2025,7,5,6,37.5
2025,7,5,7,35.42382
2025,7,5,8,18.52051
2025,7,5,9,13.00796
2025,7,5,10,12.7468
2025,7,5,11,11.09895
2025,7,5,12,11.83754
2025,7,5,13,12.41274
2025,7,5,14,12.58316
2025,7,5,15,12.93967
2025,7,5,16,19.47385
2025,7,5,17,23.32155
2025,7,5,18,34.46492
2025,7,5,19,44.5789
2025,7,5,20,49.98815
2025,7,5,21,51.26593
2025,7,5,22,49.88735
2025,7,5,23,47.50535
2025,7,5,24,46.46117
2025,7,6,1,44.6211
2025,7,6,2,43.50212
2025,7,6,3,42.67627
2025,7,6,4,41.39954
2025,7,6,5,39.37475
2025,7,6,6,39.33774
2025,7,6,7,34.81678
2025,7,6,8,17.67069
2025,7,6,9,16.37432
2025,7,6,10,16.27876
2025,7,6,11,14.87412
2025,7,6,12,15.60088
2025,7,6,13,15.83482
2025,7,6,14,16.38871
2025,7,6,15,19.46021
2025,7,6,16,26.55087
2025,7,6,17,29.01676
2025,7,6,18,38.19334
2025,7,6,19,49.8712
2025,7,6,20,59.50593
2025,7,6,21,59.11251
2025,7,6,22,53.93494
2025,7,6,23,49.35249
2025,7,6,24,48.68753
2025,7,7,1,47.52966
2025,7,7,2,41.08636
2025,7,7,3,41.01355
2025,7,7,4,41.34215
2025,7,7,5,40.99741
2025,7,7,6,47.28123
2025,7,7,7,49.11183
2025,7,7,8,37.97213
2025,7,7,9,37.12679
2025,7,7,10,37.61259
2025,7,7,11,36.45854
2025,7,7,12,37.70573
2025,7,7,13,38.19085
2025,7,7,14,38.58365
2025,7,7,15,41.08917
2025,7,7,16,40.56
2025,7,7,17,45.86229
2025,7,7,18,51.23931
2025,7,7,19,60.57008
2025,7,7,20,71.77343
2025,7,7,21,69.12525
2025,7,7,22,62.00274
2025,7,7,23,56.08994
2025,7,7,24,51.22634
2025,7,8,1,50.97602
2025,7,8,2,47.80076
2025,7,8,3,48.22308
2025,7,8,4,47.90957
2025,7,8,5,47.05057
2025,7,8,6,47.93866
2025,7,8,7,49.16064
2025,7,8,8,36.38898
2025,7,8,9,35.27787
2025,7,8,10,35.62864
2025,7,8,11,35.21756
2025,7,8,12,35.98582
2025,7,8,13,37.18407
2025,7,8,14,39.71238
2025,7,8,15,43.48373
2025,7,8,16,46.50908
2025,7,8,17,49.03135
2025,7,8,18,57.28621
2025,7,8,19,63.98041
2025,7,8,20,75.85833
2025,7,8,21,72.11177
2025,7,8,22,66.434
2025,7,8,23,56.70946
2025,7,8,24,53.06561
2025,7,9,1,47.05082
2025,7,9,2,47.5692
2025,7,9,3,46.25578
2025,7,9,4,45.55898
2025,7,9,5,44.93952
2025,7,9,6,46.08318
2025,7,9,7,44.69775
2025,7,9,8,37.62639
2025,7,9,9,37.17827
2025,7,9,10,36.95599
2025,7,9,11,35.98394
2025,7,9,12,37.98525
2025,7,9,13,38.73058
2025,7,9,14,40.07078
2025,7,9,15,41.11832
2025,7,9,16,46.32464
2025,7,9,17,44.11974
2025,7,9,18,52.86684
2025,7,9,19,61.3917
2025,7,9,20,71.75991
2025,7,9,21,70.95519
2025,7,9,22,61.6331
2025,7,9,23,51.82453
2025,7,9,24,48.94883
2025,7,10,1,44.26699
2025,7,10,2,42.54891
2025,7,10,3,43.78686
2025,7,10,4,41.65628
2025,7,10,5,40.7365
2025,7,10,6,42.62773
2025,7,10,7,40.81404
2025,7,10,8,32.72436
2025,7,10,9,28.60776
2025,7,10,10,31.27735
2025,7,10,11,31.77384
2025,7,10,12,33.57127
2025,7,10,13,34.70842
2025,7,10,14,36.50692
2025,7,10,15,41.64861
2025,7,10,16,49.45215
2025,7,10,17,45.46405
2025,7,10,18,52.86647
2025,7,10,19,59.32437
2025,7,10,20,77.98788
2025,7,10,21,67.93754
2025,7,10,22,59.75424
2025,7,10,23,52.19051
2025,7,10,24,50.48855
2025,7,11,1,47.57691
2025,7,11,2,45.02196
2025,7,11,3,44.40069
2025,7,11,4,45.25048
2025,7,11,5,45.28349
2025,7,11,6,47.28092
2025,7,11,7,44.28971
2025,7,11,8,31.90466
2025,7,11,9,30.95376
2025,7,11,10,31.63268
2025,7,11,11,31.36649
2025,7,11,12,32.11532
2025,7,11,13,32.34828
2025,7,11,14,32.74021
2025,7,11,15,32.7854
2025,7,11,16,39.66896
2025,7,11,17,41.26154
2025,7,11,18,44.25083
2025,7,11,19,52.46
2025,7,11,20,67.65472
2025,7,11,21,63.43828
2025,7,11,22,54.0
2025,7,11,23,49.74205
2025,7,11,24,48.30432
2025,7,12,1,44.58733
2025,7,12,2,43.94833
2025,7,12,3,42.95302
2025,7,12,4,42.41386
2025,7,12,5,42.42204
2025,7,12,6,43.28649
2025,7,12,7,38.73352
2025,7,12,8,23.29193
2025,7,12,9,23.81679
2025,7,12,10,24.01892
2025,7,12,11,23.28063
2025,7,12,12,23.89496
2025,7,12,13,24.49283
2025,7,12,14,24.39862
2025,7,12,15,25.28667
2025,7,12,16,29.01518
2025,7,12,17,34.62287
2025,7,12,18,40.9213
2025,7,12,19,49.04145
2025,7,12,20,56.51847
2025,7,12,21,55.47036
2025,7,12,22,50.02753
2025,7,12,23,47.05683
2025,7,12,24,45.98034
2025,7,13,1,46.4202
2025,7,13,2,46.04727
2025,7,13,3,43.46731
2025,7,13,4,42.17321
2025,7,13,5,41.5677
2025,7,13,6,39.81314
2025,7,13,7,36.69867
2025,7,13,8,24.80392
2025,7,13,9,23.17768
2025,7,13,10,24.58656
2025,7,13,11,23.86398
2025,7,13,12,24.87914
2025,7,13,13,25.15848
2025,7,13,14,25.3823
2025,7,13,15,27.95025
2025,7,13,16,32.58614
2025,7,13,17,37.36376
2025,7,13,18,43.70485
2025,7,13,19,53.06166
2025,7,13,20,65.82623
2025,7,13,21,63.19418
2025,7,13,22,56.76425
2025,7,13,23,47.18148
2025,7,13,24,45.61239
2025,7,14,1,47.7555
2025,7,14,2,46.15186
2025,7,14,3,44.36524
2025,7,14,4,44.07986
2025,7,14,5,42.74929
2025,7,14,6,49.23737
2025,7,14,7,49.59948
2025,7,14,8,34.10686
2025,7,14,9,33.11968
2025,7,14,10,32.95788
2025,7,14,11,32.79093
2025,7,14,12,32.81902
2025,7,14,13,33.93785
2025,7,14,14,35.20997
2025,7,14,15,36.03
2025,7,14,16,39.45304
2025,7,14,17,45.29431
2025,7,14,18,50.59976
2025,7,14,19,58.85646
2025,7,14,20,69.67501
2025,7,14,21,65.90321
2025,7,14,22,58.41241
2025,7,14,23,52.09585
2025,7,14,24,48.50365
2025,7,15,1,48.78402
2025,7,15,2,46.7752
2025,7,15,3,45.67586
2025,7,15,4,45.84056
2025,7,15,5,44.32984
2025,7,15,6,51.129
2025,7,15,7,48.05966
2025,7,15,8,36.68083
2025,7,15,9,33.2787
2025,7,15,10,32.95746
2025,7,15,11,32.46073
2025,7,15,12,32.53692
2025,7,15,13,31.61684
2025,7,15,14,31.62506
2025,7,15,15,32.09684
2025,7,15,16,34.41447
2025,7,15,17,35.2
2025,7,15,18,44.2106
2025,7,15,19,52.27507
2025,7,15,20,62.41897
2025,7,15,21,57.86531
2025,7,15,22,54.85119
2025,7,15,23,50.92934
2025,7,15,24,49.92662
2025,7,16,1,48.86911
2025,7,16,2,48.12384
2025,7,16,3,45.46317
2025,7,16,4,45.70756
2025,7,16,5,45.71211
2025,7,16,6,48.94251
2025,7,16,7,48.03516
2025,7,16,8,37.34506
2025,7,16,9,33.74685
2025,7,16,10,33.95946
2025,7,16,11,33.69485
2025,7,16,12,33.49807
2025,7,16,13,33.80738
2025,7,16,14,34.1434
2025,7,16,15,33.09629
2025,7,16,16,33.55143
2025,7,16,17,36.17211
2025,7,16,18,43.26853
2025,7,16,19,50.50212
2025,7,16,20,57.47673
2025,7,16,21,57.32011
2025,7,16,22,56.20265
2025,7,16,23,49.92331
2025,7,16,24,48.43654
2025,7,17,1,45.0676
2025,7,17,2,45.75944
2025,7,17,3,43.14204
2025,7,17,4,41.81586
2025,7,17,5,46.51402
2025,7,17,6,48.10272
2025,7,17,7,46.70585
2025,7,17,8,36.35476
2025,7,17,9,34.91584
2025,7,17,10,34.75977
2025,7,17,11,33.38395
2025,7,17,12,34.25208
2025,7,17,13,33.96561
2025,7,17,14,34.16408
2025,7,17,15,34.24032
2025,7,17,16,34.78124
2025,7,17,17,35.27324
2025,7,17,18,40.21777
2025,7,17,19,49.40809
2025,7,17,20,55.18414
2025,7,17,21,54.55771
2025,7,17,22,51.41773
2025,7,17,23,49.93267
2025,7,17,24,48.35568
2025,7,18,1,48.22433
2025,7,18,2,46.28125
2025,7,18,3,46.115
2025,7,18,4,44.7363
2025,7,18,5,46.0675
2025,7,18,6,45.96816
2025,7,18,7,45.47567
2025,7,18,8,35.35075
2025,7,18,9,33.9926
2025,7,18,10,34.7125
2025,7,18,11,34.57794
2025,7,18,12,34.09608
2025,7,18,13,34.38834
2025,7,18,14,34.5115
2025,7,18,15,35.15336
2025,7,18,16,35.34085
2025,7,18,17,36.1117
2025,7,18,18,40.49482
2025,7,18,19,48.87234
2025,7,18,20,51.79234
2025,7,18,21,50.9442
2025,7,18,22,49.73515
2025,7,18,23,48.84695
2025,7,18,24,48.61273
2025,7,19,1,45.85841
2025,7,19,2,43.50312
2025,7,19,3,41.82047
2025,7,19,4,40.01188
2025,7,19,5,41.61536
2025,7,19,6,44.42963
2025,7,19,7,40.71332
2025,7,19,8,24.67406
2025,7,19,9,22.42345
2025,7,19,10,22.41695
2025,7,19,11,22.31784
2025,7,19,12,22.35476
2025,7,19,13,21.88988
2025,7,19,14,22.20987
2025,7,19,15,23.28942
2025,7,19,16,31.11603
2025,7,19,17,33.687
2025,7,19,18,37.86116
2025,7,19,19,46.27264
2025,7,19,20,49.0214
2025,7,19,21,49.57506
2025,7,19,22,48.25546
2025,7,19,23,46.90977
2025,7,19,24,45.7582
2025,7,20,1,44.80289
2025,7,20,2,44.29193
2025,7,20,3,43.27261
2025,7,20,4,41.55289
2025,7,20,5,41.13124
2025,7,20,6,41.68905
2025,7,20,7,38.21101
2025,7,20,8,23.44407
2025,7,20,9,20.97712
2025,7,20,10,21.00682
2025,7,20,11,20.06018
2025,7,20,12,20.95754
2025,7,20,13,20.89866
2025,7,20,14,21.14074
2025,7,20,15,24.99792
2025,7,20,16,28.30758
2025,7,20,17,32.58343
2025,7,20,18,36.9906
2025,7,20,19,45.29828
2025,7,20,20,47.7251
2025,7,20,21,48.17924
2025,7,20,22,47.136
2025,7,20,23,45.22983
2025,7,20,24,44.91548
2025,7,21,1,44.68673
2025,7,21,2,42.7639
2025,7,21,3,45.03714
2025,7,21,4,45.87533
2025,7,21,5,47.03749
2025,7,21,6,47.49151
2025,7,21,7,46.64083
2025,7,21,8,31.5672
2025,7,21,9,32.00991
2025,7,21,10,31.28132
2025,7,21,11,30.81858
2025,7,21,12,31.36266
2025,7,21,13,31.11417
2025,7,21,14,31.34236
2025,7,21,15,31.97861
2025,7,21,16,34.80585
2025,7,21,17,32.36764
2025,7,21,18,38.37488
2025,7,21,19,45.8845
2025,7,21,20,51.37265
2025,7,21,21,50.3684
2025,7,21,22,50.4932
2025,7,21,23,45.29286
2025,7,21,24,46.39643
2025,7,22,1,43.77082
2025,7,22,2,43.70442
2025,7,22,3,42.43081
2025,7,22,4,41.8285
2025,7,22,5,43.54563
2025,7,22,6,43.93068
2025,7,22,7,43.22321
2025,7,22,8,30.90578
2025,7,22,9,26.0448
2025,7,22,10,26.08839
2025,7,22,11,25.45479
2025,7,22,12,25.56084
2025,7,22,13,23.68967
2025,7,22,14,25.68576
2025,7,22,15,26.48762
2025,7,22,16,25.40591
2025,7,22,17,27.10613
2025,7,22,18,30.13669
2025,7,22,19,43.20345
2025,7,22,20,47.10765
2025,7,22,21,47.20445
2025,7,22,22,45.74217
2025,7,22,23,45.12261
2025,7,22,24,44.87574
2025,7,23,1,44.72998
2025,7,23,2,43.0907
2025,7,23,3,39.58916
2025,7,23,4,40.04341
2025,7,23,5,42.94246
2025,7,23,6,44.52279
2025,7,23,7,42.50345
2025,7,23,8,28.44679
2025,7,23,9,26.62016
2025,7,23,10,26.70662
2025,7,23,11,26.7157
2025,7,23,12,26.57547
2025,7,23,13,25.60285
2025,7,23,14,26.79313
2025,7,23,15,27.55263
2025,7,23,16,28.11595
2025,7,23,17,27.3513
2025,7,23,18,31.77691
2025,7,23,19,43.76723
2025,7,23,20,46.25013
2025,7,23,21,46.13239
2025,7,23,22,45.16332
2025,7,23,23,44.05748
2025,7,23,24,43.98914
2025,7,24,1,44.58592
2025,7,24,2,44.00295
2025,7,24,3,41.49338
2025,7,24,4,41.11502
2025,7,24,5,41.51239
2025,7,24,6,42.35209
2025,7,24,7,41.17151
2025,7,24,8,29.22905
2025,7,24,9,27.27995
2025,7,24,10,26.40592
2025,7,24,11,24.79592
2025,7,24,12,25.19854
2025,7,24,13,25.72753
2025,7,24,14,26.02829
2025,7,24,15,26.06691
2025,7,24,16,27.87489
2025,7,24,17,29.10482
2025,7,24,18,33.65519
2025,7,24,19,42.82928
2025,7,24,20,45.68582
2025,7,24,21,45.86297
2025,7,24,22,44.35091
2025,7,24,23,42.22018
2025,7,24,24,41.32188
2025,7,25,1,40.64778
2025,7,25,2,38.64372
2025,7,25,3,38.04948
2025,7,25,4,37.18756
2025,7,25,5,38.24239
2025,7,25,6,38.69603
2025,7,25,7,40.73192
2025,7,25,8,28.35726
2025,7,25,9,26.03019
2025,7,25,10,25.65317
2025,7,25,11,23.68408
2025,7,25,12,24.97163
2025,7,25,13,24.74078
2025,7,25,14,25.0922
2025,7,25,15,25.74033
2025,7,25,16,26.21293
2025,7,25,17,22.1793
2025,7,25,18,26.65126
2025,7,25,19,39.68939
2025,7,25,20,43.86732
2025,7,25,21,42.51864
2025,7,25,22,40.83613
2025,7,25,23,40.14421
2025,7,25,24,39.80449
2025,7,26,1,39.30969
2025,7,26,2,37.70179
2025,7,26,3,36.8133
2025,7,26,4,36.10783
2025,7,26,5,36.107
2025,7,26,6,36.50617
2025,7,26,7,34.57484
2025,7,26,8,12.70072
2025,7,26,9,5.83612
2025,7,26,10,6.42444
2025,7,26,11,4.36252
2025,7,26,12,4.32954
2025,7,26,13,4.28991
2025,7,26,14,4.34837
2025,7,26,15,4.90506
2025,7,26,16,5.51557
2025,7,26,17,7.44298
2025,7,26,18,15.21702
2025,7,26,19,37.48557
2025,7,26,20,40.8842
2025,7,26,21,41.17223
2025,7,26,22,39.35593
2025,7,26,23,38.28251
2025,7,26,24,37.84841
2025,7,27,1,37.90418
2025,7,27,2,37.29384
2025,7,27,3,36.33427
2025,7,27,4,35.25921
2025,7,27,5,35.99026
2025,7,27,6,34.82822
2025,7,27,7,31.34084
2025,7,27,8,10.90477
2025,7,27,9,6.74401
2025,7,27,10,6.79813
2025,7,27,11,5.32371
2025,7,27,12,5.35562
2025,7,27,13,5.28385
2025,7,27,14,6.19076
2025,7,27,15,6.86636
2025,7,27,16,10.39488
2025,7,27,17,14.76122
2025,7,27,18,28.13697
2025,7,27,19,40.54092
2025,7,27,20,43.79838
2025,7,27,21,43.68453
2025,7,27,22,41.54907
2025,7,27,23,40.00884
2025,7,27,24,39.61582
2025,7,28,1,40.8062
2025,7,28,2,39.33437
2025,7,28,3,38.59521
2025,7,28,4,38.6627
2025,7,28,5,38.84848
2025,7,28,6,40.21504
2025,7,28,7,47.75695
2025,7,28,8,32.00205
2025,7,28,9,29.24153
2025,7,28,10,29.63597
2025,7,28,11,28.63782
2025,7,28,12,28.61721
2025,7,28,13,28.65967
2025,7,28,14,29.05631
2025,7,28,15,32.13365
2025,7,28,16,34.73885
2025,7,28,17,34.90807
2025,7,28,18,40.63625
2025,7,28,19,46.94048
2025,7,28,20,56.60377
2025,7,28,21,54.05715
2025,7,28,22,50.11526
2025,7,28,23,45.15047
2025,7,28,24,42.87471
2025,7,29,1,44.17639
2025,7,29,2,41.72936
2025,7,29,3,39.07386
2025,7,29,4,38.83908
2025,7,29,5,40.73779
2025,7,29,6,40.87445
2025,7,29,7,45.24549
2025,7,29,8,31.33475
2025,7,29,9,28.44343
2025,7,29,10,28.78341
2025,7,29,11,28.58798
2025,7,29,12,29.72322
2025,7,29,13,30.12303
2025,7,29,14,31.90441
2025,7,29,15,34.89693
2025,7,29,16,37.61695
2025,7,29,17,35.84611
2025,7,29,18,40.65578
2025,7,29,19,46.91467
2025,7,29,20,58.61996
2025,7,29,21,56.31373
2025,7,29,22,47.1117
2025,7,29,23,42.91765
2025,7,29,24,42.64853
2025,7,30,1,43.04
2025,7,30,2,41.95766
2025,7,30,3,40.02401
2025,7,30,4,39.75541
2025,7,30,5,40.90307
2025,7,30,6,41.86114
2025,7,30,7,43.82021
2025,7,30,8,31.35062
2025,7,30,9,28.028
2025,7,30,10,27.99894
2025,7,30,11,27.01397
2025,7,30,12,27.595
2025,7,30,13,28.03587
2025,7,30,14,28.72592
2025,7,30,15,31.44875
2025,7,30,16,33.98665
2025,7,30,17,36.50417
2025,7,30,18,39.8773
2025,7,30,19,47.31227
2025,7,30,20,54.66336
2025,7,30,21,53.69584
2025,7,30,22,47.78325
2025,7,30,23,46.10996
2025,7,30,24,44.7596
2025,8,1,1,44.04969
2025,8,1,2,42.03156
2025,8,1,3,39.73734
2025,8,1,4,39.45674
2025,8,1,5,40.90023
2025,8,1,6,41.55275
2025,8,1,7,44.51494
2025,8,1,8,30.50556
2025,8,1,9,27.27134
2025,8,1,10,27.2148
2025,8,1,11,26.8009
2025,8,1,12,26.95732
2025,8,1,13,27.29634
2025,8,1,14,27.68201
2025,8,1,15,28.6436
2025,8,1,16,30.84441
2025,8,1,17,31.29475
2025,8,1,18,38.46368
2025,8,1,19,44.36414
2025,8,1,20,47.86882
2025,8,1,21,47.57408
2025,8,1,22,44.5914
2025,8,1,23,43.6872
2025,8,1,24,42.9596
2025,8,2,1,42.75136
2025,8,2,2,40.37095
2025,8,2,3,40.35429
2025,8,2,4,39.23946
2025,8,2,5,39.62155
2025,8,2,6,39.6638
2025,8,2,7,36.93083
2025,8,2,8,15.76345
2025,8,2,9,14.32825
2025,8,2,10,14.49558
2025,8,2,11,13.56758
2025,8,2,12,13.94119
2025,8,2,13,14.33605
2025,8,2,14,14.63274
2025,8,2,15,16.95674
2025,8,2,16,21.91839
2025,8,2,17,27.96996
2025,8,2,18,33.74969
2025,8,2,19,42.6149
2025,8,2,20,48.37957
2025,8,2,21,48.10554
2025,8,2,22,43.17668
2025,8,2,23,42.19203
2025,8,2,24,41.71455
2025,8,3,1,41.85337
2025,8,3,2,40.95744
2025,8,3,3,37.49743
2025,8,3,4,36.49557
2025,8,3,5,35.86576
2025,8,3,6,33.73786
2025,8,3,7,31.57573
2025,8,3,8,15.31846
2025,8,3,9,9.76236
2025,8,3,10,10.84505
2025,8,3,11,7.54078
2025,8,3,12,8.61015
2025,8,3,13,8.85599
2025,8,3,14,10.46821
2025,8,3,15,13.56542
2025,8,3,16,17.54948
2025,8,3,17,20.46619
2025,8,3,18,28.7138
2025,8,3,19,40.64474
2025,8,3,20,46.49709
2025,8,3,21,45.724
2025,8,3,22,43.21537
2025,8,3,23,40.23378
2025,8,3,24,39.5022
2025,8,4,1,37.15031
2025,8,4,2,37.13587
2025,8,4,3,35.42123
2025,8,4,4,35.30798
2025,8,4,5,37.17077
2025,8,4,6,39.19516
2025,8,4,7,39.57534
2025,8,4,8,27.299
2025,8,4,9,24.03382
2025,8,4,10,26.11017
2025,8,4,11,24.89532
2025,8,4,12,25.61716
2025,8,4,13,26.10225
2025,8,4,14,25.623
2025,8,4,15,27.22965
2025,8,4,16,32.41346
2025,8,4,17,35.62014
2025,8,4,18,40.23838
2025,8,4,19,45.25529
2025,8,4,20,50.77221
2025,8,4,21,49.5854
2025,8,4,22,45.26252
2025,8,4,23,43.82664
2025,8,4,24,42.82504
2025,8,5,1,45.40655
2025,8,5,2,42.38847
2025,8,5,3,41.47303
2025,8,5,4,40.25125
2025,8,5,5,40.9948
2025,8,5,6,42.08833
2025,8,5,7,43.0611
2025,8,5,8,31.66356
2025,8,5,9,27.66139
2025,8,5,10,27.40031
2025,8,5,11,26.03637
2025,8,5,12,27.49649
2025,8,5,13,27.79286
2025,8,5,14,27.85253
2025,8,5,15,30.37784
2025,8,5,16,34.53429
2025,8,5,17,38.75907
2025,8,5,18,41.86398
2025,8,5,19,50.977
2025,8,5,20,57.37014
2025,8,5,21,54.69242
2025,8,5,22,51.41979
2025,8,5,23,48.72745
2025,8,5,24,46.73013
2025,8,6,1,43.61275
2025,8,6,2,43.12387
2025,8,6,3,39.83054
2025,8,6,4,38.70744
2025,8,6,5,41.81476
2025,8,6,6,42.31601
2025,8,6,7,43.9963
2025,8,6,8,33.72881
2025,8,6,9,31.96685
2025,8,6,10,31.42021
2025,8,6,11,31.27287
2025,8,6,12,32.55686
2025,8,6,13,33.03237
2025,8,6,14,33.9893
2025,8,6,15,37.79868
2025,8,6,16,43.32426
2025,8,6,17,45.04538
2025,8,6,18,52.02579
2025,8,6,19,58.98325
2025,8,6,20,69.71335
2025,8,6,21,64.17233
2025,8,6,22,56.14658
2025,8,6,23,47.6123
2025,8,6,24,45.14012
2025,8,7,1,42.70218
2025,8,7,2,41.15782
2025,8,7,3,39.512
2025,8,7,4,39.12698
2025,8,7,5,38.81353
2025,8,7,6,39.51224
2025,8,7,7,43.79711
2025,8,7,8,35.71429
2025,8,7,9,32.90757
2025,8,7,10,33.0517
2025,8,7,11,31.84713
2025,8,7,12,33.76318
2025,8,7,13,34.38884
2025,8,7,14,36.50267
2025,8,7,15,40.5496
2025,8,7,16,43.06943
2025,8,7,17,46.8837
2025,8,7,18,58.58915
2025,8,7,19,68.24649
2025,8,7,20,78.1496
2025,8,7,21,67.03873
2025,8,7,22,58.75955
2025,8,7,23,53.51258
2025,8,7,24,45.98078
2025,8,8,1,43.04315
2025,8,8,2,42.39434
2025,8,8,3,41.76479
2025,8,8,4,40.74227
2025,8,8,5,41.20573
2025,8,8,6,42.57908
2025,8,8,7,43.68175
2025,8,8,8,35.39207
2025,8,8,9,33.82537
2025,8,8,10,33.65579
2025,8,8,11,33.5377
2025,8,8,12,34.39924
2025,8,8,13,35.0701
2025,8,8,14,35.45384
2025,8,8,15,37.71192
2025,8,8,16,40.74755
2025,8,8,17,43.68186
2025,8,8,18,50.89341
2025,8,8,19,59.17909
2025,8,8,20,70.71695
2025,8,8,21,62.32464
2025,8,8,22,55.96395
2025,8,8,23,50.09534
2025,8,8,24,44.95854
2025,8,9,1,43.51345
2025,8,9,2,42.48082
2025,8,9,3,42.48082
2025,8,9,4,41.85577
2025,8,9,5,41.64166
2025,8,9,6,41.71777
2025,8,9,7,41.08559
2025,8,9,8,28.29309
2025,8,9,9,27.8472
2025,8,9,10,27.60502
2025,8,9,11,27.0953
2025,8,9,12,28.05035
2025,8,9,13,27.96369
2025,8,9,14,28.47434
2025,8,9,15,29.91588
2025,8,9,16,34.30032
2025,8,9,17,37.16106
2025,8,9,18,43.95816
2025,8,9,19,47.37843
2025,8,9,20,54.62968
2025,8,9,21,51.07829
2025,8,9,22,45.25
2025,8,9,23,43.99968
2025,8,9,24,44.02443
2025,8,10,1,43.87854
2025,8,10,2,44.70958
2025,8,10,3,41.3154
2025,8,10,4,41.3154
2025,8,10,5,40.0819
2025,8,10,6,40.0819
2025,8,10,7,39.62
2025,8,10,8,26.31839
2025,8,10,9,26.03945
2025,8,10,10,26.24656
2025,8,10,11,26.35335
2025,8,10,12,26.43403
2025,8,10,13,25.43217
2025,8,10,14,26.8633
2025,8,10,15,27.44343
2025,8,10,16,30.58409
2025,8,10,17,35.97092
2025,8,10,18,44.98212
2025,8,10,19,52.89616
2025,8,10,20,59.34
2025,8,10,21,56.28
2025,8,10,22,51.1
2025,8,10,23,47.68107
2025,8,10,24,45.00799
2025,8,11,1,42.16222
2025,8,11,2,42.12389
2025,8,11,3,40.92314
2025,8,11,4,39.05518
2025,8,11,5,41.02804
2025,8,11,6,43.8794
2025,8,11,7,43.78524
2025,8,11,8,33.96504
2025,8,11,9,30.36709
2025,8,11,10,31.35679
2025,8,11,11,31.3801
2025,8,11,12,31.99942
2025,8,11,13,32.61729
2025,8,11,14,33.59311
2025,8,11,15,36.58556
2025,8,11,16,39.26867
2025,8,11,17,41.36844
2025,8,11,18,47.02256
2025,8,11,19,56.81631
2025,8,11,20,68.70258
2025,8,11,21,62.98034
2025,8,11,22,56.89792
2025,8,11,23,49.93579
2025,8,11,24,47.45065
2025,8,12,1,42.97064
2025,8,12,2,42.66721
2025,8,12,3,39.89674
2025,8,12,4,39.47798
2025,8,12,5,40.12226
2025,8,12,6,43.04323
2025,8,12,7,46.38231
2025,8,12,8,36.11796
2025,8,12,9,33.80548
2025,8,12,10,33.41315
2025,8,12,11,32.62574
2025,8,12,12,33.00323
2025,8,12,13,33.99635
2025,8,12,14,34.85175
2025,8,12,15,37.05589
2025,8,12,16,42.90413
2025,8,12,17,45.0297
2025,8,12,18,47.80533
2025,8,12,19,55.22088
2025,8,12,20,62.0804
2025,8,12,21,55.70268
2025,8,12,22,51.18856
2025,8,12,23,44.95504
2025,8,12,24,44.50815
2025,8,13,1,40.87468
2025,8,13,2,39.23188
2025,8,13,3,38.75393
2025,8,13,4,38.35795
2025,8,13,5,39.63887
2025,8,13,6,42.78797
2025,8,13,7,43.90064
2025,8,13,8,35.00463
2025,8,13,9,32.62385
2025,8,13,10,32.29754
2025,8,13,11,30.95397
2025,8,13,12,31.13945
2025,8,13,13,32.33199
2025,8,13,14,34.29567
2025,8,13,15,37.61356
2025,8,13,16,39.79616
2025,8,13,17,38.16432
2025,8,13,18,43.99406
2025,8,13,19,46.08057
2025,8,13,20,50.87
2025,8,13,21,48.08468
2025,8,13,22,45.86125
2025,8,13,23,45.09617
2025,8,13,24,43.21686
2025,8,14,1,43.88812
2025,8,14,2,42.06541
2025,8,14,3,42.10461
2025,8,14,4,41.23439
2025,8,14,5,44.12911
2025,8,14,6,45.91626
2025,8,14,7,45.19363
2025,8,14,8,33.67559
2025,8,14,9,28.89094
2025,8,14,10,28.48829
2025,8,14,11,27.56937
2025,8,14,12,27.94179
2025,8,14,13,28.57441
2025,8,14,14,29.07333
2025,8,14,15,31.30821
2025,8,14,16,35.5172
2025,8,14,17,36.8784
2025,8,14,18,41.67573
2025,8,14,19,47.70575
2025,8,14,20,51.27558
2025,8,14,21,49.865
2025,8,14,22,47.98484
2025,8,14,23,46.26784
2025,8,14,24,45.4346
2025,8,15,1,42.73336
2025,8,15,2,39.00801
2025,8,15,3,37.84742
2025,8,15,4,37.77823
2025,8,15,5,39.32062
2025,8,15,6,43.55894
2025,8,15,7,43.84065
2025,8,15,8,34.08489
2025,8,15,9,28.81502
2025,8,15,10,28.09517
2025,8,15,11,27.88621
2025,8,15,12,28.21272
2025,8,15,13,28.68479
2025,8,15,14,28.83912
2025,8,15,15,29.47865
2025,8,15,16,31.57562
2025,8,15,17,33.92413
2025,8,15,18,40.83522
2025,8,15,19,44.52429
2025,8,15,20,46.95439
2025,8,15,21,45.97275
2025,8,15,22,43.97134
2025,8,15,23,43.17334
2025,8,15,24,42.56247
2025,8,16,1,41.98592
2025,8,16,2,41.78259
2025,8,16,3,40.66075
2025,8,16,4,40.50488
2025,8,16,5,40.67712
2025,8,16,6,42.18796
2025,8,16,7,40.11352
2025,8,16,8,27.74876
2025,8,16,9,19.50201
2025,8,16,10,19.2111
2025,8,16,11,18.89652
2025,8,16,12,19.72921
2025,8,16,13,19.21354
2025,8,16,14,19.20712
2025,8,16,15,19.64857
2025,8,16,16,20.21936
2025,8,16,17,22.30057
2025,8,16,18,31.43504
2025,8,16,19,40.99841
2025,8,16,20,41.66051
2025,8,16,21,41.55193
2025,8,16,22,40.44633
2025,8,16,23,40.17351
2025,8,16,24,39.75542
2025,8,17,1,42.52944
2025,8,17,2,44.24742
2025,8,17,3,42.12212
2025,8,17,4,41.04248
2025,8,17,5,41.98546
2025,8,17,6,41.46345
2025,8,17,7,39.89165
2025,8,17,8,22.80814
2025,8,17,9,14.92201
2025,8,17,10,14.52004
2025,8,17,11,13.34504
2025,8,17,12,12.83742
2025,8,17,13,12.91005
2025,8,17,14,12.71895
2025,8,17,15,14.01356
2025,8,17,16,16.09461
2025,8,17,17,21.71032
2025,8,17,18,35.39244
2025,8,17,19,46.54069
2025,8,17,20,47.2407
2025,8,17,21,47.1995
2025,8,17,22,46.62369
2025,8,17,23,46.059
2025,8,17,24,45.1815
2025,8,18,1,45.28753
2025,8,18,2,44.35072
2025,8,18,3,43.06931
2025,8,18,4,42.1179
2025,8,18,5,42.60673
2025,8,18,6,43.53768
2025,8,18,7,44.82855
2025,8,18,8,34.62687
2025,8,18,9,28.14622
2025,8,18,10,27.80032
2025,8,18,11,26.46513
2025,8,18,12,26.22033
2025,8,18,13,26.27648
2025,8,18,14,27.21704
2025,8,18,15,27.67527
2025,8,18,16,30.54208
2025,8,18,17,31.86365
2025,8,18,18,41.34953
2025,8,18,19,48.94273
2025,8,18,20,53.28397
2025,8,18,21,51.08778
2025,8,18,22,47.62138
2025,8,18,23,47.02064
2025,8,18,24,45.65917
2025,8,19,1,49.21698
2025,8,19,2,45.35098
2025,8,19,3,42.39331
2025,8,19,4,41.95538
2025,8,19,5,42.4087
2025,8,19,6,45.68718
2025,8,19,7,49.50976
2025,8,19,8,38.93417
2025,8,19,9,32.01364
2025,8,19,10,30.65609
2025,8,19,11,29.51072
2025,8,19,12,31.0691
2025,8,19,13,31.28334
2025,8,19,14,32.03709
2025,8,19,15,34.00007
2025,8,19,16,41.22235
2025,8,19,17,39.04649
2025,8,19,18,46.64613
2025,8,19,19,56.25066
2025,8,19,20,61.17701
2025,8,19,21,56.28258
2025,8,19,22,54.51268
2025,8,19,23,51.90543
2025,8,19,24,46.53537
2025,8,20,1,44.54894
2025,8,20,2,42.12534
2025,8,20,3,41.53546
2025,8,20,4,41.2444
2025,8,20,5,41.86996
2025,8,20,6,46.33663
2025,8,20,7,49.73184
2025,8,20,8,39.87366
2025,8,20,9,35.97256
2025,8,20,10,35.40965
2025,8,20,11,36.74273
2025,8,20,12,37.27527
2025,8,20,13,38.69821
2025,8,20,14,40.9765
2025,8,20,15,45.19067
2025,8,20,16,50.1312
2025,8,20,17,52.20515
2025,8,20,18,56.57689
2025,8,20,19,66.055
2025,8,20,20,67.07043
2025,8,20,21,62.43252
2025,8,20,22,57.67406
2025,8,20,23,53.77784
2025,8,20,24,48.47121
2025,8,21,1,51.62129
2025,8,21,2,48.54403
2025,8,21,3,45.97255
2025,8,21,4,46.04064
2025,8,21,5,46.50363
2025,8,21,6,51.08275
2025,8,21,7,54.32195
2025,8,21,8,45.04179
2025,8,21,9,39.3516
2025,8,21,10,39.55443
2025,8,21,11,39.48472
2025,8,21,12,42.44
2025,8,21,13,45.67245
2025,8,21,14,49.954
2025,8,21,15,54.70266
2025,8,21,16,62.83579
2025,8,21,17,69.12829
2025,8,21,18,72.20825
2025,8,21,19,97.78502
2025,8,21,20,107.01821
2025,8,21,21,87.35131
2025,8,21,22,69.12812
2025,8,21,23,64.21538
2025,8,21,24,55.50621
2025,8,22,1,58.48439
2025,8,22,2,53.77777
2025,8,22,3,50.95517
2025,8,22,4,50.63268
2025,8,22,5,51.02901
2025,8,22,6,54.47308
2025,8,22,7,60.97528
2025,8,22,8,51.28971
2025,8,22,9,48.45102
2025,8,22,10,49.69263
2025,8,22,11,50.19557
2025,8,22,12,48.53157
2025,8,22,13,50.70671
2025,8,22,14,53.80974
2025,8,22,15,59.93677
2025,8,22,16,65.63651
2025,8,22,17,66.29239
2025,8,22,18,74.0269
2025,8,22,19,100.21409
2025,8,22,20,116.66917
2025,8,22,21,90.0984
2025,8,22,22,72.91654
2025,8,22,23,63.33452
2025,8,22,24,59.95257
2025,8,23,1,58.3058
2025,8,23,2,54.61443
2025,8,23,3,49.80758
2025,8,23,4,48.12608
2025,8,23,5,48.44782
2025,8,23,6,47.06583
2025,8,23,7,47.25507
2025,8,23,8,45.02251
2025,8,23,9,42.47374
2025,8,23,10,43.75726
2025,8,23,11,45.71694
2025,8,23,12,46.06324
2025,8,23,13,46.50734
2025,8,23,14,48.79245
2025,8,23,15,51.42774
2025,8,23,16,57.48965
2025,8,23,17,59.07542
2025,8,23,18,64.03564
2025,8,23,19,74.67
2025,8,23,20,84.14
2025,8,23,21,70.11272
2025,8,23,22,65.81262
2025,8,23,23,61.58317
2025,8,23,24,52.85976
2025,8,24,1,53.12971
2025,8,24,2,53.12403
2025,8,24,3,50.57369
2025,8,24,4,46.32985
2025,8,24,5,46.32985
2025,8,24,6,44.66
2025,8,24,7,44.66
2025,8,24,8,38.8
2025,8,24,9,35.0
2025,8,24,10,33.73887
2025,8,24,11,33.1336
2025,8,24,12,36.27077
2025,8,24,13,38.04373
2025,8,24,14,41.39064
2025,8,24,15,44.55035
2025,8,24,16,48.40259
2025,8,24,17,54.66277
2025,8,24,18,61.65012
2025,8,24,19,78.40912
2025,8,24,20,80.03393
2025,8,24,21,69.3324
2025,8,24,22,65.0
2025,8,24,23,59.825
2025,8,24,24,56.42274
2025,8,25,1,52.71703
2025,8,25,2,48.58319
2025,8,25,3,47.86997
2025,8,25,4,47.26336
2025,8,25,5,47.86367
2025,8,25,6,47.86367
2025,8,25,7,58.74
2025,8,25,8,47.86367
2025,8,25,9,43.32
2025,8,25,10,45.18131
2025,8,25,11,46.18469
2025,8,25,12,46.88537
2025,8,25,13,47.96277
2025,8,25,14,51.46191
2025,8,25,15,59.28876
2025,8,25,16,62.50747
2025,8,25,17,64.22543
2025,8,25,18,67.18117
2025,8,25,19,83.1341
2025,8,25,20,80.58632
2025,8,25,21,72.7181
2025,8,25,22,67.69791
2025,8,25,23,60.72512
2025,8,25,24,57.61755
2025,8,26,1,50.8627
2025,8,26,2,48.687
2025,8,26,3,47.07389
2025,8,26,4,45.5632
2025,8,26,5,45.78004
2025,8,26,6,47.14339
2025,8,26,7,55.15757
2025,8,26,8,48.55591
2025,8,26,9,44.90493
2025,8,26,10,44.8842
2025,8,26,11,43.25811
2025,8,26,12,43.34117
2025,8,26,13,44.34875
2025,8,26,14,45.44664
2025,8,26,15,49.43004
2025,8,26,16,54.55488
2025,8,26,17,55.04596
2025,8,26,18,60.43958
2025,8,26,19,64.12712
2025,8,26,20,67.55047
2025,8,26,21,63.4488
2025,8,26,22,60.84256
2025,8,26,23,55.31303
2025,8,26,24,50.49011
2025,8,27,1,47.55829
2025,8,27,2,45.08839
2025,8,27,3,44.87539
2025,8,27,4,44.00189
2025,8,27,5,44.74316
2025,8,27,6,46.16527
2025,8,27,7,48.57751
2025,8,27,8,43.51486
2025,8,27,9,34.23295
2025,8,27,10,33.01756
2025,8,27,11,32.46095
2025,8,27,12,33.5988
2025,8,27,13,34.36065
2025,8,27,14,35.50965
2025,8,27,15,39.01127
2025,8,27,16,43.98292
2025,8,27,17,47.22696
2025,8,27,18,53.5982
2025,8,27,19,56.51252
2025,8,27,20,59.71959
2025,8,27,21,56.4938
2025,8,27,22,54.29929
2025,8,27,23,53.45972
2025,8,27,24,50.30173
2025,8,28,1,46.58486
2025,8,28,2,44.90749
2025,8,28,3,44.43308
2025,8,28,4,44.54992
2025,8,28,5,44.52732
2025,8,28,6,45.31631
2025,8,28,7,50.23435
2025,8,28,8,45.51873
2025,8,28,9,43.40111
2025,8,28,10,40.90127
2025,8,28,11,40.87302
2025,8,28,12,41.26702
2025,8,28,13,41.5474
2025,8,28,14,43.51257
2025,8,28,15,44.41252
2025,8,28,16,51.27112
2025,8,28,17,52.23873
2025,8,28,18,57.68431
2025,8,28,19,60.06737
2025,8,28,20,60.48742
2025,8,28,21,59.12664
2025,8,28,22,57.39423
2025,8,28,23,56.35655
2025,8,28,24,48.69346
2025,8,29,1,45.83549
2025,8,29,2,43.14197
2025,8,29,3,41.9443
2025,8,29,4,41.70129
2025,8,29,5,42.8412
2025,8,29,6,43.86026
2025,8,29,7,45.46824
2025,8,29,8,39.41385
2025,8,29,9,30.38968
2025,8,29,10,30.57642
2025,8,29,11,29.66732
2025,8,29,12,30.19782
2025,8,29,13,31.57653
2025,8,29,14,33.0927
2025,8,29,15,34.18651
2025,8,29,16,37.15783
2025,8,29,17,39.96829
2025,8,29,18,51.50963
2025,8,29,19,59.7602
2025,8,29,20,59.86573
2025,8,29,21,56.21407
2025,8,29,22,55.2622
2025,8,29,23,54.47702
2025,8,29,24,50.63443
2025,8,30,1,45.63604
2025,8,30,2,45.17128
2025,8,30,3,42.08974
2025,8,30,4,43.55915
2025,8,30,5,44.90618
2025,8,30,6,45.04342
2025,8,30,7,45.18564
2025,8,30,8,33.41764
2025,8,30,9,26.58154
2025,8,30,10,26.70507
2025,8,30,11,25.84205
2025,8,30,12,28.0041
2025,8,30,13,28.43805
2025,8,30,14,29.52262
2025,8,30,15,31.51769
2025,8,30,16,36.50936
2025,8,30,17,41.81745
2025,8,30,18,50.4698
2025,8,30,19,57.26294
2025,8,30,20,65.65483
2025,8,30,21,55.22488
2025,8,30,22,53.86286
2025,8,30,23,52.0665
2025,8,30,24,51.56343
2025,9,1,1,46.71919
2025,9,1,2,42.0468
2025,9,1,3,41.73623
2025,9,1,4,42.34466
2025,9,1,5,42.43719
2025,9,1,6,42.8757
2025,9,1,7,42.62326
2025,9,1,8,34.89784
2025,9,1,9,30.00779
2025,9,1,10,29.14676
2025,9,1,11,29.38661
2025,9,1,12,32.39558
2025,9,1,13,33.27033
2025,9,1,14,36.1735
2025,9,1,15,38.13071
2025,9,1,16,42.53374
2025,9,1,17,50.57028
2025,9,1,18,61.58697
2025,9,1,19,74.16675
2025,9,1,20,74.26486
2025,9,1,21,65.99736
2025,9,1,22,60.27889
2025,9,1,23,59.20833
2025,9,1,24,54.66812
2025,9,2,1,63.81
2025,9,2,2,57.81153
2025,9,2,3,57.40567
2025,9,2,4,56.92573
2025,9,2,5,57.44053
2025,9,2,6,57.84836
2025,9,2,7,65.1046
2025,9,2,8,58.41967
2025,9,2,9,54.16984
2025,9,2,10,52.97113
2025,9,2,11,52.82285
2025,9,2,12,54.15552
2025,9,2,13,55.62379
2025,9,2,14,56.81401
2025,9,2,15,64.59977
2025,9,2,16,69.63122
2025,9,2,17,71.72939
2025,9,2,18,84.14228
2025,9,2,19,103.22691
2025,9,2,20,100.66935
2025,9,2,21,82.9276
2025,9,2,22,72.8819
2025,9,2,23,71.44118
2025,9,2,24,66.31078
2025,9,3,1,69.87952
2025,9,3,2,67.04484
2025,9,3,3,60.68522
2025,9,3,4,57.13108
2025,9,3,5,57.31654
2025,9,3,6,57.99376
2025,9,3,7,68.31567
2025,9,3,8,58.09643
2025,9,3,9,48.52026
2025,9,3,10,47.79887
2025,9,3,11,46.67156
2025,9,3,12,45.34951
2025,9,3,13,48.57469
2025,9,3,14,49.31917
2025,9,3,15,55.37263
2025,9,3,16,63.65676
2025,9,3,17,67.14351
2025,9,3,18,72.8327
2025,9,3,19,95.0
2025,9,3,20,101.58686
2025,9,3,21,82.82893
2025,9,3,22,77.43437
2025,9,3,23,70.44835
2025,9,3,24,65.6964
2025,9,4,1,56.42973
2025,9,4,2,50.29865
2025,9,4,3,49.14005
2025,9,4,4,48.64468
2025,9,4,5,48.78745
2025,9,4,6,49.03885
2025,9,4,7,60.31019
2025,9,4,8,49.23676
2025,9,4,9,41.36725
2025,9,4,10,39.6845
2025,9,4,11,38.23686
2025,9,4,12,39.11049
2025,9,4,13,40.69534
2025,9,4,14,41.89589
2025,9,4,15,44.18303
2025,9,4,16,49.27075
2025,9,4,17,54.27918
2025,9,4,18,63.68775
2025,9,4,19,76.06943
2025,9,4,20,77.08377
2025,9,4,21,70.38604
2025,9,4,22,62.07033
2025,9,4,23,56.88871
2025,9,4,24,52.08294
2025,9,5,1,47.42217
2025,9,5,2,45.79157
2025,9,5,3,44.16868
2025,9,5,4,43.73883
2025,9,5,5,44.35095
2025,9,5,6,48.77142
2025,9,5,7,54.8003
2025,9,5,8,45.5771
2025,9,5,9,36.18448
2025,9,5,10,35.37525
2025,9,5,11,33.90405
2025,9,5,12,34.37151
2025,9,5,13,35.08088
2025,9,5,14,35.85769
2025,9,5,15,37.12753
2025,9,5,16,39.76366
2025,9,5,17,43.71737
2025,9,5,18,54.38242
2025,9,5,19,62.77024
2025,9,5,20,64.15845
2025,9,5,21,58.65224
2025,9,5,22,56.01562
2025,9,5,23,54.44191
2025,9,5,24,53.89164
2025,9,6,1,51.34782
2025,9,6,2,49.01879
2025,9,6,3,47.28737
2025,9,6,4,46.71886
2025,9,6,5,47.02194
2025,9,6,6,46.8518
2025,9,6,7,51.47724
2025,9,6,8,40.95302
2025,9,6,9,27.26833
2025,9,6,10,25.38402
2025,9,6,11,25.18267
2025,9,6,12,25.38526
2025,9,6,13,24.21167
2025,9,6,14,25.74119
2025,9,6,15,27.82501
2025,9,6,16,30.59208
2025,9,6,17,37.45586
2025,9,6,18,50.27426
2025,9,6,19,60.25228
2025,9,6,20,64.26698
2025,9,6,21,58.47967
2025,9,6,22,54.45508
2025,9,6,23,52.25843
2025,9,6,24,51.57377
2025,9,7,1,48.56889
2025,9,7,2,47.88582
2025,9,7,3,46.69137
2025,9,7,4,45.48486
2025,9,7,5,42.38717
2025,9,7,6,46.95824
2025,9,7,7,46.75268
2025,9,7,8,30.00201
2025,9,7,9,21.11028
2025,9,7,10,19.0701
2025,9,7,11,17.73574
2025,9,7,12,19.21731
2025,9,7,13,19.91824
2025,9,7,14,20.64216
2025,9,7,15,21.26324
2025,9,7,16,28.06388
2025,9,7,17,34.78428
2025,9,7,18,46.92332
2025,9,7,19,54.1134
2025,9,7,20,58.22626
2025,9,7,21,54.51836
2025,9,7,22,51.78885
2025,9,7,23,51.1213
2025,9,7,24,49.67064
2025,9,8,1,45.90822
2025,9,8,2,44.58793
2025,9,8,3,43.4014
2025,9,8,4,43.43315
2025,9,8,5,44.65263
2025,9,8,6,46.88792
2025,9,8,7,51.92017
2025,9,8,8,44.34731
2025,9,8,9,29.37676
2025,9,8,10,29.24086
2025,9,8,11,28.96987
2025,9,8,12,29.10448
2025,9,8,13,29.70678
2025,9,8,14,30.10228
2025,9,8,15,30.82693
2025,9,8,16,33.40968
2025,9,8,17,36.0475
2025,9,8,18,48.82989
2025,9,8,19,56.0078
2025,9,8,20,63.90018
2025,9,8,21,58.2263
2025,9,8,22,54.67014
2025,9,8,23,53.66344
2025,9,8,24,50.89517
2025,9,9,1,47.58908
2025,9,9,2,45.71119
2025,9,9,3,44.28698
2025,9,9,4,43.83547
2025,9,9,5,44.79395
2025,9,9,6,45.0
2025,9,9,7,52.21602
2025,9,9,8,44.02458
2025,9,9,9,28.48047
2025,9,9,10,26.35
2025,9,9,11,26.66576
2025,9,9,12,25.95307
2025,9,9,13,25.73321
2025,9,9,14,28.16218
2025,9,9,15,26.42427
2025,9,9,16,29.76076
2025,9,9,17,30.23064
2025,9,9,18,46.46389
2025,9,9,19,49.55759
2025,9,9,20,50.03793
2025,9,9,21,48.47137
2025,9,9,22,46.52338
2025,9,9,23,46.41338
2025,9,9,24,46.90231
2025,9,10,1,45.33509
2025,9,10,2,43.73184
2025,9,10,3,42.07263
2025,9,10,4,42.00103
2025,9,10,5,44.33872
2025,9,10,6,44.09131
2025,9,10,7,49.97458
2025,9,10,8,43.52564
2025,9,10,9,26.86379
2025,9,10,10,25.93903
2025,9,10,11,25.6995
2025,9,10,12,25.40053
2025,9,10,13,23.71892
2025,9,10,14,23.58731
2025,9,10,15,23.7203
2025,9,10,16,23.98031
2025,9,10,17,25.67527
2025,9,10,18,42.68072
2025,9,10,19,50.93071
2025,9,10,20,52.77588
2025,9,10,21,51.11905
2025,9,10,22,50.33284
2025,9,10,23,49.33512
2025,9,10,24,48.07271
2025,9,11,1,46.20552
2025,9,11,2,44.32613
2025,9,11,3,42.67232
2025,9,11,4,42.59011
2025,9,11,5,44.54469
2025,9,11,6,45.32335
2025,9,11,7,51.03986
2025,9,11,8,44.92182
2025,9,11,9,25.83042
2025,9,11,10,24.47289
2025,9,11,11,22.78435
2025,9,11,12,21.65739
2025,9,11,13,21.32158
2025,9,11,14,21.60527
2025,9,11,15,21.29442
2025,9,11,16,21.76849
2025,9,11,17,22.09021
2025,9,11,18,41.30468
2025,9,11,19,51.1618
2025,9,11,20,52.02423
2025,9,11,21,50.53853
2025,9,11,22,49.64621
2025,9,11,23,48.9715
2025,9,11,24,47.656
2025,9,12,1,46.14369
2025,9,12,2,42.93049
2025,9,12,3,42.1601
2025,9,12,4,42.11665
2025,9,12,5,42.55011
2025,9,12,6,45.17506
2025,9,12,7,49.89283
2025,9,12,8,43.65188
2025,9,12,9,24.07174
2025,9,12,10,21.90163
2025,9,12,11,21.55455
2025,9,12,12,21.53214
2025,9,12,13,21.58151
2025,9,12,14,21.4948
2025,9,12,15,21.67501
2025,9,12,16,22.41144
2025,9,12,17,23.63619
2025,9,12,18,43.86174
2025,9,12,19,49.94547
2025,9,12,20,51.16955
2025,9,12,21,49.59868
2025,9,12,22,47.78908
2025,9,12,23,45.97675
2025,9,12,24,43.93305
2025,9,13,1,44.5449
2025,9,13,2,42.99428
2025,9,13,3,42.44284
2025,9,13,4,41.88976
2025,9,13,5,43.00359
2025,9,13,6,43.61785
2025,9,13,7,45.02692
2025,9,13,8,34.33458
2025,9,13,9,15.31526
2025,9,13,10,14.18905
2025,9,13,11,13.67503
2025,9,13,12,13.35936
2025,9,13,13,13.08485
2025,9,13,14,13.26659
2025,9,13,15,13.57827
2025,9,13,16,14.37731
2025,9,13,17,20.86044
2025,9,13,18,41.56848
2025,9,13,19,48.81566
2025,9,13,20,48.49215
2025,9,13,21,47.62369
2025,9,13,22,46.88693
2025,9,13,23,45.98183
2025,9,13,24,45.53386
2025,9,14,1,45.46117
2025,9,14,2,42.89012
2025,9,14,3,40.6358
2025,9,14,4,40.79694
2025,9,14,5,43.9959
2025,9,14,6,42.68853
2025,9,14,7,42.29924
2025,9,14,8,30.36364
2025,9,14,9,16.08846
2025,9,14,10,14.03011
2025,9,14,11,12.92109
2025,9,14,12,12.72605
2025,9,14,13,12.38831
2025,9,14,14,12.82682
2025,9,14,15,13.15537
2025,9,14,16,15.62155
2025,9,14,17,23.94066
2025,9,14,18,39.99152
2025,9,14,19,50.68132
2025,9,14,20,52.67746
2025,9,14,21,50.88514
2025,9,14,22,49.62015
2025,9,14,23,48.84702
2025,9,14,24,48.25725
2025,9,15,1,48.4686
2025,9,15,2,44.36143
2025,9,15,3,44.3841
2025,9,15,4,44.28614
2025,9,15,5,48.67909
2025,9,15,6,50.77628
2025,9,15,7,54.02502
2025,9,15,8,44.08692
2025,9,15,9,29.98535
2025,9,15,10,29.68458
2025,9,15,11,29.14067
2025,9,15,12,28.84109
2025,9,15,13,29.25149
2025,9,15,14,29.57207
2025,9,15,15,30.75081
2025,9,15,16,36.18886
2025,9,15,17,41.89367
2025,9,15,18,58.62953
2025,9,15,19,68.88593
2025,9,15,20,70.10153
2025,9,15,21,65.58913
2025,9,15,22,60.10916
2025,9,15,23,58.95403
2025,9,15,24,54.81227
2025,9,16,1,53.67567
2025,9,16,2,52.47022
2025,9,16,3,49.72259
2025,9,16,4,49.43276
2025,9,16,5,50.45658
2025,9,16,6,52.84551
2025,9,16,7,60.01267
2025,9,16,8,50.26251
2025,9,16,9,38.55844
2025,9,16,10,36.33618
2025,9,16,11,37.89071
2025,9,16,12,38.58366
2025,9,16,13,39.38299
2025,9,16,14,44.5099
2025,9,16,15,46.1152
2025,9,16,16,51.56104
2025,9,16,17,56.98376
2025,9,16,18,73.02437
2025,9,16,19,90.85989
2025,9,16,20,84.93943
2025,9,16,21,74.32882
2025,9,16,22,68.87888
2025,9,16,23,64.99419
2025,9,16,24,56.51767
2025,9,17,1,52.82988
2025,9,17,2,50.84629
2025,9,17,3,47.90207
2025,9,17,4,47.46711
2025,9,17,5,47.90207
2025,9,17,6,49.75002
2025,9,17,7,55.60802
2025,9,17,8,51.89
2025,9,17,9,41.37299
2025,9,17,10,40.55923
2025,9,17,11,40.04235
2025,9,17,12,40.14357
2025,9,17,13,41.65693
2025,9,17,14,43.77919
2025,9,17,15,48.27554
2025,9,17,16,57.51771
2025,9,17,17,65.60678
2025,9,17,18,77.50552
2025,9,17,19,77.93355
2025,9,17,20,71.93389
2025,9,17,21,67.03029
2025,9,17,22,63.90064
2025,9,17,23,60.776
2025,9,17,24,52.8509
2025,9,18,1,59.58042
2025,9,18,2,54.81721
2025,9,18,3,53.38893
2025,9,18,4,53.27909
2025,9,18,5,53.64174
2025,9,18,6,54.01064
2025,9,18,7,60.85916
2025,9,18,8,62.53748
2025,9,18,9,55.54491
2025,9,18,10,55.18932
2025,9,18,11,54.73606
2025,9,18,12,54.25124
2025,9,18,13,51.72859
2025,9,18,14,52.60998
2025,9,18,15,56.96549
2025,9,18,16,60.07709
2025,9,18,17,62.78099
2025,9,18,18,66.01088
2025,9,18,19,62.4
2025,9,18,20,62.24
2025,9,18,21,61.9101
2025,9,18,22,61.91172
2025,9,18,23,60.15591
2025,9,18,24,56.68948
2025,9,19,1,54.38558
2025,9,19,2,51.01897
2025,9,19,3,50.44313
2025,9,19,4,50.09485
2025,9,19,5,49.08357
2025,9,19,6,50.27403
2025,9,19,7,55.97944
2025,9,19,8,50.14214
2025,9,19,9,44.32908
2025,9,19,10,40.3608
2025,9,19,11,40.17612
2025,9,19,12,40.04185
2025,9,19,13,39.86875
2025,9,19,14,40.17916
2025,9,19,15,40.21627
2025,9,19,16,42.85562
2025,9,19,17,44.85635
2025,9,19,18,52.50071
2025,9,19,19,57.22924
2025,9,19,20,56.9058
2025,9,19,21,55.90046
2025,9,19,22,52.0
2025,9,19,23,51.74
2025,9,19,24,51.44
2025,9,20,1,49.43057
2025,9,20,2,49.07957
2025,9,20,3,48.09136
2025,9,20,4,47.7641
2025,9,20,5,47.93076
2025,9,20,6,48.08648
2025,9,20,7,47.99877
2025,9,20,8,41.85797
2025,9,20,9,30.48745
2025,9,20,10,28.10565
2025,9,20,11,27.35674
2025,9,20,12,26.63867
2025,9,20,13,26.03088
2025,9,20,14,26.86194
2025,9,20,15,28.12182
2025,9,20,16,32.53619
2025,9,20,17,37.03659
2025,9,20,18,50.25285
2025,9,20,19,54.52891
2025,9,20,20,54.56359
2025,9,20,21,51.75412
2025,9,20,22,50.71751
2025,9,20,23,50.67991
2025,9,20,24,50.31508
2025,9,21,1,53.30669
2025,9,21,2,52.37698
2025,9,21,3,49.95197
2025,9,21,4,48.04058
2025,9,21,5,47.80235
2025,9,21,6,45.65489
2025,9,21,7,47.48555
2025,9,21,8,39.46111
2025,9,21,9,33.46786
2025,9,21,10,32.22127
2025,9,21,11,32.85033
2025,9,21,12,32.81221
2025,9,21,13,32.96045
2025,9,21,14,32.91257
2025,9,21,15,33.82399
2025,9,21,16,36.77621
2025,9,21,17,43.19077
2025,9,21,18,53.70355
2025,9,21,19,54.95574
2025,9,21,20,55.187
2025,9,21,21,53.96986
2025,9,21,22,52.65209
2025,9,21,23,52.38728
2025,9,21,24,51.47417
2025,9,22,1,49.25915
2025,9,22,2,48.13183
2025,9,22,3,44.82088
2025,9,22,4,44.4792
2025,9,22,5,45.09824
2025,9,22,6,46.8432
2025,9,22,7,54.21532
2025,9,22,8,53.41361
2025,9,22,9,41.904
2025,9,22,10,40.78579
2025,9,22,11,40.0238
2025,9,22,12,37.99395
2025,9,22,13,37.90043
2025,9,22,14,39.34681
2025,9,22,15,40.27011
2025,9,22,16,45.54046
2025,9,22,17,47.78746
2025,9,22,18,62.86745
2025,9,22,19,68.59059
2025,9,22,20,68.45434
2025,9,22,21,61.9168
2025,9,22,22,59.7055
2025,9,22,23,57.70217
2025,9,22,24,52.12213
2025,9,23,1,51.64857
2025,9,23,2,52.58921
2025,9,23,3,47.7487
2025,9,23,4,47.54696
2025,9,23,5,48.07468
2025,9,23,6,52.10877
2025,9,23,7,57.7878
2025,9,23,8,51.1162
2025,9,23,9,40.53552
2025,9,23,10,38.34279
2025,9,23,11,39.05166
2025,9,23,12,39.17149
2025,9,23,13,43.05172
2025,9,23,14,43.77673
2025,9,23,15,46.80855
2025,9,23,16,52.64333
2025,9,23,17,56.22802
2025,9,23,18,75.40545
2025,9,23,19,86.77731
2025,9,23,20,80.15068
2025,9,23,21,73.70497
2025,9,23,22,70.65612
2025,9,23,23,69.28611
2025,9,23,24,64.29932
2025,9,24,1,51.05586
2025,9,24,2,50.42985
2025,9,24,3,46.25038
2025,9,24,4,45.34847
2025,9,24,5,46.6299
2025,9,24,6,50.42837
2025,9,24,7,55.42663
2025,9,24,8,50.9556
2025,9,24,9,42.52813
2025,9,24,10,41.63601
2025,9,24,11,41.24932
2025,9,24,12,41.58374
2025,9,24,13,41.67819
2025,9,24,14,42.38094
2025,9,24,15,44.15188
2025,9,24,16,46.78204
2025,9,24,17,49.11331
2025,9,24,18,59.59746
2025,9,24,19,61.72578
2025,9,24,20,60.05326
2025,9,24,21,58.81548
2025,9,24,22,57.74816
2025,9,24,23,57.08866
2025,9,24,24,55.45993
2025,9,25,1,50.72031
2025,9,25,2,49.8599
2025,9,25,3,47.93818
2025,9,25,4,45.8937
2025,9,25,5,47.06901
2025,9,25,6,50.56952
2025,9,25,7,52.715
2025,9,25,8,47.42806
2025,9,25,9,33.34357
2025,9,25,10,29.94047
2025,9,25,11,28.92955
2025,9,25,12,27.58702
2025,9,25,13,27.34268
2025,9,25,14,27.48054
2025,9,25,15,28.29634
2025,9,25,16,29.2714
2025,9,25,17,32.16223
2025,9,25,18,49.13622
2025,9,25,19,51.67971
2025,9,25,20,50.81857
2025,9,25,21,49.30371
2025,9,25,22,48.04107
2025,9,25,23,47.76824
2025,9,25,24,46.8415
2025,9,26,1,41.02
2025,9,26,2,40.54639
2025,9,26,3,40.44813
2025,9,26,4,40.18171
2025,9,26,5,41.04589
2025,9,26,6,43.48726
2025,9,26,7,49.56567
2025,9,26,8,46.91799
2025,9,26,9,29.70997
2025,9,26,10,28.67914
2025,9,26,11,27.04572
2025,9,26,12,26.76399
2025,9,26,13,26.27804
2025,9,26,14,26.75
2025,9,26,15,27.63267
2025,9,26,16,30.17126
2025,9,26,17,36.50479
2025,9,26,18,48.82593
2025,9,26,19,51.87327
2025,9,26,20,52.55583
2025,9,26,21,50.10366
2025,9,26,22,48.66746
2025,9,26,23,48.26178
2025,9,26,24,47.51783
2025,9,27,1,49.48609
2025,9,27,2,48.85734
2025,9,27,3,46.17513
2025,9,27,4,45.81085
2025,9,27,5,46.20499
2025,9,27,6,48.16599
2025,9,27,7,48.86828
2025,9,27,8,42.00357
2025,9,27,9,28.5384
2025,9,27,10,27.7884
2025,9,27,11,27.1091
2025,9,27,12,24.58302
2025,9,27,13,26.37568
2025,9,27,14,25.52936
2025,9,27,15,26.17352
2025,9,27,16,28.94654
2025,9,27,17,35.05398
2025,9,27,18,46.58824
2025,9,27,19,47.57274
2025,9,27,20,47.47372
2025,9,27,21,45.46651
2025,9,27,22,46.47864
2025,9,27,23,46.3785
2025,9,27,24,45.35011
2025,9,28,1,47.84559
2025,9,28,2,46.85938
2025,9,28,3,44.31795
2025,9,28,4,44.23568
2025,9,28,5,45.05926
2025,9,28,6,43.75385
2025,9,28,7,42.59418
2025,9,28,8,36.99144
2025,9,28,9,21.7116
2025,9,28,10,20.29704
2025,9,28,11,19.84711
2025,9,28,12,19.64197
2025,9,28,13,18.44905
2025,9,28,14,18.51481
2025,9,28,15,18.73433
2025,9,28,16,19.40196
2025,9,28,17,22.57271
2025,9,28,18,44.03151
2025,9,28,19,47.5552
2025,9,28,20,47.81896
2025,9,28,21,47.41667
2025,9,28,22,47.09154
2025,9,28,23,47.02848
2025,9,28,24,46.29675
2025,9,29,1,47.56245
2025,9,29,2,46.99471
2025,9,29,3,44.22777
2025,9,29,4,44.25062
2025,9,29,5,46.357
2025,9,29,6,49.1428
2025,9,29,7,53.69595
2025,9,29,8,48.87686
2025,9,29,9,37.83681
2025,9,29,10,34.51099
2025,9,29,11,32.48462
2025,9,29,12,31.52073
2025,9,29,13,31.65304
2025,9,29,14,31.46402
2025,9,29,15,32.60481
2025,9,29,16,33.16466
2025,9,29,17,35.90609
2025,9,29,18,46.85628
2025,9,29,19,48.35009
2025,9,29,20,48.14256
2025,9,29,21,47.81269
2025,9,29,22,47.73171
2025,9,29,23,47.06156
2025,9,29,24,46.72331
